CV1_air_0_col_0_cycle_count,CV1_air_0_col_0_stability_observed,CV1_air_0_col_0_settling_time_s,CV1_air_1_col_0_cycle_count,CV1_air_1_col_0_stability_observed,CV1_air_1_col_0_settling_time_s,CTB_air_0_col_0_cycle_count,CTB_air_0_col_0_stability_observed,CTB_air_0_col_0_settling_time_s,CTB_air_1_col_0_cycle_count,CTB_air_1_col_0_stability_observed,CTB_air_1_col_0_settling_time_s,CTR_air_0_col_0_cycle_count,CTR_air_0_col_0_stability_observed,CTR_air_0_col_0_settling_time_s,CTR_air_1_col_0_cycle_count,CTR_air_1_col_0_stability_observed,CTR_air_1_col_0_settling_time_s,VRY_air_0_col_0_cycle_count,VRY_air_0_col_0_stability_observed,VRY_air_0_col_0_settling_time_s,VRY_air_0_col_1_cycle_count,VRY_air_0_col_1_stability_observed,VRY_air_0_col_1_settling_time_s,VRY_air_1_col_0_cycle_count,VRY_air_1_col_0_stability_observed,VRY_air_1_col_0_settling_time_s,VRY_air_1_col_1_cycle_count,VRY_air_1_col_1_stability_observed,VRY_air_1_col_1_settling_time_s,SMG_air_0_col_0_cycle_count,SMG_air_0_col_0_stability_observed,SMG_air_0_col_0_settling_time_s,SMG_air_1_col_0_cycle_count,SMG_air_1_col_0_stability_observed,SMG_air_1_col_0_settling_time_s,CV1_water_0_col_0_cycle_count,CV1_water_0_col_0_stability_observed,CV1_water_0_col_0_settling_time_s,CV1_water_1_col_0_cycle_count,CV1_water_1_col_0_stability_observed,CV1_water_1_col_0_settling_time_s,CV1_water_2_col_0_cycle_count,CV1_water_2_col_0_stability_observed,CV1_water_2_col_0_settling_time_s,CV1_water_3_col_0_cycle_count,CV1_water_3_col_0_stability_observed,CV1_water_3_col_0_settling_time_s,CTB_water_0_col_0_cycle_count,CTB_water_0_col_0_stability_observed,CTB_water_0_col_0_settling_time_s,CTB_water_1_col_0_cycle_count,CTB_water_1_col_0_stability_observed,CTB_water_1_col_0_settling_time_s,CTB_water_2_col_0_cycle_count,CTB_water_2_col_0_stability_observed,CTB_water_2_col_0_settling_time_s,CTB_water_3_col_0_cycle_count,CTB_water_3_col_0_stability_observed,CTB_water_3_col_0_settling_time_s,CTR_water_0_col_0_cycle_count,CTR_water_0_col_0_stability_observed,CTR_water_0_col_0_settling_time_s,CTR_water_1_col_0_cycle_count,CTR_water_1_col_0_stability_observed,CTR_water_1_col_0_settling_time_s,CTR_water_2_col_0_cycle_count,CTR_water_2_col_0_stability_observed,CTR_water_2_col_0_settling_time_s,CTR_water_3_col_0_cycle_count,CTR_water_3_col_0_stability_observed,CTR_water_3_col_0_settling_time_s,VRY_water_0_col_0_cycle_count,VRY_water_0_col_0_stability_observed,VRY_water_0_col_0_settling_time_s,VRY_water_0_col_1_cycle_count,VRY_water_0_col_1_stability_observed,VRY_water_0_col_1_settling_time_s,VRY_water_1_col_0_cycle_count,VRY_water_1_col_0_stability_observed,VRY_water_1_col_0_settling_time_s,VRY_water_1_col_1_cycle_count,VRY_water_1_col_1_stability_observed,VRY_water_1_col_1_settling_time_s,VRY_water_2_col_0_cycle_count,VRY_water_2_col_0_stability_observed,VRY_water_2_col_0_settling_time_s,VRY_water_2_col_1_cycle_count,VRY_water_2_col_1_stability_observed,VRY_water_2_col_1_settling_time_s,VRY_water_3_col_0_cycle_count,VRY_water_3_col_0_stability_observed,VRY_water_3_col_0_settling_time_s,VRY_water_3_col_1_cycle_count,VRY_water_3_col_1_stability_observed,VRY_water_3_col_1_settling_time_s,SMG_water_0_col_0_cycle_count,SMG_water_0_col_0_stability_observed,SMG_water_0_col_0_settling_time_s,SMG_water_1_col_0_cycle_count,SMG_water_1_col_0_stability_observed,SMG_water_1_col_0_settling_time_s,SMG_water_2_col_0_cycle_count,SMG_water_2_col_0_stability_observed,SMG_water_2_col_0_settling_time_s,SMG_water_3_col_0_cycle_count,SMG_water_3_col_0_stability_observed,SMG_water_3_col_0_settling_time_s,sample_id_key,fault_id,pump_id,sample_id,pump_id_key,fault_type
43.0,0.0,0.620010818298078,45.0,0.0,0.620010818298078,46.0,0.0,0.620002806251754,43.0,0.0,0.620002806251754,46.0,0.0,0.6200034162521351,46.0,0.0,0.6200034162521351,40.0,1.0,0.09372169111050413,39.0,1.0,0.34666750819143793,42.0,1.0,0.09823530426891916,42.0,0.0,0.6200163245900853,53.0,0.0,0.620003092859352,49.0,0.0,0.620003092859352,44.0,1.0,0.3359160054665155,43.0,1.0,0.15731552395783405,47.0,0.0,0.6200126116600254,46.0,1.0,0.35040314934929123,43.0,1.0,0.4907831879209215,46.0,1.0,0.10623679246625543,46.0,1.0,0.2098048345903634,47.0,0.0,0.619991762178431,45.0,0.0,0.6199959933328196,45.0,0.0,0.6199959933328196,44.0,0.0,0.6199959933328196,48.0,1.0,0.12587722229195158,45.0,0.0,0.6200004233143824,39.0,0.0,0.6200004233143824,45.0,0.0,0.6200004233143824,41.0,0.0,0.6200004233143824,44.0,1.0,0.4065166515466632,43.0,1.0,0.18155683967013478,45.0,0.0,0.6200004233143824,42.0,0.0,0.6200004233143824,47.0,0.0,0.6199903562149129,44.0,0.0,0.6199903562149129,44.0,0.0,0.6199903562149129,45.0,1.0,0.2477296021256219,00000000000_@1@1,00000000000_,1,1,00000000000_@1,nofault
51.0,1.0,0.43998119503851246,48.0,0.0,0.620002434570907,44.0,0.0,0.6200033961560232,44.0,0.0,0.6200033961560232,46.0,0.0,0.6199920461487475,45.0,1.0,0.5175940510218275,49.0,1.0,0.0357223107682849,54.0,0.0,0.6200160321185583,51.0,1.0,0.42072118607553843,48.0,1.0,0.4962876127007565,48.0,1.0,0.2754237468220464,43.0,0.0,0.6199919861055458,43.0,0.0,0.6200044259269505,43.0,1.0,0.07022067597700833,43.0,0.0,0.6200044259269505,47.0,0.0,0.6200044259269505,47.0,0.0,0.6200066776931639,47.0,1.0,0.37406891308575807,48.0,1.0,0.2089175290919909,46.0,0.0,0.6200066776931639,46.0,0.0,0.6200012144873353,43.0,1.0,0.5122440656723162,44.0,0.0,0.6200012144873353,44.0,0.0,0.6200012144873353,46.0,0.0,0.6200170276682603,41.0,0.0,0.6200170276682603,44.0,1.0,0.3809747612187667,40.0,0.0,0.6200170276682603,43.0,1.0,0.016031753295182156,46.0,1.0,0.2315411708710138,43.0,1.0,0.17583450517789234,44.0,0.0,0.6200170276682603,46.0,0.0,0.6200101338723298,45.0,1.0,0.21517190203923414,45.0,0.0,0.6200101338723298,45.0,1.0,0.2815649356942118,00000000000_@1@4,00000000000_,1,4,00000000000_@1,nofault
50.0,0.0,0.6199990098753209,47.0,0.0,0.6199990098753209,45.0,0.0,0.6199994256406575,44.0,0.0,0.6199994256406575,43.0,0.0,0.6199923044822465,43.0,0.0,0.6199923044822465,51.0,1.0,0.5259200492840115,53.0,1.0,0.19684404301733707,51.0,0.0,0.6200160321185583,51.0,0.0,0.6200160321185583,43.0,1.0,0.25692571453174623,41.0,1.0,0.20386023740294265,44.0,0.0,0.6200007391205414,45.0,1.0,0.5324681672380016,46.0,1.0,0.40753295336410955,45.0,0.0,0.6200007391205414,44.0,1.0,0.42732483427241463,44.0,0.0,0.6200005348718635,45.0,1.0,0.3228836085748216,45.0,1.0,0.3883260579905202,47.0,1.0,0.41931720875861644,48.0,0.0,0.6200012144873351,46.0,0.0,0.6200012144873351,46.0,0.0,0.6200012144873351,43.0,1.0,0.23165030967127206,44.0,1.0,0.40486432037739695,45.0,1.0,0.0973938316085786,43.0,1.0,0.2928797902221747,46.0,1.0,0.18596708978845575,44.0,0.0,0.62001280725914,43.0,1.0,0.3427895348729104,44.0,1.0,0.4583022943996133,44.0,0.0,0.6199976033598928,44.0,1.0,0.5313766372818061,41.0,0.0,0.6199976033598928,45.0,0.0,0.6199976033598928,00000000000_@2@1,00000000000_,2,1,00000000000_@2,nofault
49.0,0.0,0.6199942839435605,47.0,0.0,0.6199942839435605,46.0,0.0,0.6200033961560232,47.0,1.0,0.5254037162844335,50.0,1.0,0.3284017259734208,49.0,0.0,0.6199945965240253,52.0,1.0,0.16409993222213856,51.0,1.0,0.2589115751994756,54.0,0.0,0.6199908691245298,52.0,1.0,0.3263794214560759,39.0,0.0,0.619993993051384,44.0,1.0,0.10322344668294908,43.0,1.0,0.45787123098871085,44.0,0.0,0.6200014657410801,44.0,0.0,0.6200014657410801,47.0,0.0,0.6200014657410801,47.0,0.0,0.6200094635909569,46.0,1.0,0.5392458024674106,45.0,0.0,0.6200094635909569,44.0,0.0,0.6200094635909569,47.0,0.0,0.6200068225649772,45.0,0.0,0.6200068225649772,44.0,1.0,0.008537134684248035,47.0,0.0,0.6200068225649772,47.0,0.0,0.6200044560100807,45.0,0.0,0.6200044560100807,41.0,1.0,0.1165562813052792,45.0,1.0,0.19232521322567192,42.0,0.0,0.6200044560100807,43.0,1.0,0.02421519211228846,43.0,1.0,0.16719138711822837,44.0,1.0,0.4425611135059214,46.0,0.0,0.6199976033598928,46.0,1.0,0.515358959591258,44.0,0.0,0.6199976033598928,43.0,0.0,0.6199976033598928,00000000000_@2@2,00000000000_,2,2,00000000000_@2,nofault
46.0,0.0,0.61999847207307,44.0,0.0,0.61999847207307,46.0,0.0,0.6200025768953218,44.0,0.0,0.6200025768953218,47.0,0.0,0.6199950164817384,46.0,0.0,0.6199950164817384,39.0,0.0,0.6199893516062859,38.0,1.0,0.41023148633362944,40.0,1.0,0.17111632711098615,43.0,0.0,0.6199893516062859,40.0,1.0,0.1856021881925602,42.0,0.0,0.6199921790401706,45.0,0.0,0.6199884053213901,45.0,0.0,0.6199884053213901,47.0,0.0,0.6199884053213901,46.0,1.0,0.07154711470998025,44.0,0.0,0.6200000794871897,47.0,0.0,0.6200000794871897,46.0,0.0,0.6200000794871897,47.0,0.0,0.6200000794871897,45.0,1.0,0.48979578625587006,44.0,0.0,0.6199904799987794,45.0,0.0,0.6199904799987794,46.0,0.0,0.6199904799987794,45.0,0.0,0.6200166326568327,46.0,0.0,0.6200166326568327,44.0,1.0,0.25546743411959955,46.0,1.0,0.010878774348928422,42.0,0.0,0.6200166326568327,45.0,0.0,0.6200166326568327,45.0,0.0,0.6200166326568327,47.0,1.0,0.1075381545437992,46.0,0.0,0.6200057844093796,46.0,1.0,0.3725184328653807,46.0,1.0,0.46614991104165465,46.0,1.0,0.262565270774902,00000000000_@2@3,00000000000_,2,3,00000000000_@2,nofault
54.0,0.0,0.6200137284120103,45.0,0.0,0.6200137284120103,43.0,0.0,0.6200033961560232,46.0,0.0,0.6200033961560232,53.0,0.0,0.6199945965240253,50.0,1.0,0.4182653849065173,40.0,1.0,0.06199490221655802,40.0,1.0,0.27501525557250617,45.0,1.0,0.02076278973643304,38.0,0.0,0.6199857055396728,44.0,1.0,0.2068639436555164,38.0,1.0,0.010774163732058147,44.0,0.0,0.6199851615706393,44.0,1.0,0.28169327006788664,46.0,0.0,0.6199851615706393,46.0,0.0,0.6199851615706393,45.0,0.0,0.6200000794871897,47.0,0.0,0.6200000794871897,47.0,1.0,0.477169291944781,49.0,0.0,0.6200000794871897,46.0,0.0,0.6200060502571859,48.0,0.0,0.6200060502571859,46.0,1.0,0.009684361241584775,44.0,0.0,0.6200060502571859,43.0,0.0,0.6199843569125526,40.0,0.0,0.6199843569125526,42.0,0.0,0.6199843569125526,42.0,1.0,0.05267624709211953,43.0,0.0,0.6199843569125526,44.0,1.0,0.1214163601851157,44.0,1.0,0.2551103662381783,45.0,0.0,0.6199843569125526,44.0,0.0,0.6200019653228449,44.0,0.0,0.6200019653228449,43.0,0.0,0.6200019653228449,47.0,0.0,0.6200019653228449,00000000000_@2@4,00000000000_,2,4,00000000000_@2,nofault
56.0,1.0,0.47716477427749915,48.0,0.0,0.6199826851638088,44.0,1.0,0.36256048625672194,46.0,0.0,0.6200033961560232,46.0,0.0,0.6199928128159057,45.0,0.0,0.6199928128159057,55.0,1.0,0.20519905333216462,54.0,1.0,0.1991834459054888,47.0,1.0,0.2635355920192494,53.0,1.0,0.45919136690292217,42.0,1.0,0.1639717360914834,44.0,0.0,0.6199902527710089,45.0,0.0,0.6200093027799312,43.0,1.0,0.26454126123640304,47.0,1.0,0.06598686342288505,47.0,1.0,0.2887389186895645,46.0,0.0,0.6199966774354715,46.0,0.0,0.6199966774354715,45.0,0.0,0.6199966774354715,46.0,1.0,0.15255827802029207,47.0,0.0,0.6200058241033108,47.0,1.0,0.4638672358804149,46.0,1.0,0.526368156457456,46.0,0.0,0.6200058241033108,47.0,1.0,0.15707396532289464,45.0,0.0,0.6199881814032158,43.0,1.0,0.014042184590064535,44.0,1.0,0.17019715877486594,46.0,1.0,0.44828387716187695,46.0,1.0,0.24224606400137508,45.0,0.0,0.6199881814032158,46.0,0.0,0.6199881814032158,47.0,0.0,0.6200089341409859,46.0,0.0,0.6200089341409859,47.0,0.0,0.6200089341409859,45.0,0.0,0.6200089341409859,00000000000_@2@5,00000000000_,2,5,00000000000_@2,nofault
52.0,0.0,0.6200086370477,51.0,0.0,0.6200086370477,44.0,1.0,0.2550487583645887,44.0,0.0,0.6200033961560232,46.0,1.0,0.3268783172296905,44.0,0.0,0.6199928128159057,42.0,1.0,0.14028682254091393,36.0,0.0,0.6199973555526174,42.0,0.0,0.6199973555526174,43.0,1.0,0.20012688902987671,46.0,0.0,0.619993993051384,42.0,1.0,0.4384601003195141,44.0,0.0,0.6199950539417265,47.0,0.0,0.6199950539417265,46.0,0.0,0.6199950539417265,47.0,0.0,0.6199950539417265,46.0,0.0,0.6199919865374341,46.0,1.0,0.36175637650722775,47.0,1.0,0.5271589618152515,46.0,1.0,0.36892272357983635,46.0,0.0,0.6199899019217823,47.0,0.0,0.6199899019217823,45.0,0.0,0.6199899019217823,47.0,0.0,0.6199899019217823,44.0,0.0,0.6200155005749715,42.0,0.0,0.6200155005749715,44.0,1.0,0.0717738335483048,43.0,0.0,0.6200155005749715,46.0,1.0,0.08222704828046817,42.0,1.0,0.4982208261076173,45.0,0.0,0.6200155005749715,48.0,0.0,0.6200155005749715,46.0,0.0,0.6199994202701918,43.0,0.0,0.6199994202701918,47.0,0.0,0.6199994202701918,45.0,1.0,0.1229915064853387,00000000000_@3@3,00000000000_,3,3,00000000000_@3,nofault
43.0,0.0,0.6199892799877486,45.0,0.0,0.6199892799877486,43.0,0.0,0.6200036350022718,44.0,0.0,0.6200036350022718,48.0,0.0,0.6199968718730449,45.0,0.0,0.6199968718730449,47.0,0.0,0.6200142914449045,43.0,1.0,0.28799121256138577,46.0,0.0,0.6200142914449045,46.0,0.0,0.6200142914449045,47.0,1.0,0.49632458308898797,44.0,1.0,0.3610051150036536,37.0,0.0,0.6200121371456314,41.0,0.0,0.6200121371456314,44.0,1.0,0.3955173118896713,42.0,1.0,0.2716632127230201,44.0,0.0,0.6199919865374341,47.0,0.0,0.6199919865374341,47.0,1.0,0.5095519884041011,43.0,0.0,0.6199919865374341,43.0,0.0,0.6199992732050351,46.0,1.0,0.5648297585679178,46.0,0.0,0.6199992732050351,46.0,0.0,0.6199992732050351,46.0,0.0,0.6200003181715013,43.0,1.0,0.41236391276889434,43.0,0.0,0.6200003181715013,42.0,0.0,0.6200003181715013,45.0,0.0,0.6200003181715013,43.0,0.0,0.6200003181715013,45.0,1.0,0.2264890103974881,42.0,1.0,0.26238996717484964,49.0,0.0,0.6199981416213705,45.0,1.0,0.5164500762770373,45.0,1.0,0.1528181374078564,46.0,0.0,0.6199981416213705,00000000000_@3@4,00000000000_,3,4,00000000000_@3,nofault
46.0,0.0,0.6199916251332859,45.0,0.0,0.6199916251332859,45.0,1.0,0.31377583048489405,47.0,0.0,0.6199915381197113,47.0,1.0,0.5274910609319131,45.0,0.0,0.6200061500038438,48.0,1.0,0.0429083050380629,42.0,1.0,0.49618472706825945,45.0,1.0,0.22329231919122192,44.0,0.0,0.6199827245516851,47.0,0.0,0.6200035678596914,46.0,0.0,0.6200035678596914,41.0,1.0,0.47954527258177654,42.0,1.0,0.3269896546262067,43.0,1.0,0.010086321848302136,45.0,0.0,0.6200121371456313,46.0,0.0,0.6200069282060164,44.0,0.0,0.6200069282060164,47.0,1.0,0.48209961411533514,44.0,1.0,0.48358071892060495,47.0,0.0,0.6200054253853109,47.0,0.0,0.6200054253853109,45.0,1.0,0.5338515956219994,45.0,0.0,0.6200054253853109,44.0,0.0,0.6200094923450269,42.0,0.0,0.6200094923450269,42.0,0.0,0.6200094923450269,44.0,0.0,0.6200094923450269,42.0,1.0,0.2720198294902468,41.0,1.0,0.1274380158715465,46.0,1.0,0.2617556244012856,44.0,0.0,0.6200094923450269,49.0,0.0,0.6199945345938559,42.0,0.0,0.6199945345938559,47.0,0.0,0.6199945345938559,43.0,0.0,0.6199945345938559,00000000000_@3@5,00000000000_,3,5,00000000000_@3,nofault
47.0,0.0,0.6200170284518869,44.0,0.0,0.6200170284518869,46.0,0.0,0.6199977074487447,48.0,0.0,0.6199977074487447,49.0,0.0,0.6199980625618355,45.0,0.0,0.6199980625618355,52.0,0.0,0.6199919556411067,50.0,1.0,0.2942934467204873,50.0,1.0,0.2657266354468929,49.0,1.0,0.46090246214841846,52.0,1.0,0.1919375683435513,46.0,0.0,0.6199948906976964,46.0,0.0,0.6199914927948753,47.0,0.0,0.6199914927948753,47.0,0.0,0.6199914927948753,47.0,1.0,0.026337565511777506,46.0,0.0,0.6199940133280495,47.0,0.0,0.6199940133280495,48.0,1.0,0.3697889576863139,45.0,0.0,0.6199940133280495,46.0,0.0,0.6200082494546462,49.0,1.0,0.21299272417954146,46.0,0.0,0.6200082494546462,48.0,0.0,0.6200082494546462,48.0,0.0,0.6199899796793585,45.0,0.0,0.6199899796793585,41.0,0.0,0.6199899796793585,45.0,1.0,0.2807383976947294,45.0,0.0,0.6199899796793585,44.0,1.0,0.3369742326902326,45.0,0.0,0.6199899796793585,45.0,1.0,0.5178765758338335,46.0,0.0,0.6199895251837875,47.0,0.0,0.6199895251837875,46.0,0.0,0.6199895251837875,45.0,0.0,0.6199895251837875,00000000001_@1@1,00000000001_,1,1,00000000001_@1,single
46.0,0.0,0.6199829468500229,44.0,0.0,0.6199829468500229,46.0,0.0,0.6199972100849603,47.0,0.0,0.6199972100849603,49.0,1.0,0.1801803047199019,47.0,0.0,0.6200060054025298,45.0,0.0,0.6199987945986539,43.0,0.0,0.6199987945986539,45.0,0.0,0.6199987945986539,48.0,0.0,0.6199987945986539,52.0,1.0,0.18896838648649417,48.0,1.0,0.4176516434538808,44.0,0.0,0.6200144399657174,45.0,0.0,0.6200144399657174,46.0,1.0,0.48771398856945036,46.0,0.0,0.6200144399657174,47.0,0.0,0.6200077108923713,46.0,0.0,0.6200077108923713,46.0,1.0,0.5408809244152395,47.0,0.0,0.6200077108923713,47.0,0.0,0.6199948958838382,45.0,0.0,0.6199948958838382,47.0,0.0,0.6199948958838382,46.0,0.0,0.6199948958838382,46.0,1.0,0.36493743204362916,45.0,0.0,0.6199968834910741,45.0,0.0,0.6199968834910741,45.0,1.0,0.5049023621912261,45.0,1.0,0.1516470424276325,48.0,0.0,0.6199968834910741,46.0,1.0,0.27750527095405425,47.0,1.0,0.31196382855994553,47.0,0.0,0.6199968072535433,45.0,0.0,0.6199968072535433,48.0,1.0,0.41365869100052416,46.0,0.0,0.6199968072535433,00000000001_@1@2,00000000001_,1,2,00000000001_@1,single
42.0,0.0,0.619983720154966,47.0,0.0,0.619983720154966,45.0,1.0,0.40188786751756833,46.0,0.0,0.6199975567934073,45.0,0.0,0.6200084080264314,44.0,0.0,0.6200084080264314,45.0,0.0,0.6199903493904751,47.0,0.0,0.6199903493904751,45.0,0.0,0.6199903493904751,48.0,0.0,0.6199903493904751,47.0,0.0,0.6200018598613455,46.0,0.0,0.6200018598613455,44.0,0.0,0.619981613101698,44.0,1.0,0.32058925877170613,46.0,0.0,0.619981613101698,48.0,0.0,0.619981613101698,46.0,0.0,0.6199905243068212,44.0,0.0,0.6199905243068212,46.0,0.0,0.6199905243068212,46.0,0.0,0.6199905243068212,47.0,0.0,0.6200054780968791,47.0,1.0,0.3613577106395276,46.0,0.0,0.6200054780968791,46.0,0.0,0.6200054780968791,45.0,0.0,0.6200021168260688,42.0,0.0,0.6200021168260688,43.0,1.0,0.03297571078593993,48.0,0.0,0.6200021168260688,45.0,0.0,0.6200021168260688,44.0,1.0,0.3471997165713386,44.0,1.0,0.19502672604023047,47.0,0.0,0.6200021168260688,47.0,1.0,0.5456532430856277,44.0,0.0,0.6200019627699758,45.0,1.0,0.3049257972021896,45.0,0.0,0.6200019627699758,00000000001_@1@3,00000000001_,1,3,00000000001_@1,single
49.0,0.0,0.6200037320395596,47.0,0.0,0.6200037320395596,49.0,0.0,0.6199995808552515,47.0,0.0,0.6199995808552515,47.0,0.0,0.6200030632683422,47.0,0.0,0.6200030632683422,50.0,1.0,0.079277054722028,49.0,0.0,0.6200070960313541,49.0,1.0,0.3011273228477777,49.0,0.0,0.6200070960313541,50.0,1.0,0.1779199450051558,44.0,0.0,0.6200101448822507,46.0,1.0,0.328839262894569,46.0,0.0,0.6200110106285481,48.0,0.0,0.6200110106285481,47.0,0.0,0.6200110106285481,43.0,0.0,0.6199918925804828,46.0,0.0,0.6199918925804828,46.0,0.0,0.6199918925804828,45.0,0.0,0.6199918925804828,48.0,1.0,0.5593273492614691,44.0,0.0,0.6200054780968791,49.0,0.0,0.6200054780968791,44.0,0.0,0.6200054780968791,45.0,1.0,0.3278424548706206,46.0,0.0,0.6200091253997223,44.0,0.0,0.6200091253997223,49.0,0.0,0.6200091253997223,47.0,0.0,0.6200091253997223,45.0,0.0,0.6200091253997223,45.0,1.0,0.3835054963509512,49.0,1.0,0.37957417922989817,48.0,0.0,0.6199910413377298,45.0,0.0,0.6199910413377298,48.0,0.0,0.6199910413377298,46.0,0.0,0.6199910413377298,00000000001_@1@4,00000000001_,1,4,00000000001_@1,single
48.0,1.0,0.24234974238405663,44.0,0.0,0.6200163863818157,44.0,0.0,0.619998659727031,44.0,0.0,0.619998659727031,48.0,1.0,0.30563608529014064,44.0,0.0,0.6199975411656174,42.0,1.0,0.5379990433607154,43.0,0.0,0.6200070708121035,41.0,0.0,0.6200070708121035,44.0,0.0,0.6200070708121035,47.0,0.0,0.6200018598613455,44.0,0.0,0.6200018598613455,46.0,1.0,0.3163242437019011,47.0,0.0,0.619986606067689,49.0,1.0,0.42129532445612977,49.0,0.0,0.619986606067689,46.0,0.0,0.6199931752590341,46.0,0.0,0.6199931752590341,49.0,0.0,0.6199931752590341,47.0,0.0,0.6199931752590341,45.0,1.0,0.2799975788515363,48.0,0.0,0.6200064678531987,47.0,0.0,0.6200064678531987,43.0,0.0,0.6200064678531987,44.0,0.0,0.6199830732698399,41.0,0.0,0.6199830732698399,48.0,1.0,0.2554602458533989,45.0,0.0,0.6199830732698399,49.0,1.0,0.02251139963459757,44.0,1.0,0.19726901346461892,47.0,0.0,0.6199830732698399,48.0,1.0,0.45570870926965573,49.0,1.0,0.3356701972169729,45.0,0.0,0.6199910413377298,46.0,0.0,0.6199910413377298,44.0,0.0,0.6199910413377298,00000000001_@1@5,00000000001_,1,5,00000000001_@1,single
45.0,1.0,0.30806510555431765,43.0,0.0,0.6199847311973803,47.0,0.0,0.6199899358874121,48.0,0.0,0.6199899358874121,45.0,1.0,0.492774795594613,44.0,0.0,0.6199924741755192,45.0,1.0,0.22661516882268457,47.0,0.0,0.6200126334801636,48.0,0.0,0.6200126334801636,47.0,0.0,0.6200126334801636,48.0,0.0,0.6200044901387999,46.0,0.0,0.6200044901387999,46.0,0.0,0.6200062375797726,45.0,1.0,0.2786632452257444,47.0,0.0,0.6200062375797726,45.0,1.0,0.29139216959815495,45.0,0.0,0.6199924000777376,44.0,1.0,0.25146358420357273,43.0,0.0,0.6199924000777376,47.0,0.0,0.6199924000777376,48.0,0.0,0.6200085227896445,44.0,0.0,0.6200085227896445,47.0,0.0,0.6200085227896445,46.0,0.0,0.6200085227896445,46.0,1.0,0.3232580880018341,46.0,0.0,0.6200009221414017,46.0,0.0,0.6200009221414017,46.0,0.0,0.6200009221414017,46.0,1.0,0.19682335460589487,45.0,0.0,0.6200009221414017,44.0,0.0,0.6200009221414017,48.0,0.0,0.6200009221414017,50.0,1.0,0.30604375721251365,45.0,1.0,0.49383936657765304,47.0,1.0,0.5598941746607533,47.0,0.0,0.6199896428209566,00000000001_@2@1,00000000001_,2,1,00000000001_@2,single
50.0,0.0,0.619987465375083,47.0,0.0,0.619987465375083,49.0,0.0,0.6200047856739914,47.0,0.0,0.6200047856739914,49.0,0.0,0.6200064672492904,49.0,0.0,0.6200064672492904,50.0,1.0,0.38074804850917326,53.0,0.0,0.6200056388868409,50.0,1.0,0.22819729051327017,48.0,0.0,0.6200056388868409,54.0,0.0,0.6200067117726658,48.0,0.0,0.6200067117726658,47.0,1.0,0.5350848817607096,46.0,0.0,0.6200077911699213,50.0,0.0,0.6200077911699213,48.0,0.0,0.6200077911699213,46.0,0.0,0.6200012020150609,48.0,0.0,0.6200012020150609,45.0,0.0,0.6200012020150609,46.0,0.0,0.6200012020150609,47.0,0.0,0.6199912684595957,46.0,0.0,0.6199912684595957,48.0,0.0,0.6199912684595957,46.0,1.0,0.014863229741368606,44.0,0.0,0.6200044014180249,45.0,1.0,0.5465193999561105,46.0,1.0,0.11738465431322331,47.0,1.0,0.25390411121042034,45.0,1.0,0.26137404375762546,43.0,1.0,0.15524948481112513,45.0,0.0,0.6200044014180249,46.0,1.0,0.4008005187396954,46.0,0.0,0.6200097566456543,48.0,0.0,0.6200097566456543,45.0,0.0,0.6200097566456543,45.0,0.0,0.6200097566456543,00000000001_@2@2,00000000001_,2,2,00000000001_@2,single
45.0,1.0,0.2144709944751381,45.0,0.0,0.6199930939226519,46.0,0.0,0.6199918302841989,46.0,0.0,0.6199918302841989,44.0,0.0,0.6199929477631383,46.0,0.0,0.6199929477631383,48.0,0.0,0.620015993616653,49.0,0.0,0.620015993616653,48.0,0.0,0.620015993616653,48.0,0.0,0.620015993616653,47.0,0.0,0.6199925811554888,46.0,0.0,0.6199925811554888,41.0,1.0,0.28252971100754487,47.0,1.0,0.3396229403336321,47.0,1.0,0.16562983715953428,45.0,0.0,0.6199967872129784,47.0,0.0,0.6199955672787822,45.0,0.0,0.6199955672787822,46.0,0.0,0.6199955672787822,44.0,1.0,0.5106340696583729,48.0,0.0,0.6200080829684471,45.0,0.0,0.6200080829684471,47.0,0.0,0.6200080829684471,45.0,0.0,0.6200080829684471,45.0,0.0,0.619984621264959,43.0,0.0,0.619984621264959,45.0,1.0,0.06038596583681454,40.0,0.0,0.619984621264959,42.0,0.0,0.619984621264959,43.0,0.0,0.619984621264959,45.0,0.0,0.619984621264959,41.0,1.0,0.49366629005279045,46.0,0.0,0.6199968072535433,46.0,1.0,0.4221296664640911,44.0,0.0,0.6199968072535433,47.0,1.0,0.3030775293433935,00000000001_@2@3,00000000001_,2,3,00000000001_@2,single
42.0,0.0,0.620012754582896,44.0,0.0,0.620012754582896,44.0,0.0,0.6199928970273899,46.0,0.0,0.6199928970273899,43.0,0.0,0.6200063774604331,44.0,0.0,0.6200063774604331,42.0,0.0,0.6199848240490281,37.0,1.0,0.19358021186291824,42.0,1.0,0.1746549770540388,42.0,0.0,0.6199848240490281,41.0,0.0,0.6200059412272021,42.0,0.0,0.6200059412272021,43.0,0.0,0.6199848604828556,44.0,0.0,0.6199848604828556,47.0,0.0,0.6199848604828556,43.0,0.0,0.6199848604828556,46.0,0.0,0.6199972946860247,44.0,0.0,0.6199972946860247,48.0,1.0,0.33568732849843563,47.0,0.0,0.6199972946860247,47.0,0.0,0.6200066220876926,47.0,1.0,0.3618964518324203,46.0,0.0,0.6200066220876926,44.0,0.0,0.6200066220876926,46.0,0.0,0.619984621264959,42.0,1.0,0.5205902030445089,45.0,1.0,0.1503772166276878,44.0,0.0,0.619984621264959,43.0,1.0,0.4487073957801256,43.0,0.0,0.619984621264959,44.0,1.0,0.24426196643237028,45.0,0.0,0.619984621264959,46.0,0.0,0.6200106461218322,44.0,0.0,0.6200106461218322,42.0,1.0,0.13061476082049517,43.0,0.0,0.6200106461218322,00000000001_@2@4,00000000001_,2,4,00000000001_@2,single
48.0,0.0,0.6200175206129622,46.0,0.0,0.6200175206129622,46.0,0.0,0.6199982869780846,46.0,0.0,0.6199982869780846,47.0,0.0,0.6199988006705465,49.0,0.0,0.6199988006705465,46.0,0.0,0.6199832125955996,47.0,1.0,0.3108195261911704,48.0,1.0,0.24050152991422868,48.0,0.0,0.6199832125955996,43.0,0.0,0.6200089781264846,46.0,0.0,0.6200089781264846,43.0,0.0,0.6200114086527384,46.0,1.0,0.02784938801084864,48.0,1.0,0.5022185365320863,46.0,1.0,0.10251103170348425,46.0,1.0,0.3997539986281808,45.0,0.0,0.6199952048733633,47.0,0.0,0.6199952048733633,49.0,0.0,0.6199952048733633,47.0,0.0,0.6200047795317318,45.0,0.0,0.6200047795317318,45.0,1.0,0.46245257182698996,44.0,0.0,0.6200047795317318,46.0,1.0,0.1846488681424978,45.0,0.0,0.6200159904812668,43.0,1.0,0.17906346954395858,46.0,0.0,0.6200159904812668,46.0,1.0,0.06989097456856336,45.0,0.0,0.6200159904812668,43.0,1.0,0.1520918736799599,46.0,0.0,0.6200159904812668,44.0,0.0,0.6200037397860296,45.0,1.0,0.30112595792883023,46.0,1.0,0.16876241960930524,47.0,0.0,0.6200037397860296,00000000001_@2@5,00000000001_,2,5,00000000001_@2,single
43.0,1.0,0.2905189876074759,45.0,0.0,0.6200010010898963,45.0,0.0,0.6200059361963606,45.0,0.0,0.6200059361963606,44.0,1.0,0.5209791497605011,45.0,0.0,0.6200033061278717,42.0,1.0,0.3572277291941581,43.0,1.0,0.27153267652255597,43.0,1.0,0.3132251347543111,44.0,0.0,0.6199965556574445,44.0,1.0,0.5338360181223257,44.0,0.0,0.6199991010751141,44.0,0.0,0.6200045123405947,45.0,1.0,0.056030092383404034,45.0,0.0,0.6200045123405947,46.0,0.0,0.6200045123405947,44.0,0.0,0.6200059336245981,45.0,0.0,0.6200059336245981,48.0,1.0,0.2780942139936222,46.0,0.0,0.6200059336245981,45.0,0.0,0.6200036707225886,47.0,0.0,0.6200036707225886,47.0,0.0,0.6200036707225886,46.0,0.0,0.6200036707225886,48.0,0.0,0.6199840893270683,46.0,0.0,0.6199840893270683,44.0,0.0,0.6199840893270683,41.0,0.0,0.6199840893270683,48.0,0.0,0.6199840893270683,44.0,0.0,0.6199840893270683,47.0,0.0,0.6199840893270683,45.0,0.0,0.6199840893270683,47.0,0.0,0.6199984348686229,46.0,1.0,0.07920588648756631,45.0,0.0,0.6199984348686229,48.0,0.0,0.6199984348686229,00000000001_@3@1,00000000001_,3,1,00000000001_@3,single
44.0,1.0,0.27739352991401955,43.0,0.0,0.620010425157249,42.0,0.0,0.6200006740226671,46.0,1.0,0.33043677560394574,43.0,0.0,0.6199991645871175,43.0,0.0,0.6199991645871175,44.0,1.0,0.02127707015521574,37.0,0.0,0.6200013730254776,43.0,0.0,0.6200013730254776,46.0,0.0,0.6200013730254776,45.0,1.0,0.3566753656087411,45.0,0.0,0.6200031205819019,45.0,0.0,0.6199981369117729,45.0,1.0,0.41360460703836205,43.0,0.0,0.6199981369117729,46.0,1.0,0.15477656678479584,47.0,1.0,0.5330830495549015,45.0,1.0,0.3589451856708151,45.0,0.0,0.6199980950848875,47.0,0.0,0.6199980950848875,46.0,0.0,0.620008936432304,44.0,0.0,0.620008936432304,45.0,0.0,0.620008936432304,44.0,0.0,0.620008936432304,46.0,1.0,0.21962091660865093,45.0,1.0,0.49371488253859014,43.0,1.0,0.10015537697627809,42.0,0.0,0.6199849556783488,47.0,0.0,0.6199849556783488,46.0,0.0,0.6199849556783488,46.0,1.0,0.17794774653368836,47.0,0.0,0.6199849556783488,47.0,0.0,0.619989113863975,46.0,0.0,0.619989113863975,44.0,0.0,0.619989113863975,47.0,0.0,0.619989113863975,00000000001_@3@2,00000000001_,3,2,00000000001_@3,single
49.0,0.0,0.6200016109753356,47.0,0.0,0.6200016109753356,46.0,0.0,0.6199946662460265,45.0,0.0,0.6199946662460265,49.0,0.0,0.6200025045500525,46.0,0.0,0.6200025045500525,45.0,0.0,0.6199929799223223,49.0,1.0,0.3570169814305046,49.0,0.0,0.6199929799223223,48.0,0.0,0.6199929799223223,50.0,0.0,0.6200002395608746,45.0,1.0,0.4797571506080396,49.0,0.0,0.6200050669538695,43.0,0.0,0.6200050669538695,45.0,0.0,0.6200050669538695,46.0,0.0,0.6200050669538695,48.0,0.0,0.6200003888725,43.0,0.0,0.6200003888725,47.0,0.0,0.6200003888725,47.0,0.0,0.6200003888725,48.0,0.0,0.6200064678531987,44.0,0.0,0.6200064678531987,48.0,1.0,0.40550588290128237,48.0,0.0,0.6200064678531987,46.0,1.0,0.0901781258457072,47.0,0.0,0.6199884123321142,47.0,0.0,0.6199884123321142,46.0,1.0,0.1878251050356325,47.0,1.0,0.08109040773722508,46.0,1.0,0.03668200386298248,47.0,0.0,0.6199884123321142,46.0,0.0,0.6199884123321142,48.0,1.0,0.5433876726079053,47.0,0.0,0.6200072335629428,47.0,0.0,0.6200072335629428,45.0,1.0,0.3430198805833216,00000000001_@3@3,00000000001_,3,3,00000000001_@3,single
48.0,1.0,0.4341883699715022,46.0,0.0,0.6199873527678434,47.0,0.0,0.6200046156318924,47.0,0.0,0.6200046156318924,48.0,0.0,0.6200054734847463,45.0,0.0,0.6200054734847463,49.0,1.0,0.09121175628204696,50.0,0.0,0.6200113603052481,49.0,0.0,0.6200113603052481,48.0,1.0,0.5397494389527758,49.0,1.0,0.20288860147353052,46.0,0.0,0.6200078104702212,43.0,0.0,0.6199932556044545,48.0,0.0,0.6199932556044545,48.0,0.0,0.6199932556044545,44.0,0.0,0.6199932556044545,46.0,0.0,0.6199971007448345,47.0,0.0,0.6199971007448345,48.0,0.0,0.6199971007448345,47.0,0.0,0.6199971007448345,45.0,1.0,0.45644434572237363,46.0,1.0,0.2924477838883542,46.0,0.0,0.620006671293814,45.0,0.0,0.620006671293814,48.0,0.0,0.6199967968378163,47.0,0.0,0.6199967968378163,47.0,0.0,0.6199967968378163,47.0,0.0,0.6199967968378163,48.0,1.0,0.5143059197288388,47.0,1.0,0.34801550981294055,45.0,0.0,0.6199967968378163,46.0,0.0,0.6199967968378163,49.0,0.0,0.620001777246914,45.0,0.0,0.620001777246914,47.0,0.0,0.620001777246914,46.0,0.0,0.620001777246914,00000000001_@3@4,00000000001_,3,4,00000000001_@3,single
45.0,0.0,0.6199995564322962,48.0,0.0,0.6199995564322962,45.0,0.0,0.6199993089426912,48.0,0.0,0.6199993089426912,46.0,0.0,0.6200005897403165,44.0,0.0,0.6200005897403165,50.0,0.0,0.6200002073818361,47.0,0.0,0.6200002073818361,51.0,1.0,0.15081882644214126,46.0,1.0,0.4258218893123378,50.0,0.0,0.619989926373741,47.0,0.0,0.619989926373741,47.0,0.0,0.6200146063712216,46.0,1.0,0.49180492092524253,44.0,0.0,0.6200146063712216,46.0,1.0,0.2465342183329348,45.0,0.0,0.6199946067794317,46.0,0.0,0.6199946067794317,47.0,0.0,0.6199946067794317,47.0,0.0,0.6199946067794317,46.0,0.0,0.6200040180990721,47.0,0.0,0.6200040180990721,45.0,0.0,0.6200040180990721,45.0,0.0,0.6200040180990721,47.0,1.0,0.32802155794551574,45.0,1.0,0.5228705560389502,46.0,0.0,0.6200008323629895,49.0,0.0,0.6200008323629895,47.0,0.0,0.6200008323629895,47.0,0.0,0.6200008323629895,47.0,0.0,0.6200008323629895,47.0,1.0,0.42390138769817404,47.0,1.0,0.31019884643664886,47.0,1.0,0.47045078427765413,49.0,0.0,0.6200047044698729,44.0,0.0,0.6200047044698729,00000000001_@3@5,00000000001_,3,5,00000000001_@3,single
45.0,1.0,0.19204726334440325,45.0,1.0,0.32690629629271034,45.0,1.0,0.301217389985313,44.0,0.0,0.6199957312927296,46.0,0.0,0.6199916224606572,48.0,0.0,0.6199916224606572,45.0,0.0,0.6200001439345961,43.0,0.0,0.6200001439345961,47.0,1.0,0.4132967211699004,45.0,0.0,0.6200001439345961,48.0,0.0,0.6199949026323126,46.0,0.0,0.6199949026323126,45.0,0.0,0.6199916082705278,43.0,1.0,0.3434154261424113,48.0,0.0,0.6199916082705278,44.0,0.0,0.6199916082705278,45.0,0.0,0.6200037626942996,46.0,0.0,0.6200037626942996,48.0,0.0,0.6200037626942996,45.0,0.0,0.6200037626942996,48.0,0.0,0.6200004277576969,50.0,1.0,0.535158481888293,46.0,0.0,0.6200004277576969,45.0,0.0,0.6200004277576969,47.0,1.0,0.27011829996143866,43.0,0.0,0.61998826468066,46.0,0.0,0.61998826468066,46.0,1.0,0.12098857259610127,45.0,0.0,0.61998826468066,44.0,0.0,0.61998826468066,47.0,0.0,0.61998826468066,47.0,1.0,0.518864036627549,49.0,1.0,0.3642515201563296,45.0,0.0,0.6200030522696913,46.0,1.0,0.19851980900634025,45.0,0.0,0.6200030522696913,00000000010_@1@1,00000000010_,1,1,00000000010_@1,single
43.0,0.0,0.6199931022556658,46.0,0.0,0.6199931022556658,47.0,0.0,0.6200025308147654,47.0,0.0,0.6200025308147654,47.0,0.0,0.619989886224533,46.0,0.0,0.619989886224533,44.0,1.0,0.3210249642199303,37.0,1.0,0.35525094343860913,45.0,0.0,0.6200054536527762,46.0,1.0,0.3299678813706174,44.0,0.0,0.6199918578226484,40.0,1.0,0.4426367958857382,47.0,0.0,0.6200150803017997,42.0,1.0,0.009738845985555848,48.0,1.0,0.3395957897864054,47.0,0.0,0.6200150803017997,44.0,1.0,0.392822414385104,48.0,0.0,0.6200091947441786,48.0,0.0,0.6200091947441786,47.0,1.0,0.4719742722321365,48.0,0.0,0.620010071502411,48.0,0.0,0.620010071502411,46.0,0.0,0.620010071502411,45.0,0.0,0.620010071502411,46.0,0.0,0.6200091379854995,46.0,0.0,0.6200091379854995,44.0,1.0,0.18365461228467544,46.0,1.0,0.018733506543667292,45.0,0.0,0.6200091379854995,46.0,0.0,0.6200091379854995,47.0,0.0,0.6200091379854995,46.0,0.0,0.6200091379854995,44.0,0.0,0.620004720868002,45.0,0.0,0.620004720868002,46.0,1.0,0.3507424063215213,44.0,0.0,0.620004720868002,00000000010_@1@2,00000000010_,1,2,00000000010_@1,single
46.0,0.0,0.620003933725246,43.0,0.0,0.620003933725246,49.0,0.0,0.6200037211842468,44.0,0.0,0.6200037211842468,47.0,0.0,0.6200060116192319,45.0,0.0,0.6200060116192319,45.0,0.0,0.6199826007678776,44.0,0.0,0.6199826007678776,46.0,0.0,0.6199826007678776,45.0,0.0,0.6199826007678776,51.0,1.0,0.23702702034959688,45.0,0.0,0.6199925262862818,46.0,0.0,0.6200101482754239,42.0,1.0,0.2504437849251217,46.0,0.0,0.6200101482754239,43.0,1.0,0.4227865974203718,47.0,1.0,0.3291711055416676,42.0,0.0,0.620003941960048,46.0,0.0,0.620003941960048,44.0,0.0,0.620003941960048,46.0,0.0,0.6199896903505036,47.0,0.0,0.6199896903505036,46.0,0.0,0.6199896903505036,43.0,0.0,0.6199896903505036,44.0,1.0,0.2845420717229119,44.0,0.0,0.6199859265518628,45.0,0.0,0.6199859265518628,41.0,1.0,0.36010343160483377,42.0,1.0,0.19948493451535151,44.0,0.0,0.6199859265518628,44.0,1.0,0.33360358790537753,47.0,0.0,0.6199859265518628,48.0,1.0,0.3050570906127618,47.0,0.0,0.6200082788876974,44.0,0.0,0.6200082788876974,45.0,1.0,0.5134010146734144,00000000010_@1@3,00000000010_,1,3,00000000010_@1,single
45.0,0.0,0.6200170102433712,46.0,0.0,0.6200170102433712,49.0,1.0,0.23706707559096463,47.0,0.0,0.6199945614143548,48.0,1.0,0.5347812762905401,50.0,0.0,0.6199982522026322,47.0,0.0,0.6200142737951513,47.0,1.0,0.23312802367659144,47.0,1.0,0.3427181202766985,46.0,0.0,0.6200142737951513,48.0,1.0,0.19403122043969556,46.0,0.0,0.619991237302749,44.0,0.0,0.6200108772702905,45.0,0.0,0.6200108772702905,46.0,0.0,0.6200108772702905,45.0,1.0,0.10105314106253653,46.0,0.0,0.6200009669927665,45.0,0.0,0.6200009669927665,46.0,1.0,0.3890270558226982,46.0,0.0,0.6200009669927665,47.0,0.0,0.6200090479931395,44.0,0.0,0.6200090479931395,48.0,1.0,0.293911817109083,46.0,0.0,0.6200090479931395,45.0,1.0,0.49630283735588937,45.0,1.0,0.269941041913979,47.0,0.0,0.6200104787347936,42.0,0.0,0.6200104787347936,44.0,1.0,0.3517625494371281,44.0,1.0,0.0666203007723346,44.0,0.0,0.6200104787347936,46.0,0.0,0.6200104787347936,47.0,0.0,0.6200041082836214,46.0,0.0,0.6200041082836214,45.0,0.0,0.6200041082836214,45.0,0.0,0.6200041082836214,00000000010_@1@4,00000000010_,1,4,00000000010_@1,single
44.0,0.0,0.6200121876874843,43.0,0.0,0.6200121876874843,45.0,0.0,0.6200059361963606,44.0,0.0,0.6200059361963606,45.0,1.0,0.2929639197528642,44.0,0.0,0.6199967748846053,40.0,1.0,0.14388365669555495,40.0,1.0,0.2977042325971485,43.0,0.0,0.6200124238188427,44.0,0.0,0.6200124238188427,48.0,0.0,0.6199908407796614,44.0,1.0,0.4202339097722987,44.0,1.0,0.45114466749620424,45.0,0.0,0.6199986981796164,44.0,1.0,0.14818864634267312,45.0,0.0,0.6199986981796164,47.0,0.0,0.6199901358369209,46.0,0.0,0.6199901358369209,45.0,0.0,0.6199901358369209,47.0,0.0,0.6199901358369209,46.0,0.0,0.6200041073303163,46.0,1.0,0.019766447087312705,45.0,0.0,0.6200041073303163,46.0,0.0,0.6200041073303163,48.0,1.0,0.14776258293492478,44.0,1.0,0.4424782924241547,44.0,1.0,0.17907382747616507,48.0,0.0,0.6200067940827733,46.0,0.0,0.6200067940827733,46.0,1.0,0.14294263812305347,44.0,1.0,0.3522239059850685,49.0,0.0,0.6200067940827733,46.0,1.0,0.3201861597558419,44.0,0.0,0.6200059650630746,46.0,1.0,0.11626066858873833,45.0,0.0,0.6200059650630746,00000000010_@1@5,00000000010_,1,5,00000000010_@1,single
44.0,0.0,0.619994102535571,49.0,0.0,0.619994102535571,48.0,0.0,0.6200091089807618,46.0,0.0,0.6200091089807618,43.0,1.0,0.2421904191165182,45.0,1.0,0.13744042652330715,41.0,0.0,0.6200132306410925,44.0,1.0,0.44994321929644004,44.0,0.0,0.6200132306410925,45.0,0.0,0.6200132306410925,47.0,1.0,0.21141918686730296,46.0,0.0,0.6199984479160642,45.0,0.0,0.6200097208453751,43.0,1.0,0.24839014094967465,50.0,0.0,0.6200097208453751,45.0,0.0,0.6200097208453751,47.0,0.0,0.6200000219452129,47.0,0.0,0.6200000219452129,48.0,0.0,0.6200000219452129,47.0,1.0,0.27556240834974316,46.0,0.0,0.6199916708456387,47.0,0.0,0.6199916708456387,46.0,0.0,0.6199916708456387,48.0,0.0,0.6199916708456387,47.0,0.0,0.6200097760871998,48.0,1.0,0.535807286036216,47.0,1.0,0.5578690738225,47.0,0.0,0.6200097760871998,44.0,0.0,0.6200097760871998,48.0,1.0,0.10766152439706564,46.0,1.0,0.00014707858524189296,48.0,0.0,0.6200097760871998,45.0,0.0,0.6200103706506241,46.0,0.0,0.6200103706506241,47.0,1.0,0.5403231333227331,45.0,1.0,0.14059885161414204,00000000010_@2@1,00000000010_,2,1,00000000010_@2,single
46.0,0.0,0.6200118793215875,45.0,0.0,0.6200118793215875,45.0,0.0,0.6199901657416255,46.0,0.0,0.6199901657416255,41.0,1.0,0.3430931092908055,48.0,0.0,0.6199992094307722,41.0,0.0,0.6199964274550083,43.0,0.0,0.6199964274550083,45.0,0.0,0.6199964274550083,43.0,1.0,0.29447077211628636,42.0,1.0,0.4498844087702444,40.0,0.0,0.6199948383575973,46.0,0.0,0.6200064414642358,44.0,0.0,0.6200064414642358,45.0,0.0,0.6200064414642358,44.0,1.0,0.02130772452222198,44.0,0.0,0.6199983750583042,41.0,1.0,0.4546791592755007,44.0,0.0,0.6199983750583042,46.0,0.0,0.6199983750583042,46.0,0.0,0.6199900606522669,46.0,0.0,0.6199900606522669,47.0,0.0,0.6199900606522669,45.0,0.0,0.6199900606522669,45.0,0.0,0.6200051241939083,42.0,0.0,0.6200051241939083,43.0,0.0,0.6200051241939083,43.0,1.0,0.18282202380076784,45.0,0.0,0.6200051241939083,44.0,0.0,0.6200051241939083,45.0,0.0,0.6200051241939083,44.0,1.0,0.2863034108635213,44.0,0.0,0.6200098743209577,45.0,1.0,0.29186571143660683,45.0,0.0,0.6200098743209577,45.0,0.0,0.6200098743209577,00000000010_@2@2,00000000010_,2,2,00000000010_@2,single
42.0,0.0,0.6200115841017078,45.0,0.0,0.6200115841017078,45.0,0.0,0.6200087213890729,46.0,0.0,0.6200087213890729,45.0,0.0,0.620008036671353,44.0,0.0,0.620008036671353,42.0,0.0,0.6200161163132977,40.0,1.0,0.2919751614664313,41.0,1.0,0.1842914345370551,44.0,1.0,0.1386496777056602,44.0,0.0,0.6199979656398082,44.0,1.0,0.5160361554387823,45.0,0.0,0.6199977569982301,42.0,1.0,0.5071425631240166,44.0,0.0,0.6199977569982301,46.0,1.0,0.21571761383395582,45.0,0.0,0.6200053871263415,46.0,0.0,0.6200053871263415,45.0,1.0,0.47389953771113313,47.0,0.0,0.6200053871263415,45.0,0.0,0.6199918322536173,46.0,0.0,0.6199918322536173,47.0,0.0,0.6199918322536173,47.0,0.0,0.6199918322536173,46.0,0.0,0.6199968691536482,43.0,0.0,0.6199968691536482,45.0,1.0,0.04473976814467772,44.0,0.0,0.6199968691536482,45.0,0.0,0.6199968691536482,41.0,0.0,0.6199968691536482,41.0,0.0,0.6199968691536482,44.0,0.0,0.6199968691536482,47.0,0.0,0.6200087019923632,44.0,1.0,0.4656505949747561,44.0,1.0,0.33653123926016926,45.0,0.0,0.6200087019923632,00000000010_@2@3,00000000010_,2,3,00000000010_@2,single
42.0,0.0,0.620003511304984,43.0,0.0,0.620003511304984,43.0,0.0,0.6199964601675839,45.0,0.0,0.6199964601675839,53.0,0.0,0.6199934945491612,52.0,0.0,0.6199934945491612,40.0,0.0,0.6199821046575569,40.0,0.0,0.6199821046575569,40.0,0.0,0.6199821046575569,41.0,1.0,0.3311782795678418,41.0,1.0,0.25240082933328056,44.0,1.0,0.5251569142692278,45.0,0.0,0.6200013172092613,48.0,0.0,0.6200013172092613,46.0,0.0,0.6200013172092613,45.0,1.0,0.1291855128956273,46.0,0.0,0.6200052765214419,47.0,0.0,0.6200052765214419,47.0,1.0,0.17101115833185712,45.0,1.0,0.25108601935890035,49.0,0.0,0.6200033998461973,47.0,0.0,0.6200033998461973,47.0,1.0,0.0874727065204193,47.0,0.0,0.6200033998461973,43.0,0.0,0.6200077377492033,45.0,0.0,0.6200077377492033,43.0,0.0,0.6200077377492033,44.0,1.0,0.501350894359482,43.0,0.0,0.6200077377492033,47.0,1.0,0.4717234421376371,43.0,0.0,0.6200077377492033,44.0,1.0,0.4730835112842975,47.0,0.0,0.6200031921856389,47.0,0.0,0.6200031921856389,44.0,0.0,0.6200031921856389,47.0,0.0,0.6200031921856389,00000000010_@2@4,00000000010_,2,4,00000000010_@2,single
45.0,0.0,0.6199845257903495,43.0,0.0,0.6199845257903495,45.0,0.0,0.6199971397200452,46.0,0.0,0.6199971397200452,45.0,1.0,0.3932027708501017,48.0,0.0,0.6199987669888299,44.0,0.0,0.620017000737285,43.0,0.0,0.620017000737285,44.0,0.0,0.620017000737285,45.0,1.0,0.3309326975516059,45.0,1.0,0.2565484384598513,42.0,1.0,0.4036954870905782,42.0,0.0,0.6199895719495722,43.0,1.0,0.12506801505347356,46.0,0.0,0.6199895719495722,45.0,1.0,0.16419357056485434,45.0,0.0,0.6200052682793844,46.0,0.0,0.6200052682793844,47.0,0.0,0.6200052682793844,46.0,1.0,0.09705661187974877,46.0,0.0,0.6199923212899181,46.0,1.0,0.33552306502464846,44.0,0.0,0.6199923212899181,45.0,0.0,0.6199923212899181,42.0,0.0,0.6200058306146935,46.0,0.0,0.6200058306146935,43.0,0.0,0.6200058306146935,46.0,1.0,0.20051659156620838,42.0,1.0,0.12290556758449481,46.0,0.0,0.6200058306146935,44.0,0.0,0.6200058306146935,44.0,1.0,0.24790674311165076,49.0,0.0,0.6199986866244084,46.0,1.0,0.19290109105071185,48.0,0.0,0.6199986866244084,45.0,0.0,0.6199986866244084,00000000010_@2@5,00000000010_,2,5,00000000010_@2,single
45.0,1.0,0.23989716023353874,44.0,0.0,0.6200031073629582,50.0,0.0,0.6200048307754171,46.0,0.0,0.6200048307754171,46.0,0.0,0.6199913900035825,47.0,0.0,0.6199913900035825,46.0,0.0,0.6200136521454517,45.0,0.0,0.6200136521454517,49.0,1.0,0.1248230595951687,46.0,0.0,0.6200136521454517,43.0,1.0,0.2903095764853109,44.0,0.0,0.6200019819066495,45.0,1.0,0.35034124300057057,43.0,0.0,0.6199859075571895,48.0,1.0,0.4417329961301449,46.0,0.0,0.6199859075571895,45.0,0.0,0.619999889574455,46.0,0.0,0.619999889574455,48.0,0.0,0.619999889574455,44.0,0.0,0.619999889574455,46.0,0.0,0.6200088367718734,46.0,0.0,0.6200088367718734,47.0,0.0,0.6200088367718734,46.0,0.0,0.6200088367718734,43.0,0.0,0.6199915257115954,45.0,0.0,0.6199915257115954,46.0,1.0,0.34395808824066293,44.0,1.0,0.1394861541225886,43.0,1.0,0.1271428968707609,47.0,0.0,0.6199915257115954,45.0,0.0,0.6199915257115954,44.0,0.0,0.6199915257115954,46.0,1.0,0.3607016027765877,45.0,0.0,0.6199961488355431,46.0,1.0,0.5284611553607216,46.0,0.0,0.6199961488355431,00000000010_@3@1,00000000010_,3,1,00000000010_@3,single
45.0,1.0,0.36331553052957044,46.0,0.0,0.6200030241821731,45.0,0.0,0.6200034502162071,45.0,0.0,0.6200034502162071,46.0,0.0,0.6200012594650504,46.0,0.0,0.6200012594650504,44.0,0.0,0.6200133320984362,44.0,0.0,0.6200133320984362,45.0,0.0,0.6200133320984362,42.0,1.0,0.20988520406941186,41.0,0.0,0.6200065685129899,43.0,0.0,0.6200065685129899,47.0,0.0,0.6199989262043653,44.0,0.0,0.6199989262043653,47.0,0.0,0.6199989262043653,45.0,0.0,0.6199989262043653,46.0,1.0,0.31643354959971187,47.0,0.0,0.6199971046743187,45.0,0.0,0.6199971046743187,46.0,0.0,0.6199971046743187,47.0,1.0,0.5376016512324766,47.0,1.0,0.014821824500672055,46.0,1.0,0.26940115091025996,46.0,0.0,0.6199911226188939,45.0,1.0,0.11799745679982189,44.0,1.0,0.33246804479051784,46.0,1.0,0.42036823945680235,46.0,1.0,0.15567422504522807,45.0,0.0,0.6200109586946675,44.0,1.0,0.12778458605107,47.0,0.0,0.6200109586946675,44.0,0.0,0.6200109586946675,46.0,0.0,0.6200109060493443,46.0,0.0,0.6200109060493443,48.0,1.0,0.5415022516431102,47.0,0.0,0.6200109060493443,00000000010_@3@2,00000000010_,3,2,00000000010_@3,single
46.0,1.0,0.3616288630527633,45.0,0.0,0.6199882995470792,45.0,1.0,0.4003157132015436,45.0,0.0,0.620009436999423,50.0,0.0,0.6200057746765125,49.0,0.0,0.6200057746765125,48.0,0.0,0.6200122535808256,47.0,0.0,0.6200122535808256,47.0,0.0,0.6200122535808256,49.0,0.0,0.6200122535808256,50.0,0.0,0.6199991566626963,46.0,0.0,0.6199991566626963,46.0,0.0,0.6199940614665822,46.0,0.0,0.6199940614665822,45.0,1.0,0.39994945415682803,48.0,0.0,0.6199940614665822,46.0,0.0,0.6199925862704021,46.0,0.0,0.6199925862704021,44.0,0.0,0.6199925862704021,45.0,0.0,0.6199925862704021,46.0,0.0,0.6200056254154196,47.0,0.0,0.6200056254154196,48.0,0.0,0.6200056254154196,45.0,0.0,0.6200056254154196,42.0,0.0,0.6200144241315633,42.0,0.0,0.6200144241315633,44.0,0.0,0.6200144241315633,43.0,0.0,0.6200144241315633,45.0,0.0,0.6200144241315633,46.0,0.0,0.6200144241315633,46.0,1.0,0.07705190509584289,43.0,0.0,0.6200144241315633,44.0,1.0,0.33376587254446893,44.0,0.0,0.6200099462315599,44.0,0.0,0.6200099462315599,45.0,0.0,0.6200099462315599,00000000010_@3@3,00000000010_,3,3,00000000010_@3,single
43.0,0.0,0.6199922643833112,45.0,0.0,0.6199922643833112,44.0,0.0,0.6200096774452257,45.0,0.0,0.6200096774452257,46.0,0.0,0.6200084080264314,44.0,0.0,0.6200084080264314,44.0,1.0,0.5380063463238479,45.0,1.0,0.4520678880809005,50.0,0.0,0.6200134599614106,48.0,0.0,0.6200134599614106,45.0,0.0,0.6199994314574587,45.0,1.0,0.45408071408943174,49.0,0.0,0.6199992685274054,48.0,1.0,0.33369422893345996,48.0,0.0,0.6199992685274054,46.0,0.0,0.6199992685274054,47.0,0.0,0.6200065862309241,48.0,0.0,0.6200065862309241,46.0,0.0,0.6200065862309241,47.0,0.0,0.6200065862309241,49.0,0.0,0.6200016837191197,47.0,0.0,0.6200016837191197,47.0,0.0,0.6200016837191197,47.0,0.0,0.6200016837191197,48.0,1.0,0.08335444265220401,44.0,1.0,0.4781216708322764,44.0,0.0,0.6199968834910741,47.0,1.0,0.057639101155270205,44.0,0.0,0.6199968834910741,44.0,1.0,0.09995920601879556,47.0,1.0,0.4539492498251586,47.0,1.0,0.4897303107080351,48.0,0.0,0.6199975121786145,47.0,1.0,0.22226655408079196,47.0,0.0,0.6199975121786145,46.0,1.0,0.5477204977844383,00000000010_@3@4,00000000010_,3,4,00000000010_@3,single
44.0,0.0,0.6200129048697256,43.0,0.0,0.6200129048697256,44.0,1.0,0.21144212341910512,46.0,0.0,0.6200093373308911,48.0,0.0,0.6199957959905608,47.0,0.0,0.6199957959905608,43.0,0.0,0.6199866165807915,45.0,0.0,0.6199866165807915,44.0,0.0,0.6199866165807915,47.0,0.0,0.6199866165807915,40.0,1.0,0.23177247020411568,42.0,0.0,0.6199967984643241,43.0,0.0,0.6199880750135967,47.0,0.0,0.6199880750135967,46.0,0.0,0.6199880750135967,47.0,1.0,0.0301073345779984,44.0,1.0,0.519651290009284,44.0,0.0,0.620004676835484,45.0,0.0,0.620004676835484,47.0,0.0,0.620004676835484,47.0,0.0,0.6199998702159689,46.0,1.0,0.1447211257981673,47.0,0.0,0.6199998702159689,45.0,0.0,0.6199998702159689,47.0,1.0,0.09724717550444958,44.0,1.0,0.5112370417351121,42.0,0.0,0.6199921060610711,44.0,0.0,0.6199921060610711,45.0,0.0,0.6199921060610711,46.0,0.0,0.6199921060610711,44.0,0.0,0.6199921060610711,46.0,1.0,0.2771084921652312,47.0,0.0,0.6200088429588708,49.0,0.0,0.6200088429588708,43.0,1.0,0.09864074767547638,46.0,0.0,0.6200088429588708,00000000010_@3@5,00000000010_,3,5,00000000010_@3,single
46.0,1.0,0.20635047903774673,48.0,0.0,0.6200162118758694,44.0,0.0,0.619996369163641,45.0,0.0,0.619996369163641,46.0,0.0,0.6200046925039104,45.0,0.0,0.6200046925039104,43.0,0.0,0.6199900592445322,41.0,1.0,0.17548684961014757,43.0,1.0,0.47954931044342286,44.0,0.0,0.6199900592445322,43.0,1.0,0.39829772774810646,43.0,0.0,0.6199903083252569,44.0,0.0,0.6199853237163794,47.0,0.0,0.6199853237163794,45.0,1.0,0.18236607112126235,44.0,0.0,0.6199853237163794,42.0,0.0,0.6200078082064628,46.0,0.0,0.6200078082064628,42.0,0.0,0.6200078082064628,43.0,0.0,0.6200078082064628,46.0,0.0,0.6200089193177639,47.0,0.0,0.6200089193177639,47.0,0.0,0.6200089193177639,50.0,0.0,0.6200089193177639,46.0,0.0,0.6199851421167097,44.0,0.0,0.6199851421167097,46.0,0.0,0.6199851421167097,47.0,1.0,0.26316972489991663,46.0,0.0,0.6199851421167097,48.0,0.0,0.6199851421167097,44.0,0.0,0.6199851421167097,47.0,0.0,0.6199851421167097,48.0,1.0,0.5311433558816857,44.0,0.0,0.6200019324327806,45.0,1.0,0.11053299721315264,44.0,0.0,0.6200019324327806,00000000100_@1@1,00000000100_,1,1,00000000100_@1,single
41.0,0.0,0.6199914577651225,47.0,0.0,0.6199914577651225,43.0,0.0,0.6200068016723348,46.0,0.0,0.6200068016723348,47.0,0.0,0.6199975716646431,45.0,0.0,0.6199975716646431,44.0,1.0,0.36125392185766203,41.0,1.0,0.2359561214164762,43.0,1.0,0.14753219782547827,42.0,1.0,0.02205094526065965,44.0,0.0,0.6200067000055834,40.0,0.0,0.6200067000055834,42.0,0.0,0.6200146846557162,47.0,0.0,0.6200146846557162,47.0,1.0,0.13315726702550917,45.0,0.0,0.6200146846557162,46.0,1.0,0.29875478782133125,47.0,0.0,0.6200033300860394,48.0,1.0,0.19477499859401684,46.0,0.0,0.6200033300860394,44.0,0.0,0.620003792650221,45.0,0.0,0.620003792650221,46.0,0.0,0.620003792650221,46.0,0.0,0.620003792650221,42.0,1.0,0.329496804392971,46.0,0.0,0.6200133697010212,46.0,0.0,0.6200133697010212,46.0,1.0,0.23035779707812035,46.0,1.0,0.3886645495953181,46.0,1.0,0.20330653888076936,47.0,0.0,0.6200133697010212,48.0,0.0,0.6200133697010212,47.0,0.0,0.6200073414427643,46.0,0.0,0.6200073414427643,43.0,1.0,0.32553168027597845,47.0,1.0,0.4209694677422464,00000000100_@1@2,00000000100_,1,2,00000000100_@1,single
42.0,0.0,0.6200162118758694,46.0,0.0,0.6200162118758694,41.0,1.0,0.39667985056654215,44.0,0.0,0.619996369163641,47.0,0.0,0.619997056664214,47.0,0.0,0.619997056664214,44.0,0.0,0.620001597039403,39.0,0.0,0.620001597039403,44.0,1.0,0.14757583344567918,42.0,1.0,0.2614985177755819,46.0,0.0,0.6199994628566313,45.0,0.0,0.6199994628566313,42.0,0.0,0.6199889482136274,48.0,0.0,0.6199889482136274,47.0,1.0,0.27612329988319373,44.0,0.0,0.6199889482136274,44.0,0.0,0.6200070957277086,49.0,0.0,0.6200070957277086,45.0,0.0,0.6200070957277086,48.0,0.0,0.6200070957277086,44.0,0.0,0.620003792650221,43.0,0.0,0.620003792650221,47.0,0.0,0.620003792650221,45.0,0.0,0.620003792650221,44.0,0.0,0.6199969212111882,45.0,0.0,0.6199969212111882,44.0,0.0,0.6199969212111882,44.0,1.0,0.4904897171180961,43.0,0.0,0.6199969212111882,46.0,0.0,0.6199969212111882,44.0,1.0,0.31493713907186033,46.0,0.0,0.6199969212111882,47.0,0.0,0.6200077614428399,43.0,0.0,0.6200077614428399,44.0,1.0,0.39364532498113963,45.0,0.0,0.6200077614428399,00000000100_@1@3,00000000100_,1,3,00000000100_@1,single
48.0,0.0,0.6199886266498174,46.0,0.0,0.6199886266498174,43.0,0.0,0.6200010991675826,43.0,0.0,0.6200010991675826,45.0,0.0,0.619997056664214,45.0,1.0,0.550851019042516,43.0,1.0,0.38118640175763224,48.0,0.0,0.6200068503805191,44.0,0.0,0.6200068503805191,46.0,0.0,0.6200068503805191,40.0,1.0,0.17202483835403196,41.0,1.0,0.11790148825124021,40.0,1.0,0.358680617993847,49.0,1.0,0.4637145865760593,45.0,0.0,0.6200045384141393,44.0,0.0,0.6200045384141393,45.0,1.0,0.4121774547679745,50.0,0.0,0.6200083543874306,47.0,0.0,0.6200083543874306,46.0,0.0,0.6200083543874306,45.0,0.0,0.6200027761408379,43.0,0.0,0.6200027761408379,43.0,0.0,0.6200027761408379,48.0,0.0,0.6200027761408379,46.0,0.0,0.6199915257115954,47.0,0.0,0.6199915257115954,44.0,0.0,0.6199915257115954,44.0,0.0,0.6199915257115954,44.0,1.0,0.05800596190665457,41.0,0.0,0.6199915257115954,43.0,0.0,0.6199915257115954,48.0,0.0,0.6199915257115954,46.0,1.0,0.46799544666582343,42.0,0.0,0.6199935948136286,43.0,0.0,0.6199935948136286,45.0,0.0,0.6199935948136286,00000000100_@1@4,00000000100_,1,4,00000000100_@1,single
44.0,0.0,0.6199909762829278,45.0,0.0,0.6199909762829278,44.0,0.0,0.6200010991675826,45.0,0.0,0.6200010991675826,47.0,0.0,0.6200039041699201,47.0,0.0,0.6200039041699201,42.0,1.0,0.25762729278117447,43.0,0.0,0.6199900592445321,43.0,0.0,0.6199900592445321,42.0,0.0,0.6199900592445321,41.0,1.0,0.25568238806865673,43.0,1.0,0.21096897580747984,45.0,1.0,0.4240672304975335,47.0,0.0,0.6200045384141392,47.0,1.0,0.3717727758008812,45.0,1.0,0.44702486699202126,46.0,1.0,0.4961091642296779,48.0,0.0,0.6200083543874305,45.0,0.0,0.6200083543874305,48.0,0.0,0.6200083543874305,46.0,0.0,0.6200027761408379,47.0,1.0,0.38025376144802825,45.0,0.0,0.6200027761408379,47.0,0.0,0.6200027761408379,44.0,0.0,0.6199968834910741,46.0,0.0,0.6199968834910741,44.0,0.0,0.6199968834910741,43.0,1.0,0.36769264720401496,45.0,1.0,0.34914086512408415,43.0,0.0,0.6199968834910741,44.0,0.0,0.6199968834910741,47.0,1.0,0.5165477382691233,48.0,1.0,0.29182073404087666,45.0,0.0,0.6199935948136286,45.0,0.0,0.6199935948136286,45.0,0.0,0.6199935948136286,00000000100_@1@5,00000000100_,1,5,00000000100_@1,single
46.0,1.0,0.3407822648626146,46.0,0.0,0.6200112652018743,45.0,0.0,0.619996369163641,45.0,0.0,0.619996369163641,47.0,0.0,0.6200086416738682,45.0,0.0,0.6200086416738682,42.0,1.0,0.022293366360542757,42.0,1.0,0.3158471345883475,40.0,0.0,0.6199975851816076,44.0,1.0,0.5185407682085454,53.0,0.0,0.6199951104715338,47.0,0.0,0.6199951104715338,40.0,1.0,0.4067563948433,39.0,0.0,0.620008039685092,42.0,0.0,0.620008039685092,45.0,0.0,0.620008039685092,45.0,1.0,0.5202598640806779,43.0,1.0,0.40892339279357764,44.0,0.0,0.6200017736845217,46.0,1.0,0.3655564544835885,44.0,0.0,0.6200055035097374,48.0,0.0,0.6200055035097374,45.0,0.0,0.6200055035097374,44.0,0.0,0.6200055035097374,47.0,0.0,0.6200071412721083,43.0,0.0,0.6200071412721083,42.0,0.0,0.6200071412721083,43.0,0.0,0.6200071412721083,46.0,1.0,0.318904863144401,48.0,1.0,0.19314887084091137,45.0,0.0,0.6200071412721083,46.0,0.0,0.6200071412721083,46.0,0.0,0.6199927768505142,44.0,0.0,0.6199927768505142,43.0,0.0,0.6199927768505142,43.0,0.0,0.6199927768505142,00000000100_@2@1,00000000100_,2,1,00000000100_@2,single
48.0,0.0,0.6200091851987929,47.0,0.0,0.6200091851987929,42.0,1.0,0.27079454732878944,42.0,0.0,0.619996369163641,44.0,1.0,0.570838600698834,45.0,0.0,0.6200086416738682,39.0,0.0,0.6199975851816076,40.0,1.0,0.30968712546240806,40.0,0.0,0.6199975851816076,43.0,0.0,0.6199975851816076,47.0,1.0,0.2381801354096528,42.0,0.0,0.6199994628566314,41.0,0.0,0.6199888698377365,42.0,0.0,0.6199888698377365,46.0,0.0,0.6199888698377365,42.0,1.0,0.02608019240641029,42.0,1.0,0.5238096940017007,40.0,0.0,0.6199907719282056,45.0,1.0,0.1706537667813626,44.0,0.0,0.6199907719282056,45.0,0.0,0.6200012603510983,44.0,0.0,0.6200012603510983,44.0,0.0,0.6200012603510983,42.0,0.0,0.6200012603510983,44.0,1.0,0.17915182830216772,44.0,0.0,0.6199828025342231,42.0,0.0,0.6199828025342231,46.0,1.0,0.29002037778424694,42.0,0.0,0.6199828025342231,42.0,1.0,0.06956817922799341,45.0,0.0,0.6199828025342231,43.0,0.0,0.6199828025342231,50.0,0.0,0.6200049914824058,44.0,1.0,0.4770997526110653,43.0,1.0,0.41959735455506564,45.0,1.0,0.4848656303454871,00000000100_@2@2,00000000100_,2,2,00000000100_@2,single
43.0,1.0,0.27602880596860147,46.0,0.0,0.6199900503556302,41.0,0.0,0.6200059300049416,44.0,0.0,0.6200059300049416,47.0,1.0,0.22679868399890335,45.0,0.0,0.6199938416615347,49.0,1.0,0.24087148573553446,46.0,0.0,0.6199896340587172,45.0,1.0,0.20989597317921954,46.0,1.0,0.5241499231850715,47.0,0.0,0.6200045476233788,46.0,1.0,0.3548887379892743,46.0,0.0,0.6199835644392269,44.0,1.0,0.4977082037168901,44.0,0.0,0.6199835644392269,43.0,1.0,0.034501239524203024,44.0,0.0,0.6200088592997999,45.0,0.0,0.6200088592997999,45.0,0.0,0.6200088592997999,48.0,1.0,0.08073523205881264,46.0,0.0,0.6200027761408379,46.0,0.0,0.6200027761408379,45.0,1.0,0.26924736302585317,44.0,0.0,0.6200027761408379,47.0,0.0,0.6199897892031078,45.0,0.0,0.6199897892031078,45.0,0.0,0.6199897892031078,45.0,0.0,0.6199897892031078,45.0,0.0,0.6199897892031078,45.0,0.0,0.6199897892031078,46.0,0.0,0.6199897892031078,44.0,1.0,0.2213619826545977,48.0,1.0,0.534459178973922,47.0,0.0,0.6199935948136286,46.0,0.0,0.6199935948136286,44.0,0.0,0.6199935948136286,00000000100_@2@3,00000000100_,2,3,00000000100_@2,single
44.0,1.0,0.3958834190865468,43.0,0.0,0.6199900503556302,42.0,0.0,0.619993433327861,43.0,0.0,0.619993433327861,53.0,0.0,0.6199898499915417,52.0,0.0,0.6199898499915417,48.0,0.0,0.6199964740688505,44.0,0.0,0.6199964740688505,47.0,1.0,0.15260374459814013,47.0,1.0,0.4172004328895302,40.0,1.0,0.22078271315226095,41.0,0.0,0.6199996841664034,47.0,1.0,0.5554724715785624,45.0,0.0,0.6199837415821401,46.0,1.0,0.25203194667680845,41.0,0.0,0.6199837415821401,45.0,0.0,0.619993663156783,42.0,0.0,0.619993663156783,44.0,0.0,0.619993663156783,44.0,0.0,0.619993663156783,47.0,0.0,0.6200065229836006,45.0,0.0,0.6200065229836006,47.0,0.0,0.6200065229836006,45.0,0.0,0.6200065229836006,42.0,0.0,0.6200104196858475,42.0,1.0,0.4705771008181272,44.0,0.0,0.6200104196858475,43.0,0.0,0.6200104196858475,44.0,0.0,0.6200104196858475,44.0,0.0,0.6200104196858475,43.0,1.0,0.05209028606040827,46.0,0.0,0.6200104196858475,46.0,1.0,0.3117245288378757,44.0,0.0,0.6200019359262844,47.0,0.0,0.6200019359262844,44.0,0.0,0.6200019359262844,00000000100_@2@4,00000000100_,2,4,00000000100_@2,single
40.0,0.0,0.6200033837087165,47.0,1.0,0.31769228991450355,41.0,0.0,0.619996369163641,47.0,0.0,0.619996369163641,48.0,0.0,0.6199938766615639,45.0,0.0,0.6199938766615639,44.0,1.0,0.060541369690918063,39.0,0.0,0.6200068503805191,45.0,1.0,0.1753383930939157,42.0,1.0,0.3691663483945902,46.0,1.0,0.33501174763023583,46.0,0.0,0.6199929714218776,46.0,1.0,0.3978112951781889,43.0,0.0,0.6200148768301196,46.0,1.0,0.5340317517561116,42.0,1.0,0.06216498195713713,45.0,0.0,0.6200092771946101,49.0,1.0,0.3579500540263253,44.0,1.0,4.1014042283165315e-05,45.0,0.0,0.6200092771946101,48.0,0.0,0.6200004798246456,45.0,0.0,0.6200004798246456,47.0,0.0,0.6200004798246456,47.0,0.0,0.6200004798246456,42.0,1.0,0.11473096880348216,44.0,1.0,0.5286226630548136,43.0,0.0,0.6200104196858475,47.0,1.0,0.042017781910406955,44.0,0.0,0.6200104196858475,41.0,0.0,0.6200104196858475,45.0,0.0,0.6200104196858475,44.0,1.0,0.3271725800547873,47.0,0.0,0.6199935948136286,48.0,0.0,0.6199935948136286,42.0,1.0,0.5425980404811186,44.0,0.0,0.6199935948136286,00000000100_@2@5,00000000100_,2,5,00000000100_@2,single
50.0,1.0,0.31102830078266785,46.0,0.0,0.6199928355449417,44.0,1.0,0.2510644792203994,43.0,0.0,0.6200101566751306,44.0,0.0,0.6199966883305736,45.0,0.0,0.6199966883305736,41.0,1.0,0.11766350764964097,42.0,1.0,0.19143695027696336,42.0,0.0,0.6199975851816076,42.0,1.0,0.13504353339782726,45.0,1.0,0.4894305120254267,43.0,0.0,0.6199903083252569,45.0,1.0,0.4039200171174658,44.0,1.0,0.5070058974621897,45.0,0.0,0.6199995999998731,47.0,1.0,0.41783549772555484,44.0,0.0,0.6199912271914434,46.0,1.0,0.06760297238648638,45.0,0.0,0.6199912271914434,45.0,0.0,0.6199912271914434,47.0,1.0,0.5215026851759097,46.0,0.0,0.6200027761408379,45.0,0.0,0.6200027761408379,48.0,0.0,0.6200027761408379,49.0,1.0,0.3872266473735389,48.0,0.0,0.620011359686146,46.0,0.0,0.620011359686146,48.0,1.0,0.1891260848019317,47.0,1.0,0.0703981575867167,47.0,0.0,0.620011359686146,47.0,0.0,0.620011359686146,46.0,0.0,0.620011359686146,48.0,1.0,0.3530258453751565,48.0,0.0,0.6199935948136286,46.0,1.0,0.30879669718457353,44.0,0.0,0.6199935948136286,00000000100_@3@1,00000000100_,3,1,00000000100_@3,single
53.0,0.0,0.6200002918522843,48.0,0.0,0.6200002918522843,42.0,1.0,0.48567331972776645,43.0,0.0,0.6200010991675826,46.0,0.0,0.619997056664214,45.0,0.0,0.619997056664214,46.0,0.0,0.6199950785112275,43.0,0.0,0.6199950785112275,48.0,0.0,0.6199950785112275,46.0,0.0,0.6199950785112275,45.0,1.0,0.21600642000535,44.0,0.0,0.6199933866611556,44.0,0.0,0.6200045384141393,44.0,1.0,0.20190851870111706,44.0,0.0,0.6200045384141393,43.0,1.0,0.22727689246885477,43.0,1.0,0.0752101009140528,47.0,0.0,0.6199912271914434,46.0,0.0,0.6199912271914434,44.0,0.0,0.6199912271914434,46.0,1.0,0.26578769715573636,46.0,0.0,0.6199990082454401,47.0,0.0,0.6199990082454401,45.0,0.0,0.6199990082454401,42.0,1.0,0.3818039389853775,45.0,1.0,0.19612410003939684,44.0,0.0,0.6199992879362819,44.0,1.0,0.11128286643900523,45.0,1.0,0.34980919549498274,45.0,1.0,0.10378065072401611,47.0,0.0,0.6199992879362819,43.0,0.0,0.6199992879362819,43.0,1.0,0.2538115860762197,47.0,0.0,0.6200039320377653,47.0,0.0,0.6200039320377653,45.0,0.0,0.6200039320377653,00000000100_@3@2,00000000100_,3,2,00000000100_@3,single
44.0,0.0,0.6199909762829279,43.0,0.0,0.6199909762829279,40.0,0.0,0.6200010991675826,46.0,0.0,0.6200010991675826,47.0,1.0,0.2523363561136301,47.0,0.0,0.6200098916749097,42.0,1.0,0.30015377800559706,36.0,0.0,0.6199975851816076,41.0,1.0,0.24346702735855905,39.0,0.0,0.6199975851816076,49.0,0.0,0.6200077904836101,46.0,0.0,0.6200077904836101,45.0,0.0,0.6199983387296314,43.0,0.0,0.6199983387296314,45.0,1.0,0.1467194341966458,46.0,0.0,0.6199983387296314,44.0,0.0,0.6199912271914434,44.0,1.0,0.5305305755316799,43.0,0.0,0.6199912271914434,44.0,1.0,0.023210968984380523,46.0,0.0,0.6200027761408379,46.0,0.0,0.6200027761408379,45.0,0.0,0.6200027761408379,47.0,0.0,0.6200027761408379,47.0,0.0,0.6199860857098685,45.0,0.0,0.6199860857098685,45.0,1.0,0.11194295299776286,40.0,1.0,0.2677663675448786,44.0,0.0,0.6199860857098685,42.0,0.0,0.6199860857098685,46.0,0.0,0.6199860857098685,47.0,0.0,0.6199860857098685,47.0,1.0,0.3392137828173672,45.0,0.0,0.6199935948136286,44.0,1.0,0.3212340994877962,46.0,0.0,0.6199935948136286,00000000100_@3@3,00000000100_,3,3,00000000100_@3,single
52.0,1.0,0.3513325679001006,47.0,0.0,0.6200096444587325,43.0,0.0,0.6200010991675826,46.0,0.0,0.6200010991675826,46.0,1.0,0.3670641567201306,46.0,0.0,0.6200046925039104,44.0,1.0,0.11980214341058283,42.0,0.0,0.6200027925967297,47.0,0.0,0.6200027925967297,43.0,1.0,0.38382352862744984,43.0,0.0,0.6199903083252569,42.0,0.0,0.6199903083252569,43.0,0.0,0.620015263496909,43.0,1.0,0.23684100852095508,42.0,1.0,0.35145944490776027,46.0,1.0,0.23101735333884232,46.0,0.0,0.6199907719282056,47.0,1.0,0.40622771126801954,46.0,0.0,0.6199907719282056,44.0,0.0,0.6199907719282056,44.0,0.0,0.6200012603510983,44.0,0.0,0.6200012603510983,45.0,0.0,0.6200012603510983,46.0,0.0,0.6200012603510983,45.0,0.0,0.6200037682551645,43.0,1.0,0.4138869599641143,47.0,1.0,0.34951679095771143,45.0,1.0,0.025755415795370093,46.0,0.0,0.6200037682551645,43.0,0.0,0.6200037682551645,48.0,0.0,0.6200037682551645,43.0,0.0,0.6200037682551645,48.0,0.0,0.6200049914824058,45.0,0.0,0.6200049914824058,46.0,0.0,0.6200049914824058,47.0,1.0,0.4978014884817571,00000000100_@3@4,00000000100_,3,4,00000000100_@3,single
48.0,0.0,0.6200152474299963,47.0,0.0,0.6200152474299963,47.0,0.0,0.619996369163641,43.0,0.0,0.619996369163641,49.0,1.0,0.2710812809010674,45.0,0.0,0.6199938766615639,44.0,1.0,0.14293592731248492,46.0,1.0,0.21675795667845432,46.0,0.0,0.6200020562993427,48.0,0.0,0.6200020562993427,44.0,1.0,0.2847510122925102,43.0,1.0,0.32665366221138514,47.0,0.0,0.6199837415821401,47.0,0.0,0.6199837415821401,47.0,1.0,0.2595669224021976,46.0,1.0,0.4429674891960283,43.0,0.0,0.6200088592997999,42.0,1.0,0.2912659832045585,46.0,0.0,0.6200088592997999,43.0,0.0,0.6200088592997999,45.0,0.0,0.6200012603510983,46.0,0.0,0.6200012603510983,48.0,0.0,0.6200012603510983,48.0,0.0,0.6200012603510983,46.0,0.0,0.6199846212649591,46.0,0.0,0.6199846212649591,46.0,0.0,0.6199846212649591,45.0,1.0,0.20492293394378855,46.0,1.0,0.32150751762143415,45.0,0.0,0.6199846212649591,46.0,0.0,0.6199846212649591,46.0,0.0,0.6199846212649591,49.0,0.0,0.6199966733327172,44.0,0.0,0.6199966733327172,44.0,0.0,0.6199966733327172,46.0,0.0,0.6199966733327172,00000000100_@3@5,00000000100_,3,5,00000000100_@3,single
51.0,1.0,0.4555854897562811,46.0,0.0,0.6199912888759835,45.0,0.0,0.6200059300049416,44.0,0.0,0.6200059300049416,47.0,0.0,0.6200089166740972,46.0,0.0,0.6200089166740972,46.0,1.0,0.02158219493658509,45.0,1.0,0.3767308396012438,46.0,1.0,0.23180603230523303,45.0,0.0,0.6199909036902277,48.0,0.0,0.6199903083252569,43.0,0.0,0.6199903083252569,41.0,0.0,0.6200087025424452,42.0,0.0,0.6200087025424452,46.0,0.0,0.6200087025424452,42.0,0.0,0.6200087025424452,45.0,0.0,0.6199938027575522,42.0,0.0,0.6199938027575522,46.0,0.0,0.6199938027575522,47.0,1.0,0.2673695081671566,44.0,0.0,0.6200079250014152,47.0,1.0,0.5493419116681985,47.0,0.0,0.6200079250014152,46.0,1.0,0.10727088415551503,46.0,1.0,0.11032405216636576,47.0,0.0,0.619994748252301,46.0,0.0,0.619994748252301,46.0,0.0,0.619994748252301,47.0,0.0,0.619994748252301,47.0,0.0,0.619994748252301,49.0,1.0,0.12496786348186142,46.0,0.0,0.619994748252301,48.0,0.0,0.6199935948136286,47.0,0.0,0.6199935948136286,46.0,1.0,0.21206861927196652,46.0,0.0,0.6199935948136286,00000000200_@1@1,00000000200_,1,1,00000000200_@1,single
49.0,0.0,0.619998874072406,45.0,0.0,0.619998874072406,46.0,0.0,0.6200010991675826,47.0,0.0,0.6200010991675826,50.0,0.0,0.6199896749913958,46.0,0.0,0.6199896749913958,51.0,0.0,0.6199964740688505,52.0,1.0,0.45427345077548265,49.0,1.0,0.5693619546103031,48.0,0.0,0.6199964740688505,46.0,0.0,0.6199977499981251,46.0,0.0,0.6199977499981251,47.0,0.0,0.6200044279379137,46.0,0.0,0.6200044279379137,45.0,0.0,0.6200044279379137,45.0,0.0,0.6200044279379137,40.0,0.0,0.6199961734476162,44.0,0.0,0.6199961734476162,47.0,0.0,0.6199961734476162,44.0,0.0,0.6199961734476162,43.0,0.0,0.620007365715601,45.0,0.0,0.620007365715601,46.0,1.0,0.1402397612928145,44.0,0.0,0.620007365715601,48.0,1.0,0.5393277683580218,45.0,1.0,0.47519288228345474,46.0,1.0,0.08678584469391896,44.0,1.0,0.16263168020053342,47.0,1.0,0.015014979052374304,43.0,1.0,0.16993725680547836,45.0,1.0,0.0585547471602372,47.0,0.0,0.6199828025342231,50.0,0.0,0.6200019359262844,44.0,0.0,0.6200019359262844,47.0,1.0,0.30642294285610056,46.0,1.0,0.42181425255819494,00000000200_@1@2,00000000200_,1,2,00000000200_@1,single
44.0,1.0,0.24012246092216433,47.0,0.0,0.6200038429686563,46.0,0.0,0.6200059300049416,46.0,0.0,0.6200059300049416,52.0,1.0,0.36691304742753955,51.0,1.0,0.4594861062384219,45.0,0.0,0.6199909036902277,43.0,0.0,0.6199909036902277,48.0,0.0,0.6199909036902277,47.0,1.0,0.31139497984441455,44.0,1.0,0.19683026819189017,42.0,0.0,0.6199903083252569,45.0,0.0,0.6199835587249393,46.0,0.0,0.6199835587249393,48.0,0.0,0.6199835587249393,46.0,1.0,0.10064427004580002,45.0,1.0,0.45349865663769945,43.0,0.0,0.6199899789637895,46.0,0.0,0.6199899789637895,46.0,0.0,0.6199899789637895,44.0,0.0,0.6200043750007812,47.0,0.0,0.6200043750007812,48.0,1.0,0.21792765141565204,47.0,0.0,0.6200043750007812,47.0,0.0,0.6200144241315632,44.0,1.0,0.2477927567596053,44.0,0.0,0.6200144241315632,44.0,0.0,0.6200144241315632,48.0,1.0,0.16214688322123275,45.0,1.0,0.0164534096677491,42.0,1.0,0.15028426866167258,45.0,1.0,0.28639216202925777,47.0,1.0,0.5090382087107793,46.0,0.0,0.6200070542605656,46.0,0.0,0.6200070542605656,44.0,0.0,0.6200070542605656,00000000200_@1@3,00000000200_,1,3,00000000200_@1,single
46.0,0.0,0.6200089318650843,44.0,0.0,0.6200089318650843,44.0,0.0,0.6200052958377466,45.0,0.0,0.6200052958377466,50.0,1.0,0.5488647773873145,45.0,0.0,0.619997056664214,48.0,0.0,0.6200020562993427,49.0,0.0,0.6200020562993427,44.0,1.0,0.3775700704741785,49.0,1.0,0.3719423821368625,46.0,1.0,0.457253193544328,46.0,0.0,0.6199903083252569,44.0,0.0,0.6199818634863059,45.0,0.0,0.6199818634863059,48.0,1.0,0.18111620829085978,46.0,0.0,0.6199818634863059,43.0,0.0,0.6199938027575522,44.0,0.0,0.6199938027575522,46.0,0.0,0.6199938027575522,48.0,1.0,0.11914756226682108,46.0,0.0,0.6199901642839579,48.0,0.0,0.6199901642839579,49.0,1.0,0.43563745922097485,46.0,0.0,0.6199901642839579,47.0,0.0,0.6199897892031077,46.0,0.0,0.6199897892031077,46.0,1.0,0.45895252665159575,47.0,1.0,0.23296430252835,47.0,1.0,0.4157742729442136,43.0,1.0,0.3294911979337136,46.0,1.0,0.12832312645178617,47.0,0.0,0.6199897892031077,47.0,0.0,0.6199935948136286,48.0,0.0,0.6199935948136286,46.0,0.0,0.6199935948136286,44.0,0.0,0.6199935948136286,00000000200_@1@4,00000000200_,1,4,00000000200_@1,single
48.0,1.0,0.2533971605883861,48.0,0.0,0.6199968296249327,46.0,0.0,0.6200068016723347,46.0,0.0,0.6200068016723347,48.0,0.0,0.6199896749913958,47.0,0.0,0.6199896749913958,51.0,1.0,0.37663235056644534,49.0,0.0,0.6200016000023705,48.0,0.0,0.6200016000023705,50.0,1.0,0.10505439267317435,47.0,1.0,0.23033715861429888,44.0,0.0,0.6199977499981251,44.0,0.0,0.6200148768301196,46.0,0.0,0.6200148768301196,46.0,0.0,0.6200148768301196,45.0,0.0,0.6200148768301196,45.0,0.0,0.6199938027575522,45.0,1.0,0.2611978653789423,46.0,0.0,0.6199938027575522,45.0,1.0,0.5341649100284328,46.0,1.0,0.4930556264385047,45.0,1.0,0.4125162477707585,44.0,0.0,0.6200043750007812,43.0,0.0,0.6200043750007812,46.0,1.0,0.19918368799482156,46.0,0.0,0.6199968834910741,43.0,0.0,0.6199968834910741,46.0,0.0,0.6199968834910741,44.0,1.0,0.43433211788321197,43.0,0.0,0.6199968834910741,44.0,1.0,0.11832730708803399,45.0,0.0,0.6199968834910741,49.0,0.0,0.6199935948136286,45.0,0.0,0.6199935948136286,45.0,1.0,0.2809543720285874,43.0,0.0,0.6199935948136286,00000000200_@1@5,00000000200_,1,5,00000000200_@1,single
52.0,0.0,0.6200096933476938,48.0,0.0,0.6200096933476938,45.0,0.0,0.6200052958377466,45.0,0.0,0.6200052958377466,45.0,0.0,0.6200004858337381,44.0,0.0,0.6200004858337381,47.0,0.0,0.6200031822269366,48.0,0.0,0.6200031822269366,46.0,0.0,0.6200031822269366,48.0,0.0,0.6200031822269366,41.0,0.0,0.6199919408266173,40.0,0.0,0.6199919408266173,46.0,1.0,0.48832896931078396,46.0,0.0,0.6199835587249393,44.0,0.0,0.6199835587249393,45.0,1.0,0.04452859032653662,46.0,0.0,0.6199938027575522,44.0,0.0,0.6199938027575522,45.0,0.0,0.6199938027575522,46.0,1.0,0.12400696207016587,47.0,0.0,0.6200097307160233,46.0,0.0,0.6200097307160233,44.0,1.0,0.1462579636174935,48.0,0.0,0.6200097307160233,46.0,1.0,0.3701907089494314,45.0,0.0,0.6199968834910741,47.0,1.0,0.49597546507157614,49.0,1.0,0.14984696852284712,46.0,0.0,0.6199968834910741,43.0,1.0,0.05370832752645318,46.0,0.0,0.6199968834910741,47.0,1.0,0.4526267465481735,46.0,1.0,0.48126175578921404,46.0,0.0,0.6200091925942949,46.0,1.0,0.1155464732493469,42.0,0.0,0.6200091925942949,00000000200_@2@1,00000000200_,2,1,00000000200_@2,single
45.0,0.0,0.6199990666652839,43.0,0.0,0.6199990666652839,44.0,0.0,0.619996369163641,45.0,0.0,0.619996369163641,49.0,0.0,0.6199975716646431,49.0,1.0,0.41864841220701016,51.0,0.0,0.6199896340587172,50.0,0.0,0.6199896340587172,51.0,0.0,0.6199896340587172,49.0,0.0,0.6199896340587172,46.0,1.0,0.5050402125335105,44.0,0.0,0.6199903083252569,46.0,0.0,0.6200101628603691,47.0,0.0,0.6200101628603691,49.0,0.0,0.6200101628603691,49.0,0.0,0.6200101628603691,46.0,0.0,0.6199976058616562,44.0,0.0,0.6199976058616562,48.0,0.0,0.6199976058616562,44.0,0.0,0.6199976058616562,47.0,0.0,0.6200097307160233,45.0,0.0,0.6200097307160233,47.0,0.0,0.6200097307160233,46.0,0.0,0.6200097307160233,47.0,1.0,0.1665036185725773,47.0,0.0,0.6199899796793585,50.0,1.0,0.14119565625258926,47.0,1.0,0.516517512545242,48.0,0.0,0.6199899796793585,46.0,1.0,0.2523449943952363,45.0,0.0,0.6199899796793585,47.0,0.0,0.6199899796793585,48.0,0.0,0.6199904925908319,48.0,0.0,0.6199904925908319,47.0,0.0,0.6199904925908319,47.0,0.0,0.6199904925908319,00000000200_@2@2,00000000200_,2,2,00000000200_@2,single
52.0,1.0,0.3120730964045873,51.0,0.0,0.6199982903678376,47.0,0.0,0.619996369163641,47.0,0.0,0.619996369163641,49.0,0.0,0.6200032400027,46.0,0.0,0.6200032400027,44.0,1.0,0.4220030607452752,46.0,0.0,0.6200020562993427,49.0,0.0,0.6200020562993427,46.0,0.0,0.6200020562993427,45.0,1.0,0.3420630433858695,41.0,0.0,0.6200042250035208,48.0,0.0,0.6199992571426213,44.0,0.0,0.6199992571426213,47.0,0.0,0.6199992571426213,49.0,1.0,0.47408211621654484,44.0,0.0,0.6199899789637895,45.0,1.0,0.26924880676703566,46.0,0.0,0.6199899789637895,47.0,1.0,0.21265119011227415,46.0,0.0,0.6200073657156009,46.0,1.0,0.0951471887762837,46.0,0.0,0.6200073657156009,47.0,0.0,0.6200073657156009,45.0,0.0,0.6200144241315632,46.0,0.0,0.6200144241315632,47.0,0.0,0.6200144241315632,47.0,0.0,0.6200144241315632,46.0,1.0,0.04480616025592389,48.0,1.0,0.27956105890827265,48.0,1.0,0.2512083083200979,48.0,1.0,0.45669229736263406,48.0,0.0,0.6199935948136286,43.0,0.0,0.6199935948136286,46.0,0.0,0.6199935948136286,49.0,1.0,0.46112214539298985,00000000200_@2@3,00000000200_,2,3,00000000200_@2,single
51.0,0.0,0.6200098429775452,49.0,0.0,0.6200098429775452,45.0,0.0,0.6199947616623014,45.0,0.0,0.6199947616623014,47.0,0.0,0.6199938416615347,46.0,0.0,0.6199938416615347,49.0,1.0,0.02356351490891098,49.0,1.0,0.3184946451772522,49.0,1.0,0.30533005234081834,47.0,1.0,0.540522694107695,45.0,0.0,0.6199996841664035,45.0,0.0,0.6199996841664035,45.0,0.0,0.6199835587249393,47.0,0.0,0.6199835587249393,46.0,1.0,0.2296620538609695,46.0,1.0,0.07902989175552119,45.0,1.0,0.4707894956533613,46.0,0.0,0.6199951917233089,43.0,0.0,0.6199951917233089,46.0,0.0,0.6199951917233089,46.0,0.0,0.6199901642839579,48.0,0.0,0.6199901642839579,48.0,1.0,0.11388376462210083,46.0,0.0,0.6199901642839579,44.0,0.0,0.619982802534223,47.0,0.0,0.619982802534223,47.0,1.0,0.03509613685591646,47.0,0.0,0.619982802534223,46.0,0.0,0.619982802534223,48.0,0.0,0.619982802534223,45.0,0.0,0.619982802534223,47.0,0.0,0.619982802534223,47.0,0.0,0.6199935948136286,49.0,0.0,0.6199935948136286,46.0,1.0,0.3946147730768098,46.0,0.0,0.6199935948136286,00000000200_@2@4,00000000200_,2,4,00000000200_@2,single
53.0,1.0,0.46335983905161343,48.0,0.0,0.6200006651861707,43.0,0.0,0.619993433327861,45.0,0.0,0.619993433327861,46.0,0.0,0.6200004858337381,47.0,0.0,0.6200004858337381,42.0,1.0,0.3393497382959086,41.0,0.0,0.6199947970293289,42.0,1.0,0.4546677432114714,43.0,1.0,0.50996021327439,43.0,1.0,0.41784795237329364,44.0,1.0,0.5196484538737116,46.0,0.0,0.6200102400032508,45.0,1.0,0.20608864256782303,44.0,0.0,0.6200102400032508,44.0,0.0,0.6200102400032508,46.0,0.0,0.6199947189646068,47.0,0.0,0.6199947189646068,47.0,0.0,0.6199947189646068,46.0,0.0,0.6199947189646068,46.0,1.0,0.39232277505763835,44.0,0.0,0.6200097307160233,46.0,1.0,0.21441520828843003,48.0,0.0,0.6200097307160233,47.0,0.0,0.6199828025342231,44.0,0.0,0.6199828025342231,45.0,1.0,0.12970151831794233,48.0,1.0,0.10466431608390987,45.0,0.0,0.6199828025342231,48.0,1.0,0.53473883832979,48.0,0.0,0.6199828025342231,47.0,0.0,0.6199828025342231,44.0,1.0,0.5370264661160122,47.0,0.0,0.6199966733327172,46.0,0.0,0.6199966733327172,48.0,0.0,0.6199966733327172,00000000200_@2@5,00000000200_,2,5,00000000200_@2,single
53.0,1.0,0.33727926411742837,47.0,0.0,0.6199825955297712,46.0,0.0,0.6200052958377466,45.0,0.0,0.6200052958377466,46.0,0.0,0.6200081733401445,47.0,0.0,0.6200081733401445,46.0,1.0,0.3412440536948944,45.0,1.0,0.5555724867740546,47.0,1.0,0.5471652906152454,47.0,0.0,0.6200031822269367,48.0,0.0,0.619992469993725,46.0,0.0,0.619992469993725,46.0,0.0,0.6199890339647727,45.0,0.0,0.6199890339647727,45.0,0.0,0.6199890339647727,47.0,0.0,0.6199890339647727,46.0,0.0,0.619992391722826,45.0,0.0,0.619992391722826,47.0,0.0,0.619992391722826,46.0,1.0,0.18770750408750067,44.0,0.0,0.6199930614273325,46.0,1.0,0.14590140676810837,46.0,0.0,0.6199930614273325,46.0,1.0,0.10177724674593693,46.0,0.0,0.6199947482523012,48.0,0.0,0.6199947482523012,45.0,0.0,0.6199947482523012,47.0,1.0,0.2624141626711628,44.0,0.0,0.6199947482523012,44.0,0.0,0.6199947482523012,45.0,1.0,0.3300546244617856,48.0,0.0,0.6199947482523012,49.0,1.0,0.416160058548159,45.0,1.0,0.06820007040742045,47.0,1.0,0.23702033426302488,45.0,0.0,0.6199966733327172,00000000200_@3@1,00000000200_,3,1,00000000200_@3,single
43.0,1.0,0.21920199141035765,47.0,0.0,0.6200114740910727,45.0,0.0,0.6200059300049416,46.0,0.0,0.6200059300049416,52.0,0.0,0.6200005166670972,49.0,0.0,0.6200005166670972,48.0,1.0,0.11028016337801984,46.0,0.0,0.6199950785112275,46.0,0.0,0.6199950785112275,46.0,0.0,0.6199950785112275,46.0,1.0,0.5235563562969636,44.0,1.0,0.5251504342920287,45.0,0.0,0.6199995999998731,46.0,1.0,0.14609399241079124,48.0,0.0,0.6199995999998731,49.0,1.0,0.04987308249939127,44.0,0.0,0.6199909586191308,45.0,1.0,0.02406498001120345,46.0,0.0,0.6199909586191308,47.0,0.0,0.6199909586191308,45.0,0.0,0.6200073657156009,45.0,0.0,0.6200073657156009,46.0,0.0,0.6200073657156009,46.0,0.0,0.6200073657156009,45.0,1.0,0.10857741542140172,48.0,0.0,0.6200071412721083,44.0,0.0,0.6200071412721083,48.0,1.0,0.20239887377742025,44.0,0.0,0.6200071412721083,44.0,0.0,0.6200071412721083,46.0,1.0,0.13027087468916657,47.0,0.0,0.6200071412721083,47.0,0.0,0.6199935948136286,45.0,0.0,0.6199935948136286,44.0,0.0,0.6199935948136286,47.0,0.0,0.6199935948136286,00000000200_@3@2,00000000200_,3,2,00000000200_@3,single
46.0,0.0,0.6200114740910727,45.0,0.0,0.6200114740910727,39.0,0.0,0.619996369163641,44.0,1.0,0.5136259471882894,48.0,1.0,0.5694979045815871,47.0,0.0,0.6199903666586388,41.0,1.0,0.20097029773377442,40.0,1.0,0.43472064403058375,44.0,1.0,0.21197031403009486,42.0,1.0,0.08627679448413997,43.0,1.0,0.29244280120233435,42.0,0.0,0.6200022366685305,47.0,1.0,0.5227931326327405,43.0,0.0,0.6199835587249393,47.0,0.0,0.6199835587249393,46.0,1.0,0.5112431813470417,48.0,0.0,0.6199909586191308,45.0,0.0,0.6199909586191308,42.0,0.0,0.6199909586191308,46.0,0.0,0.6199909586191308,45.0,1.0,0.549056955188742,44.0,0.0,0.6200043750007812,47.0,1.0,0.2629519755271385,45.0,0.0,0.6200043750007812,46.0,0.0,0.6199828025342231,45.0,1.0,0.5420077034945091,43.0,0.0,0.6199828025342231,45.0,0.0,0.6199828025342231,43.0,1.0,0.09728531659851322,44.0,1.0,0.27111398606793213,45.0,0.0,0.6199828025342231,47.0,0.0,0.6199828025342231,46.0,1.0,0.517347495064351,43.0,1.0,0.3887142208730039,44.0,1.0,0.5527347356916177,46.0,0.0,0.6199966733327172,00000000200_@3@3,00000000200_,3,3,00000000200_@3,single
48.0,1.0,0.4906362824241221,46.0,0.0,0.6199912888759835,44.0,0.0,0.6200010991675826,44.0,0.0,0.6200010991675826,46.0,0.0,0.6200089166740972,46.0,0.0,0.6200089166740972,43.0,1.0,0.15335880497600737,42.0,1.0,0.42766629283895236,44.0,1.0,0.33817016025208924,46.0,0.0,0.6199909036902277,47.0,0.0,0.620007168339307,42.0,1.0,0.4587712406427006,44.0,0.0,0.6200101628603691,41.0,0.0,0.6200101628603691,48.0,0.0,0.6200101628603691,48.0,1.0,0.5211620432260454,46.0,0.0,0.619996173447616,44.0,1.0,0.2847849909974122,43.0,1.0,0.2382535053885354,43.0,0.0,0.619996173447616,46.0,0.0,0.6200073657156009,45.0,0.0,0.6200073657156009,47.0,0.0,0.6200073657156009,46.0,0.0,0.6200073657156009,45.0,0.0,0.6200021168260688,48.0,1.0,0.3617046227633723,43.0,0.0,0.6200021168260688,45.0,0.0,0.6200021168260688,42.0,1.0,0.3235144900046,47.0,1.0,0.5175130201628635,46.0,0.0,0.6200021168260688,46.0,1.0,0.1963854134556868,48.0,0.0,0.6199935948136286,44.0,0.0,0.6199935948136286,45.0,0.0,0.6199935948136286,45.0,0.0,0.6199935948136286,00000000200_@3@4,00000000200_,3,4,00000000200_@3,single
45.0,0.0,0.6200038429686563,45.0,0.0,0.6200038429686563,43.0,0.0,0.6200059300049416,45.0,0.0,0.6200059300049416,49.0,0.0,0.6200013375011145,45.0,0.0,0.6200013375011145,45.0,1.0,0.32150343630138717,45.0,1.0,0.33569281732269235,45.0,0.0,0.6199950785112275,45.0,1.0,0.4955990542208211,41.0,0.0,0.6199939566616306,45.0,0.0,0.6199939566616306,42.0,0.0,0.6199982920629499,45.0,1.0,0.2751594524315722,45.0,0.0,0.6199982920629499,42.0,0.0,0.6199982920629499,44.0,0.0,0.6199923917228262,43.0,0.0,0.6199923917228262,48.0,0.0,0.6199923917228262,44.0,0.0,0.6199923917228262,45.0,0.0,0.6200103335732738,46.0,1.0,0.1953867943547847,44.0,0.0,0.6200103335732738,45.0,1.0,0.39470241619686003,44.0,0.0,0.6199947482523012,46.0,0.0,0.6199947482523012,47.0,1.0,0.5217087164154656,47.0,0.0,0.6199947482523012,46.0,1.0,0.0003670128149247032,47.0,0.0,0.6199947482523012,45.0,1.0,0.1716151922587912,47.0,0.0,0.6199947482523012,49.0,1.0,0.3387973232958006,47.0,1.0,0.47232242894859794,43.0,0.0,0.6200049914824058,46.0,0.0,0.6200049914824058,00000000200_@3@5,00000000200_,3,5,00000000200_@3,single
45.0,1.0,0.4620041053998576,44.0,0.0,0.6199830499189555,39.0,0.0,0.6200013411435924,45.0,0.0,0.6200013411435924,44.0,0.0,0.6199992643173268,44.0,0.0,0.6199992643173268,44.0,1.0,0.10053463153449609,38.0,1.0,0.2940537181193081,45.0,0.0,0.6199941039145227,45.0,0.0,0.6199941039145227,48.0,0.0,0.6200012734356763,44.0,0.0,0.6200012734356763,42.0,0.0,0.6199851847117845,44.0,0.0,0.6199851847117845,46.0,0.0,0.6199851847117845,46.0,0.0,0.6199851847117845,46.0,0.0,0.6199958894373564,44.0,0.0,0.6199958894373564,45.0,0.0,0.6199958894373564,47.0,0.0,0.6199958894373564,44.0,0.0,0.620007204032129,46.0,0.0,0.620007204032129,48.0,0.0,0.620007204032129,46.0,0.0,0.620007204032129,48.0,1.0,0.092084924788865,45.0,0.0,0.619984621264959,45.0,0.0,0.619984621264959,46.0,1.0,0.34692545457950935,48.0,0.0,0.619984621264959,45.0,0.0,0.619984621264959,46.0,1.0,0.1307260659447828,47.0,0.0,0.619984621264959,49.0,0.0,0.6199932101136865,48.0,0.0,0.6199932101136865,47.0,1.0,0.45961552264006866,46.0,0.0,0.6199932101136865,00000001000_@1@1,00000001000_,1,1,00000001000_@1,single
43.0,0.0,0.6200169679168549,45.0,0.0,0.6200169679168549,45.0,1.0,0.5557619199441429,44.0,0.0,0.6200093715545756,46.0,1.0,0.4671607218681746,47.0,0.0,0.6200099735803358,43.0,1.0,0.021318337703290793,42.0,1.0,0.4943876357067282,42.0,0.0,0.6199900068142611,46.0,0.0,0.6199900068142611,46.0,0.0,0.6199917220662404,43.0,0.0,0.6199917220662404,44.0,0.0,0.6199846591043049,47.0,0.0,0.6199846591043049,47.0,0.0,0.6199846591043049,47.0,0.0,0.6199846591043049,43.0,0.0,0.6200065934218842,45.0,0.0,0.6200065934218842,44.0,1.0,0.18315715731465768,46.0,0.0,0.6200065934218842,46.0,0.0,0.6200068459251697,46.0,1.0,0.3192268192914212,45.0,0.0,0.6200068459251697,45.0,0.0,0.6200068459251697,48.0,0.0,0.6199846212649591,47.0,0.0,0.6199846212649591,46.0,0.0,0.6199846212649591,46.0,1.0,0.46295907141557824,43.0,1.0,0.12679583580820183,44.0,1.0,0.22211309940098395,46.0,0.0,0.6199846212649591,46.0,1.0,0.531168766402783,46.0,0.0,0.6200072318568988,46.0,1.0,0.4331356891379103,46.0,0.0,0.6200072318568988,45.0,1.0,0.5225194825693656,00000001000_@1@2,00000001000_,1,2,00000001000_@1,single
44.0,0.0,0.6199966585304945,46.0,0.0,0.6199966585304945,45.0,0.0,0.6200101648785,45.0,0.0,0.6200101648785,44.0,0.0,0.6199921639850502,47.0,0.0,0.6199921639850502,41.0,1.0,0.022665333377988935,38.0,1.0,0.43546685677194225,38.0,1.0,0.18132266702391148,41.0,0.0,0.6200065388559555,46.0,0.0,0.6199970835557487,41.0,1.0,0.5266756479749392,45.0,0.0,0.6200001188047213,46.0,1.0,0.3016477646633436,48.0,0.0,0.6200001188047213,46.0,0.0,0.6200001188047213,45.0,0.0,0.6199956354878767,46.0,0.0,0.6199956354878767,46.0,0.0,0.6199956354878767,47.0,0.0,0.6199956354878767,46.0,0.0,0.6200055896570922,46.0,0.0,0.6200055896570922,47.0,0.0,0.6200055896570922,46.0,0.0,0.6200055896570922,44.0,0.0,0.6200123806901527,47.0,0.0,0.6200123806901527,46.0,1.0,0.12240619344704445,45.0,0.0,0.6200123806901527,46.0,0.0,0.6200123806901527,44.0,1.0,0.2323069464577923,45.0,0.0,0.6200123806901527,46.0,1.0,0.555535801028894,48.0,0.0,0.6199922600213922,45.0,0.0,0.6199922600213922,47.0,1.0,0.19021448095777063,45.0,1.0,0.5001014804573033,00000001000_@1@3,00000001000_,1,3,00000001000_@1,single
43.0,1.0,0.34077556158017036,48.0,0.0,0.6200072424477149,44.0,0.0,0.6199985002547158,45.0,0.0,0.6199985002547158,42.0,0.0,0.6199900052717469,47.0,0.0,0.6199900052717469,44.0,0.0,0.619991635432563,44.0,1.0,0.5310067618907753,48.0,0.0,0.619991635432563,47.0,0.0,0.619991635432563,47.0,1.0,0.40586424136383514,43.0,0.0,0.6200080212232932,46.0,0.0,0.6200125376288834,45.0,0.0,0.6200125376288834,45.0,1.0,0.3506421252825701,47.0,0.0,0.6200125376288834,47.0,0.0,0.6200024604221459,49.0,0.0,0.6200024604221459,44.0,0.0,0.6200024604221459,46.0,1.0,0.5508395754460786,46.0,0.0,0.6200088577791553,47.0,0.0,0.6200088577791553,49.0,1.0,0.2659840482224869,46.0,0.0,0.6200088577791553,48.0,1.0,0.15750351169135487,45.0,0.0,0.6199817418910052,45.0,1.0,0.4842700133151364,47.0,1.0,0.0002204902170200955,46.0,0.0,0.6199817418910052,44.0,0.0,0.6199817418910052,47.0,0.0,0.6199817418910052,47.0,0.0,0.6199817418910052,48.0,0.0,0.6200000565504169,47.0,1.0,0.11167295907078176,47.0,1.0,0.4900025106107938,41.0,0.0,0.6200000565504169,00000001000_@1@4,00000001000_,1,4,00000001000_@1,single
43.0,1.0,0.3813650636119566,45.0,1.0,0.5370106534469745,46.0,0.0,0.6200094227578534,48.0,0.0,0.6200094227578534,44.0,0.0,0.6199993926990932,43.0,0.0,0.6199993926990932,47.0,1.0,0.021463475953405968,43.0,0.0,0.6200151358458197,44.0,1.0,0.5608068143373659,49.0,1.0,0.25520954969255316,43.0,1.0,0.47077506352341975,44.0,0.0,0.6199937510792815,46.0,0.0,0.6199918366977483,42.0,1.0,0.2628815920314377,46.0,0.0,0.6199918366977483,48.0,0.0,0.6199918366977483,43.0,0.0,0.6199993992341438,44.0,0.0,0.6199993992341438,49.0,1.0,0.1412269869586197,46.0,1.0,0.24607514958517018,46.0,0.0,0.6200065622648468,46.0,0.0,0.6200065622648468,48.0,0.0,0.6200065622648468,45.0,0.0,0.6200065622648468,46.0,0.0,0.6200116495688418,44.0,0.0,0.6200116495688418,42.0,0.0,0.6200116495688418,44.0,0.0,0.6200116495688418,45.0,0.0,0.6200116495688418,40.0,1.0,0.17221524741981525,44.0,0.0,0.6200116495688418,45.0,0.0,0.6200116495688418,46.0,0.0,0.6199918258939324,44.0,0.0,0.6199918258939324,44.0,0.0,0.6199918258939324,45.0,0.0,0.6199918258939324,00000001000_@1@5,00000001000_,1,5,00000001000_@1,single
47.0,1.0,0.30991204973752334,45.0,0.0,0.6200091878946223,46.0,1.0,0.36413887089430086,42.0,0.0,0.6200014453094718,44.0,0.0,0.6200079041099578,46.0,0.0,0.6200079041099578,44.0,0.0,0.6199917945622809,43.0,1.0,0.41358440631526516,46.0,1.0,0.22051726830296414,43.0,0.0,0.6199917945622809,46.0,1.0,0.2672305096397213,43.0,0.0,0.6199904838466849,47.0,0.0,0.61998815698822,48.0,0.0,0.61998815698822,47.0,0.0,0.61998815698822,47.0,0.0,0.61998815698822,47.0,0.0,0.6200024716706394,44.0,0.0,0.6200024716706394,46.0,0.0,0.6200024716706394,48.0,0.0,0.6200024716706394,46.0,0.0,0.6200085295214978,47.0,0.0,0.6200085295214978,47.0,0.0,0.6200085295214978,48.0,0.0,0.6200085295214978,48.0,0.0,0.6200016396098035,47.0,0.0,0.6200016396098035,47.0,1.0,0.1486843543461321,50.0,1.0,0.0831369173227076,45.0,1.0,0.03719862952645883,52.0,0.0,0.6200016396098035,46.0,0.0,0.6200016396098035,48.0,0.0,0.6200016396098035,48.0,1.0,0.29357305847558707,45.0,0.0,0.6200029113970893,46.0,0.0,0.6200029113970893,46.0,0.0,0.6200029113970893,00000001000_@2@1,00000001000_,2,1,00000001000_@2,single
51.0,0.0,0.6200051526594371,47.0,0.0,0.6200051526594371,51.0,0.0,0.6200042136419777,49.0,0.0,0.6200042136419777,43.0,0.0,0.6199954151327589,45.0,0.0,0.6199954151327589,47.0,0.0,0.6199990418870991,47.0,0.0,0.6199990418870991,47.0,0.0,0.6199990418870991,50.0,1.0,0.40594301463836824,49.0,0.0,0.6200021069400063,44.0,0.0,0.6200021069400063,45.0,0.0,0.6200029051244703,47.0,0.0,0.6200029051244703,47.0,0.0,0.6200029051244703,49.0,0.0,0.6200029051244703,48.0,0.0,0.619998030258693,48.0,0.0,0.619998030258693,49.0,0.0,0.619998030258693,46.0,0.0,0.619998030258693,46.0,1.0,0.5141106722540402,47.0,0.0,0.6200093549448994,47.0,0.0,0.6200093549448994,48.0,0.0,0.6200093549448994,47.0,1.0,0.11025543792557262,47.0,1.0,0.5066526163199819,46.0,1.0,0.07953695588758358,49.0,0.0,0.6199982967499751,49.0,0.0,0.6199982967499751,51.0,1.0,0.15392350760113307,46.0,0.0,0.6199982967499751,51.0,0.0,0.6199982967499751,46.0,0.0,0.6200007326711975,47.0,0.0,0.6200007326711975,49.0,1.0,0.21137529820495557,48.0,0.0,0.6200007326711975,00000001000_@2@2,00000001000_,2,2,00000001000_@2,single
44.0,0.0,0.6199917489355804,45.0,0.0,0.6199917489355804,47.0,0.0,0.6199939616269408,43.0,0.0,0.6199939616269408,47.0,0.0,0.6200070038413098,47.0,0.0,0.6200070038413098,44.0,1.0,0.38045002315591114,50.0,0.0,0.6200035133106565,44.0,0.0,0.6200035133106565,46.0,1.0,0.34283843561858224,46.0,0.0,0.620005321470809,45.0,0.0,0.620005321470809,42.0,1.0,0.48116506199552517,48.0,0.0,0.6199933795201233,49.0,0.0,0.6199933795201233,48.0,0.0,0.6199933795201233,46.0,0.0,0.6199967504439764,48.0,0.0,0.6199967504439764,46.0,0.0,0.6199967504439764,47.0,0.0,0.6199967504439764,46.0,0.0,0.6199896582201238,46.0,0.0,0.6199896582201238,47.0,0.0,0.6199896582201238,44.0,0.0,0.6199896582201238,46.0,0.0,0.6200066526056518,44.0,0.0,0.6200066526056518,46.0,1.0,0.23525231656658022,49.0,0.0,0.6200066526056518,42.0,0.0,0.6200066526056518,50.0,0.0,0.6200066526056518,47.0,0.0,0.6200066526056518,51.0,0.0,0.6200066526056518,45.0,0.0,0.6200001994463703,47.0,0.0,0.6200001994463703,43.0,0.0,0.6200001994463703,47.0,0.0,0.6200001994463703,00000001000_@2@3,00000001000_,2,3,00000001000_@2,single
46.0,0.0,0.6199824037082854,48.0,0.0,0.6199824037082854,47.0,0.0,0.6199968503487369,47.0,0.0,0.6199968503487369,46.0,0.0,0.62000608648468,45.0,0.0,0.62000608648468,48.0,0.0,0.6200058283912235,51.0,1.0,0.3349295358353495,48.0,1.0,0.5513051766072762,50.0,1.0,0.4855979367622744,48.0,1.0,0.38359510328867025,51.0,0.0,0.6199934310094687,45.0,1.0,0.4907528725764379,50.0,0.0,0.6200118482561799,47.0,0.0,0.6200118482561799,51.0,0.0,0.6200118482561799,44.0,0.0,0.6200077654017369,45.0,0.0,0.6200077654017369,48.0,0.0,0.6200077654017369,46.0,0.0,0.6200077654017369,44.0,1.0,0.4145876805015447,48.0,0.0,0.6200000386594764,44.0,0.0,0.6200000386594764,44.0,0.0,0.6200000386594764,45.0,0.0,0.6199927007649514,49.0,0.0,0.6199927007649514,45.0,0.0,0.6199927007649514,47.0,0.0,0.6199927007649514,46.0,0.0,0.6199927007649514,51.0,0.0,0.6199927007649514,46.0,0.0,0.6199927007649514,51.0,0.0,0.6199927007649514,46.0,1.0,0.496631380527512,47.0,0.0,0.6200087019923632,47.0,1.0,0.5623045327069974,45.0,0.0,0.6200087019923632,00000001000_@2@4,00000001000_,2,4,00000001000_@2,single
43.0,0.0,0.6200093763674205,42.0,0.0,0.6200093763674205,46.0,0.0,0.6199970212652037,46.0,0.0,0.6199970212652037,45.0,0.0,0.6200022601082803,46.0,0.0,0.6200022601082803,48.0,0.0,0.6199969514728156,49.0,0.0,0.6199969514728156,48.0,0.0,0.6199969514728156,50.0,1.0,0.56218313851306,49.0,1.0,0.3255459307232057,48.0,0.0,0.6199958505987995,44.0,0.0,0.6199901198618125,45.0,0.0,0.6199901198618125,44.0,0.0,0.6199901198618125,47.0,0.0,0.6199901198618125,48.0,0.0,0.6200099328687999,48.0,0.0,0.6200099328687999,47.0,0.0,0.6200099328687999,43.0,0.0,0.6200099328687999,45.0,0.0,0.6200080084570112,47.0,0.0,0.6200080084570112,45.0,1.0,0.19142187911463457,46.0,0.0,0.6200080084570112,46.0,0.0,0.6200085316172829,47.0,0.0,0.6200085316172829,46.0,1.0,0.472924065278519,48.0,0.0,0.6200085316172829,45.0,0.0,0.6200085316172829,47.0,0.0,0.6200085316172829,46.0,1.0,0.3327997802462215,51.0,1.0,0.44961298185527476,48.0,0.0,0.6200050411925241,45.0,0.0,0.6200050411925241,44.0,0.0,0.6200050411925241,48.0,0.0,0.6200050411925241,00000001000_@2@5,00000001000_,2,5,00000001000_@2,single
44.0,0.0,0.6200032276910067,43.0,0.0,0.6200032276910067,43.0,0.0,0.6199937601181541,45.0,0.0,0.6199937601181541,46.0,0.0,0.6200056385312832,46.0,0.0,0.6200056385312832,46.0,1.0,0.21922906373261367,44.0,0.0,0.6199928586257006,43.0,0.0,0.6199928586257006,45.0,1.0,0.3824855304131202,43.0,0.0,0.6199975421075291,42.0,0.0,0.6199975421075291,45.0,0.0,0.6200125261243435,46.0,1.0,0.2998311653047407,49.0,1.0,0.28861627653560123,46.0,1.0,0.4988026024737771,44.0,0.0,0.6199926769931746,45.0,0.0,0.6199926769931746,46.0,0.0,0.6199926769931746,48.0,0.0,0.6199926769931746,44.0,0.0,0.6199940411428954,47.0,0.0,0.6199940411428954,47.0,1.0,0.2998728942734822,45.0,0.0,0.6199940411428954,46.0,1.0,0.3538702551211506,44.0,1.0,0.47004888758529384,45.0,0.0,0.6199995227733394,44.0,1.0,0.5278071057514448,45.0,1.0,0.011073390871344874,45.0,0.0,0.6199995227733394,47.0,0.0,0.6199995227733394,47.0,0.0,0.6199995227733394,47.0,1.0,0.34233923112778814,45.0,0.0,0.6200083225149555,46.0,1.0,0.33902169442830304,44.0,0.0,0.6200083225149555,00000001000_@3@1,00000001000_,3,1,00000001000_@3,single
45.0,0.0,0.6199945146214878,48.0,1.0,0.1850702299564947,42.0,0.0,0.6199986623686256,42.0,0.0,0.6199986623686256,47.0,0.0,0.6200053760964229,46.0,0.0,0.6200053760964229,46.0,1.0,0.4233291829218212,44.0,1.0,0.4972951273035265,48.0,1.0,0.40183386376469377,46.0,0.0,0.6199837951080539,46.0,1.0,0.27282383362206536,44.0,0.0,0.620002582942905,44.0,0.0,0.6199937341388225,45.0,0.0,0.6199937341388225,43.0,1.0,0.2471358238159543,47.0,1.0,0.06384527819952292,45.0,0.0,0.6200009669927665,47.0,1.0,0.3189590859689028,49.0,0.0,0.6200009669927665,44.0,0.0,0.6200009669927665,45.0,0.0,0.6199911226188939,45.0,0.0,0.6199911226188939,47.0,0.0,0.6199911226188939,48.0,0.0,0.6199911226188939,46.0,0.0,0.6199846609862845,44.0,0.0,0.6199846609862845,46.0,0.0,0.6199846609862845,42.0,1.0,0.24874406826687395,47.0,1.0,0.12610044501583542,45.0,1.0,0.20215052384136697,46.0,0.0,0.6199846609862845,45.0,0.0,0.6199846609862845,48.0,0.0,0.6199915556933694,44.0,1.0,0.07913113326170215,48.0,1.0,0.15166800541826245,46.0,0.0,0.6199915556933694,00000001000_@3@2,00000001000_,3,2,00000001000_@3,single
44.0,0.0,0.6200160037352782,43.0,0.0,0.6200160037352782,45.0,0.0,0.6199945643160187,45.0,0.0,0.6199945643160187,46.0,0.0,0.6199915980428976,46.0,0.0,0.6199915980428976,46.0,1.0,0.26318371263000345,43.0,1.0,0.41735206150618515,46.0,0.0,0.6199880518350795,45.0,1.0,0.2796096762226401,51.0,1.0,0.40849114488728694,45.0,1.0,0.52773441957818,43.0,1.0,0.4892987860609041,43.0,0.0,0.6200184056326463,43.0,1.0,0.26511259774059,45.0,1.0,0.22452013001096008,45.0,0.0,0.619990145170286,46.0,1.0,0.17429721959454517,45.0,0.0,0.619990145170286,48.0,0.0,0.619990145170286,45.0,1.0,0.5310509434539172,47.0,0.0,0.6200006322067523,44.0,0.0,0.6200006322067523,47.0,0.0,0.6200006322067523,47.0,1.0,0.38873879711474374,46.0,0.0,0.6200040041375129,48.0,1.0,0.43153572890719255,45.0,0.0,0.6200040041375129,47.0,1.0,0.0466942468869502,48.0,1.0,0.543491620065274,47.0,1.0,0.45175764685035996,46.0,1.0,0.28748213890477453,47.0,0.0,0.6200085842679477,47.0,0.0,0.6200085842679477,48.0,1.0,0.41205091946225003,44.0,1.0,0.47065022364476894,00000001000_@3@3,00000001000_,3,3,00000001000_@3,single
48.0,0.0,0.6200041253460618,47.0,0.0,0.6200041253460618,47.0,0.0,0.6199944637171929,44.0,0.0,0.6199944637171929,46.0,0.0,0.6199950647132841,43.0,0.0,0.6199950647132841,47.0,0.0,0.6200158701714695,48.0,0.0,0.6200158701714695,44.0,0.0,0.6200158701714695,46.0,1.0,0.1876243014100597,47.0,0.0,0.6199908758553886,42.0,1.0,0.30718995094209917,46.0,0.0,0.6200109384369039,47.0,0.0,0.6200109384369039,44.0,1.0,0.3945659255872435,45.0,0.0,0.6200109384369039,48.0,1.0,0.47038689056003186,45.0,0.0,0.6200050632468913,49.0,0.0,0.6200050632468913,48.0,0.0,0.6200050632468913,45.0,0.0,0.6199920616965248,48.0,0.0,0.6199920616965248,48.0,0.0,0.6199920616965248,45.0,0.0,0.6199920616965248,47.0,1.0,0.17796449070631967,49.0,0.0,0.6200053224607266,46.0,0.0,0.6200053224607266,45.0,1.0,0.12497258280369347,45.0,0.0,0.6200053224607266,45.0,1.0,0.2696699313266978,44.0,0.0,0.6200053224607266,44.0,1.0,0.4599624006075868,46.0,0.0,0.6200057040534114,45.0,0.0,0.6200057040534114,47.0,1.0,0.3263946609847529,44.0,0.0,0.6200057040534114,00000001000_@3@4,00000001000_,3,4,00000001000_@3,single
45.0,0.0,0.6200032654542156,46.0,1.0,0.180004543451922,45.0,0.0,0.6200007618332284,46.0,0.0,0.6200007618332284,44.0,0.0,0.6200000323637689,47.0,0.0,0.6200000323637689,47.0,1.0,0.09848339677375408,46.0,0.0,0.6200152930146086,44.0,1.0,0.42514389088781857,47.0,0.0,0.6200152930146086,49.0,0.0,0.6200103552590384,46.0,0.0,0.6200103552590384,48.0,0.0,0.6199977724908111,46.0,0.0,0.6199977724908111,48.0,0.0,0.6199977724908111,45.0,0.0,0.6199977724908111,45.0,0.0,0.6200017975912276,45.0,1.0,0.2741676270778289,46.0,0.0,0.6200017975912276,49.0,0.0,0.6200017975912276,49.0,0.0,0.6200032784430491,45.0,1.0,0.16313045021359554,46.0,0.0,0.6200032784430491,46.0,0.0,0.6200032784430491,48.0,0.0,0.619982216330781,47.0,0.0,0.619982216330781,48.0,1.0,0.11369954225164107,47.0,1.0,0.04942659480557765,47.0,0.0,0.619982216330781,46.0,1.0,0.30188808648908577,46.0,0.0,0.619982216330781,45.0,0.0,0.619982216330781,47.0,1.0,0.44456974347041656,47.0,1.0,0.29176116815269165,47.0,0.0,0.620006120102504,44.0,0.0,0.620006120102504,00000001000_@3@5,00000001000_,3,5,00000001000_@3,single
47.0,0.0,0.619998874072406,45.0,0.0,0.619998874072406,44.0,1.0,0.39691794159828464,44.0,0.0,0.6199911058259215,45.0,1.0,0.45796499830416526,44.0,0.0,0.6199966883305736,41.0,0.0,0.6199975851816076,38.0,1.0,0.33575716408468753,44.0,0.0,0.6199975851816076,46.0,0.0,0.6199975851816076,44.0,0.0,0.6200042250035208,43.0,0.0,0.6200042250035208,46.0,1.0,0.46293834974832554,46.0,0.0,0.6199861658871832,46.0,0.0,0.6199861658871832,44.0,0.0,0.6199861658871832,44.0,0.0,0.6200046470093413,45.0,0.0,0.6200046470093413,44.0,1.0,0.5511927249902094,43.0,0.0,0.6200046470093413,45.0,1.0,0.5067149426863149,44.0,1.0,0.5316228119013353,47.0,0.0,0.620009574360611,47.0,0.0,0.620009574360611,45.0,0.0,0.6200001733333858,46.0,1.0,0.5557659211411882,45.0,0.0,0.6200001733333858,47.0,0.0,0.6200001733333858,46.0,0.0,0.6200001733333858,43.0,0.0,0.6200001733333858,46.0,1.0,0.10153274531295312,47.0,0.0,0.6200001733333858,47.0,1.0,0.3002953099631189,46.0,0.0,0.6200067351363486,46.0,1.0,0.26176850157991016,46.0,0.0,0.6200067351363486,00000010000_@1@1,00000010000_,1,1,00000010000_@1,single
45.0,0.0,0.6200033837087167,45.0,0.0,0.6200033837087167,42.0,0.0,0.6199911058259215,47.0,0.0,0.6199911058259215,44.0,0.0,0.6199994499995417,45.0,0.0,0.6199994499995417,46.0,1.0,0.15789476132557234,42.0,0.0,0.6199998518516324,43.0,0.0,0.6199998518516324,43.0,1.0,0.2512611692758064,51.0,1.0,0.2721151391572754,48.0,0.0,0.6200077904836101,44.0,1.0,0.3631434598894449,49.0,0.0,0.6199974083712894,49.0,0.0,0.6199974083712894,48.0,1.0,0.38659840793749084,47.0,1.0,0.41708263745002355,43.0,0.0,0.6200070957277087,45.0,0.0,0.6200070957277087,46.0,0.0,0.6200070957277087,46.0,0.0,0.6200021258123292,46.0,1.0,0.06653651120282243,46.0,0.0,0.6200021258123292,46.0,0.0,0.6200021258123292,46.0,0.0,0.6200170063687898,47.0,0.0,0.6200170063687898,47.0,0.0,0.6200170063687898,49.0,0.0,0.6200170063687898,49.0,0.0,0.6200170063687898,48.0,1.0,0.18068983081510023,46.0,0.0,0.6200170063687898,47.0,0.0,0.6200170063687898,48.0,0.0,0.619994516035048,45.0,0.0,0.619994516035048,45.0,1.0,0.40744241143106513,45.0,1.0,0.4985424004580902,00000010000_@1@2,00000010000_,1,2,00000010000_@1,single
46.0,1.0,0.4180814327132336,46.0,0.0,0.6200162118758694,42.0,0.0,0.6200010991675826,46.0,0.0,0.6200010991675826,46.0,0.0,0.6199966883305736,47.0,0.0,0.6199966883305736,43.0,0.0,0.6199975851816076,43.0,0.0,0.6199975851816076,43.0,1.0,0.06816343431619898,41.0,0.0,0.6199975851816076,47.0,0.0,0.6199994628566314,45.0,0.0,0.6199994628566314,45.0,0.0,0.6200025885279344,46.0,1.0,0.40838671639898183,45.0,0.0,0.6200025885279344,45.0,0.0,0.6200025885279344,42.0,0.0,0.6200039994878632,47.0,0.0,0.6200039994878632,46.0,0.0,0.6200039994878632,45.0,1.0,0.00018456772385773057,45.0,0.0,0.6199952823923559,45.0,0.0,0.6199952823923559,46.0,0.0,0.6199952823923559,47.0,0.0,0.6199952823923559,47.0,1.0,0.26848785832965405,44.0,0.0,0.6199969212111882,46.0,0.0,0.6199969212111882,43.0,0.0,0.6199969212111882,47.0,0.0,0.6199969212111882,43.0,0.0,0.6199969212111882,46.0,1.0,0.06543289982815147,45.0,1.0,0.3392449840136315,46.0,0.0,0.6200077614428399,46.0,0.0,0.6200077614428399,48.0,1.0,0.17736964060714244,43.0,0.0,0.6200077614428399,00000010000_@1@3,00000010000_,1,3,00000010000_@1,single
44.0,0.0,0.6200009185198793,45.0,0.0,0.6200009185198793,42.0,1.0,0.3069610058008382,46.0,0.0,0.6200101566751306,44.0,1.0,0.4052273410227842,46.0,0.0,0.6200048533373778,46.0,0.0,0.6199914873947961,46.0,0.0,0.6199914873947961,47.0,0.0,0.6199914873947961,47.0,0.0,0.6199914873947961,50.0,0.0,0.6200077904836101,50.0,1.0,0.3555865786538845,42.0,1.0,0.5434129591978168,42.0,1.0,0.2175877418876719,46.0,0.0,0.6200100759721167,42.0,1.0,0.26454752389070507,45.0,0.0,0.6200033300860394,45.0,0.0,0.6200033300860394,44.0,1.0,0.2273161000540342,43.0,0.0,0.6200033300860394,44.0,0.0,0.620003792650221,46.0,1.0,0.439032394535452,45.0,1.0,0.15934744535853765,45.0,0.0,0.620003792650221,45.0,0.0,0.6200002245455226,46.0,0.0,0.6200002245455226,47.0,0.0,0.6200002245455226,45.0,1.0,0.2333034073646689,44.0,0.0,0.6200002245455226,44.0,1.0,0.15273238961587565,47.0,1.0,0.497087190632482,46.0,0.0,0.6200002245455226,47.0,0.0,0.6200077614428399,48.0,1.0,0.21145063629741195,46.0,0.0,0.6200077614428399,46.0,0.0,0.6200077614428399,00000010000_@1@4,00000010000_,1,4,00000010000_@1,single
45.0,0.0,0.6200157452085114,44.0,0.0,0.6200157452085114,42.0,0.0,0.619996369163641,42.0,0.0,0.619996369163641,48.0,0.0,0.6200086416738682,43.0,0.0,0.6200086416738682,41.0,1.0,0.19899029480043673,39.0,1.0,0.37180055081563085,44.0,0.0,0.6199975851816076,44.0,0.0,0.6199975851816076,49.0,1.0,0.5383967746635949,47.0,0.0,0.6200045476233788,44.0,0.0,0.6200172117882827,45.0,0.0,0.6200172117882827,41.0,1.0,0.11003414760748763,42.0,1.0,0.27849613100655224,46.0,0.0,0.62000263880387,46.0,1.0,0.43691928955885295,47.0,0.0,0.62000263880387,46.0,0.0,0.62000263880387,45.0,0.0,0.6200098509418548,46.0,0.0,0.6200098509418548,48.0,0.0,0.6200098509418548,46.0,0.0,0.6200098509418548,45.0,0.0,0.6200086251541288,46.0,0.0,0.6200086251541288,45.0,0.0,0.6200086251541288,46.0,0.0,0.6200086251541288,46.0,1.0,0.03261463533776828,47.0,0.0,0.6200086251541288,47.0,0.0,0.6200086251541288,47.0,0.0,0.6200086251541288,47.0,0.0,0.6199916738723736,47.0,0.0,0.6199916738723736,47.0,1.0,0.21482416681516517,43.0,0.0,0.6199916738723736,00000010000_@1@5,00000010000_,1,5,00000010000_@1,single
43.0,0.0,0.6200033837087165,46.0,0.0,0.6200033837087165,42.0,0.0,0.6200010991675826,43.0,0.0,0.6200010991675826,44.0,0.0,0.6199922916602431,45.0,0.0,0.6199922916602431,45.0,1.0,0.3399230591452728,40.0,1.0,0.3738236427016929,42.0,0.0,0.6200064518614101,40.0,0.0,0.6200064518614101,39.0,1.0,0.30168974640812196,40.0,0.0,0.6200022366685305,44.0,1.0,0.45946041161563156,42.0,0.0,0.6200010232561313,44.0,1.0,0.527501169457727,45.0,1.0,0.44371023618922056,46.0,1.0,0.4120537326587577,44.0,0.0,0.620007808206463,45.0,1.0,0.5316022108721729,47.0,1.0,0.33804069778473467,42.0,0.0,0.6199946676913961,43.0,0.0,0.6199946676913961,46.0,0.0,0.6199946676913961,47.0,0.0,0.6199946676913961,48.0,1.0,0.1796650835348738,46.0,0.0,0.6199969212111882,43.0,1.0,0.22093701361727686,46.0,1.0,0.1552838009950912,46.0,0.0,0.6199969212111882,45.0,0.0,0.6199969212111882,45.0,0.0,0.6199969212111882,47.0,0.0,0.6199969212111882,44.0,0.0,0.6200077614428399,44.0,0.0,0.6200077614428399,45.0,0.0,0.6200077614428399,44.0,0.0,0.6200077614428399,00000010000_@2@1,00000010000_,2,1,00000010000_@2,single
45.0,0.0,0.6199914577651225,43.0,0.0,0.6199914577651225,44.0,0.0,0.6199915666596388,44.0,0.0,0.6199915666596388,45.0,0.0,0.6199922916602431,44.0,0.0,0.6199922916602431,41.0,1.0,0.112378233152938,41.0,1.0,0.18645320956031047,41.0,1.0,0.2550982223677368,42.0,1.0,0.3889761762610019,47.0,1.0,0.23628689170180162,48.0,0.0,0.6199929714218776,43.0,0.0,0.6200060564359864,46.0,1.0,0.09750693907191908,45.0,0.0,0.6200060564359864,48.0,0.0,0.6200060564359864,45.0,1.0,0.3458132804809026,46.0,0.0,0.6200033300860393,47.0,0.0,0.6200033300860393,46.0,1.0,0.047817169883276896,45.0,1.0,0.5110626948825119,43.0,0.0,0.6200031164107891,44.0,0.0,0.6200031164107891,45.0,0.0,0.6200031164107891,47.0,0.0,0.6199884824207522,45.0,0.0,0.6199884824207522,45.0,0.0,0.6199884824207522,48.0,1.0,0.1616515241368255,42.0,1.0,0.4889196790665694,44.0,0.0,0.6199884824207522,45.0,0.0,0.6199884824207522,45.0,0.0,0.6199884824207522,45.0,0.0,0.6199913830615105,44.0,0.0,0.6199913830615105,44.0,1.0,0.1300407967641075,46.0,0.0,0.6199913830615105,00000010000_@2@2,00000010000_,2,2,00000010000_@2,single
45.0,1.0,0.186324502702967,43.0,0.0,0.6200089318650843,43.0,0.0,0.6200101566751306,45.0,0.0,0.6200101566751306,48.0,1.0,0.5338565982138318,45.0,0.0,0.6200032400027,44.0,0.0,0.6199902444299917,42.0,1.0,0.2746643224656629,45.0,0.0,0.6199902444299917,44.0,1.0,0.4060559067494915,42.0,1.0,0.21433403277836066,43.0,0.0,0.6199903083252569,43.0,0.0,0.6200181147342991,46.0,0.0,0.6200181147342991,46.0,0.0,0.6200181147342991,48.0,0.0,0.6200181147342991,44.0,0.0,0.6200070957277086,44.0,1.0,0.28871482678885924,45.0,0.0,0.6200070957277086,44.0,0.0,0.6200070957277086,44.0,0.0,0.6200031164107892,46.0,0.0,0.6200031164107892,45.0,0.0,0.6200031164107892,45.0,0.0,0.6200031164107892,44.0,0.0,0.6200033606070791,44.0,1.0,0.515113639731406,46.0,0.0,0.6200033606070791,44.0,1.0,0.24009970093930333,47.0,0.0,0.6200033606070791,42.0,1.0,0.5480432788009936,46.0,0.0,0.6200033606070791,46.0,1.0,0.35917562793200847,44.0,1.0,0.33140214565804427,46.0,0.0,0.61999627171104,45.0,0.0,0.61999627171104,44.0,0.0,0.61999627171104,00000010000_@2@3,00000010000_,2,3,00000010000_@2,single
45.0,0.0,0.6200162340981246,43.0,0.0,0.6200162340981246,43.0,1.0,0.5346941455784546,44.0,0.0,0.6199915666596388,46.0,1.0,0.35712238093531745,46.0,0.0,0.6200098916749097,42.0,0.0,0.6199998518516323,39.0,1.0,0.26991246505550376,41.0,1.0,0.4302623085367534,38.0,0.0,0.6199998518516323,37.0,1.0,0.527793874828229,38.0,0.0,0.6200022366685305,40.0,1.0,0.4285935161530282,43.0,0.0,0.6199941330214366,42.0,1.0,0.17256460110530267,41.0,0.0,0.6199941330214366,44.0,1.0,0.4800380205193197,44.0,0.0,0.6199910352121427,45.0,0.0,0.6199910352121427,43.0,1.0,0.14774184679347807,43.0,1.0,0.5519225004995727,44.0,0.0,0.6200082423945713,42.0,1.0,0.13519971644439596,44.0,0.0,0.6200082423945713,45.0,0.0,0.6200170063687898,45.0,1.0,0.4002799525090765,44.0,1.0,0.2386545701983546,45.0,0.0,0.6200170063687898,43.0,0.0,0.6200170063687898,44.0,1.0,0.22939784375692235,45.0,0.0,0.6200170063687898,44.0,0.0,0.6200170063687898,45.0,1.0,0.3398282451942784,45.0,1.0,0.24051601234522746,44.0,0.0,0.6200079951365757,43.0,0.0,0.6200079951365757,00000010000_@2@4,00000010000_,2,4,00000010000_@2,single
46.0,1.0,0.3314883147975034,45.0,0.0,0.6200024800036741,43.0,1.0,0.2993079702566419,45.0,0.0,0.6200052958377466,44.0,1.0,0.1821660618050515,46.0,0.0,0.6199994499995416,44.0,0.0,0.620001597039403,44.0,0.0,0.620001597039403,41.0,0.0,0.620001597039403,40.0,1.0,0.49842547618589067,43.0,1.0,0.23070571308809423,42.0,1.0,0.5050619833849862,42.0,1.0,0.36444766649540045,42.0,0.0,0.6200136248104262,44.0,0.0,0.6200136248104262,43.0,1.0,0.38663208267661475,45.0,0.0,0.6199994796580307,44.0,0.0,0.6199994796580307,45.0,0.0,0.6199994796580307,46.0,1.0,0.3843385573228303,42.0,0.0,0.6200031164107892,45.0,1.0,0.010482595125229937,45.0,0.0,0.6200031164107892,45.0,0.0,0.6200031164107892,47.0,1.0,0.37052634288677055,44.0,0.0,0.6199918045429711,44.0,1.0,0.5429196814908126,44.0,0.0,0.6199918045429711,45.0,0.0,0.6199918045429711,42.0,0.0,0.6199918045429711,45.0,1.0,0.12469601233212495,46.0,0.0,0.6199918045429711,46.0,0.0,0.6200026446851612,46.0,0.0,0.6200026446851612,44.0,0.0,0.6200026446851612,47.0,0.0,0.6200026446851612,00000010000_@2@5,00000010000_,2,5,00000010000_@2,single
45.0,0.0,0.6200038429686562,46.0,0.0,0.6200038429686562,43.0,0.0,0.6200010991675826,46.0,1.0,0.25387561906301587,42.0,0.0,0.6200081733401445,47.0,0.0,0.6200081733401445,46.0,0.0,0.6199993911102091,43.0,1.0,0.31530809823421957,46.0,1.0,0.34451349705703266,43.0,0.0,0.6199993911102091,45.0,1.0,0.22680873067394222,43.0,0.0,0.6199903083252569,46.0,0.0,0.6199939212384251,44.0,0.0,0.6199939212384251,45.0,0.0,0.6199939212384251,47.0,0.0,0.6199939212384251,45.0,0.0,0.6199910352121427,42.0,0.0,0.6199910352121427,46.0,1.0,0.5123411768104575,44.0,0.0,0.6199910352121427,46.0,0.0,0.6200016982908886,43.0,1.0,0.2814504523846927,46.0,0.0,0.6200016982908886,47.0,0.0,0.6200016982908886,43.0,0.0,0.6199851421167097,44.0,0.0,0.6199851421167097,48.0,0.0,0.6199851421167097,42.0,0.0,0.6199851421167097,44.0,1.0,0.5171620985339693,45.0,0.0,0.6199851421167097,47.0,0.0,0.6199851421167097,45.0,0.0,0.6199851421167097,46.0,1.0,0.30754540496313604,44.0,0.0,0.6200019324327806,45.0,0.0,0.6200019324327806,45.0,1.0,0.3381035005591893,00000010000_@3@1,00000010000_,3,1,00000010000_@3,single
44.0,1.0,0.42934931755454453,44.0,0.0,0.6199900503556302,41.0,0.0,0.619996369163641,45.0,0.0,0.619996369163641,46.0,0.0,0.6200098916749097,44.0,0.0,0.6200098916749097,42.0,1.0,0.023130297970811807,42.0,1.0,0.47501287557463046,44.0,0.0,0.6200164207650678,39.0,0.0,0.6200164207650678,43.0,0.0,0.6200086066738388,43.0,1.0,0.3820015058345882,40.0,0.0,0.6199925541062183,44.0,1.0,0.47892839501655665,44.0,1.0,0.4300899361519182,43.0,0.0,0.6199925541062183,45.0,0.0,0.6200019256413548,45.0,1.0,0.17422371849978094,45.0,0.0,0.6200019256413548,45.0,0.0,0.6200019256413548,47.0,0.0,0.6200044470093072,44.0,0.0,0.6200044470093072,43.0,0.0,0.6200044470093072,46.0,0.0,0.6200044470093072,46.0,1.0,0.26440988951814837,44.0,1.0,0.43827196796120244,48.0,1.0,0.29249953893925423,45.0,0.0,0.6199918045429711,44.0,0.0,0.6199918045429711,44.0,0.0,0.6199918045429711,45.0,0.0,0.6199918045429711,43.0,0.0,0.6199918045429711,46.0,0.0,0.6199913830615106,46.0,1.0,0.29243352584387855,43.0,0.0,0.6199913830615106,44.0,0.0,0.6199913830615106,00000010000_@3@2,00000010000_,3,2,00000010000_@3,single
45.0,1.0,0.389533809679718,48.0,0.0,0.6199900118370545,41.0,1.0,0.24768342306951924,44.0,0.0,0.6200052958377466,44.0,0.0,0.6200004858337381,44.0,0.0,0.6200004858337381,44.0,0.0,0.6200064518614101,40.0,0.0,0.6200064518614101,43.0,0.0,0.6200064518614101,44.0,1.0,0.38394979103672744,39.0,1.0,0.2430097200081,42.0,1.0,0.5054489037074197,44.0,0.0,0.6199889482136274,43.0,1.0,0.09966690346260572,46.0,1.0,0.29596027657682994,40.0,1.0,0.43659887956554405,46.0,0.0,0.6200070957277086,49.0,0.0,0.6200070957277086,45.0,1.0,0.32735636672758406,47.0,1.0,0.4201165620712072,44.0,0.0,0.6200089193177639,45.0,1.0,0.14268619122840875,46.0,0.0,0.6200089193177639,46.0,0.0,0.6200089193177639,45.0,1.0,0.282768574778356,45.0,0.0,0.620003360607079,46.0,0.0,0.620003360607079,45.0,0.0,0.620003360607079,43.0,1.0,0.02025025795462362,47.0,0.0,0.620003360607079,46.0,1.0,0.19974619234733101,44.0,0.0,0.620003360607079,47.0,1.0,0.5362580133798222,44.0,1.0,0.34738891556557033,43.0,0.0,0.6200080425239716,46.0,1.0,0.40924551157576783,00000010000_@3@3,00000010000_,3,3,00000010000_@3,single
38.0,1.0,0.33851902002817785,43.0,1.0,0.4286673017293359,44.0,1.0,0.19110029925024935,45.0,0.0,0.6199911058259215,46.0,0.0,0.6200013375011145,45.0,1.0,0.4862763702303085,45.0,0.0,0.6199950785112274,43.0,1.0,0.27419324621221663,42.0,0.0,0.6199950785112274,41.0,1.0,0.2581658624679444,43.0,1.0,0.1881125817604848,43.0,0.0,0.6200086066738388,45.0,0.0,0.6200146846557161,48.0,0.0,0.6200146846557161,45.0,1.0,0.07168293354509567,44.0,0.0,0.6200146846557161,45.0,0.0,0.6200078082064628,45.0,0.0,0.6200078082064628,46.0,0.0,0.6200078082064628,46.0,0.0,0.6200078082064628,46.0,0.0,0.620009574360611,46.0,0.0,0.620009574360611,46.0,1.0,0.15159694010204103,47.0,0.0,0.620009574360611,46.0,0.0,0.6199884824207522,45.0,1.0,0.33978761205685215,41.0,1.0,0.0972919688763542,44.0,1.0,0.11139012587579572,46.0,1.0,0.2542441073466992,46.0,1.0,0.028636881405115576,44.0,1.0,0.25934734646889285,44.0,0.0,0.6199884824207522,47.0,1.0,0.5376271181310123,45.0,0.0,0.6199913830615105,46.0,1.0,0.4683826314202939,43.0,0.0,0.6199913830615105,00000010000_@3@4,00000010000_,3,4,00000010000_@3,single
39.0,0.0,0.6199909762829278,45.0,0.0,0.6199909762829278,43.0,0.0,0.619996369163641,44.0,0.0,0.619996369163641,48.0,1.0,0.2127401172834311,44.0,0.0,0.6199966883305736,43.0,1.0,0.1825348630146119,39.0,1.0,0.3364878851672373,41.0,0.0,0.619994797029329,40.0,0.0,0.619994797029329,40.0,1.0,0.22992049993374994,39.0,1.0,0.4874305895254913,42.0,1.0,0.39896424153929966,44.0,1.0,0.012717912160592917,42.0,1.0,0.4279595981270072,44.0,0.0,0.6199889482136274,44.0,1.0,0.5112300791846289,46.0,0.0,0.6200063613686088,45.0,0.0,0.6200063613686088,44.0,0.0,0.6200063613686088,46.0,0.0,0.620009574360611,44.0,1.0,0.5020434253065684,44.0,0.0,0.620009574360611,46.0,0.0,0.620009574360611,43.0,0.0,0.6199969212111882,44.0,1.0,0.2963207079759721,45.0,0.0,0.6199969212111882,46.0,0.0,0.6199969212111882,43.0,1.0,0.07270322203127941,42.0,1.0,0.04703678152629743,42.0,1.0,0.1465814456307411,45.0,1.0,0.11118452338924951,45.0,0.0,0.6199913830615105,44.0,0.0,0.6199913830615105,45.0,1.0,0.2996373974121437,45.0,0.0,0.6199913830615105,00000010000_@3@5,00000010000_,3,5,00000010000_@3,single
43.0,1.0,0.2836324557517863,46.0,1.0,0.4418491997765923,46.0,1.0,0.24167724306436922,46.0,0.0,0.6200052958377466,49.0,0.0,0.619993876661564,50.0,0.0,0.619993876661564,51.0,0.0,0.6199942785100423,50.0,1.0,0.23876587372722036,49.0,1.0,0.5401104712747723,50.0,0.0,0.6199942785100423,47.0,1.0,0.26073675394729495,44.0,0.0,0.6200049666708055,47.0,1.0,0.5146115195792484,44.0,0.0,0.6199986727268706,48.0,0.0,0.6199986727268706,48.0,0.0,0.6199986727268706,45.0,0.0,0.6199914973319162,44.0,1.0,0.1855175034195839,46.0,1.0,0.4500824870137478,48.0,0.0,0.6199914973319162,46.0,0.0,0.6199971896661982,46.0,0.0,0.6199971896661982,47.0,1.0,0.0223547233924539,44.0,0.0,0.6199971896661982,48.0,0.0,0.6200066927427238,48.0,0.0,0.6200066927427238,47.0,0.0,0.6200066927427238,46.0,0.0,0.6200066927427238,46.0,1.0,0.1613494569924317,43.0,1.0,0.13669323161280936,44.0,1.0,0.4567832156394713,47.0,0.0,0.6200066927427238,49.0,0.0,0.6199996378570782,47.0,0.0,0.6199996378570782,44.0,0.0,0.6199996378570782,45.0,0.0,0.6199996378570782,00000100000_@1@1,00000100000_,1,1,00000100000_@1,single
51.0,0.0,0.6199968296249327,46.0,0.0,0.6199968296249327,45.0,0.0,0.619996369163641,46.0,0.0,0.619996369163641,45.0,0.0,0.6200081733401445,47.0,0.0,0.6200081733401445,45.0,0.0,0.6199993911102091,46.0,0.0,0.6199993911102091,45.0,0.0,0.6199993911102091,47.0,1.0,0.48907103714227723,49.0,0.0,0.6199903083252569,44.0,0.0,0.6199903083252569,48.0,0.0,0.619991480603479,48.0,1.0,0.5058304272213415,47.0,0.0,0.619991480603479,47.0,0.0,0.619991480603479,45.0,0.0,0.6199929206654867,42.0,0.0,0.6199929206654867,45.0,0.0,0.6199929206654867,45.0,0.0,0.6199929206654867,48.0,0.0,0.620007683834614,46.0,0.0,0.620007683834614,44.0,0.0,0.620007683834614,44.0,0.0,0.620007683834614,47.0,0.0,0.6199921099235881,45.0,0.0,0.6199921099235881,46.0,0.0,0.6199921099235881,47.0,1.0,0.08701708089394988,47.0,0.0,0.6199921099235881,47.0,0.0,0.6199921099235881,48.0,0.0,0.6199921099235881,47.0,0.0,0.6199921099235881,52.0,0.0,0.6199951142848418,46.0,0.0,0.6199951142848418,46.0,0.0,0.6199951142848418,47.0,0.0,0.6199951142848418,00000100000_@1@2,00000100000_,1,2,00000100000_@1,single
47.0,1.0,0.22886043386730945,45.0,0.0,0.6200152474299963,46.0,0.0,0.619996369163641,45.0,0.0,0.619996369163641,48.0,0.0,0.6199946766622305,47.0,0.0,0.6199946766622305,46.0,0.0,0.6199993911102091,47.0,0.0,0.6199993911102091,47.0,0.0,0.6199993911102091,47.0,0.0,0.6199993911102091,47.0,1.0,0.43446378205315167,45.0,1.0,0.5499853141544284,44.0,1.0,0.44440011921215733,48.0,0.0,0.6200137369738596,45.0,1.0,0.24813918246641892,45.0,1.0,0.16321037218496126,41.0,0.0,0.620006894001149,45.0,0.0,0.620006894001149,47.0,0.0,0.620006894001149,46.0,0.0,0.620006894001149,46.0,1.0,0.4245256447542741,45.0,0.0,0.6199944096657349,45.0,0.0,0.6199944096657349,49.0,0.0,0.6199944096657349,46.0,1.0,0.3202946469021176,47.0,0.0,0.6199855445883096,45.0,1.0,0.3904061571573799,41.0,0.0,0.6199855445883096,46.0,0.0,0.6199855445883096,43.0,0.0,0.6199855445883096,48.0,0.0,0.6199855445883096,47.0,1.0,0.061958154950564434,51.0,0.0,0.6199951142848418,43.0,1.0,0.4093735116738413,43.0,0.0,0.6199951142848418,45.0,0.0,0.6199951142848418,00000100000_@1@3,00000100000_,1,3,00000100000_@1,single
45.0,1.0,0.3633900465037726,46.0,0.0,0.6200033837087165,44.0,0.0,0.6200010991675826,43.0,0.0,0.6200010991675826,48.0,1.0,0.23459998383331984,47.0,0.0,0.6199993899994917,47.0,0.0,0.6200031822269367,45.0,0.0,0.6200031822269367,45.0,1.0,0.14152725411445055,44.0,0.0,0.6200031822269367,41.0,0.0,0.6200022366685306,44.0,0.0,0.6200022366685306,46.0,1.0,0.45577122993067576,48.0,0.0,0.6199930312100095,49.0,1.0,0.5688316238883709,48.0,0.0,0.6199930312100095,43.0,1.0,0.5250918615153103,48.0,1.0,0.4546707207784535,47.0,0.0,0.6200055283342547,47.0,0.0,0.6200055283342547,47.0,0.0,0.6200027593337932,46.0,0.0,0.6200027593337932,49.0,0.0,0.6200027593337932,47.0,0.0,0.6200027593337932,46.0,1.0,0.13238056544609345,49.0,1.0,0.44930052068163573,47.0,1.0,0.5531773905710786,46.0,1.0,0.08705381246038887,47.0,1.0,0.465682799313422,48.0,0.0,0.6199921099235881,46.0,1.0,0.22086690899760264,47.0,0.0,0.6199921099235881,48.0,0.0,0.6200072514298663,48.0,0.0,0.6200072514298663,49.0,1.0,0.23835693756373885,47.0,0.0,0.6200072514298663,00000100000_@1@4,00000100000_,1,4,00000100000_@1,single
47.0,1.0,0.26150403333930866,48.0,0.0,0.6199966014764466,45.0,0.0,0.6199911058259215,45.0,0.0,0.6199911058259215,46.0,0.0,0.6199966883305736,45.0,0.0,0.6199966883305736,45.0,1.0,0.020753364079057895,44.0,1.0,0.5136274275961891,43.0,0.0,0.6199975851816076,42.0,1.0,0.3895839104946822,47.0,1.0,0.5074132353443628,44.0,0.0,0.6199903083252569,44.0,0.0,0.6199848539348042,42.0,1.0,0.10913159791866603,48.0,0.0,0.6199848539348042,45.0,1.0,0.3705199759151442,49.0,0.0,0.6200040656673442,46.0,0.0,0.6200040656673442,47.0,1.0,0.36050135475022577,46.0,1.0,0.5002540993756832,42.0,0.0,0.6200001033333505,46.0,0.0,0.6200001033333505,44.0,1.0,0.1708513618085603,45.0,0.0,0.6200001033333505,49.0,0.0,0.6199986562958981,45.0,1.0,0.5483628572926984,48.0,0.0,0.6199986562958981,47.0,1.0,0.2052090119137813,48.0,0.0,0.6199986562958981,50.0,1.0,0.5017444834798469,47.0,0.0,0.6199986562958981,45.0,1.0,0.4232022587265951,49.0,0.0,0.6200011942859276,47.0,0.0,0.6200011942859276,46.0,1.0,0.07535395774177817,47.0,0.0,0.6200011942859276,00000100000_@1@5,00000100000_,1,5,00000100000_@1,single
46.0,0.0,0.6200091851987929,48.0,0.0,0.6200091851987929,41.0,1.0,0.3122798902332418,43.0,0.0,0.6200010991675826,46.0,0.0,0.6200004858337381,46.0,0.0,0.6200004858337381,44.0,0.0,0.6200064518614101,42.0,0.0,0.6200064518614101,45.0,0.0,0.6200064518614101,44.0,1.0,0.3977815226392928,46.0,0.0,0.6199939566616305,44.0,0.0,0.6199939566616305,46.0,0.0,0.619991480603479,44.0,0.0,0.619991480603479,47.0,1.0,0.27345900226030373,47.0,1.0,0.40359443018013036,43.0,0.0,0.6199975454995909,45.0,1.0,0.4027921969653661,51.0,0.0,0.6199975454995909,45.0,1.0,0.18158580526430085,46.0,1.0,0.5503669823944971,45.0,0.0,0.6199897286649548,43.0,0.0,0.6199897286649548,44.0,1.0,0.521529770088295,46.0,0.0,0.6200001837037581,46.0,0.0,0.6200001837037581,46.0,0.0,0.6200001837037581,45.0,0.0,0.6200001837037581,43.0,0.0,0.6200001837037581,44.0,1.0,0.3108267587634841,46.0,1.0,0.2892599375585,46.0,0.0,0.6200001837037581,46.0,0.0,0.6199951142848418,46.0,1.0,0.016473563655993506,42.0,1.0,0.14121444235972183,44.0,0.0,0.6199951142848418,00000100000_@2@1,00000100000_,2,1,00000100000_@2,single
45.0,0.0,0.6200033837087167,46.0,0.0,0.6200033837087167,40.0,0.0,0.619996369163641,46.0,0.0,0.619996369163641,51.0,0.0,0.6199993899994918,50.0,0.0,0.6199993899994918,48.0,0.0,0.6200182755826306,48.0,1.0,0.5378765746319625,47.0,1.0,0.5285977416262839,48.0,0.0,0.6200182755826306,43.0,0.0,0.6200022366685306,40.0,0.0,0.6200022366685306,46.0,0.0,0.6199899118151248,46.0,1.0,0.5088144396407392,45.0,0.0,0.6199899118151248,47.0,1.0,0.34905309456154376,42.0,0.0,0.6199900526650087,48.0,0.0,0.6199900526650087,45.0,0.0,0.6199900526650087,46.0,0.0,0.6199900526650087,49.0,0.0,0.6200001033333505,45.0,0.0,0.6200001033333505,48.0,0.0,0.6200001033333505,45.0,0.0,0.6200001033333505,46.0,0.0,0.6200066927427238,46.0,0.0,0.6200066927427238,47.0,0.0,0.6200066927427238,45.0,1.0,0.11707113868774481,49.0,0.0,0.6200066927427238,47.0,1.0,0.10145430443090503,46.0,0.0,0.6200066927427238,45.0,1.0,0.24443101523881935,47.0,0.0,0.6200108335733631,48.0,0.0,0.6200108335733631,45.0,0.0,0.6200108335733631,47.0,0.0,0.6200108335733631,00000100000_@2@2,00000100000_,2,2,00000100000_@2,single
47.0,0.0,0.6200114740910727,45.0,0.0,0.6200114740910727,45.0,0.0,0.619996369163641,44.0,0.0,0.619996369163641,44.0,0.0,0.6200004858337381,46.0,0.0,0.6200004858337381,48.0,1.0,0.396092748285553,44.0,0.0,0.6200031822269366,45.0,1.0,0.3092306255268526,46.0,1.0,0.34359366310172307,48.0,1.0,0.24744825370687806,42.0,0.0,0.6200022366685305,43.0,1.0,0.4279760169624294,44.0,1.0,0.38402112182458237,42.0,1.0,0.1202175655204744,43.0,0.0,0.620005124243977,44.0,0.0,0.6199990288331715,46.0,0.0,0.6199990288331715,46.0,1.0,0.5091537638589606,46.0,0.0,0.6199990288331715,43.0,0.0,0.6200001033333505,45.0,0.0,0.6200001033333505,45.0,1.0,0.47138607856434644,46.0,0.0,0.6200001033333505,47.0,0.0,0.6200001837037581,43.0,1.0,0.41829345727213546,46.0,1.0,0.5185589684619166,44.0,1.0,0.0736284662602863,43.0,0.0,0.6200001837037581,42.0,0.0,0.6200001837037581,44.0,0.0,0.6200001837037581,47.0,1.0,0.4593328768393709,46.0,0.0,0.6199914749984777,44.0,0.0,0.6199914749984777,46.0,1.0,0.07777702103161091,45.0,0.0,0.6199914749984777,00000100000_@2@3,00000100000_,2,3,00000100000_@2,single
47.0,0.0,0.6200162340981246,45.0,0.0,0.6200162340981246,43.0,1.0,0.36154635628863024,46.0,0.0,0.6200010991675826,46.0,0.0,0.6199938416615347,47.0,0.0,0.6199938416615347,48.0,0.0,0.6199896340587172,50.0,1.0,0.23264822466403656,46.0,0.0,0.6199896340587172,49.0,0.0,0.6199896340587172,43.0,1.0,0.222078987565823,42.0,1.0,0.5207661964718304,45.0,0.0,0.6199986727268706,46.0,0.0,0.6199986727268706,46.0,0.0,0.6199986727268706,44.0,1.0,0.363602382909813,44.0,1.0,0.4808472483078747,44.0,0.0,0.6199929206654867,43.0,0.0,0.6199929206654867,44.0,0.0,0.6199929206654867,47.0,1.0,0.549568091594682,45.0,0.0,0.6200001033333505,46.0,0.0,0.6200001033333505,45.0,0.0,0.6200001033333505,42.0,1.0,0.2858063069055724,47.0,0.0,0.6200001837037581,44.0,1.0,0.05198816355204846,45.0,1.0,0.12693929687090277,44.0,0.0,0.6200001837037581,42.0,0.0,0.6200001837037581,46.0,0.0,0.6200001837037581,47.0,1.0,0.29903297749125257,46.0,1.0,0.418774198173964,45.0,1.0,0.4440625478683121,47.0,1.0,0.3793034263041833,41.0,0.0,0.6199900401767929,00000100000_@2@4,00000100000_,2,4,00000100000_@2,single
43.0,0.0,0.6199886266498174,46.0,0.0,0.6199886266498174,42.0,0.0,0.6200010991675826,45.0,0.0,0.6200010991675826,48.0,0.0,0.6199975716646431,47.0,0.0,0.6199975716646431,47.0,0.0,0.6199942785100423,47.0,1.0,0.25481643083915684,48.0,0.0,0.6199942785100423,45.0,1.0,0.2331574031961529,42.0,1.0,0.24679552816294015,42.0,0.0,0.6200022366685306,43.0,0.0,0.6200054000016364,45.0,0.0,0.6200054000016364,46.0,0.0,0.6200054000016364,47.0,0.0,0.6200054000016364,44.0,0.0,0.6200021033336839,44.0,0.0,0.6200021033336839,43.0,0.0,0.6200021033336839,47.0,1.0,0.08068801344800224,43.0,1.0,0.5366028414338069,46.0,0.0,0.6200027593337932,44.0,1.0,0.21153740325623388,44.0,0.0,0.6200027593337932,47.0,0.0,0.6199921099235881,46.0,1.0,0.28514715026582227,46.0,1.0,0.04036799151644193,41.0,1.0,0.2537783925269311,44.0,0.0,0.6199921099235881,43.0,1.0,0.13414368063516463,44.0,1.0,0.5452433722202584,47.0,1.0,0.30152942889760853,48.0,0.0,0.6199900401767929,45.0,0.0,0.6199900401767929,43.0,1.0,0.29678354835420506,42.0,0.0,0.6199900401767929,00000100000_@2@5,00000100000_,2,5,00000100000_@2,single
42.0,1.0,0.5078977124410554,43.0,0.0,0.6200112652018743,42.0,0.0,0.6200010991675826,44.0,0.0,0.6200010991675826,45.0,0.0,0.6200046925039103,46.0,0.0,0.6200046925039103,45.0,1.0,0.3403662494314806,44.0,0.0,0.6200027925967297,45.0,1.0,0.3873590360874608,43.0,0.0,0.6200027925967297,40.0,1.0,0.3813858728215606,43.0,0.0,0.6199939566616305,43.0,0.0,0.6200178024296371,44.0,0.0,0.6200178024296371,45.0,1.0,0.1046090062451534,45.0,0.0,0.6200178024296371,45.0,0.0,0.6199957033326172,46.0,0.0,0.6199957033326172,43.0,0.0,0.6199957033326172,45.0,0.0,0.6199957033326172,45.0,0.0,0.6199924266654046,42.0,0.0,0.6199924266654046,49.0,0.0,0.6199924266654046,44.0,1.0,0.09933603155600527,46.0,0.0,0.619993655701824,47.0,1.0,0.4972586433358943,45.0,0.0,0.619993655701824,44.0,0.0,0.619993655701824,44.0,0.0,0.619993655701824,44.0,1.0,0.5213942024871712,45.0,0.0,0.619993655701824,46.0,1.0,0.1589199830874024,45.0,0.0,0.6200057600010286,43.0,0.0,0.6200057600010286,45.0,0.0,0.6200057600010286,46.0,0.0,0.6200057600010286,00000100000_@3@1,00000100000_,3,1,00000100000_@3,single
46.0,1.0,0.24651855780527082,45.0,0.0,0.6200023259293718,45.0,0.0,0.6200010991675826,44.0,0.0,0.6200010991675826,44.0,1.0,0.54964828804024,45.0,0.0,0.6199903666586388,47.0,0.0,0.6200068503805191,47.0,1.0,0.21606689195095105,45.0,0.0,0.6200068503805191,48.0,1.0,0.3599767051506743,43.0,0.0,0.6199903083252569,46.0,1.0,0.5181244942704119,39.0,1.0,0.42875574447143766,42.0,0.0,0.6199816969641505,42.0,0.0,0.6199816969641505,42.0,1.0,0.188072245476438,45.0,0.0,0.6199943226657204,46.0,0.0,0.6199943226657204,45.0,0.0,0.6199943226657204,43.0,0.0,0.6199943226657204,45.0,0.0,0.620009574360611,44.0,0.0,0.620009574360611,46.0,0.0,0.620009574360611,45.0,0.0,0.620009574360611,46.0,1.0,0.12301367364050717,46.0,0.0,0.6199918545429862,44.0,1.0,0.10104169728536282,45.0,0.0,0.6199918545429862,44.0,0.0,0.6199918545429862,46.0,1.0,0.0414822095400635,44.0,1.0,0.1342568588657148,44.0,1.0,0.16975005143940955,47.0,0.0,0.6199916738723736,49.0,0.0,0.6199916738723736,45.0,0.0,0.6199916738723736,45.0,0.0,0.6199916738723736,00000100000_@3@2,00000100000_,3,2,00000100000_@3,single
47.0,1.0,0.42954141857987943,45.0,0.0,0.6200089318650843,44.0,1.0,0.32127459772883143,44.0,0.0,0.6200010991675826,47.0,1.0,0.48052476710397257,47.0,0.0,0.6200032400027,47.0,0.0,0.6199967407359123,45.0,0.0,0.6199967407359123,47.0,0.0,0.6199967407359123,45.0,1.0,0.5018495434808051,43.0,1.0,0.33160633383861154,44.0,1.0,0.4303637086364239,46.0,1.0,0.4957121583976238,42.0,0.0,0.6199834375707387,45.0,0.0,0.6199834375707387,44.0,0.0,0.6199834375707387,44.0,1.0,0.5094298435716406,43.0,1.0,0.06058539009756501,45.0,0.0,0.6200007433334571,46.0,0.0,0.6200007433334571,48.0,0.0,0.6200102075231123,45.0,1.0,0.3837991117605319,46.0,1.0,0.2247405245710298,44.0,0.0,0.6200102075231123,46.0,0.0,0.6199862678746266,45.0,0.0,0.6199862678746266,45.0,0.0,0.6199862678746266,42.0,1.0,0.2014780731751737,46.0,0.0,0.6199862678746266,42.0,0.0,0.6199862678746266,44.0,1.0,0.3542778673569295,43.0,1.0,0.2898637096556696,47.0,0.0,0.6200019324327806,43.0,0.0,0.6200019324327806,46.0,0.0,0.6200019324327806,46.0,1.0,0.2551600982270447,00000100000_@3@3,00000100000_,3,3,00000100000_@3,single
45.0,0.0,0.6199900118370545,45.0,0.0,0.6199900118370545,43.0,1.0,0.24681503567919638,40.0,0.0,0.6200101566751305,48.0,0.0,0.620001594167995,45.0,0.0,0.620001594167995,44.0,1.0,0.5519027954115487,40.0,1.0,0.2071879958340679,40.0,1.0,0.43815827134558716,42.0,0.0,0.6199882740567023,39.0,1.0,0.22854972379143648,43.0,1.0,0.5272048560040467,44.0,1.0,0.531518602021272,44.0,0.0,0.6200060564359865,47.0,0.0,0.6200060564359865,45.0,0.0,0.6200060564359865,41.0,0.0,0.6200070957277086,46.0,0.0,0.6200070957277086,47.0,1.0,0.4941402229299526,47.0,0.0,0.6200070957277086,45.0,0.0,0.620009574360611,45.0,0.0,0.620009574360611,43.0,1.0,0.12854940966656575,44.0,0.0,0.620009574360611,46.0,0.0,0.6200002245455226,45.0,0.0,0.6200002245455226,45.0,1.0,0.22867626596250484,44.0,0.0,0.6200002245455226,45.0,0.0,0.6200002245455226,44.0,1.0,0.3565469513778641,44.0,0.0,0.6200002245455226,47.0,0.0,0.6200002245455226,46.0,0.0,0.6199913830615106,44.0,0.0,0.6199913830615106,46.0,0.0,0.6199913830615106,45.0,0.0,0.6199913830615106,00000100000_@3@4,00000100000_,3,4,00000100000_@3,single
47.0,1.0,0.4067471862921278,47.0,0.0,0.6200033837087165,44.0,0.0,0.6200010991675826,49.0,0.0,0.6200010991675826,46.0,0.0,0.6200046925039103,46.0,0.0,0.6200046925039103,47.0,0.0,0.6200068503805191,48.0,0.0,0.6200068503805191,44.0,0.0,0.6200068503805191,44.0,0.0,0.6200068503805191,50.0,0.0,0.6200038361941297,47.0,0.0,0.6200038361941297,44.0,0.0,0.6199939212384251,44.0,0.0,0.6199939212384251,45.0,0.0,0.6199939212384251,47.0,1.0,0.014805935753778527,46.0,0.0,0.6200033300860394,43.0,1.0,0.4828057813343216,46.0,0.0,0.6200033300860394,46.0,0.0,0.6200033300860394,44.0,0.0,0.620009574360611,46.0,1.0,0.02248942880161176,46.0,0.0,0.620009574360611,46.0,0.0,0.620009574360611,41.0,0.0,0.6200116412156488,47.0,1.0,0.49672974385749813,45.0,0.0,0.6200116412156488,46.0,0.0,0.6200116412156488,46.0,0.0,0.6200116412156488,44.0,0.0,0.6200116412156488,46.0,0.0,0.6200116412156488,44.0,0.0,0.6200116412156488,48.0,0.0,0.6199913830615106,48.0,1.0,0.43458992479097747,45.0,1.0,0.23986709330938621,45.0,1.0,0.21240506169460574,00000100000_@3@5,00000100000_,3,5,00000100000_@3,single
42.0,0.0,0.6200009185198793,43.0,0.0,0.6200009185198793,43.0,0.0,0.6200068016723348,45.0,0.0,0.6200068016723348,46.0,0.0,0.6199966883305736,44.0,1.0,0.4148927607439673,42.0,1.0,0.438450575482334,43.0,1.0,0.5121616387579834,41.0,0.0,0.6199947970293289,44.0,0.0,0.6199947970293289,42.0,1.0,0.20604369670308056,44.0,0.0,0.6200022366685305,47.0,0.0,0.6199974083712894,46.0,0.0,0.6199974083712894,48.0,0.0,0.6199974083712894,44.0,0.0,0.6199974083712894,44.0,0.0,0.62000263880387,45.0,0.0,0.62000263880387,47.0,0.0,0.62000263880387,46.0,1.0,0.3015237197476444,47.0,1.0,0.5056145110452156,45.0,1.0,0.12458487052732829,45.0,1.0,0.24187404442291358,46.0,1.0,0.4899690652938573,43.0,1.0,0.36025219916733303,45.0,1.0,0.4945610998669999,45.0,1.0,0.10659436563465624,43.0,0.0,0.6200116412156488,45.0,0.0,0.6200116412156488,46.0,0.0,0.6200116412156488,46.0,0.0,0.6200116412156488,46.0,1.0,0.519849694196877,47.0,1.0,0.5040963704678145,44.0,1.0,0.4397854442856657,45.0,0.0,0.6199913830615106,46.0,0.0,0.6199913830615106,00000200000_@1@1,00000200000_,1,1,00000200000_@1,single
46.0,1.0,0.4838523834850126,46.0,0.0,0.6200114740910727,44.0,0.0,0.6200059300049416,44.0,0.0,0.6200059300049416,48.0,0.0,0.6200032400027,49.0,0.0,0.6200032400027,43.0,1.0,3.6829684192124725e-05,41.0,0.0,0.6199909036902277,44.0,0.0,0.6199909036902277,46.0,1.0,0.4487328721968477,42.0,1.0,0.21620632600527168,42.0,0.0,0.6199903083252569,42.0,1.0,0.522946208665491,44.0,1.0,0.20049980170536488,46.0,0.0,0.62000650852915,46.0,0.0,0.62000650852915,44.0,0.0,0.6199961276916458,44.0,0.0,0.6199961276916458,45.0,1.0,0.1646169021567354,47.0,1.0,0.2244067130609766,45.0,0.0,0.6200102075231123,45.0,0.0,0.6200102075231123,44.0,0.0,0.6200102075231123,45.0,0.0,0.6200102075231123,45.0,0.0,0.6200026848492984,45.0,1.0,0.4382936116041248,45.0,0.0,0.6200026848492984,42.0,0.0,0.6200026848492984,46.0,1.0,0.38320351006166975,45.0,0.0,0.6200026848492984,46.0,0.0,0.6200026848492984,45.0,1.0,0.2415432489524997,49.0,0.0,0.6199913830615105,44.0,0.0,0.6199913830615105,42.0,1.0,0.24353451883504842,44.0,0.0,0.6199913830615105,00000200000_@1@2,00000200000_,1,2,00000200000_@1,single
48.0,0.0,0.6200038429686563,47.0,1.0,0.5246157801715262,46.0,0.0,0.6200010991675826,44.0,0.0,0.6200010991675826,46.0,0.0,0.6199942349951959,46.0,0.0,0.6199942349951959,43.0,0.0,0.6199998518516324,44.0,1.0,0.2757020617808323,43.0,0.0,0.6199998518516324,46.0,1.0,0.39992189025465225,47.0,1.0,0.35697559997966666,46.0,0.0,0.6200022366685306,44.0,0.0,0.6200060564359865,43.0,0.0,0.6200060564359865,48.0,1.0,0.5093596211967818,44.0,1.0,0.12746053626683296,45.0,0.0,0.6200033300860394,45.0,0.0,0.6200033300860394,48.0,0.0,0.6200033300860394,49.0,1.0,0.034325018175216784,45.0,0.0,0.620003792650221,45.0,0.0,0.620003792650221,47.0,1.0,0.02263692951058624,47.0,0.0,0.620003792650221,45.0,0.0,0.6199912715125065,46.0,1.0,0.5462826700856577,45.0,1.0,0.04452691349300409,46.0,0.0,0.6199912715125065,47.0,0.0,0.6199912715125065,43.0,0.0,0.6199912715125065,44.0,0.0,0.6199912715125065,45.0,0.0,0.6199912715125065,49.0,0.0,0.619997170810301,45.0,0.0,0.619997170810301,46.0,1.0,0.4659477223329229,43.0,0.0,0.619997170810301,00000200000_@1@3,00000200000_,1,3,00000200000_@1,single
49.0,0.0,0.6200184770644105,44.0,0.0,0.6200184770644105,45.0,0.0,0.619996369163641,47.0,0.0,0.619996369163641,47.0,1.0,0.24811895676579732,48.0,0.0,0.6200086416738682,44.0,1.0,0.44105318674546184,44.0,0.0,0.6199882740567023,43.0,0.0,0.6199882740567023,43.0,0.0,0.6199882740567023,45.0,0.0,0.6199903083252569,46.0,1.0,0.5127035522529602,45.0,0.0,0.6200100759721167,44.0,1.0,0.42464106190420525,44.0,0.0,0.6200100759721167,44.0,1.0,0.015208144250587365,45.0,0.0,0.6200070957277086,44.0,1.0,0.30597539794451245,45.0,1.0,0.2394135516946242,46.0,0.0,0.6200070957277086,42.0,0.0,0.620009574360611,47.0,0.0,0.620009574360611,44.0,0.0,0.620009574360611,47.0,0.0,0.620009574360611,46.0,0.0,0.6199918545429862,45.0,0.0,0.6199918545429862,48.0,0.0,0.6199918545429862,46.0,0.0,0.6199918545429862,46.0,0.0,0.6199918545429862,45.0,1.0,0.38226829765705994,45.0,0.0,0.6199918545429862,44.0,0.0,0.6199918545429862,47.0,0.0,0.6199973409004219,48.0,1.0,0.5349806178343456,48.0,1.0,0.3687698660846606,43.0,0.0,0.6199973409004219,00000200000_@1@4,00000200000_,1,4,00000200000_@1,single
42.0,0.0,0.6199909762829278,43.0,0.0,0.6199909762829278,44.0,0.0,0.619996369163641,46.0,0.0,0.619996369163641,47.0,0.0,0.6199994499995416,47.0,0.0,0.6199994499995416,43.0,1.0,0.25924934703606967,42.0,0.0,0.6199998518516323,46.0,0.0,0.6199998518516323,44.0,0.0,0.6199998518516323,47.0,0.0,0.6199994628566313,46.0,1.0,0.4933465574729119,46.0,1.0,0.35248517224346426,45.0,0.0,0.6199939212384251,48.0,0.0,0.6199939212384251,48.0,0.0,0.6199939212384251,46.0,0.0,0.6200033300860393,46.0,1.0,0.4056872667841481,46.0,0.0,0.6200033300860393,47.0,1.0,0.13535211766702865,49.0,0.0,0.620009574360611,47.0,0.0,0.620009574360611,47.0,1.0,0.08720854789889707,45.0,1.0,0.48558976232303624,44.0,0.0,0.6200170063687898,46.0,1.0,0.47341543800467817,48.0,1.0,0.3998758890532997,47.0,0.0,0.6200170063687898,49.0,1.0,0.11710493609240487,49.0,0.0,0.6200170063687898,45.0,0.0,0.6200170063687898,48.0,1.0,0.5137115844580559,47.0,0.0,0.6200073414427643,45.0,1.0,0.4266001444324585,46.0,1.0,0.06064980822519067,46.0,0.0,0.6200073414427643,00000200000_@1@5,00000200000_,1,5,00000200000_@1,single
44.0,0.0,0.6199843365716684,44.0,0.0,0.6199843365716684,44.0,0.0,0.6199991940992032,45.0,0.0,0.6199991940992032,47.0,0.0,0.619996352928706,44.0,0.0,0.619996352928706,46.0,0.0,0.6200093752099107,44.0,0.0,0.6200093752099107,44.0,0.0,0.6200093752099107,46.0,1.0,0.35643743142918377,46.0,0.0,0.6200065685129899,46.0,0.0,0.6200065685129899,45.0,0.0,0.6200103682033152,43.0,1.0,0.09973078198835539,46.0,0.0,0.6200103682033152,46.0,1.0,0.48717223645653035,46.0,0.0,0.6200022479235328,47.0,1.0,0.3005704565142883,49.0,0.0,0.6200022479235328,48.0,0.0,0.6200022479235328,48.0,0.0,0.6199949356753001,47.0,0.0,0.6199949356753001,48.0,0.0,0.6199949356753001,46.0,0.0,0.6199949356753001,47.0,1.0,0.22770798974856818,45.0,1.0,0.5024570103038128,46.0,1.0,0.06416690608473209,49.0,1.0,0.27915911719337055,47.0,0.0,0.6199860857098685,45.0,0.0,0.6199860857098685,46.0,1.0,0.008379183612439242,47.0,1.0,0.14325463912845687,48.0,1.0,0.2984628156495592,46.0,0.0,0.6200052418149998,47.0,0.0,0.6200052418149998,45.0,0.0,0.6200052418149998,00000200000_@2@1,00000200000_,2,1,00000200000_@2,single
44.0,0.0,0.619994204668003,46.0,0.0,0.619994204668003,46.0,0.0,0.6199953649219221,46.0,0.0,0.6199953649219221,47.0,0.0,0.6200047112728252,45.0,0.0,0.6200047112728252,47.0,1.0,0.17970296419596982,46.0,0.0,0.6199844043598648,45.0,1.0,0.19346978984938937,46.0,0.0,0.6199844043598648,45.0,1.0,0.24979165395707717,44.0,0.0,0.619992120529669,49.0,0.0,0.6199822289045743,45.0,1.0,0.07167059889934943,46.0,1.0,0.29510768091596445,47.0,1.0,0.24110420012955666,47.0,0.0,0.6199942649203103,45.0,1.0,0.22411802473741263,45.0,0.0,0.6199942649203103,43.0,0.0,0.6199942649203103,46.0,0.0,0.6199935876351435,43.0,1.0,0.034755368019964525,47.0,0.0,0.6199935876351435,44.0,0.0,0.6199935876351435,47.0,1.0,0.09273274177649185,46.0,1.0,0.4269745963934631,47.0,1.0,0.5555150305390953,45.0,0.0,0.6200056026418754,44.0,0.0,0.6200056026418754,45.0,0.0,0.6200056026418754,44.0,0.0,0.6200056026418754,47.0,0.0,0.6200056026418754,47.0,0.0,0.6200052418149998,47.0,0.0,0.6200052418149998,47.0,1.0,0.1380627978163847,44.0,1.0,0.17472378746270922,00000200000_@2@2,00000200000_,2,2,00000200000_@2,single
51.0,0.0,0.6200055283964419,47.0,0.0,0.6200055283964419,48.0,0.0,0.620002186689021,46.0,0.0,0.620002186689021,48.0,0.0,0.620010116126158,45.0,0.0,0.620010116126158,51.0,1.0,0.24264000102240665,49.0,1.0,0.21651917491780806,50.0,0.0,0.6200104125730461,47.0,0.0,0.6200104125730461,50.0,1.0,0.5328526697072851,46.0,1.0,0.46200099942158707,44.0,1.0,0.5436253291650415,46.0,1.0,0.5116517425775748,45.0,0.0,0.6199901510844091,47.0,0.0,0.6199901510844091,45.0,0.0,0.6199950241436042,45.0,1.0,0.4054121309238774,48.0,0.0,0.6199950241436042,46.0,0.0,0.6199950241436042,47.0,0.0,0.6199926330085761,47.0,0.0,0.6199926330085761,47.0,0.0,0.6199926330085761,47.0,0.0,0.6199926330085761,48.0,1.0,0.5022521806147952,45.0,1.0,0.41831666423522995,47.0,1.0,0.4223626356645692,45.0,0.0,0.6199899492085673,47.0,0.0,0.6199899492085673,48.0,1.0,0.24536977641020127,45.0,1.0,0.2823352426509826,46.0,0.0,0.6199899492085673,49.0,1.0,0.4354640562684488,47.0,0.0,0.6200026981350422,48.0,0.0,0.6200026981350422,47.0,0.0,0.6200026981350422,00000200000_@2@3,00000200000_,2,3,00000200000_@2,single
48.0,0.0,0.6199902995932087,44.0,0.0,0.6199902995932087,44.0,0.0,0.620008888698769,47.0,0.0,0.620008888698769,50.0,0.0,0.620006000501615,46.0,0.0,0.620006000501615,42.0,0.0,0.6199883760585232,39.0,1.0,0.35207633855450043,43.0,0.0,0.6199883760585232,42.0,1.0,0.30607531065223764,44.0,0.0,0.6199951936324152,45.0,0.0,0.6199951936324152,41.0,0.0,0.6200164841704547,42.0,0.0,0.6200164841704547,46.0,0.0,0.6200164841704547,48.0,0.0,0.6200164841704547,45.0,0.0,0.6200100689307045,45.0,1.0,0.1477728265512976,47.0,0.0,0.6200100689307045,46.0,1.0,0.23889769377786457,47.0,0.0,0.6199920288941572,45.0,0.0,0.6199920288941572,47.0,0.0,0.6199920288941572,47.0,0.0,0.6199920288941572,46.0,0.0,0.6200060044961002,42.0,0.0,0.6200060044961002,46.0,1.0,0.09732502815256823,45.0,0.0,0.6200060044961002,46.0,1.0,0.2011555434588391,46.0,0.0,0.6200060044961002,46.0,1.0,0.3881974876689674,46.0,0.0,0.6200060044961002,49.0,0.0,0.6199936641281798,44.0,1.0,0.4241958550892836,47.0,0.0,0.6199936641281798,47.0,0.0,0.6199936641281798,00000200000_@2@4,00000200000_,2,4,00000200000_@2,single
48.0,0.0,0.6199904137422394,48.0,0.0,0.6199904137422394,48.0,1.0,0.3507692746711421,46.0,1.0,0.3123327397200416,48.0,0.0,0.6200081935253182,45.0,0.0,0.6200081935253182,44.0,0.0,0.6200060355827219,45.0,1.0,0.4454302073710955,46.0,0.0,0.6200060355827219,44.0,0.0,0.6200060355827219,51.0,0.0,0.6200018598613455,46.0,1.0,0.3618350758462844,45.0,1.0,0.4779707395367526,45.0,0.0,0.6199988775419234,47.0,1.0,0.2713539686887493,47.0,1.0,0.014299381049160755,43.0,0.0,0.6200060173461506,44.0,0.0,0.6200060173461506,45.0,1.0,0.4542677233939758,45.0,1.0,0.38693461869839485,45.0,0.0,0.6200011113886585,46.0,0.0,0.6200011113886585,45.0,0.0,0.6200011113886585,44.0,0.0,0.6200011113886585,45.0,0.0,0.6199966673714941,42.0,1.0,0.3691367036663712,46.0,0.0,0.6199966673714941,47.0,0.0,0.6199966673714941,45.0,1.0,0.04016113185251343,43.0,1.0,0.15490722285969466,45.0,1.0,0.30245892706508287,45.0,0.0,0.6199966673714941,45.0,0.0,0.6200055036859887,47.0,0.0,0.6200055036859887,49.0,1.0,0.25335482979295776,48.0,1.0,0.14195816458242325,00000200000_@2@5,00000200000_,2,5,00000200000_@2,single
45.0,0.0,0.6199886266498174,46.0,0.0,0.6199886266498174,43.0,0.0,0.619996369163641,42.0,0.0,0.619996369163641,45.0,1.0,0.3848905524087937,44.0,0.0,0.6200004858337382,45.0,0.0,0.6200031822269367,47.0,0.0,0.6200031822269367,46.0,1.0,0.3969004265191504,45.0,0.0,0.6200031822269367,48.0,0.0,0.6199995641663035,42.0,0.0,0.6199995641663035,43.0,0.0,0.6200146846557162,46.0,1.0,0.1308185695561456,42.0,0.0,0.6200146846557162,46.0,0.0,0.6200146846557162,44.0,0.0,0.620007808206463,46.0,0.0,0.620007808206463,46.0,0.0,0.620007808206463,44.0,0.0,0.620007808206463,43.0,1.0,0.49536387288271333,46.0,0.0,0.619995282392356,46.0,1.0,0.030377743654315156,45.0,0.0,0.619995282392356,44.0,0.0,0.6200133697010212,44.0,1.0,0.5066329944342408,47.0,0.0,0.6200133697010212,44.0,0.0,0.6200133697010212,44.0,0.0,0.6200133697010212,45.0,0.0,0.6200133697010212,47.0,0.0,0.6200133697010212,46.0,0.0,0.6200133697010212,46.0,0.0,0.619996025224509,44.0,0.0,0.619996025224509,44.0,0.0,0.619996025224509,45.0,0.0,0.619996025224509,00000200000_@3@1,00000200000_,3,1,00000200000_@3,single
41.0,1.0,0.35547657996530363,45.0,0.0,0.6200112652018743,44.0,0.0,0.6200010991675826,46.0,0.0,0.6200010991675826,46.0,1.0,0.18278067815056515,44.0,0.0,0.6200004858337382,42.0,1.0,0.12096833032345235,39.0,0.0,0.619994797029329,42.0,0.0,0.619994797029329,45.0,0.0,0.619994797029329,50.0,1.0,0.40850297666950164,47.0,0.0,0.6200087895321805,43.0,0.0,0.62000650852915,46.0,1.0,0.22112094298323814,46.0,0.0,0.62000650852915,43.0,0.0,0.62000650852915,46.0,0.0,0.6200099991470084,47.0,1.0,0.48947942127853356,44.0,1.0,0.27335602963350936,46.0,1.0,0.2714298327230483,47.0,0.0,0.6200087764117566,46.0,0.0,0.6200087764117566,45.0,1.0,0.3680902034342228,47.0,1.0,0.0231888981519484,46.0,0.0,0.6199980490903179,40.0,0.0,0.6199980490903179,43.0,1.0,0.24799188151269133,42.0,0.0,0.6199980490903179,42.0,0.0,0.6199980490903179,40.0,1.0,0.47044709346881614,45.0,1.0,0.21163147988832723,46.0,0.0,0.6199980490903179,48.0,1.0,0.5092917128453537,46.0,1.0,0.42730689212736794,46.0,0.0,0.6200006646848044,45.0,0.0,0.6200006646848044,00000200000_@3@2,00000200000_,3,2,00000200000_@3,single
41.0,0.0,0.6199900503556302,43.0,0.0,0.6199900503556302,44.0,0.0,0.6200059300049416,48.0,0.0,0.6200059300049416,47.0,0.0,0.6200032400027,43.0,0.0,0.6200032400027,45.0,1.0,0.13860020533363754,43.0,1.0,0.21288698205478823,45.0,1.0,0.30968712546240806,45.0,0.0,0.6199975851816076,43.0,0.0,0.6199996841664035,44.0,0.0,0.6199996841664035,43.0,1.0,0.4307400219348905,45.0,1.0,0.24265268361323522,43.0,0.0,0.6200135634150584,44.0,0.0,0.6200135634150584,46.0,0.0,0.6199910352121427,46.0,0.0,0.6199910352121427,49.0,0.0,0.6199910352121427,45.0,1.0,0.012954057598984204,44.0,0.0,0.6199946676913961,45.0,0.0,0.6199946676913961,44.0,0.0,0.6199946676913961,44.0,0.0,0.6199946676913961,44.0,1.0,0.4701751188409451,45.0,0.0,0.6200014678792327,43.0,0.0,0.6200014678792327,43.0,1.0,0.08546303377667691,45.0,0.0,0.6200014678792327,44.0,0.0,0.6200014678792327,45.0,0.0,0.6200014678792327,46.0,0.0,0.6200014678792327,45.0,0.0,0.6200013917119624,48.0,0.0,0.6200013917119624,48.0,0.0,0.6200013917119624,43.0,0.0,0.6200013917119624,00000200000_@3@3,00000200000_,3,3,00000200000_@3,single
41.0,0.0,0.6199900503556302,44.0,0.0,0.6199900503556302,42.0,1.0,0.20283065402554504,43.0,0.0,0.6200010991675826,45.0,0.0,0.6200081733401445,46.0,0.0,0.6200081733401445,46.0,0.0,0.6199993911102091,42.0,0.0,0.6199993911102091,43.0,0.0,0.6199993911102091,43.0,1.0,0.20212340166429876,50.0,0.0,0.6200077904836101,46.0,0.0,0.6200077904836101,41.0,0.0,0.6200135634150584,45.0,0.0,0.6200135634150584,44.0,1.0,0.40234528382799495,44.0,0.0,0.6200135634150584,41.0,1.0,0.4221731178073705,46.0,0.0,0.6200033300860393,47.0,0.0,0.6200033300860393,46.0,1.0,0.48860863685617717,45.0,0.0,0.620009574360611,46.0,0.0,0.620009574360611,47.0,0.0,0.620009574360611,44.0,0.0,0.620009574360611,48.0,1.0,0.2993994361816473,47.0,0.0,0.620016733338404,47.0,1.0,0.24903454819228732,44.0,1.0,0.08343978892114816,46.0,0.0,0.620016733338404,45.0,0.0,0.620016733338404,47.0,0.0,0.620016733338404,46.0,0.0,0.620016733338404,48.0,1.0,0.4141055688478502,41.0,0.0,0.6199909059443073,45.0,1.0,0.08427442203142738,47.0,0.0,0.6199909059443073,00000200000_@3@4,00000200000_,3,4,00000200000_@3,single
47.0,1.0,0.38379890192429916,47.0,0.0,0.6200114740910727,44.0,0.0,0.6200010991675826,45.0,0.0,0.6200010991675826,48.0,0.0,0.6200046925039104,45.0,0.0,0.6200046925039104,43.0,0.0,0.6200027925967297,46.0,0.0,0.6200027925967297,48.0,0.0,0.6200027925967297,46.0,1.0,0.536586913462094,43.0,1.0,0.24013772761477303,42.0,1.0,0.3521671884726571,42.0,0.0,0.6199895720897898,42.0,1.0,0.18150021131789498,46.0,0.0,0.6199895720897898,46.0,0.0,0.6199895720897898,43.0,0.0,0.6200070957277086,45.0,1.0,0.47856061001036065,44.0,0.0,0.6200070957277086,47.0,0.0,0.6200070957277086,44.0,0.0,0.6200102075231123,45.0,0.0,0.6200102075231123,47.0,0.0,0.6200102075231123,44.0,0.0,0.6200102075231123,46.0,0.0,0.6200086251541288,43.0,0.0,0.6200086251541288,43.0,0.0,0.6200086251541288,45.0,0.0,0.6200086251541288,45.0,0.0,0.6200086251541288,42.0,0.0,0.6200086251541288,45.0,0.0,0.6200086251541288,45.0,0.0,0.6200086251541288,45.0,0.0,0.6199916738723736,43.0,1.0,0.09394872071148119,42.0,0.0,0.6199916738723736,44.0,0.0,0.6199916738723736,00000200000_@3@5,00000200000_,3,5,00000200000_@3,single
42.0,0.0,0.6200038981865432,44.0,0.0,0.6200038981865432,45.0,0.0,0.6200000600000428,47.0,0.0,0.6200000600000428,46.0,1.0,0.5008578577556126,47.0,0.0,0.6200085678632626,39.0,1.0,0.2004674551120668,40.0,1.0,0.2346238843925871,43.0,1.0,0.11775172454754489,43.0,1.0,0.39199266908202307,46.0,0.0,0.6200010657150469,42.0,0.0,0.6200010657150469,47.0,1.0,0.5470295934835725,47.0,0.0,0.6199891730465739,47.0,1.0,0.19713581762718227,47.0,0.0,0.6199891730465739,46.0,0.0,0.6200091490639296,45.0,0.0,0.6200091490639296,46.0,0.0,0.6200091490639296,48.0,0.0,0.6200091490639296,47.0,0.0,0.6199975845308726,47.0,1.0,0.25783449044288914,46.0,0.0,0.6199975845308726,44.0,0.0,0.6199975845308726,46.0,0.0,0.6199923597200998,46.0,1.0,0.2788587857941071,46.0,0.0,0.6199923597200998,45.0,0.0,0.6199923597200998,44.0,0.0,0.6199923597200998,47.0,0.0,0.6199923597200998,46.0,0.0,0.6199923597200998,48.0,1.0,0.0322579728494369,48.0,1.0,0.3778279514713253,46.0,0.0,0.6199951183325197,47.0,0.0,0.6199951183325197,45.0,0.0,0.6199951183325197,00001000000_@1@1,00001000000_,1,1,00001000000_@1,single
45.0,1.0,0.4868682701433578,44.0,0.0,0.6199835914952625,44.0,0.0,0.619995071425051,46.0,0.0,0.619995071425051,47.0,0.0,0.6200096085782918,45.0,0.0,0.6200096085782918,45.0,0.0,0.6199974181786887,43.0,1.0,0.23734362102257092,39.0,0.0,0.6199974181786887,44.0,0.0,0.6199974181786887,46.0,1.0,0.3153136566526119,44.0,0.0,0.6200014542867531,43.0,1.0,0.318259500215461,48.0,1.0,0.30908679349979956,49.0,1.0,0.5396671011821563,49.0,1.0,0.12730380008618442,46.0,0.0,0.6199951320304894,46.0,0.0,0.6199951320304894,44.0,0.0,0.6199951320304894,46.0,1.0,0.2313827986535623,47.0,0.0,0.6199981293747078,44.0,1.0,0.09471791604967439,44.0,0.0,0.6199981293747078,45.0,0.0,0.6199981293747078,44.0,1.0,0.07877177299215918,44.0,1.0,0.3729902236083955,44.0,1.0,0.35010085113912537,48.0,0.0,0.6199970472214021,44.0,1.0,0.5293948120541145,44.0,1.0,0.1434719092977526,44.0,1.0,0.5408578685716302,48.0,0.0,0.6199970472214021,46.0,0.0,0.6199927128321188,46.0,0.0,0.6199927128321188,47.0,0.0,0.6199927128321188,45.0,0.0,0.6199927128321188,00001000000_@1@2,00001000000_,1,2,00001000000_@1,single
41.0,0.0,0.6200113988016956,42.0,0.0,0.6200113988016956,46.0,0.0,0.6199914828510593,45.0,0.0,0.6199914828510593,49.0,1.0,0.5342508180362986,46.0,0.0,0.6199991192850852,38.0,1.0,0.3223003906671402,41.0,1.0,0.2568503113337107,42.0,0.0,0.6199974181786887,43.0,0.0,0.6199974181786887,49.0,0.0,0.619995446425319,42.0,1.0,0.5252342208815864,46.0,1.0,0.2985350960383251,45.0,0.0,0.6199944178707568,49.0,1.0,0.5129527736036237,47.0,0.0,0.6199944178707568,46.0,0.0,0.6200026334379114,46.0,1.0,0.24282649966039055,47.0,0.0,0.6200026334379114,48.0,0.0,0.6200026334379114,46.0,0.0,0.6199981293747078,48.0,1.0,0.34527275269886765,45.0,0.0,0.6199981293747078,45.0,1.0,0.2873378911465455,42.0,1.0,0.20605263473684296,46.0,1.0,0.2802124736701316,43.0,1.0,0.082612149614486,44.0,1.0,0.037079919466644296,43.0,1.0,0.09154219959505544,44.0,0.0,0.6199953630542675,46.0,0.0,0.6199953630542675,48.0,1.0,0.5264687079079744,51.0,0.0,0.619997988332998,47.0,1.0,0.3604369875728312,47.0,1.0,0.21257886292981046,45.0,0.0,0.619997988332998,00001000000_@1@3,00001000000_,1,3,00001000000_@1,single
41.0,1.0,0.42143803083397685,44.0,0.0,0.6200122848633757,42.0,1.0,0.2549664556903255,47.0,0.0,0.619996261425901,50.0,0.0,0.620010296435926,45.0,0.0,0.620010296435926,44.0,0.0,0.6199951757517281,45.0,1.0,0.21498057573403118,43.0,0.0,0.6199951757517281,44.0,1.0,0.06933673858998617,48.0,0.0,0.6200000178571556,45.0,1.0,0.49903980645700463,47.0,1.0,0.46407259828191255,46.0,1.0,0.43283979937385486,46.0,0.0,0.620013766670657,46.0,0.0,0.620013766670657,43.0,0.0,0.6200046232265521,47.0,1.0,0.383464665074946,45.0,0.0,0.6200046232265521,48.0,0.0,0.6200046232265521,48.0,0.0,0.6199908070952915,48.0,0.0,0.6199908070952915,47.0,0.0,0.6199908070952915,46.0,0.0,0.6199908070952915,47.0,0.0,0.6199820510587379,48.0,0.0,0.6199820510587379,44.0,1.0,0.10930701682468563,46.0,1.0,0.06378385922946361,44.0,1.0,0.4491324281226747,48.0,1.0,0.08377142802026327,47.0,1.0,0.12878019965395734,48.0,1.0,0.28485959712329,48.0,0.0,0.6199927369987894,45.0,0.0,0.6199927369987894,51.0,1.0,0.11844813207468867,46.0,0.0,0.6199927369987894,00001000000_@1@4,00001000000_,1,4,00001000000_@1,single
48.0,0.0,0.619995127266821,47.0,1.0,0.5317057402493822,45.0,0.0,0.6199903385645277,43.0,0.0,0.6199903385645277,44.0,1.0,0.22926119232942307,44.0,0.0,0.6199984085702918,41.0,1.0,0.0763400925334455,45.0,1.0,0.36985711497832113,41.0,1.0,0.29667035960043586,42.0,1.0,0.13163349288908227,41.0,0.0,0.6200014542867531,43.0,0.0,0.6200014542867531,43.0,1.0,0.43569337962126947,45.0,1.0,0.3455383934893895,47.0,0.0,0.6200151930478821,44.0,1.0,0.12020664817584006,44.0,0.0,0.6200005716129954,44.0,1.0,0.31331332859892397,46.0,0.0,0.6200005716129954,47.0,1.0,0.08336969602737032,45.0,0.0,0.6200011406453453,46.0,1.0,0.4323738407054582,44.0,1.0,0.4654711641082523,46.0,0.0,0.6200011406453453,45.0,0.0,0.6199868380104504,42.0,0.0,0.6199868380104504,43.0,1.0,0.33023833708888994,42.0,1.0,0.12631947072892785,41.0,0.0,0.6199868380104504,45.0,0.0,0.6199868380104504,42.0,1.0,0.06694417558700017,47.0,0.0,0.6199868380104504,44.0,0.0,0.6200030546671758,44.0,1.0,0.3582681127113521,46.0,1.0,0.4108769451461575,43.0,0.0,0.6200030546671758,00001000000_@1@5,00001000000_,1,5,00001000000_@1,single
45.0,0.0,0.6200033837087165,46.0,0.0,0.6200033837087165,44.0,1.0,0.28482558985465817,45.0,0.0,0.6200010991675826,47.0,1.0,0.2268880190733492,46.0,0.0,0.6200032400026999,41.0,1.0,0.5008189760281125,45.0,0.0,0.6199967407359122,43.0,0.0,0.6199967407359122,47.0,0.0,0.6199967407359122,44.0,0.0,0.6200042250035208,41.0,0.0,0.6200042250035208,44.0,1.0,0.45220052063783206,41.0,0.0,0.6199993588403939,45.0,0.0,0.6199993588403939,45.0,1.0,0.303817034149865,43.0,0.0,0.6200091119369535,41.0,0.0,0.6200091119369535,46.0,0.0,0.6200091119369535,45.0,0.0,0.6200091119369535,45.0,1.0,0.4021241392135708,43.0,0.0,0.620003878226432,46.0,0.0,0.620003878226432,45.0,0.0,0.620003878226432,42.0,0.0,0.6200171698600492,41.0,1.0,0.3839472040426678,42.0,0.0,0.6200171698600492,47.0,1.0,0.40803299247333114,42.0,0.0,0.6200171698600492,42.0,1.0,0.23208612524235514,44.0,0.0,0.6200171698600492,44.0,1.0,0.38504367392570255,46.0,1.0,0.4916711525295091,43.0,0.0,0.6200058037941041,43.0,1.0,0.15687756170302788,45.0,0.0,0.6200058037941041,00001000000_@2@1,00001000000_,2,1,00001000000_@2,single
47.0,1.0,0.21430951749558147,46.0,1.0,0.5456132083158641,43.0,0.0,0.6200059300049416,45.0,0.0,0.6200059300049416,44.0,0.0,0.6200086416738682,45.0,0.0,0.6200086416738682,44.0,0.0,0.6199975851816076,43.0,0.0,0.6199975851816076,42.0,0.0,0.6199975851816076,43.0,0.0,0.6199975851816076,43.0,0.0,0.6200042250035208,43.0,0.0,0.6200042250035208,45.0,1.0,0.41068277412822934,46.0,1.0,0.1542381588853804,47.0,1.0,0.30739928752571477,49.0,0.0,0.6199980314068241,44.0,0.0,0.6200086541949443,47.0,0.0,0.6200086541949443,47.0,0.0,0.6200086541949443,47.0,0.0,0.6200086541949443,43.0,0.0,0.620006425807488,47.0,0.0,0.620006425807488,45.0,0.0,0.620006425807488,46.0,0.0,0.620006425807488,46.0,1.0,0.14844412302728202,45.0,0.0,0.6200006397103304,46.0,1.0,0.12637611663075843,45.0,1.0,0.22104786407184465,45.0,0.0,0.6200006397103304,47.0,0.0,0.6200006397103304,46.0,0.0,0.6200006397103304,48.0,0.0,0.6200006397103304,49.0,1.0,0.3297422656452182,46.0,0.0,0.6199931331022643,44.0,1.0,0.14472179236582627,46.0,1.0,0.5321084082945532,00001000000_@2@2,00001000000_,2,2,00001000000_@2,single
45.0,0.0,0.6200009185198793,45.0,0.0,0.6200009185198793,46.0,0.0,0.6200010991675826,44.0,0.0,0.6200010991675826,46.0,0.0,0.6200086416738682,46.0,0.0,0.6200086416738682,41.0,0.0,0.6200064518614101,45.0,1.0,0.17680401748743332,45.0,1.0,0.24361458313271575,44.0,1.0,0.13817056025268185,45.0,0.0,0.6200022366685305,43.0,0.0,0.6200022366685305,43.0,0.0,0.6200104678549534,45.0,0.0,0.6200104678549534,46.0,0.0,0.6200104678549534,46.0,1.0,0.5494796857717588,46.0,0.0,0.6199921580632513,43.0,0.0,0.6199921580632513,45.0,1.0,0.46186688417207805,48.0,1.0,0.010868421107809854,46.0,0.0,0.6200011406453453,48.0,0.0,0.6200011406453453,45.0,0.0,0.6200011406453453,45.0,0.0,0.6200011406453453,45.0,0.0,0.6200046397114897,47.0,0.0,0.6200046397114897,43.0,1.0,0.46308102755971803,48.0,1.0,0.5188965304047913,45.0,1.0,0.037198070782049494,45.0,1.0,0.5325836543720737,47.0,0.0,0.6200046397114897,47.0,0.0,0.6200046397114897,50.0,0.0,0.6199931331022643,45.0,0.0,0.6199931331022643,45.0,0.0,0.6199931331022643,44.0,0.0,0.6199931331022643,00001000000_@2@3,00001000000_,2,3,00001000000_@2,single
40.0,1.0,0.203782272270033,47.0,1.0,0.10800274667073581,45.0,0.0,0.6200010991675826,48.0,0.0,0.6200010991675826,46.0,0.0,0.6200046925039104,44.0,0.0,0.6200046925039104,43.0,0.0,0.6199967407359123,44.0,0.0,0.6199967407359123,44.0,0.0,0.6199967407359123,43.0,0.0,0.6199967407359123,41.0,1.0,0.2749874991562493,41.0,0.0,0.6199939566616306,43.0,0.0,0.6200104678549534,45.0,0.0,0.6200104678549534,47.0,1.0,0.32389990930367685,47.0,1.0,0.1420633164632049,44.0,0.0,0.6200046232265521,47.0,0.0,0.6200046232265521,46.0,0.0,0.6200046232265521,46.0,0.0,0.6200046232265521,46.0,0.0,0.6200011406453453,47.0,0.0,0.6200011406453453,45.0,0.0,0.6200011406453453,45.0,0.0,0.6200011406453453,46.0,0.0,0.6200097449303608,49.0,1.0,0.5323868934454763,47.0,0.0,0.6200097449303608,48.0,1.0,0.08832089516547685,48.0,0.0,0.6200097449303608,48.0,1.0,0.15452482739850068,45.0,0.0,0.6200097449303608,44.0,1.0,0.4699670927440848,50.0,0.0,0.6200060584493204,47.0,0.0,0.6200060584493204,49.0,0.0,0.6200060584493204,46.0,0.0,0.6200060584493204,00001000000_@2@4,00001000000_,2,4,00001000000_@2,single
48.0,0.0,0.6199912888759835,48.0,0.0,0.6199912888759835,47.0,1.0,0.5094224745187288,45.0,0.0,0.6200101566751306,45.0,0.0,0.6200081733401445,46.0,0.0,0.6200081733401445,46.0,1.0,0.09724112035721534,49.0,0.0,0.6199993911102091,46.0,0.0,0.6199993911102091,48.0,1.0,0.2451416683580272,45.0,0.0,0.6199903083252569,45.0,0.0,0.6199903083252569,46.0,0.0,0.620002776297119,46.0,0.0,0.620002776297119,46.0,0.0,0.620002776297119,45.0,0.0,0.620002776297119,46.0,0.0,0.6200046232265521,45.0,0.0,0.6200046232265521,46.0,0.0,0.6200046232265521,44.0,1.0,0.4058633499779597,43.0,0.0,0.6199958348380378,46.0,0.0,0.6199958348380378,46.0,1.0,0.44824456262009066,47.0,0.0,0.6199958348380378,43.0,1.0,0.19808533132908152,45.0,0.0,0.620005247827608,45.0,0.0,0.620005247827608,47.0,1.0,0.10204061450452594,41.0,1.0,0.014603505392320403,42.0,1.0,0.12870948455347378,46.0,0.0,0.620005247827608,48.0,0.0,0.620005247827608,43.0,0.0,0.6200060584493204,46.0,0.0,0.6200060584493204,45.0,1.0,0.11927473746116163,46.0,0.0,0.6200060584493204,00001000000_@2@5,00001000000_,2,5,00001000000_@2,single
43.0,0.0,0.6199909762829278,43.0,0.0,0.6199909762829278,40.0,0.0,0.6199915666596388,43.0,0.0,0.6199915666596388,45.0,1.0,0.16780706983922486,46.0,0.0,0.6200038333365278,45.0,1.0,0.2542787648574294,41.0,0.0,0.6200111229794414,45.0,1.0,0.1403639353539783,45.0,1.0,0.11509034531903009,43.0,1.0,0.3218602682168902,41.0,0.0,0.6199903083252569,42.0,0.0,0.6199833724395177,47.0,0.0,0.6199833724395177,44.0,0.0,0.6199833724395177,46.0,1.0,0.15416063619574405,44.0,1.0,0.33128311343276023,44.0,0.0,0.6200046232265521,46.0,0.0,0.6200046232265521,43.0,0.0,0.6200046232265521,44.0,0.0,0.6200011406453453,42.0,0.0,0.6200011406453453,43.0,0.0,0.6200011406453453,44.0,0.0,0.6200011406453453,46.0,1.0,0.17836116503222174,45.0,1.0,0.3522017400584754,44.0,0.0,0.6199823805746031,45.0,0.0,0.6199823805746031,45.0,0.0,0.6199823805746031,45.0,0.0,0.6199823805746031,43.0,1.0,0.4405186326140964,47.0,1.0,0.35606078030747257,42.0,1.0,0.5458504649742181,43.0,0.0,0.6200020068968978,43.0,0.0,0.6200020068968978,44.0,0.0,0.6200020068968978,00001000000_@3@1,00001000000_,3,1,00001000000_@3,single
43.0,0.0,0.6200089318650842,42.0,1.0,0.43338849983481453,41.0,1.0,0.43842816535680446,46.0,0.0,0.6200101566751305,46.0,0.0,0.6199970566642139,46.0,0.0,0.6199970566642139,43.0,0.0,0.6200020562993427,40.0,0.0,0.6200020562993427,41.0,1.0,0.2563724686999536,43.0,0.0,0.6200020562993427,38.0,1.0,0.2538667215556013,38.0,0.0,0.6200022366685305,45.0,0.0,0.6199980314068241,45.0,1.0,0.45331831624246405,44.0,0.0,0.6199980314068241,45.0,0.0,0.6199980314068241,45.0,0.0,0.6199907877404496,44.0,1.0,0.05359541606377678,46.0,0.0,0.6199907877404496,45.0,0.0,0.6199907877404496,46.0,0.0,0.620006350323605,42.0,0.0,0.620006350323605,44.0,0.0,0.620006350323605,45.0,0.0,0.620006350323605,45.0,1.0,0.10089969301440375,48.0,1.0,0.4554091464954047,44.0,0.0,0.6199962550713782,47.0,1.0,0.023055432769690656,44.0,0.0,0.6199962550713782,41.0,1.0,0.24511565365671117,43.0,1.0,0.44551774072977984,46.0,0.0,0.6199962550713782,46.0,0.0,0.6200060584493204,43.0,1.0,0.02845485869911357,45.0,0.0,0.6200060584493204,44.0,0.0,0.6200060584493204,00001000000_@3@2,00001000000_,3,2,00001000000_@3,single
46.0,0.0,0.619998874072406,46.0,0.0,0.619998874072406,40.0,1.0,0.48561199217666007,45.0,0.0,0.6200010991675826,44.0,0.0,0.6200081733401445,44.0,0.0,0.6200081733401445,43.0,1.0,0.018074284554495636,45.0,1.0,0.3115977268114471,46.0,1.0,0.46589039983762937,46.0,1.0,0.34083986198498073,40.0,0.0,0.6200042250035208,42.0,0.0,0.6200042250035208,42.0,0.0,0.6200026488896736,42.0,1.0,0.14623264777263636,46.0,0.0,0.6200026488896736,44.0,1.0,0.13820768539486972,46.0,0.0,0.6200080522593633,46.0,1.0,0.35044736313667146,48.0,0.0,0.6200080522593633,49.0,0.0,0.6200080522593633,45.0,0.0,0.6199909982243544,42.0,0.0,0.6199909982243544,47.0,0.0,0.6199909982243544,45.0,0.0,0.6199909982243544,44.0,0.0,0.6199960130423227,46.0,1.0,0.2955636726271515,44.0,0.0,0.6199960130423227,45.0,1.0,0.45388165329902996,45.0,1.0,0.2388928228674849,43.0,0.0,0.6199960130423227,44.0,1.0,0.11801217188758606,45.0,0.0,0.6199960130423227,45.0,1.0,0.24930974436374903,44.0,0.0,0.6200020068968978,44.0,0.0,0.6200020068968978,44.0,0.0,0.6200020068968978,00001000000_@3@3,00001000000_,3,3,00001000000_@3,single
53.0,0.0,0.6199912888759835,46.0,0.0,0.6199912888759835,44.0,0.0,0.619996369163641,45.0,0.0,0.619996369163641,45.0,1.0,0.4479168499307083,44.0,0.0,0.6200081733401445,46.0,0.0,0.6199993911102091,45.0,0.0,0.6199993911102091,46.0,0.0,0.6199993911102091,46.0,0.0,0.6199993911102091,42.0,0.0,0.6200042250035208,43.0,1.0,0.42422257851881545,44.0,0.0,0.6199979401475377,46.0,0.0,0.6199979401475377,47.0,0.0,0.6199979401475377,46.0,1.0,0.00018571709206432354,44.0,0.0,0.6199990690321078,47.0,0.0,0.6199990690321078,46.0,1.0,0.22428074359366829,44.0,0.0,0.6199990690321078,44.0,0.0,0.620006425807488,46.0,0.0,0.620006425807488,45.0,1.0,0.052895364015381294,43.0,1.0,0.2132764227865198,43.0,0.0,0.6199869101411334,46.0,0.0,0.6199869101411334,43.0,0.0,0.6199869101411334,46.0,1.0,0.01889553939001142,47.0,0.0,0.6199869101411334,40.0,1.0,0.16094294056317118,41.0,1.0,0.008491964200569333,45.0,1.0,0.10447689289185301,46.0,0.0,0.6199939462058528,46.0,0.0,0.6199939462058528,46.0,1.0,0.5110374756961165,44.0,0.0,0.6199939462058528,00001000000_@3@4,00001000000_,3,4,00001000000_@3,single
41.0,1.0,0.19008754975933295,44.0,0.0,0.6199909762829278,45.0,1.0,0.3017104914254095,47.0,0.0,0.6200101566751305,53.0,0.0,0.620009539174616,52.0,0.0,0.620009539174616,45.0,1.0,0.43680707378825745,47.0,1.0,0.31132324640480946,46.0,1.0,0.18943725842556802,46.0,0.0,0.6200031822269366,43.0,1.0,0.19161709968091636,40.0,0.0,0.6199939566616305,43.0,1.0,0.5367382070335428,47.0,0.0,0.6199931579238986,44.0,1.0,0.5307224612510996,46.0,0.0,0.6199931579238986,45.0,0.0,0.6199980853222719,46.0,0.0,0.6199980853222719,48.0,0.0,0.6199980853222719,50.0,0.0,0.6199980853222719,46.0,0.0,0.620006425807488,44.0,1.0,0.31623531616698647,42.0,1.0,0.20976246738104312,45.0,0.0,0.620006425807488,44.0,0.0,0.619991367823585,44.0,0.0,0.619991367823585,45.0,1.0,0.03864604279595444,46.0,0.0,0.619991367823585,44.0,1.0,0.3222587241329636,44.0,1.0,0.11759281147617726,47.0,0.0,0.619991367823585,45.0,0.0,0.619991367823585,48.0,0.0,0.6200020068968978,44.0,0.0,0.6200020068968978,44.0,1.0,0.45865313838847216,46.0,0.0,0.6200020068968978,00001000000_@3@5,00001000000_,3,5,00001000000_@3,single
49.0,0.0,0.6199835421978404,45.0,0.0,0.6199835421978404,45.0,0.0,0.6200010991675826,44.0,0.0,0.6200010991675826,48.0,0.0,0.6200098916749097,49.0,0.0,0.6200098916749097,46.0,0.0,0.6199964740688505,48.0,1.0,0.4159843199767703,47.0,0.0,0.6199964740688505,47.0,0.0,0.6199964740688505,44.0,0.0,0.6199939566616306,43.0,1.0,0.35161694301411917,45.0,0.0,0.6200075934837314,46.0,0.0,0.6200075934837314,44.0,0.0,0.6200075934837314,48.0,0.0,0.6200075934837314,47.0,0.0,0.6200005716129954,45.0,0.0,0.6200005716129954,46.0,1.0,0.09268314140050667,48.0,0.0,0.6200005716129954,44.0,0.0,0.620006425807488,44.0,1.0,0.4536723131729537,45.0,1.0,0.2501316138921958,44.0,0.0,0.620006425807488,44.0,1.0,0.4142036533923633,49.0,0.0,0.6199823805746031,44.0,1.0,0.2796517833773285,47.0,0.0,0.6199823805746031,45.0,0.0,0.6199823805746031,46.0,1.0,0.1583309085017126,43.0,1.0,0.19159216017164063,48.0,0.0,0.6199823805746031,47.0,1.0,0.46741126127780364,45.0,0.0,0.6199939462058528,45.0,0.0,0.6199939462058528,46.0,0.0,0.6199939462058528,00002000000_@1@1,00002000000_,1,1,00002000000_@1,single
46.0,0.0,0.6200033837087167,42.0,0.0,0.6200033837087167,46.0,1.0,0.5416244888537407,45.0,0.0,0.6200010991675826,48.0,1.0,0.5494477495397913,47.0,0.0,0.6200098916749097,44.0,0.0,0.6199967407359123,43.0,1.0,0.5151733084049014,45.0,1.0,0.25940855023488923,46.0,0.0,0.6199967407359123,46.0,0.0,0.6200022366685306,43.0,0.0,0.6200022366685306,46.0,0.0,0.620002776297119,47.0,1.0,0.41483349328399804,48.0,1.0,0.39265604226845696,46.0,1.0,0.0796085050691867,45.0,0.0,0.6199916253212299,45.0,0.0,0.6199916253212299,47.0,1.0,0.183439065554688,46.0,1.0,0.27057313460857013,45.0,0.0,0.6199905932242893,43.0,0.0,0.6199905932242893,47.0,0.0,0.6199905932242893,47.0,0.0,0.6199905932242893,46.0,0.0,0.6200052478276081,47.0,1.0,0.2736777836747199,46.0,0.0,0.6200052478276081,47.0,0.0,0.6200052478276081,43.0,1.0,0.2242760009495655,47.0,1.0,0.09950247376883298,44.0,0.0,0.6200052478276081,44.0,0.0,0.6200052478276081,46.0,0.0,0.6199931331022643,46.0,0.0,0.6199931331022643,45.0,0.0,0.6199931331022643,45.0,0.0,0.6199931331022643,00002000000_@1@2,00002000000_,1,2,00002000000_@1,single
40.0,0.0,0.6200061540831913,43.0,0.0,0.6200061540831913,41.0,1.0,0.4577333272777728,43.0,0.0,0.6199993341661119,53.0,0.0,0.620009539174616,53.0,0.0,0.620009539174616,46.0,0.0,0.6200171792847101,41.0,1.0,0.31560454459932535,45.0,1.0,0.22782485899979113,43.0,1.0,0.23221384327976785,40.0,1.0,0.2392435327029439,41.0,1.0,0.4319903599919666,44.0,0.0,0.6199931579238988,47.0,0.0,0.6199931579238988,44.0,0.0,0.6199931579238988,46.0,1.0,0.3587166929530942,47.0,0.0,0.6200095400015386,46.0,0.0,0.6200095400015386,45.0,0.0,0.6200095400015386,49.0,0.0,0.6200095400015386,45.0,0.0,0.6199963033865005,44.0,0.0,0.6199963033865005,44.0,1.0,0.031794682224948745,48.0,0.0,0.6199963033865005,45.0,0.0,0.6199913678235849,47.0,1.0,0.3007478439848823,43.0,1.0,0.2949748385434315,46.0,1.0,0.08983090632779893,48.0,0.0,0.6199913678235849,47.0,0.0,0.6199913678235849,49.0,1.0,0.37870180281211674,46.0,0.0,0.6199913678235849,47.0,0.0,0.6200011596553723,46.0,0.0,0.6200011596553723,45.0,0.0,0.6200011596553723,46.0,0.0,0.6200011596553723,00002000000_@1@3,00002000000_,1,3,00002000000_@1,single
49.0,1.0,0.2549758444086584,47.0,0.0,0.6200091851987929,46.0,0.0,0.619996369163641,46.0,0.0,0.619996369163641,46.0,1.0,0.43470344475287065,45.0,0.0,0.6199946766622306,45.0,0.0,0.6200031822269366,42.0,0.0,0.6200031822269366,44.0,0.0,0.6200031822269366,44.0,0.0,0.6200031822269366,46.0,1.0,0.23135812613177179,42.0,0.0,0.6199919408266173,46.0,0.0,0.6199833730321105,49.0,0.0,0.6199833730321105,44.0,0.0,0.6199833730321105,48.0,0.0,0.6199833730321105,45.0,1.0,0.4752691167115194,45.0,0.0,0.6199929206654867,44.0,1.0,0.27441536356922724,47.0,0.0,0.6199929206654867,45.0,1.0,0.3614109947351658,44.0,1.0,0.10153248642208107,45.0,0.0,0.620007683834614,44.0,0.0,0.620007683834614,45.0,0.0,0.620008184002425,46.0,0.0,0.620008184002425,44.0,0.0,0.620008184002425,47.0,1.0,0.0005512490522219415,44.0,0.0,0.620008184002425,46.0,1.0,0.023372959814210316,46.0,0.0,0.620008184002425,45.0,1.0,0.20190415286048977,49.0,0.0,0.6200060584493204,45.0,1.0,0.3944838462903183,47.0,0.0,0.6200060584493204,46.0,0.0,0.6200060584493204,00002000000_@1@4,00002000000_,1,4,00002000000_@1,single
47.0,1.0,0.18817816026394116,46.0,1.0,0.348677598040886,43.0,1.0,0.32400021416684516,48.0,0.0,0.619996369163641,47.0,1.0,0.32402814002345004,46.0,0.0,0.6200032400027,43.0,1.0,0.0168095004585192,48.0,0.0,0.6200020562993427,47.0,1.0,0.5266118557212678,46.0,0.0,0.6200020562993427,43.0,1.0,0.5018181265151054,44.0,0.0,0.6199903083252569,41.0,0.0,0.6199899244414591,44.0,1.0,0.2199976207400358,45.0,0.0,0.6199899244414591,46.0,1.0,0.14614604330253136,47.0,0.0,0.6199929206654867,47.0,0.0,0.6199929206654867,47.0,0.0,0.6199929206654867,46.0,0.0,0.6199929206654867,42.0,1.0,0.47522485570414263,46.0,0.0,0.6199897286649548,45.0,1.0,0.4271835070305845,45.0,0.0,0.6199897286649548,46.0,1.0,0.13278107637957817,47.0,1.0,0.40829997282962155,46.0,0.0,0.6200001837037581,46.0,0.0,0.6200001837037581,43.0,1.0,0.06966046508458225,46.0,1.0,0.2838590470693473,47.0,0.0,0.6200001837037581,49.0,0.0,0.6200001837037581,48.0,0.0,0.6199931331022643,42.0,0.0,0.6199931331022643,46.0,0.0,0.6199931331022643,43.0,1.0,0.501388027825522,00002000000_@1@5,00002000000_,1,5,00002000000_@1,single
44.0,1.0,0.19866696098809036,46.0,0.0,0.6200009185198793,42.0,0.0,0.6199915666596388,46.0,1.0,0.28524521270434394,48.0,0.0,0.6199993899994917,48.0,0.0,0.6199993899994917,43.0,1.0,0.22196357772381883,44.0,0.0,0.6200027925967297,46.0,1.0,0.3281392861322757,45.0,0.0,0.6200027925967297,44.0,1.0,0.22687404322836935,43.0,1.0,0.546383059485883,45.0,1.0,0.38851009045760315,43.0,1.0,0.12731405161031867,45.0,1.0,0.280974059689109,46.0,0.0,0.6199834375707386,45.0,0.0,0.6200069696678283,46.0,0.0,0.6200069696678283,46.0,0.0,0.6200069696678283,47.0,0.0,0.6200069696678283,45.0,1.0,0.49742895490482575,46.0,0.0,0.6200072976678829,44.0,1.0,0.3213182545530424,44.0,0.0,0.6200072976678829,44.0,1.0,0.0871123221073547,44.0,0.0,0.6200001837037581,46.0,1.0,0.2308788832233728,47.0,1.0,0.14582404320712392,45.0,1.0,0.31861579810838464,46.0,1.0,0.33276098748473704,45.0,0.0,0.6200001837037581,48.0,0.0,0.6200001837037581,47.0,0.0,0.6199951142848418,45.0,1.0,0.17446703972625707,44.0,0.0,0.6199951142848418,45.0,1.0,0.47278036728220835,00002000000_@2@1,00002000000_,2,1,00002000000_@2,single
47.0,0.0,0.6199900118370546,44.0,0.0,0.6199900118370546,43.0,0.0,0.6200010991675826,46.0,0.0,0.6200010991675826,47.0,0.0,0.6200046925039104,46.0,0.0,0.6200046925039104,45.0,0.0,0.6200027925967297,45.0,1.0,0.19408462827352338,45.0,0.0,0.6200027925967297,43.0,1.0,0.32651884521310404,40.0,1.0,0.3034638987199156,43.0,0.0,0.6199903083252569,42.0,0.0,0.6199848539348042,43.0,1.0,0.37033425161643985,46.0,0.0,0.6199848539348042,47.0,1.0,0.35187325632522914,43.0,0.0,0.6200040656673442,46.0,0.0,0.6200040656673442,47.0,0.0,0.6200040656673442,48.0,0.0,0.6200040656673442,46.0,0.0,0.620007683834614,47.0,0.0,0.620007683834614,46.0,0.0,0.620007683834614,45.0,0.0,0.620007683834614,46.0,0.0,0.6199855445883096,45.0,0.0,0.6199855445883096,47.0,0.0,0.6199855445883096,47.0,1.0,0.1701186566277501,47.0,0.0,0.6199855445883096,44.0,0.0,0.6199855445883096,46.0,0.0,0.6199855445883096,47.0,1.0,0.3696922274643637,47.0,0.0,0.6200011942859276,45.0,0.0,0.6200011942859276,46.0,0.0,0.6200011942859276,44.0,1.0,0.38684898050874655,00002000000_@2@2,00002000000_,2,2,00002000000_@2,single
44.0,1.0,0.3109801792298952,42.0,0.0,0.6199900118370546,45.0,0.0,0.6200010483342071,44.0,0.0,0.6200010483342071,47.0,1.0,0.44711193259327714,46.0,0.0,0.6200015941679952,47.0,1.0,0.13945669549140075,50.0,0.0,0.6200089318650843,51.0,1.0,0.4133392879100562,49.0,0.0,0.6200089318650843,42.0,0.0,0.6199977499981251,42.0,0.0,0.6199977499981251,43.0,0.0,0.6199914806034791,46.0,1.0,0.02979406599820182,44.0,1.0,0.29329694645362014,46.0,0.0,0.6199914806034791,43.0,0.0,0.6200021033336839,46.0,1.0,0.23203953867325644,45.0,0.0,0.6200021033336839,47.0,0.0,0.6200021033336839,44.0,0.0,0.6200049458341578,44.0,0.0,0.6200049458341578,44.0,1.0,0.2054690394115066,46.0,0.0,0.6200049458341578,47.0,0.0,0.6199921099235881,46.0,0.0,0.6199921099235881,44.0,1.0,0.23655128786704824,45.0,1.0,0.23137213699915168,45.0,1.0,0.11151703570875131,44.0,1.0,0.02607941217167768,44.0,1.0,0.2894814751056222,46.0,0.0,0.6199921099235881,47.0,1.0,0.11832600755821564,47.0,0.0,0.6199951142848419,46.0,0.0,0.6199951142848419,44.0,1.0,0.480788046569294,00002000000_@2@3,00002000000_,2,3,00002000000_@2,single
46.0,0.0,0.6200038429686563,46.0,0.0,0.6200038429686563,43.0,0.0,0.6199911058259215,47.0,0.0,0.6199911058259215,46.0,1.0,0.3078084898404082,47.0,0.0,0.6200089166740972,47.0,0.0,0.6199909036902277,45.0,0.0,0.6199909036902277,44.0,0.0,0.6199909036902277,47.0,0.0,0.6199909036902277,43.0,0.0,0.6200042250035208,42.0,0.0,0.6200042250035208,46.0,0.0,0.6200137369738596,46.0,1.0,0.11058941714830822,46.0,0.0,0.6200137369738596,43.0,0.0,0.6200137369738596,44.0,0.0,0.6200021033336839,45.0,1.0,0.15670202611700434,48.0,0.0,0.6200021033336839,47.0,0.0,0.6200021033336839,46.0,0.0,0.6199947273324545,46.0,0.0,0.6199947273324545,48.0,1.0,0.12812507735417955,44.0,1.0,0.4546600437766739,49.0,0.0,0.6199986562958981,44.0,0.0,0.6199986562958981,46.0,0.0,0.6199986562958981,47.0,0.0,0.6199986562958981,46.0,0.0,0.6199986562958981,46.0,0.0,0.6199986562958981,45.0,0.0,0.6199986562958981,47.0,0.0,0.6199986562958981,48.0,1.0,0.5244734750845491,46.0,0.0,0.6200108335733631,44.0,0.0,0.6200108335733631,45.0,0.0,0.6200108335733631,00002000000_@2@4,00002000000_,2,4,00002000000_@2,single
42.0,1.0,0.2261693261767795,45.0,0.0,0.6199909762829278,48.0,1.0,0.2568806690672242,44.0,0.0,0.6200010991675826,48.0,0.0,0.6199903666586388,44.0,0.0,0.6199903666586388,46.0,1.0,0.11251890447245107,46.0,0.0,0.6200111229794414,44.0,1.0,0.48681048712664754,45.0,1.0,0.4614266924839888,38.0,1.0,0.20780605567171304,42.0,0.0,0.6200022366685305,46.0,1.0,0.2885757238108254,46.0,1.0,0.2169985384844056,47.0,0.0,0.6200011333336768,44.0,0.0,0.6200011333336768,45.0,0.0,0.6200055283342547,45.0,1.0,0.36000321000053503,46.0,0.0,0.6200055283342547,48.0,0.0,0.6200055283342547,46.0,0.0,0.620007683834614,47.0,0.0,0.620007683834614,46.0,0.0,0.620007683834614,46.0,0.0,0.620007683834614,44.0,0.0,0.6200001837037582,47.0,0.0,0.6200001837037582,45.0,1.0,0.1210607766106005,48.0,0.0,0.6200001837037582,48.0,1.0,0.06161424047829348,48.0,0.0,0.6200001837037582,49.0,1.0,0.29414645752487634,48.0,1.0,0.5693714279619047,45.0,0.0,0.6200057600010286,46.0,0.0,0.6200057600010286,48.0,0.0,0.6200057600010286,43.0,0.0,0.6200057600010286,00002000000_@2@5,00002000000_,2,5,00002000000_@2,single
47.0,0.0,0.6200024800036741,44.0,0.0,0.6200024800036741,46.0,0.0,0.6200068016723348,44.0,0.0,0.6200068016723348,47.0,0.0,0.6199938766615639,48.0,0.0,0.6199938766615639,48.0,0.0,0.6199942785100422,47.0,1.0,0.3566175505445193,48.0,0.0,0.6199942785100422,47.0,0.0,0.6199942785100422,44.0,1.0,0.19833245694371412,42.0,1.0,0.5076527147105956,42.0,1.0,0.5191977755144774,44.0,0.0,0.6199980878782084,45.0,1.0,0.3162595867453293,46.0,0.0,0.6199980878782084,47.0,0.0,0.6199993619998937,45.0,0.0,0.6199993619998937,44.0,1.0,0.4310426838404473,46.0,0.0,0.6199993619998937,46.0,1.0,0.48874526145754355,45.0,0.0,0.620007683834614,44.0,1.0,0.24288406648067776,44.0,0.0,0.620007683834614,46.0,1.0,0.3186052129200631,44.0,0.0,0.6199855445883096,46.0,0.0,0.6199855445883096,47.0,0.0,0.6199855445883096,45.0,1.0,0.38610911855084995,46.0,1.0,0.5596433699684059,46.0,0.0,0.6199855445883096,46.0,0.0,0.6199855445883096,46.0,1.0,0.5610313773270317,44.0,1.0,0.516744019418575,45.0,1.0,0.22597460749546563,47.0,0.0,0.6200011942859276,00002000000_@3@1,00002000000_,3,1,00002000000_@3,single
46.0,0.0,0.6200038429686563,46.0,0.0,0.6200038429686563,44.0,1.0,0.24905118504265422,46.0,0.0,0.6200010991675826,46.0,1.0,0.2958332390276992,46.0,0.0,0.6199946766622306,44.0,0.0,0.6199950785112275,45.0,1.0,0.21500955853267933,45.0,0.0,0.6199950785112275,47.0,0.0,0.6199950785112275,45.0,1.0,0.2575219846016539,44.0,0.0,0.6200022366685306,45.0,0.0,0.6199848539348042,47.0,1.0,0.4610791439633769,46.0,0.0,0.6199848539348042,46.0,0.0,0.6199848539348042,43.0,0.0,0.6199957033326172,44.0,0.0,0.6199957033326172,45.0,0.0,0.6199957033326172,46.0,0.0,0.6199957033326172,46.0,0.0,0.620007683834614,47.0,1.0,0.4464038784006464,47.0,0.0,0.620007683834614,46.0,0.0,0.620007683834614,45.0,0.0,0.6199921099235881,45.0,0.0,0.6199921099235881,45.0,0.0,0.6199921099235881,45.0,0.0,0.6199921099235881,45.0,1.0,0.12687083048024606,46.0,0.0,0.6199921099235881,49.0,0.0,0.6199921099235881,47.0,0.0,0.6199921099235881,46.0,0.0,0.6199900401767929,48.0,1.0,0.4698527371165602,43.0,1.0,0.4556921340521668,44.0,0.0,0.6199900401767929,00002000000_@3@2,00002000000_,3,2,00002000000_@3,single
47.0,0.0,0.6200152474299963,47.0,0.0,0.6200152474299963,44.0,0.0,0.619996369163641,45.0,0.0,0.619996369163641,47.0,1.0,0.3401648151373459,48.0,0.0,0.6199975716646431,45.0,0.0,0.6200068503805191,45.0,1.0,0.21610365052392672,46.0,0.0,0.6200068503805191,44.0,1.0,0.32501930225081815,43.0,0.0,0.6199903083252569,40.0,0.0,0.6199903083252569,44.0,1.0,0.5508582699570516,45.0,0.0,0.6199848539348042,45.0,0.0,0.6199848539348042,46.0,1.0,0.2714174901265122,45.0,0.0,0.6200018603336434,46.0,0.0,0.6200018603336434,47.0,0.0,0.6200018603336434,47.0,0.0,0.6200018603336434,43.0,0.0,0.6199897286649548,43.0,0.0,0.6199897286649548,47.0,0.0,0.6199897286649548,45.0,0.0,0.6199897286649548,47.0,1.0,0.16900057392609596,46.0,1.0,0.5238613747737406,46.0,1.0,0.18721928391682485,46.0,1.0,0.02115721160213677,44.0,0.0,0.6199871087369211,43.0,1.0,0.05215840360248995,47.0,1.0,0.10214966226656659,47.0,1.0,0.09836634144187895,48.0,0.0,0.6199900401767929,48.0,0.0,0.6199900401767929,43.0,0.0,0.6199900401767929,44.0,0.0,0.6199900401767929,00002000000_@3@3,00002000000_,3,3,00002000000_@3,single
45.0,0.0,0.6199900118370545,43.0,0.0,0.6199900118370545,46.0,0.0,0.6200101566751305,45.0,0.0,0.6200101566751305,49.0,0.0,0.6200032400026999,41.0,0.0,0.6200032400026999,45.0,1.0,0.17876664706169934,45.0,0.0,0.6199967407359122,44.0,1.0,0.4730304607858678,44.0,0.0,0.6199967407359122,41.0,1.0,0.36140621783851484,43.0,0.0,0.6200042250035208,45.0,0.0,0.619991480603479,45.0,1.0,0.4754048161832776,47.0,1.0,0.05015210610669882,47.0,1.0,0.052641136557920166,47.0,0.0,0.6199957033326172,44.0,0.0,0.6199957033326172,45.0,0.0,0.6199957033326172,45.0,0.0,0.6199957033326172,46.0,0.0,0.6199924266654043,47.0,0.0,0.6199924266654043,48.0,1.0,0.28920302820050464,46.0,0.0,0.6199924266654043,47.0,0.0,0.6199921099235881,46.0,1.0,0.35897759880817737,47.0,0.0,0.6199921099235881,47.0,0.0,0.6199921099235881,47.0,0.0,0.6199921099235881,44.0,1.0,3.6731566438982644e-05,47.0,1.0,0.18791869390183522,46.0,1.0,0.023508202520948894,48.0,0.0,0.6199996378570782,45.0,1.0,0.3950293383980961,45.0,0.0,0.6199996378570782,43.0,1.0,0.5661359689528516,00002000000_@3@4,00002000000_,3,4,00002000000_@3,single
47.0,0.0,0.6199900118370546,47.0,0.0,0.6199900118370546,45.0,1.0,0.17489752074793397,45.0,0.0,0.619996369163641,46.0,0.0,0.6199946766622306,45.0,0.0,0.6199946766622306,46.0,0.0,0.6199950785112275,46.0,0.0,0.6199950785112275,43.0,0.0,0.6199950785112275,49.0,0.0,0.6199950785112275,44.0,0.0,0.6199903083252569,44.0,0.0,0.6199903083252569,47.0,0.0,0.6199848539348042,44.0,0.0,0.6199848539348042,44.0,1.0,0.4599276533114101,48.0,1.0,0.038593509270760384,46.0,1.0,0.39981931913655316,45.0,0.0,0.6199957033326172,49.0,0.0,0.6199957033326172,48.0,0.0,0.6199957033326172,45.0,0.0,0.6199924266654044,46.0,0.0,0.6199924266654044,46.0,0.0,0.6199924266654044,46.0,0.0,0.6199924266654044,44.0,0.0,0.6199871087369212,46.0,0.0,0.6199871087369212,48.0,0.0,0.6199871087369212,47.0,1.0,0.22868888790781866,48.0,0.0,0.6199871087369212,48.0,0.0,0.6199871087369212,48.0,0.0,0.6199871087369212,48.0,0.0,0.6199871087369212,47.0,0.0,0.6199900401767929,47.0,0.0,0.6199900401767929,46.0,1.0,0.07961793618177432,46.0,0.0,0.6199900401767929,00002000000_@3@5,00002000000_,3,5,00002000000_@3,single
44.0,0.0,0.6199834559810926,41.0,0.0,0.6199834559810926,41.0,1.0,0.5057632184022989,44.0,0.0,0.6199974964267831,44.0,0.0,0.6200082571487552,47.0,0.0,0.6200082571487552,42.0,1.0,0.33854281547750337,45.0,1.0,0.23284226610544698,41.0,0.0,0.6199948514226873,42.0,0.0,0.6199948514226873,42.0,1.0,0.4242593644709747,40.0,0.0,0.620001065715047,44.0,0.0,0.6199956407730686,46.0,0.0,0.6199956407730686,42.0,1.0,0.5526580708795021,46.0,0.0,0.6199956407730686,43.0,0.0,0.6199924952846422,43.0,0.0,0.6199924952846422,45.0,0.0,0.6199924952846422,44.0,1.0,0.12694293542041934,47.0,0.0,0.6199976647055389,44.0,0.0,0.6199976647055389,46.0,1.0,0.22242392976822495,46.0,0.0,0.6199976647055389,42.0,1.0,0.3804200839793765,43.0,0.0,0.619987381674163,43.0,0.0,0.619987381674163,46.0,0.0,0.619987381674163,41.0,1.0,0.2213086031764137,44.0,1.0,0.056025169296817875,43.0,0.0,0.619987381674163,44.0,1.0,0.47336675828819563,41.0,1.0,0.3357736487535831,43.0,1.0,0.2311758898751348,43.0,1.0,0.3214984120452139,43.0,1.0,0.5096957987417876,00010000000_@1@2,00010000000_,1,2,00010000000_@1,single
42.0,1.0,0.277364470130823,44.0,0.0,0.6200107942980506,46.0,0.0,0.619995071425051,44.0,0.0,0.619995071425051,48.0,1.0,0.467139602242573,45.0,0.0,0.6200096085782918,40.0,1.0,0.4403883604438405,46.0,1.0,0.4345140680160777,41.0,1.0,0.10790340903246746,45.0,0.0,0.6199948514226873,44.0,0.0,0.6200014542867531,43.0,0.0,0.6200014542867531,43.0,0.0,0.620008245163418,42.0,0.0,0.620008245163418,43.0,1.0,0.16635544938205143,45.0,0.0,0.620008245163418,43.0,0.0,0.6200033488576212,42.0,1.0,0.39087836412548055,44.0,0.0,0.6200033488576212,44.0,1.0,0.25937555333936474,44.0,0.0,0.6200018647061565,46.0,1.0,0.11683410688736864,47.0,1.0,0.4042906440133299,45.0,0.0,0.6200018647061565,44.0,1.0,0.28716855152736814,43.0,1.0,0.3010584699505729,42.0,1.0,0.1332035827622149,44.0,0.0,0.6200121522612005,40.0,1.0,0.022892643327133762,42.0,0.0,0.6200121522612005,42.0,1.0,0.17829069891372873,46.0,0.0,0.6200121522612005,42.0,1.0,0.2999008807425577,46.0,0.0,0.6199943169688359,43.0,0.0,0.6199943169688359,42.0,0.0,0.6199943169688359,00010000000_@1@3,00010000000_,1,3,00010000000_@1,single
40.0,1.0,0.24470300880343862,41.0,0.0,0.6199834559810925,43.0,1.0,0.41428418163155833,44.0,0.0,0.6199934714239083,46.0,0.0,0.6199991192850852,47.0,0.0,0.6199991192850852,42.0,1.0,0.28036476841687824,41.0,1.0,0.41423857855837554,41.0,1.0,0.2290892652448746,43.0,0.0,0.6200007908580468,44.0,1.0,0.20176067554333968,44.0,1.0,0.4946468018905728,45.0,1.0,0.5212192271533489,46.0,0.0,0.6199878934162305,47.0,1.0,0.22970493876256481,44.0,0.0,0.6199878934162305,44.0,0.0,0.6199904037129149,45.0,0.0,0.6199904037129149,45.0,0.0,0.6199904037129149,46.0,1.0,0.3096977902425415,46.0,1.0,0.3094370859466303,46.0,0.0,0.6199908999986617,46.0,1.0,0.11665672671422452,47.0,1.0,0.16316638428917415,42.0,1.0,0.1702254310259177,46.0,1.0,0.5443686566112662,43.0,0.0,0.6199835793506011,45.0,0.0,0.6199835793506011,45.0,1.0,0.009552905691072438,43.0,1.0,0.4639037971364638,45.0,0.0,0.6199835793506011,45.0,0.0,0.6199835793506011,48.0,0.0,0.6200073666677828,47.0,1.0,0.09043637733884505,46.0,0.0,0.6200073666677828,42.0,0.0,0.6200073666677828,00010000000_@1@4,00010000000_,1,4,00010000000_@1,single
45.0,1.0,0.2503422861054698,46.0,0.0,0.6200097085825241,45.0,1.0,0.44809357720969795,45.0,0.0,0.619995071425051,47.0,0.0,0.6199997285712345,48.0,0.0,0.6199997285712345,44.0,1.0,0.197088942958792,45.0,0.0,0.6200051382915868,44.0,0.0,0.6200051382915868,45.0,0.0,0.6200051382915868,45.0,0.0,0.6200014542867531,41.0,0.0,0.6200014542867531,45.0,1.0,0.32428611336415825,44.0,1.0,0.15740963029925942,48.0,0.0,0.6199860438673661,46.0,1.0,0.20589476642445584,45.0,0.0,0.6199957691422527,43.0,0.0,0.6199957691422527,45.0,0.0,0.6199957691422527,47.0,0.0,0.6199957691422527,46.0,0.0,0.6199939679402894,46.0,1.0,0.2761935991461175,49.0,1.0,0.0743033741622609,46.0,0.0,0.6199939679402894,44.0,0.0,0.6199835793506011,45.0,0.0,0.6199835793506011,44.0,0.0,0.6199835793506011,45.0,1.0,0.10871941515339746,45.0,1.0,0.02395574811761242,47.0,0.0,0.6199835793506011,45.0,0.0,0.6199835793506011,43.0,0.0,0.6199835793506011,46.0,0.0,0.6200073666677828,48.0,1.0,0.5134473505223258,49.0,1.0,0.30447277340496565,46.0,0.0,0.6200073666677828,00010000000_@1@5,00010000000_,1,5,00010000000_@1,single
43.0,0.0,0.6200008342866677,44.0,1.0,0.20007788580329805,44.0,0.0,0.6199974964267831,44.0,0.0,0.6199974964267831,46.0,0.0,0.6200096085782919,47.0,0.0,0.6200096085782919,43.0,1.0,0.18066180189920222,43.0,0.0,0.6200051382915868,46.0,0.0,0.6200051382915868,46.0,1.0,0.3746637653300176,42.0,1.0,0.379722039801457,44.0,0.0,0.6200014542867531,47.0,0.0,0.6200061656790105,48.0,1.0,0.1333462320893502,44.0,0.0,0.6200061656790105,46.0,0.0,0.6200061656790105,47.0,0.0,0.6200020885717269,48.0,1.0,0.16467652352521764,48.0,0.0,0.6200020885717269,47.0,0.0,0.6200020885717269,47.0,0.0,0.6199989555880816,49.0,1.0,0.1760526597136264,47.0,0.0,0.6199989555880816,45.0,0.0,0.6199989555880816,44.0,1.0,0.25008337550538723,46.0,1.0,0.3841104248026903,44.0,0.0,0.6200083215505346,46.0,1.0,0.35041072526728395,44.0,0.0,0.6200083215505346,47.0,0.0,0.6200083215505346,47.0,0.0,0.6200083215505346,46.0,1.0,0.4814977789671688,45.0,0.0,0.6199978171208813,48.0,1.0,0.3674973870450586,47.0,0.0,0.6199978171208813,44.0,0.0,0.6199978171208813,00010000000_@2@2,00010000000_,2,2,00010000000_@2,single
45.0,1.0,0.3410176583058952,43.0,1.0,0.07603320803795204,46.0,0.0,0.619996261425901,46.0,0.0,0.619996261425901,48.0,1.0,0.34279152485108916,46.0,0.0,0.6199970928550663,47.0,0.0,0.6200047337196957,47.0,1.0,0.256684463639387,47.0,1.0,0.33095394623308144,46.0,1.0,0.36541911019326884,47.0,1.0,0.338706044790032,42.0,1.0,0.39322073801481294,45.0,0.0,0.6199881439969402,40.0,0.0,0.6199881439969402,44.0,0.0,0.6199881439969402,47.0,0.0,0.6199881439969402,45.0,0.0,0.6200000882857268,46.0,0.0,0.6200000882857268,45.0,0.0,0.6200000882857268,46.0,1.0,0.16977511182501595,46.0,0.0,0.6199993936763815,47.0,0.0,0.6199993936763815,46.0,1.0,0.175428990798381,42.0,0.0,0.6199993936763815,44.0,1.0,0.21401311432596498,46.0,0.0,0.6200091220668702,44.0,0.0,0.6200091220668702,45.0,0.0,0.6200091220668702,44.0,0.0,0.6200091220668702,46.0,0.0,0.6200091220668702,45.0,0.0,0.6200091220668702,46.0,0.0,0.6200091220668702,50.0,0.0,0.6199977334371458,46.0,0.0,0.6199977334371458,51.0,1.0,0.10934174739714803,47.0,0.0,0.6199977334371458,00010000000_@2@3,00010000000_,2,3,00010000000_@2,single
45.0,0.0,0.6199916251332859,45.0,0.0,0.6199916251332859,45.0,1.0,0.45444354745967674,45.0,0.0,0.6199934714239081,46.0,0.0,0.6199989207135148,46.0,0.0,0.6199989207135148,40.0,1.0,0.0995098531541179,42.0,0.0,0.6199834308382067,43.0,0.0,0.6199834308382067,44.0,1.0,0.48848957770237456,45.0,0.0,0.620000085714347,45.0,0.0,0.620000085714347,45.0,0.0,0.6199922007721809,43.0,0.0,0.6199922007721809,44.0,1.0,0.26139147545586466,44.0,1.0,0.015229572962470444,44.0,0.0,0.6200097108585301,47.0,0.0,0.6200097108585301,45.0,1.0,0.014454113493444784,48.0,1.0,0.009082513868930551,47.0,0.0,0.6200069473539629,45.0,1.0,0.17665464333156522,46.0,0.0,0.6200069473539629,44.0,0.0,0.6200069473539629,44.0,1.0,0.2145729585994732,45.0,1.0,0.40864391190810634,44.0,0.0,0.6199835793506011,47.0,1.0,0.1061842209507667,42.0,1.0,0.1779044975237413,47.0,0.0,0.6199835793506011,45.0,0.0,0.6199835793506011,46.0,1.0,0.10993189933726435,45.0,0.0,0.6199972775753451,47.0,1.0,0.3403238806551334,46.0,0.0,0.6199972775753451,43.0,0.0,0.6199972775753451,00010000000_@2@4,00010000000_,2,4,00010000000_@2,single
44.0,0.0,0.6200113988016955,44.0,0.0,0.6200113988016955,44.0,0.0,0.6199934714239083,47.0,0.0,0.6199934714239083,45.0,0.0,0.6200096085782918,44.0,0.0,0.6200096085782918,40.0,1.0,0.16085686164468077,42.0,0.0,0.6199974181786887,42.0,0.0,0.6199974181786887,43.0,1.0,0.33363040440049013,43.0,1.0,0.28154171538693956,44.0,0.0,0.6200014542867531,44.0,0.0,0.6199944239984069,43.0,0.0,0.6199944239984069,47.0,1.0,0.35605224001492575,48.0,0.0,0.6199944239984069,45.0,0.0,0.6199998546874772,45.0,1.0,0.4639178399871624,45.0,1.0,0.10676920574518838,47.0,0.0,0.6199998546874772,46.0,0.0,0.6200099646890569,46.0,1.0,0.3771691114326736,47.0,0.0,0.6200099646890569,48.0,0.0,0.6200099646890569,44.0,1.0,0.33508272967799435,47.0,0.0,0.6200132744864204,43.0,1.0,0.10261908596388578,44.0,0.0,0.6200132744864204,43.0,0.0,0.6200132744864204,46.0,1.0,0.3311881277760352,46.0,0.0,0.6200132744864204,45.0,0.0,0.6200132744864204,46.0,1.0,0.4016172852695475,48.0,0.0,0.6200089551681591,46.0,1.0,0.2369781949963658,45.0,0.0,0.6200089551681591,00010000000_@2@5,00010000000_,2,5,00010000000_@2,single
43.0,0.0,0.6200038981865433,44.0,0.0,0.6200038981865433,47.0,0.0,0.619996261425901,43.0,0.0,0.619996261425901,46.0,1.0,0.5555782539844671,46.0,0.0,0.6199997285712346,42.0,0.0,0.6199974181786887,43.0,1.0,0.2531836402225942,43.0,0.0,0.6199974181786887,44.0,0.0,0.6199974181786887,42.0,1.0,0.33498323927374235,43.0,0.0,0.6200017707155505,43.0,0.0,0.6199971120559183,43.0,0.0,0.6199971120559183,44.0,1.0,0.5182397385077273,44.0,0.0,0.6199971120559183,46.0,0.0,0.619998725624801,45.0,0.0,0.619998725624801,47.0,0.0,0.619998725624801,43.0,1.0,0.18817728221520036,44.0,0.0,0.6200058593759156,46.0,0.0,0.6200058593759156,45.0,1.0,0.38742613553533367,46.0,0.0,0.6200058593759156,45.0,0.0,0.6199955194431999,46.0,1.0,0.5172445881234967,45.0,0.0,0.6199955194431999,43.0,0.0,0.6199955194431999,44.0,0.0,0.6199955194431999,45.0,0.0,0.6199955194431999,45.0,1.0,0.13992788609107948,45.0,1.0,0.4943947206652002,47.0,0.0,0.6200067550011259,46.0,1.0,0.45689305281550885,46.0,0.0,0.6200067550011259,46.0,1.0,0.21709189118198188,00010000000_@3@1,00010000000_,3,1,00010000000_@3,single
46.0,0.0,0.620003621822572,44.0,0.0,0.620003621822572,45.0,0.0,0.6200095971497124,44.0,0.0,0.6200095971497124,49.0,0.0,0.620010296435926,45.0,0.0,0.620010296435926,39.0,0.0,0.6199951757517281,39.0,0.0,0.6199951757517281,44.0,0.0,0.6199951757517281,44.0,0.0,0.6199951757517281,46.0,1.0,0.41581042486458925,46.0,0.0,0.619995446425319,47.0,0.0,0.6199934124804006,46.0,0.0,0.6199934124804006,47.0,0.0,0.6199934124804006,45.0,1.0,0.16092877331312716,44.0,0.0,0.6200016101565015,45.0,0.0,0.6200016101565015,46.0,0.0,0.6200016101565015,45.0,0.0,0.6200016101565015,47.0,0.0,0.6199981293747078,42.0,1.0,0.026258841602944002,44.0,0.0,0.6199981293747078,45.0,1.0,0.5219926890613577,43.0,0.0,0.6199923597200998,46.0,0.0,0.6199923597200998,43.0,1.0,0.021088925302479248,48.0,0.0,0.6199923597200998,45.0,0.0,0.6199923597200998,46.0,1.0,0.11874461076239186,44.0,0.0,0.6199923597200998,46.0,0.0,0.6199923597200998,48.0,0.0,0.6200053015008836,48.0,0.0,0.6200053015008836,48.0,1.0,0.030839732473288743,44.0,0.0,0.6200053015008836,00010000000_@3@2,00010000000_,3,2,00010000000_@3,single
44.0,1.0,0.3712298099755273,47.0,0.0,0.6200122848633757,45.0,0.0,0.619996261425901,44.0,0.0,0.619996261425901,48.0,0.0,0.6199991192850852,47.0,0.0,0.6199991192850852,43.0,1.0,0.08088330410097466,41.0,0.0,0.6199831696765693,43.0,1.0,0.4904672672330512,43.0,0.0,0.6199831696765693,45.0,0.0,0.620001065715047,46.0,1.0,0.3489355899539929,42.0,0.0,0.6199941336153572,42.0,0.0,0.6199941336153572,43.0,1.0,0.3967695519913623,47.0,0.0,0.6199941336153572,45.0,0.0,0.6200051468758041,44.0,1.0,0.48765947150929234,46.0,0.0,0.6200051468758041,46.0,0.0,0.6200051468758041,45.0,0.0,0.6200058593759156,45.0,0.0,0.6200058593759156,45.0,0.0,0.6200058593759156,48.0,0.0,0.6200058593759156,43.0,0.0,0.6199923597201,45.0,1.0,0.5179278397021777,45.0,0.0,0.6199923597201,47.0,0.0,0.6199923597201,46.0,0.0,0.6199923597201,45.0,1.0,0.1578730174647271,45.0,0.0,0.6199923597201,47.0,0.0,0.6199923597201,48.0,0.0,0.6200026153337692,45.0,0.0,0.6200026153337692,46.0,1.0,0.30081171813528634,44.0,1.0,0.2341708230284705,00010000000_@3@3,00010000000_,3,3,00010000000_@3,single
41.0,0.0,0.6199923878695609,44.0,0.0,0.6199923878695609,44.0,1.0,0.4001420001014286,45.0,0.0,0.619995071425051,49.0,1.0,0.23316016654297606,46.0,0.0,0.6199997285712345,42.0,1.0,0.3195159472920573,41.0,0.0,0.6199847442239323,45.0,0.0,0.6199847442239323,44.0,1.0,0.4412711930559915,46.0,0.0,0.6200024800017714,43.0,0.0,0.6200024800017714,45.0,0.0,0.6199964956018428,44.0,1.0,0.5364861573010377,43.0,1.0,0.3165892149189263,47.0,1.0,0.04619246813970728,44.0,1.0,0.5523017812971532,46.0,0.0,0.6200063334384895,48.0,1.0,0.14656671602604937,45.0,0.0,0.6200063334384895,46.0,1.0,0.3722498737890428,47.0,1.0,0.012070734386052249,46.0,0.0,0.620009964689057,48.0,0.0,0.620009964689057,45.0,0.0,0.6199985572218215,46.0,0.0,0.6199985572218215,43.0,1.0,0.2081972278325633,45.0,1.0,0.2646375635104343,46.0,1.0,0.056697550749319654,45.0,0.0,0.6199985572218215,43.0,1.0,0.3363638234343954,45.0,0.0,0.6199985572218215,48.0,0.0,0.6199896513316085,44.0,1.0,0.5075997405999567,49.0,1.0,0.08114258952376492,47.0,0.0,0.6199896513316085,00010000000_@3@4,00010000000_,3,4,00010000000_@3,single
46.0,0.0,0.6199951272668209,48.0,0.0,0.6199951272668209,45.0,0.0,0.619996261425901,45.0,0.0,0.619996261425901,47.0,1.0,0.5513933138523671,50.0,0.0,0.6199970928550664,41.0,1.0,0.21959693284476708,42.0,0.0,0.6199974181786887,42.0,0.0,0.6199974181786887,42.0,1.0,0.46189055986734534,47.0,1.0,0.21245882675630484,44.0,1.0,0.5006076075768626,44.0,0.0,0.6199863894996849,47.0,0.0,0.6199863894996849,45.0,0.0,0.6199863894996849,47.0,0.0,0.6199863894996849,47.0,0.0,0.6200006239063475,46.0,0.0,0.6200006239063475,48.0,0.0,0.6200006239063475,48.0,1.0,0.24417488408982563,47.0,0.0,0.6199928981238902,47.0,0.0,0.6199928981238902,46.0,1.0,0.20979254903008576,46.0,0.0,0.6199928981238902,46.0,0.0,0.619993870276075,47.0,1.0,0.2846981868606074,45.0,1.0,0.09270695991859997,47.0,1.0,0.1686583218495338,46.0,0.0,0.619993870276075,43.0,1.0,0.4522541667372685,46.0,0.0,0.619993870276075,47.0,0.0,0.619993870276075,49.0,0.0,0.6200044468340744,46.0,0.0,0.6200044468340744,50.0,0.0,0.6200044468340744,45.0,1.0,0.5413486337247723,00010000000_@3@5,00010000000_,3,5,00010000000_@3,single
41.0,0.0,0.6199929142776162,45.0,1.0,0.03192556105778406,43.0,0.0,0.6199974964267831,44.0,0.0,0.6199974964267831,45.0,0.0,0.6199963371402408,44.0,0.0,0.6199963371402408,38.0,1.0,0.31664893559878354,38.0,1.0,0.25114042187476787,40.0,0.0,0.6199834308382067,38.0,0.0,0.6199834308382067,43.0,1.0,0.5061122150801537,42.0,0.0,0.620001065715047,45.0,1.0,0.3399918590946733,44.0,0.0,0.6200157151008296,48.0,0.0,0.6200157151008296,46.0,0.0,0.6200157151008296,47.0,0.0,0.6199987735712534,43.0,1.0,0.42309632972804717,46.0,0.0,0.6199987735712534,47.0,0.0,0.6199987735712534,47.0,0.0,0.6199989555880816,45.0,0.0,0.6199989555880816,43.0,1.0,0.011102792515116545,45.0,0.0,0.6199989555880816,44.0,0.0,0.6200165065849048,44.0,1.0,0.4937937423983851,42.0,1.0,0.48960468996250056,43.0,1.0,0.4440395582037569,44.0,1.0,0.32196910037912263,43.0,1.0,0.016315256855550155,42.0,0.0,0.6200165065849048,45.0,0.0,0.6200165065849048,44.0,1.0,0.4523630527822807,45.0,1.0,0.024635467975070904,43.0,1.0,0.038207887001195,46.0,0.0,0.6200107945470901,00100000000_@1@1,00100000000_,1,1,00100000000_@1,single
44.0,1.0,0.4431099738399701,42.0,0.0,0.6199972159968182,44.0,0.0,0.6199934714239081,47.0,0.0,0.6199934714239081,47.0,1.0,0.2089333835238454,46.0,0.0,0.6200096085782919,42.0,0.0,0.6199986742841992,45.0,0.0,0.6199986742841992,43.0,1.0,0.29482171065338364,45.0,1.0,0.24851521430310208,44.0,1.0,0.16583853274180912,42.0,0.0,0.620001065715047,46.0,0.0,0.6199860438673661,45.0,1.0,0.4408583395763457,45.0,1.0,0.4015430569143372,44.0,1.0,0.456636427519078,44.0,1.0,0.3244006107715158,44.0,1.0,0.2868569966938566,45.0,0.0,0.6199924952846421,44.0,0.0,0.6199924952846421,44.0,0.0,0.6200030700004513,45.0,0.0,0.6200030700004513,46.0,0.0,0.6200030700004513,47.0,0.0,0.6200030700004513,46.0,1.0,0.43068281540201686,46.0,0.0,0.620000814451823,44.0,1.0,0.41188710964828634,46.0,1.0,0.10755116169062236,42.0,1.0,0.03137521919360495,45.0,0.0,0.620000814451823,43.0,0.0,0.620000814451823,45.0,0.0,0.620000814451823,49.0,0.0,0.6199972775753451,45.0,1.0,0.5414442032491217,46.0,0.0,0.6199972775753451,44.0,0.0,0.6199972775753451,00100000000_@1@2,00100000000_,1,2,00100000000_@1,single
44.0,1.0,0.5420678789347186,44.0,1.0,0.09833220952252515,38.0,1.0,0.21272095051496465,44.0,0.0,0.619996261425901,42.0,0.0,0.6199970928550662,46.0,0.0,0.6199970928550662,40.0,0.0,0.6200097817254648,42.0,0.0,0.6200097817254648,42.0,0.0,0.6200097817254648,43.0,0.0,0.6200097817254648,41.0,1.0,0.30962022258587324,37.0,1.0,0.020186002990002134,44.0,0.0,0.6200178696820309,40.0,0.0,0.6200178696820309,46.0,1.0,0.19916018042843364,46.0,0.0,0.6200178696820309,46.0,0.0,0.6200020885717269,42.0,1.0,0.31873404553343504,45.0,0.0,0.6200020885717269,44.0,1.0,0.15307352186764597,47.0,0.0,0.6200069473539629,42.0,1.0,0.41660398802999826,44.0,0.0,0.6200069473539629,43.0,0.0,0.6200069473539629,45.0,0.0,0.6199835793506011,46.0,0.0,0.6199835793506011,41.0,1.0,0.03082649182619144,45.0,0.0,0.6199835793506011,41.0,1.0,0.19745121224547413,38.0,1.0,0.152736265222262,41.0,1.0,0.2013826003568001,44.0,1.0,0.4154044297817884,44.0,0.0,0.6200099031833187,46.0,0.0,0.6200099031833187,42.0,1.0,0.07450331947019992,43.0,0.0,0.6200099031833187,00100000000_@1@3,00100000000_,1,3,00100000000_@1,single
43.0,1.0,0.5402808254638005,46.0,1.0,0.25411466298818625,44.0,0.0,0.6199974964267831,48.0,0.0,0.6199974964267831,47.0,0.0,0.6199963371402408,45.0,0.0,0.6199963371402408,41.0,1.0,0.018302770631737866,38.0,0.0,0.6199834308382067,44.0,1.0,0.03257086236669985,42.0,1.0,0.3464322016368019,43.0,0.0,0.620001065715047,42.0,0.0,0.620001065715047,43.0,0.0,0.6199956407730686,44.0,0.0,0.6199956407730686,45.0,1.0,0.10605481653027522,47.0,1.0,0.31924095980411865,42.0,0.0,0.6200033488576212,45.0,1.0,0.516638694091242,44.0,0.0,0.6200033488576212,45.0,0.0,0.6200033488576212,43.0,0.0,0.6199983792644675,45.0,0.0,0.6199983792644675,50.0,0.0,0.6199983792644675,45.0,0.0,0.6199983792644675,42.0,0.0,0.6200165065849048,44.0,1.0,0.3673872478418704,40.0,0.0,0.6200165065849048,42.0,0.0,0.6200165065849048,46.0,0.0,0.6200165065849048,45.0,0.0,0.6200165065849048,40.0,0.0,0.6200165065849048,43.0,1.0,0.042772430134820676,47.0,0.0,0.6200039242430186,45.0,0.0,0.6200039242430186,47.0,0.0,0.6200039242430186,46.0,0.0,0.6200039242430186,00100000000_@1@4,00100000000_,1,4,00100000000_@1,single
42.0,0.0,0.6200097085825241,44.0,0.0,0.6200097085825241,45.0,0.0,0.6199950714250511,46.0,0.0,0.6199950714250511,46.0,0.0,0.6200082571487552,44.0,0.0,0.6200082571487552,41.0,1.0,0.24153334803811205,37.0,0.0,0.6200163245900853,40.0,1.0,0.2517348476969688,39.0,0.0,0.6200163245900853,42.0,0.0,0.6200017707155505,41.0,1.0,0.5068470427478877,46.0,0.0,0.6199903535458976,45.0,1.0,0.44290328849117117,43.0,0.0,0.6199903535458976,46.0,0.0,0.6199903535458976,45.0,0.0,0.6199968148566878,47.0,0.0,0.6199968148566878,42.0,1.0,0.1734071853438836,45.0,0.0,0.6199968148566878,44.0,1.0,0.4254854363949171,46.0,0.0,0.6199983792644675,44.0,1.0,0.4940227776504085,45.0,0.0,0.6199983792644675,42.0,0.0,0.6200165065849048,45.0,0.0,0.6200165065849048,43.0,0.0,0.6200165065849048,46.0,0.0,0.6200165065849048,43.0,1.0,0.04784338834668086,45.0,0.0,0.6200165065849048,44.0,1.0,0.02322351876735968,40.0,1.0,0.25939053635884807,46.0,1.0,0.5302626282216103,43.0,0.0,0.6200107945470901,42.0,0.0,0.6200107945470901,47.0,0.0,0.6200107945470901,00100000000_@1@5,00100000000_,1,5,00100000000_@1,single
41.0,1.0,0.22008993038849187,44.0,0.0,0.6200107942980506,39.0,1.0,0.22883659202613715,41.0,0.0,0.6199974964267831,42.0,1.0,0.22790163421545298,43.0,0.0,0.620008257148755,41.0,1.0,0.12292359191267646,40.0,0.0,0.6199912662757329,40.0,1.0,0.46876580544663476,44.0,0.0,0.6199912662757329,41.0,1.0,0.4183496502497502,41.0,0.0,0.6200014542867531,36.0,0.0,0.6199975654187265,40.0,1.0,0.20007948750438387,44.0,1.0,0.1455933898305522,44.0,0.0,0.6199975654187265,42.0,0.0,0.6199924952846421,44.0,0.0,0.6199924952846421,44.0,0.0,0.6199924952846421,42.0,0.0,0.6199924952846421,42.0,1.0,0.4902610779795703,46.0,1.0,0.21919134620460973,44.0,1.0,0.18746492315660634,45.0,0.0,0.6199983792644675,39.0,0.0,0.6199835793506011,42.0,0.0,0.6199835793506011,40.0,1.0,0.06022004779872202,42.0,1.0,0.39475545671108564,38.0,1.0,0.008781324846793509,39.0,0.0,0.6199835793506011,41.0,0.0,0.6199835793506011,44.0,0.0,0.6199835793506011,48.0,0.0,0.6199948593931605,39.0,0.0,0.6199948593931605,38.0,0.0,0.6199948593931605,47.0,0.0,0.6199948593931605,00100000000_@2@1,00100000000_,2,1,00100000000_@2,single
37.0,1.0,0.20254699033941756,44.0,0.0,0.6200108182980781,40.0,1.0,0.18366435976025694,44.0,0.0,0.619995071425051,45.0,0.0,0.6199997285712345,46.0,0.0,0.6199997285712345,43.0,0.0,0.6199827245516851,40.0,0.0,0.6199827245516851,41.0,1.0,0.29230593406392463,45.0,1.0,0.4062500962858243,44.0,1.0,0.48152532108951507,42.0,0.0,0.6200024800017714,44.0,0.0,0.6199860438673661,41.0,0.0,0.6199860438673661,45.0,1.0,0.1623843686153209,42.0,0.0,0.6199860438673661,42.0,0.0,0.6200053907150558,41.0,1.0,0.4130977354425336,46.0,0.0,0.6200053907150558,44.0,0.0,0.6200053907150558,45.0,1.0,0.28980770158936786,44.0,1.0,0.19726441327417843,46.0,1.0,0.3931435717858194,46.0,1.0,0.5494085791777322,37.0,1.0,0.2458662544170979,43.0,1.0,0.51829973375477,40.0,0.0,0.6200121522612005,43.0,0.0,0.6200121522612005,41.0,1.0,0.4387082964408507,43.0,0.0,0.6200121522612005,43.0,0.0,0.6200121522612005,45.0,1.0,0.21084749183161078,45.0,0.0,0.620000467272798,41.0,0.0,0.620000467272798,38.0,1.0,0.026939470748404658,46.0,1.0,0.5417124020776367,00100000000_@2@2,00100000000_,2,2,00100000000_@2,single
42.0,0.0,0.6200002285716898,43.0,0.0,0.6200002285716898,42.0,0.0,0.619996261425901,44.0,0.0,0.619996261425901,49.0,1.0,0.32360455900325646,45.0,0.0,0.6200086578633272,35.0,0.0,0.6199834308382067,39.0,0.0,0.6199834308382067,40.0,0.0,0.6199834308382067,43.0,0.0,0.6199834308382067,41.0,1.0,0.3906002290001636,42.0,1.0,0.5141081172200838,41.0,1.0,0.47530527775620074,41.0,0.0,0.6200037238719288,47.0,0.0,0.6200037238719288,44.0,1.0,0.29043548656399654,43.0,0.0,0.6200056862865266,45.0,0.0,0.6200056862865266,44.0,0.0,0.6200056862865266,43.0,0.0,0.6200056862865266,45.0,0.0,0.6200045217653708,43.0,0.0,0.6200045217653708,44.0,0.0,0.6200045217653708,45.0,0.0,0.6200045217653708,40.0,0.0,0.6200111401319071,42.0,1.0,0.28911085680280174,41.0,0.0,0.6200111401319071,45.0,1.0,0.2528664244816579,40.0,0.0,0.6200111401319071,45.0,0.0,0.6200111401319071,42.0,0.0,0.6200111401319071,42.0,1.0,0.17777031090846732,40.0,1.0,0.4599442105976077,44.0,1.0,0.3892187921543625,39.0,1.0,0.1908692143741234,45.0,0.0,0.6199978171208814,00100000000_@2@3,00100000000_,2,3,00100000000_@2,single
40.0,0.0,0.6199928365632419,44.0,0.0,0.6199928365632419,45.0,0.0,0.619996261425901,45.0,0.0,0.619996261425901,45.0,0.0,0.6200089900064215,42.0,0.0,0.6200089900064215,43.0,1.0,0.0774702645374452,43.0,1.0,0.33105945035365764,42.0,1.0,0.45868132420722774,43.0,0.0,0.6199827245516853,40.0,1.0,0.2279265999475714,41.0,0.0,0.6200003771431265,42.0,0.0,0.6200061656790105,38.0,0.0,0.6200061656790105,43.0,0.0,0.6200061656790105,43.0,1.0,0.26197914063977823,41.0,0.0,0.6200020885717269,43.0,0.0,0.6200020885717269,46.0,0.0,0.6200020885717269,42.0,0.0,0.6200020885717269,47.0,0.0,0.6199897970573232,43.0,0.0,0.6199897970573232,45.0,0.0,0.6199897970573232,45.0,0.0,0.6199897970573232,41.0,0.0,0.6200165065849048,42.0,1.0,0.3009135999777032,39.0,0.0,0.6200165065849048,39.0,0.0,0.6200165065849048,45.0,0.0,0.6200165065849048,41.0,0.0,0.6200165065849048,43.0,1.0,0.53605172749722,47.0,0.0,0.6200165065849048,44.0,1.0,0.5112523562503569,42.0,1.0,0.3369880583315239,42.0,0.0,0.6200039242430186,44.0,0.0,0.6200039242430186,00100000000_@2@4,00100000000_,2,4,00100000000_@2,single
45.0,0.0,0.6200108182980781,45.0,0.0,0.6200108182980781,43.0,0.0,0.6199946378533129,45.0,0.0,0.6199946378533129,48.0,0.0,0.6199995399996715,48.0,0.0,0.6199995399996715,43.0,0.0,0.6199948514226873,44.0,0.0,0.6199948514226873,42.0,0.0,0.6199948514226873,43.0,1.0,0.45026451458801664,42.0,1.0,0.2733635452596752,41.0,0.0,0.6200000178571556,44.0,1.0,0.4886801704981086,42.0,0.0,0.6199878934162306,45.0,1.0,0.17978200252438778,46.0,1.0,0.2614639495390838,43.0,0.0,0.6199957691422527,46.0,0.0,0.6199957691422527,47.0,1.0,0.5263012309001758,42.0,0.0,0.6199957691422527,46.0,0.0,0.6199897970573229,46.0,1.0,0.29015522502282715,42.0,0.0,0.6199897970573229,43.0,0.0,0.6199897970573229,46.0,0.0,0.619987381674163,44.0,0.0,0.619987381674163,42.0,0.0,0.619987381674163,43.0,0.0,0.619987381674163,40.0,0.0,0.619987381674163,42.0,1.0,0.28244032888782683,44.0,1.0,0.12689241623030098,47.0,1.0,0.44100074245180454,46.0,0.0,0.6199905557561448,41.0,0.0,0.6199905557561448,43.0,0.0,0.6199905557561448,42.0,0.0,0.6199905557561448,00100000000_@2@5,00100000000_,2,5,00100000000_@2,single
43.0,0.0,0.6200001371430138,43.0,0.0,0.6200001371430138,45.0,0.0,0.619996261425901,45.0,0.0,0.619996261425901,42.0,0.0,0.6200082571487552,44.0,0.0,0.6200082571487552,40.0,1.0,0.10242975363400417,42.0,1.0,0.25548781427178774,43.0,0.0,0.6200042925763344,43.0,1.0,0.42775603629261294,43.0,0.0,0.6199983742845531,44.0,0.0,0.6199983742845531,46.0,1.0,0.3383954173923658,44.0,1.0,0.21092175972174443,46.0,0.0,0.6199956407730686,45.0,1.0,0.13872133334744086,46.0,0.0,0.6199968148566879,42.0,1.0,0.2682203371743339,45.0,0.0,0.6199968148566879,46.0,1.0,0.4935861139408734,46.0,0.0,0.6200012261766509,45.0,1.0,0.3749915801458206,46.0,0.0,0.6200012261766509,46.0,0.0,0.6200012261766509,46.0,0.0,0.6199917367720612,47.0,1.0,0.31341250926774433,45.0,0.0,0.6199917367720612,44.0,0.0,0.6199917367720612,46.0,0.0,0.6199917367720612,45.0,0.0,0.6199917367720612,44.0,1.0,0.00047759496195999026,45.0,0.0,0.6199917367720612,46.0,0.0,0.6200082303042773,44.0,1.0,0.5277269208677153,46.0,0.0,0.6200082303042773,45.0,0.0,0.6200082303042773,00100000000_@3@1,00100000000_,3,1,00100000000_@3,single
40.0,0.0,0.620010818298078,43.0,0.0,0.620010818298078,45.0,0.0,0.6199950714250511,47.0,0.0,0.6199950714250511,44.0,0.0,0.6200095428639592,44.0,0.0,0.6200095428639592,41.0,0.0,0.6200042925763344,42.0,0.0,0.6200042925763344,42.0,1.0,0.25398472912540476,40.0,1.0,0.08934191467647393,43.0,1.0,0.2821431415308154,42.0,0.0,0.620001065715047,45.0,0.0,0.6200178696820309,45.0,1.0,0.4979004510710841,45.0,0.0,0.6200178696820309,46.0,0.0,0.6200178696820309,43.0,0.0,0.6200097108585301,42.0,0.0,0.6200097108585301,45.0,0.0,0.6200097108585301,44.0,0.0,0.6200097108585301,44.0,1.0,0.44039374005790294,47.0,0.0,0.6200062770597466,47.0,0.0,0.6200062770597466,45.0,0.0,0.6200062770597466,44.0,1.0,0.18387406035459625,45.0,1.0,0.41837318667695145,42.0,0.0,0.6199917367720612,45.0,1.0,0.031227362897383978,45.0,0.0,0.6199917367720612,42.0,1.0,0.21399928103207255,46.0,0.0,0.6199917367720612,48.0,1.0,0.32524216909475334,48.0,0.0,0.6199914771199208,46.0,0.0,0.6199914771199208,45.0,1.0,0.5375354697781015,45.0,0.0,0.6199914771199208,00100000000_@3@2,00100000000_,3,2,00100000000_@3,single
44.0,1.0,0.3596326692944793,45.0,0.0,0.6200013862872987,46.0,0.0,0.619995071425051,45.0,0.0,0.619995071425051,45.0,0.0,0.6199984085702918,46.0,0.0,0.6199984085702918,49.0,0.0,0.6200115657275037,46.0,1.0,0.19788622615568704,46.0,0.0,0.6200115657275037,49.0,1.0,0.4500262286014041,44.0,1.0,0.2806271947337105,42.0,0.0,0.6200014542867531,42.0,0.0,0.620008245163418,42.0,0.0,0.620008245163418,45.0,1.0,0.17608427253787676,45.0,1.0,0.39379454033407485,44.0,0.0,0.6199904037129149,46.0,1.0,0.09954059050579865,46.0,1.0,0.10136608248086894,45.0,0.0,0.6199904037129149,42.0,0.0,0.6199897970573232,46.0,0.0,0.6199897970573232,45.0,1.0,0.04736722049517949,44.0,0.0,0.6199897970573232,41.0,0.0,0.6199835793506011,45.0,0.0,0.6199835793506011,42.0,0.0,0.6199835793506011,46.0,1.0,0.36723573993180386,40.0,0.0,0.6199835793506011,44.0,1.0,0.17687572306470273,43.0,1.0,0.10662512429035466,45.0,0.0,0.6199835793506011,47.0,0.0,0.6200064893949225,45.0,1.0,0.24375633466005067,42.0,0.0,0.6200064893949225,46.0,0.0,0.6200064893949225,00100000000_@3@3,00100000000_,3,3,00100000000_@3,single
42.0,0.0,0.6199829576948089,45.0,0.0,0.6199829576948089,45.0,1.0,0.4138922334944525,45.0,0.0,0.6200084757203398,46.0,1.0,0.36194670996193573,46.0,0.0,0.6199966957119255,39.0,1.0,0.2830820835223811,41.0,0.0,0.6199989371416424,42.0,0.0,0.6199989371416424,42.0,1.0,0.4925129171576196,41.0,1.0,0.216020685014775,43.0,1.0,0.49027189805135574,44.0,1.0,0.37290746475031344,44.0,1.0,0.4863865200997471,47.0,1.0,0.36325914742171544,44.0,1.0,0.21645628837581635,44.0,0.0,0.6200033488576212,43.0,0.0,0.6200033488576212,44.0,0.0,0.6200033488576212,46.0,1.0,0.0981348954478422,43.0,0.0,0.6199983792644675,47.0,1.0,0.3524009856472038,44.0,0.0,0.6199983792644675,45.0,0.0,0.6199983792644675,42.0,1.0,0.10865900920232495,43.0,0.0,0.6199955230956188,43.0,1.0,0.4704883670937721,46.0,0.0,0.6199955230956188,43.0,1.0,0.1608946789405623,45.0,0.0,0.6199955230956188,44.0,0.0,0.6199955230956188,44.0,1.0,0.2648517431875466,46.0,0.0,0.6200073666677828,47.0,1.0,0.32323641261157765,43.0,1.0,0.15746184203967303,44.0,0.0,0.6200073666677828,00100000000_@3@4,00100000000_,3,4,00100000000_@3,single
44.0,0.0,0.6199834559810925,41.0,0.0,0.6199834559810925,45.0,0.0,0.6199934714239083,44.0,0.0,0.6199934714239083,50.0,0.0,0.6199989207135148,48.0,0.0,0.6199989207135148,40.0,1.0,0.09735459926239914,37.0,1.0,0.5102951591944676,41.0,1.0,0.44321479453119367,44.0,0.0,0.6200163245900852,43.0,1.0,0.4058947499248214,43.0,0.0,0.6200014542867531,44.0,0.0,0.620002913549139,41.0,0.0,0.620002913549139,47.0,0.0,0.620002913549139,42.0,1.0,0.183902631200679,45.0,1.0,0.4185569602224229,43.0,0.0,0.6199924952846422,44.0,0.0,0.6199924952846422,47.0,0.0,0.6199924952846422,47.0,0.0,0.6200025364709612,45.0,1.0,0.04653016301914161,46.0,0.0,0.6200025364709612,45.0,0.0,0.6200025364709612,43.0,1.0,0.34353585329957503,46.0,0.0,0.6199955230956188,42.0,1.0,0.009440623855644866,43.0,1.0,0.025530091749701094,43.0,0.0,0.6199955230956188,45.0,1.0,0.18693904591975377,43.0,0.0,0.6199955230956188,48.0,1.0,0.4261137615777449,46.0,1.0,0.3081164103206682,45.0,1.0,0.542770991328938,43.0,0.0,0.6200073666677828,44.0,0.0,0.6200073666677828,00100000000_@3@5,00100000000_,3,5,00100000000_@3,single
44.0,0.0,0.6199834559810925,44.0,0.0,0.6199834559810925,43.0,1.0,0.28708531434665313,46.0,0.0,0.619996261425901,46.0,0.0,0.6199970928550662,46.0,0.0,0.6199970928550662,44.0,0.0,0.6199948514226873,44.0,0.0,0.6199948514226873,44.0,0.0,0.6199948514226873,44.0,0.0,0.6199948514226873,42.0,1.0,0.4470475736054097,42.0,0.0,0.6200007614291152,46.0,0.0,0.6199905055459368,42.0,1.0,0.4609117924933658,46.0,0.0,0.6199905055459368,46.0,0.0,0.6199905055459368,48.0,0.0,0.6200020885717269,45.0,0.0,0.6200020885717269,45.0,0.0,0.6200020885717269,48.0,1.0,0.5168460738351534,45.0,0.0,0.6199908999986617,47.0,0.0,0.6199908999986617,47.0,0.0,0.6199908999986617,47.0,0.0,0.6199908999986617,48.0,0.0,0.6199835793506011,49.0,1.0,0.5441114629965066,49.0,0.0,0.6199835793506011,47.0,0.0,0.6199835793506011,49.0,0.0,0.6199835793506011,47.0,1.0,0.38612109964415475,46.0,0.0,0.6199835793506011,45.0,0.0,0.6199835793506011,45.0,0.0,0.6199915818169063,44.0,0.0,0.6199915818169063,47.0,1.0,0.3660910978925906,46.0,0.0,0.6199915818169063,01000000000_@1@1,01000000000_,1,1,01000000000_@1,single
43.0,0.0,0.619982820551795,45.0,0.0,0.619982820551795,42.0,1.0,0.5345659818328442,44.0,0.0,0.6199950714250511,44.0,1.0,0.25100789929135664,44.0,0.0,0.6199984085702919,42.0,1.0,0.3199005118862993,42.0,0.0,0.6200042925763344,44.0,0.0,0.6200042925763344,44.0,0.0,0.6200042925763344,44.0,1.0,0.49399151713679795,41.0,0.0,0.6200017707155505,45.0,0.0,0.6199907045137301,43.0,0.0,0.6199907045137301,47.0,0.0,0.6199907045137301,43.0,1.0,0.17235148292941493,45.0,1.0,0.33825004832143546,44.0,1.0,0.42527256075322295,44.0,0.0,0.6200020885717269,46.0,0.0,0.6200020885717269,41.0,0.0,0.6199942088226779,46.0,0.0,0.6199942088226779,47.0,1.0,0.17671901598809062,47.0,0.0,0.6199942088226779,47.0,0.0,0.6199917367720612,42.0,0.0,0.6199917367720612,44.0,0.0,0.6199917367720612,45.0,0.0,0.6199917367720612,43.0,0.0,0.6199917367720612,47.0,1.0,0.2476513568132534,44.0,0.0,0.6199917367720612,47.0,0.0,0.6199917367720612,46.0,0.0,0.6199923477261133,45.0,0.0,0.6199923477261133,42.0,0.0,0.6199923477261133,44.0,0.0,0.6199923477261133,01000000000_@1@2,01000000000_,1,2,01000000000_@1,single
43.0,0.0,0.6200097085825241,41.0,1.0,0.47001153715604244,44.0,0.0,0.6199974964267831,45.0,0.0,0.6199974964267831,45.0,0.0,0.6199928485663204,48.0,0.0,0.6199928485663204,42.0,1.0,0.22216331675807624,41.0,1.0,0.2564043296049481,42.0,1.0,0.4711988630844149,42.0,1.0,0.1664025238885987,45.0,1.0,0.49882141344386677,44.0,0.0,0.620001065715047,45.0,1.0,0.5191212642893586,45.0,0.0,0.6199903535458977,45.0,1.0,0.43677763529745434,43.0,1.0,0.00946691857210802,46.0,0.0,0.6200097108585301,46.0,0.0,0.6200097108585301,46.0,0.0,0.6200097108585301,46.0,0.0,0.6200097108585301,45.0,0.0,0.6199968119112959,44.0,0.0,0.6199968119112959,46.0,0.0,0.6199968119112959,47.0,0.0,0.6199968119112959,45.0,1.0,0.13743713482248643,47.0,0.0,0.6199917367720612,45.0,1.0,0.06712046119237709,47.0,0.0,0.6199917367720612,43.0,1.0,0.06932474563219243,46.0,0.0,0.6199917367720612,46.0,0.0,0.6199917367720612,48.0,0.0,0.6199917367720612,47.0,0.0,0.6200047737886021,48.0,0.0,0.6200047737886021,46.0,0.0,0.6200047737886021,44.0,0.0,0.6200047737886021,01000000000_@1@3,01000000000_,1,3,01000000000_@1,single
46.0,0.0,0.620010818298078,42.0,0.0,0.620010818298078,44.0,1.0,0.3551751644108317,45.0,0.0,0.6199974964267831,46.0,0.0,0.6199984085702919,43.0,0.0,0.6199984085702919,43.0,0.0,0.6199989371416424,41.0,0.0,0.6199989371416424,39.0,1.0,0.20598129826434086,44.0,0.0,0.6199989371416424,44.0,0.0,0.6200017707155505,45.0,0.0,0.6200017707155505,46.0,0.0,0.6200104769059295,46.0,1.0,0.38931580885569256,46.0,1.0,0.2665087534216138,48.0,1.0,0.1386172112560545,45.0,0.0,0.6200097108585301,45.0,0.0,0.6200097108585301,46.0,0.0,0.6200097108585301,45.0,1.0,0.00030753432964776133,47.0,0.0,0.6200069473539628,46.0,1.0,0.3551283375188731,47.0,0.0,0.6200069473539628,44.0,0.0,0.6200069473539628,47.0,1.0,0.20800094761314777,46.0,0.0,0.6199992929030433,46.0,0.0,0.6199992929030433,46.0,0.0,0.6199992929030433,46.0,0.0,0.6199992929030433,45.0,0.0,0.6199992929030433,46.0,0.0,0.6199992929030433,47.0,0.0,0.6199992929030433,49.0,0.0,0.6200082303042772,43.0,1.0,0.38838868839222546,48.0,0.0,0.6200082303042772,45.0,0.0,0.6200082303042772,01000000000_@1@4,01000000000_,1,4,01000000000_@1,single
41.0,0.0,0.6200097085825241,44.0,0.0,0.6200097085825241,42.0,0.0,0.6199983428559592,44.0,0.0,0.6199983428559592,47.0,0.0,0.6200054885753489,41.0,0.0,0.6200054885753489,43.0,1.0,0.08084029353176404,40.0,0.0,0.6199834308382067,41.0,0.0,0.6199834308382067,40.0,0.0,0.6199834308382067,43.0,0.0,0.6200021328586662,43.0,0.0,0.6200021328586662,45.0,0.0,0.6199922007721809,43.0,0.0,0.6199922007721809,43.0,0.0,0.6199922007721809,47.0,0.0,0.6199922007721809,45.0,0.0,0.6200020885717269,45.0,1.0,0.2790870398695771,45.0,0.0,0.6200020885717269,46.0,1.0,0.40872905838986545,45.0,0.0,0.6199983792644675,46.0,0.0,0.6199983792644675,46.0,1.0,0.0833774531437431,47.0,0.0,0.6199983792644675,45.0,1.0,0.5196721212057087,45.0,0.0,0.6200074028406201,44.0,0.0,0.6200074028406201,44.0,0.0,0.6200074028406201,43.0,0.0,0.6200074028406201,43.0,1.0,0.12266465617152417,43.0,1.0,0.20419625398613003,46.0,1.0,0.5197455730956317,48.0,0.0,0.6200047737886021,46.0,0.0,0.6200047737886021,41.0,1.0,0.3494738937081657,44.0,0.0,0.6200047737886021,01000000000_@1@5,01000000000_,1,5,01000000000_@1,single
44.0,0.0,0.619982820551795,43.0,1.0,0.5326748784855755,46.0,1.0,0.4289606549718964,45.0,0.0,0.619996261425901,46.0,1.0,0.24511929937092813,45.0,0.0,0.6199991192850852,41.0,1.0,0.00011030412606185835,44.0,0.0,0.6199827245516851,44.0,1.0,0.21557103036689182,45.0,1.0,0.3094766096875539,45.0,0.0,0.620001065715047,45.0,1.0,0.2233814567010405,42.0,1.0,0.5109839344474669,45.0,0.0,0.6199893806424207,44.0,1.0,0.22347417250946386,44.0,0.0,0.6199893806424207,44.0,0.0,0.6200020885717269,46.0,0.0,0.6200020885717269,47.0,1.0,0.26311753758821965,44.0,0.0,0.6200020885717269,45.0,0.0,0.6200030700004513,46.0,0.0,0.6200030700004513,43.0,1.0,0.15371874407628586,47.0,0.0,0.6200030700004513,46.0,1.0,0.23135513118842094,43.0,0.0,0.6199935778047942,44.0,0.0,0.6199935778047942,45.0,1.0,0.49728689788048974,43.0,1.0,0.25000155458104634,43.0,0.0,0.6199935778047942,42.0,0.0,0.6199935778047942,46.0,0.0,0.6199935778047942,44.0,1.0,0.5063933046050462,43.0,1.0,0.09122157018508639,46.0,0.0,0.6200052266674586,44.0,0.0,0.6200052266674586,01000000000_@2@1,01000000000_,2,1,01000000000_@2,single
46.0,0.0,0.6200096365824419,47.0,0.0,0.6200096365824419,45.0,1.0,0.4688166777261984,45.0,0.0,0.6199950714250511,44.0,0.0,0.6199984085702919,47.0,0.0,0.6199984085702919,43.0,0.0,0.6199827245516851,44.0,1.0,0.21575487057699494,45.0,1.0,0.08519155336177527,43.0,1.0,0.2792900471886253,43.0,1.0,0.33062099044356463,43.0,1.0,0.12387399990999994,46.0,0.0,0.6199825127696807,46.0,0.0,0.6199825127696807,45.0,1.0,0.06768578933826822,47.0,1.0,0.15628656188040307,46.0,1.0,0.5215234355033479,41.0,0.0,0.6200076675725239,48.0,0.0,0.6200076675725239,45.0,1.0,0.5484927743561107,46.0,0.0,0.6199996935293667,45.0,0.0,0.6199996935293667,47.0,0.0,0.6199996935293667,48.0,0.0,0.6199996935293667,41.0,0.0,0.6200111401319071,46.0,0.0,0.6200111401319071,43.0,1.0,0.06811896854683058,43.0,0.0,0.6200111401319071,44.0,1.0,0.12683715221603928,44.0,0.0,0.6200111401319071,45.0,0.0,0.6200111401319071,43.0,0.0,0.6200111401319071,47.0,0.0,0.6200107945470901,47.0,1.0,0.29200339454596885,46.0,0.0,0.6200107945470901,47.0,1.0,0.4400998703181621,01000000000_@2@2,01000000000_,2,2,01000000000_@2,single
43.0,0.0,0.6199928365632419,44.0,0.0,0.6199928365632419,44.0,0.0,0.619996261425901,43.0,0.0,0.619996261425901,43.0,0.0,0.6199997285712346,47.0,0.0,0.6199997285712346,43.0,0.0,0.6199827245516851,44.0,0.0,0.6199827245516851,40.0,0.0,0.6199827245516851,41.0,0.0,0.6199827245516851,40.0,0.0,0.6200014542867531,41.0,0.0,0.6200014542867531,46.0,0.0,0.6199956407730686,46.0,1.0,0.28598050631755,46.0,0.0,0.6199956407730686,44.0,0.0,0.6199956407730686,43.0,1.0,0.3653712859101837,43.0,0.0,0.6200097108585301,45.0,0.0,0.6200097108585301,43.0,0.0,0.6200097108585301,46.0,1.0,0.41909918633811566,46.0,1.0,0.34967340671667746,44.0,1.0,0.20533977607937884,44.0,0.0,0.6199912441163594,44.0,0.0,0.6199992929030433,41.0,1.0,0.30842026436651987,35.0,1.0,0.020495237289093495,44.0,0.0,0.6199992929030433,42.0,0.0,0.6199992929030433,42.0,1.0,0.15220835721505993,41.0,0.0,0.6199992929030433,41.0,0.0,0.6199992929030433,45.0,1.0,0.5088923498321742,44.0,0.0,0.6199996393938847,42.0,1.0,0.15864670964344085,46.0,0.0,0.6199996393938847,01000000000_@2@3,01000000000_,2,3,01000000000_@2,single
41.0,0.0,0.6199928365632417,42.0,1.0,0.5529665839618102,41.0,0.0,0.6199974964267831,42.0,0.0,0.6199974964267831,44.0,0.0,0.6200096085782919,45.0,0.0,0.6200096085782919,40.0,0.0,0.6199876685573354,43.0,0.0,0.6199876685573354,41.0,1.0,0.41157331951236514,44.0,0.0,0.6199876685573354,42.0,1.0,0.4077843291316637,41.0,0.0,0.620001065715047,47.0,0.0,0.6200029135491388,42.0,1.0,0.10691754346259184,45.0,1.0,0.5373358584092537,43.0,1.0,0.23912541241946123,44.0,0.0,0.6199924952846421,42.0,0.0,0.6199924952846421,45.0,1.0,0.19415646187949454,42.0,1.0,0.5584586963512422,47.0,1.0,0.5577840189388263,44.0,0.0,0.6200037223534887,48.0,1.0,0.530864220421209,45.0,0.0,0.6200037223534887,43.0,1.0,0.4698478053800788,44.0,0.0,0.6199992929030433,41.0,1.0,0.23176513852003575,44.0,0.0,0.6199992929030433,41.0,1.0,0.00881515582326602,42.0,0.0,0.6199992929030433,43.0,0.0,0.6199992929030433,44.0,1.0,0.4845764615681191,44.0,1.0,0.3657296810196486,41.0,0.0,0.6200099031833186,45.0,1.0,0.015188725937685745,46.0,0.0,0.6200099031833186,01000000000_@2@4,01000000000_,2,4,01000000000_@2,single
41.0,0.0,0.6199829576948087,45.0,0.0,0.6199829576948087,45.0,1.0,0.3232173737266955,46.0,0.0,0.6199974964267831,44.0,1.0,0.41951390965279256,45.0,1.0,0.20038828599163283,43.0,1.0,0.18010000354286118,41.0,0.0,0.6200097817254648,43.0,1.0,0.0319206410521612,43.0,0.0,0.6200097817254648,39.0,1.0,0.36573316123797234,41.0,1.0,0.1725887732776952,38.0,1.0,0.4978759349357252,41.0,0.0,0.6199985470963992,42.0,0.0,0.6199985470963992,40.0,1.0,0.4380388227196962,42.0,0.0,0.6199929057132723,44.0,1.0,0.48154967822138256,46.0,0.0,0.6199929057132723,44.0,0.0,0.6199929057132723,45.0,0.0,0.6199976647055389,43.0,0.0,0.6199976647055389,43.0,0.0,0.6199976647055389,45.0,0.0,0.6199976647055389,44.0,0.0,0.6199862095448283,44.0,0.0,0.6199862095448283,41.0,0.0,0.6199862095448283,44.0,1.0,0.1265525234974254,42.0,1.0,0.31764793539301556,44.0,0.0,0.6199862095448283,44.0,0.0,0.6199862095448283,43.0,0.0,0.6199862095448283,44.0,0.0,0.6200047737886021,41.0,1.0,0.3885636644793431,39.0,0.0,0.6200047737886021,45.0,0.0,0.6200047737886021,01000000000_@2@5,01000000000_,2,5,01000000000_@2,single
40.0,0.0,0.6200107942980506,44.0,0.0,0.6200107942980506,40.0,0.0,0.619996261425901,44.0,0.0,0.619996261425901,44.0,0.0,0.6199963371402408,44.0,0.0,0.6199963371402408,39.0,1.0,0.34180793806621496,39.0,0.0,0.6200142914449045,41.0,1.0,0.3497535380040434,42.0,0.0,0.6200142914449045,45.0,0.0,0.6200014542867531,43.0,0.0,0.6200014542867531,42.0,1.0,0.4519337672087141,38.0,0.0,0.6199975654187265,45.0,1.0,0.36301780413362683,43.0,1.0,0.08579610472157541,41.0,0.0,0.6200097108585301,41.0,1.0,0.32832365033195005,44.0,0.0,0.6200097108585301,46.0,0.0,0.6200097108585301,43.0,0.0,0.6200038411770354,47.0,0.0,0.6200038411770354,44.0,0.0,0.6200038411770354,43.0,0.0,0.6200038411770354,42.0,0.0,0.619987381674163,41.0,1.0,0.3612796818786276,41.0,1.0,0.09959621899257265,45.0,1.0,0.05580474240122385,42.0,0.0,0.619987381674163,43.0,1.0,0.12266756739808192,42.0,1.0,0.2265621108547383,40.0,1.0,0.0633727324832858,42.0,0.0,0.6200073666677828,43.0,1.0,0.3317891411801729,41.0,0.0,0.6200073666677828,46.0,0.0,0.6200073666677828,01000000000_@3@1,01000000000_,3,1,01000000000_@3,single
40.0,1.0,0.25948745769995163,43.0,1.0,0.13806229721405394,43.0,1.0,0.4294161995829997,45.0,0.0,0.6199974964267831,47.0,0.0,0.620010296435926,47.0,0.0,0.620010296435926,42.0,1.0,0.22138739587130957,42.0,0.0,0.6199948514226873,43.0,0.0,0.6199948514226873,41.0,1.0,0.4480983692552791,43.0,0.0,0.620001065715047,43.0,0.0,0.620001065715047,41.0,0.0,0.620002913549139,42.0,0.0,0.620002913549139,43.0,1.0,0.26512134170873336,44.0,1.0,0.2372314232855286,42.0,0.0,0.6200053907150559,44.0,0.0,0.6200053907150559,46.0,0.0,0.6200053907150559,44.0,0.0,0.6200053907150559,46.0,0.0,0.6199904176456497,46.0,1.0,0.2371220436944182,44.0,0.0,0.6199904176456497,47.0,0.0,0.6199904176456497,42.0,0.0,0.6199835793506011,43.0,0.0,0.6199835793506011,43.0,0.0,0.6199835793506011,41.0,0.0,0.6199835793506011,43.0,0.0,0.6199835793506011,44.0,1.0,0.18492220901218298,43.0,1.0,0.06745821095695767,46.0,0.0,0.6199835793506011,44.0,0.0,0.619996314393381,45.0,0.0,0.619996314393381,44.0,0.0,0.619996314393381,44.0,0.0,0.619996314393381,01000000000_@3@2,01000000000_,3,2,01000000000_@3,single
38.0,1.0,0.3810517760591726,46.0,0.0,0.6200107942980506,45.0,1.0,0.3900363500259643,45.0,0.0,0.6199974964267831,50.0,0.0,0.6199984085702918,45.0,0.0,0.6199984085702918,41.0,0.0,0.6200042925763343,40.0,0.0,0.6200042925763343,43.0,1.0,0.04520253623146997,39.0,1.0,0.3089023278883747,45.0,0.0,0.6200014542867531,43.0,1.0,0.04968895549211107,43.0,0.0,0.6200029135491388,44.0,0.0,0.6200029135491388,45.0,1.0,0.3520591566604275,45.0,0.0,0.6200029135491388,45.0,0.0,0.6200097108585301,47.0,0.0,0.6200097108585301,44.0,0.0,0.6200097108585301,47.0,0.0,0.6200097108585301,44.0,1.0,0.5515163940465284,45.0,0.0,0.6200034652946271,45.0,0.0,0.6200034652946271,44.0,0.0,0.6200034652946271,44.0,1.0,0.4851038993816515,42.0,0.0,0.6199835793506011,43.0,0.0,0.6199835793506011,44.0,1.0,0.03461091215765475,42.0,1.0,0.3001816903694685,45.0,0.0,0.6199835793506011,45.0,0.0,0.6199835793506011,44.0,0.0,0.6199835793506011,46.0,1.0,0.3401551115386533,45.0,1.0,0.4587138595021,45.0,0.0,0.6199939239384733,43.0,0.0,0.6199939239384733,01000000000_@3@3,01000000000_,3,3,01000000000_@3,single
42.0,1.0,0.260544537765186,44.0,0.0,0.620010818298078,40.0,0.0,0.6199950714250511,44.0,0.0,0.6199950714250511,42.0,1.0,0.3125685389775279,46.0,0.0,0.6200082571487552,45.0,0.0,0.6199827245516851,42.0,1.0,0.5547929860491269,46.0,0.0,0.6199827245516851,45.0,1.0,0.08368406363892987,45.0,0.0,0.6200014542867531,44.0,0.0,0.6200014542867531,43.0,0.0,0.6200178696820309,45.0,1.0,0.5365517836262668,46.0,0.0,0.6200178696820309,48.0,0.0,0.6200178696820309,46.0,0.0,0.6200097108585301,44.0,0.0,0.6200097108585301,44.0,1.0,0.24666303466614778,49.0,0.0,0.6200097108585301,47.0,0.0,0.6199912441163594,48.0,0.0,0.6199912441163594,47.0,0.0,0.6199912441163594,46.0,0.0,0.6199912441163594,44.0,0.0,0.6200165065849048,44.0,0.0,0.6200165065849048,45.0,0.0,0.6200165065849048,47.0,0.0,0.6200165065849048,48.0,0.0,0.6200165065849048,41.0,1.0,0.07408008518195745,43.0,1.0,0.06456285201621986,44.0,1.0,0.3191029066072017,48.0,1.0,0.36022434548853716,47.0,0.0,0.6200082303042772,43.0,0.0,0.6200082303042772,46.0,0.0,0.6200082303042772,01000000000_@3@4,01000000000_,3,4,01000000000_@3,single
44.0,0.0,0.6199929142776162,45.0,1.0,0.35369966137104153,43.0,0.0,0.6199974964267831,44.0,0.0,0.6199974964267831,44.0,0.0,0.6200054885753489,43.0,1.0,0.46050054464324613,42.0,1.0,0.05649400513600587,43.0,0.0,0.6200042925763344,41.0,1.0,0.199800342628963,43.0,0.0,0.6200042925763344,45.0,0.0,0.620001065715047,43.0,1.0,0.2673874295624497,42.0,1.0,0.40097870631708543,47.0,0.0,0.6199913305784078,44.0,1.0,0.316714527152136,45.0,1.0,0.016481627995258836,43.0,1.0,0.530130075732868,45.0,1.0,0.33273554753364964,46.0,0.0,0.6200020885717269,45.0,0.0,0.6200020885717269,45.0,0.0,0.6200030700004513,47.0,0.0,0.6200030700004513,48.0,0.0,0.6200030700004513,46.0,0.0,0.6200030700004513,41.0,0.0,0.6200121522612005,44.0,0.0,0.6200121522612005,42.0,0.0,0.6200121522612005,43.0,0.0,0.6200121522612005,43.0,0.0,0.6200121522612005,42.0,0.0,0.6200121522612005,42.0,0.0,0.6200121522612005,44.0,1.0,0.07224227412703849,45.0,0.0,0.6199929748474204,45.0,0.0,0.6199929748474204,44.0,0.0,0.6199929748474204,47.0,1.0,0.31032397156423813,01000000000_@3@5,01000000000_,3,5,01000000000_@3,single
45.0,0.0,0.6200096365824419,45.0,0.0,0.6200096365824419,44.0,0.0,0.6199960999975626,44.0,0.0,0.6199960999975626,47.0,1.0,0.45502210063881293,46.0,0.0,0.6199957937473711,47.0,1.0,0.02187630500149143,46.0,0.0,0.6200002205716806,47.0,1.0,0.34152772631740147,47.0,1.0,0.4961693041934905,52.0,1.0,0.22617687869777048,47.0,1.0,0.5016026554304681,46.0,0.0,0.6199938826651836,48.0,0.0,0.6199938826651836,48.0,1.0,0.5141937653803067,47.0,0.0,0.6199938826651836,46.0,1.0,0.4787200819368528,44.0,1.0,0.5054158822915633,46.0,0.0,0.6199904847355899,47.0,1.0,0.48874638483505056,45.0,0.0,0.6200073562172101,46.0,0.0,0.6200073562172101,49.0,0.0,0.6200073562172101,45.0,0.0,0.6200073562172101,47.0,1.0,0.10712140779327241,46.0,1.0,0.36352903283036064,47.0,1.0,0.1902746762999238,47.0,0.0,0.620010179767101,47.0,1.0,0.20872867311262894,45.0,0.0,0.620010179767101,46.0,0.0,0.620010179767101,45.0,0.0,0.620010179767101,49.0,1.0,0.37537604171889466,47.0,1.0,0.5024727260378786,49.0,0.0,0.619989148609604,45.0,0.0,0.619989148609604,10000000000_@1@1,10000000000_,1,1,10000000000_@1,single
45.0,0.0,0.6200107942980506,44.0,0.0,0.6200107942980506,45.0,1.0,0.2548343492714683,44.0,0.0,0.620002806251754,47.0,1.0,0.42808212692632935,48.0,0.0,0.6200030381268989,42.0,0.0,0.6200047337196957,47.0,0.0,0.6200047337196957,46.0,0.0,0.6200047337196957,43.0,0.0,0.6200047337196957,47.0,1.0,0.4152971716408369,48.0,0.0,0.6200035678596914,45.0,0.0,0.6200166455797929,46.0,1.0,0.19102029891401187,49.0,0.0,0.6200166455797929,47.0,0.0,0.6200166455797929,47.0,1.0,0.3634893615117581,47.0,0.0,0.61999048473559,49.0,0.0,0.61999048473559,46.0,0.0,0.61999048473559,48.0,0.0,0.6200043735141045,48.0,1.0,0.3777221148273128,45.0,0.0,0.6200043735141045,47.0,0.0,0.6200043735141045,46.0,1.0,0.21258993355057257,46.0,0.0,0.6200141482386231,44.0,0.0,0.6200141482386231,45.0,0.0,0.6200141482386231,44.0,1.0,0.06826552076835782,43.0,0.0,0.6200141482386231,46.0,1.0,0.1395454587165785,43.0,1.0,0.41547491422939153,48.0,0.0,0.6199899877128553,47.0,0.0,0.6199899877128553,48.0,1.0,0.33584518712074096,46.0,1.0,0.023678733382676193,10000000000_@1@2,10000000000_,1,2,10000000000_@1,single
44.0,0.0,0.6199916251332859,46.0,1.0,0.5566862796414624,46.0,0.0,0.6199899624937265,43.0,0.0,0.6199899624937265,46.0,0.0,0.6200061500038436,46.0,0.0,0.6200061500038436,44.0,1.0,0.06129232604837262,43.0,0.0,0.6199827245516851,43.0,0.0,0.6199827245516851,45.0,0.0,0.6199827245516851,46.0,0.0,0.6200035678596914,43.0,1.0,0.11770945907818506,47.0,1.0,0.375815242621877,44.0,0.0,0.6199986351511843,48.0,1.0,0.22599399418036223,45.0,0.0,0.6199986351511843,46.0,0.0,0.6199926263148192,47.0,0.0,0.6199926263148192,45.0,1.0,0.48973983443945185,45.0,0.0,0.6199926263148192,48.0,1.0,0.5131223497462635,49.0,0.0,0.6200081581092106,49.0,1.0,0.2643646472114388,50.0,0.0,0.6200081581092106,44.0,1.0,0.06902812659485331,46.0,0.0,0.6200027630594737,46.0,0.0,0.6200027630594737,45.0,1.0,0.1326134387325738,45.0,1.0,0.023205512989532467,46.0,1.0,0.5374411518685063,44.0,1.0,0.14162350320553016,43.0,0.0,0.6200027630594737,46.0,1.0,0.05481917428044087,46.0,0.0,0.619989148609604,47.0,0.0,0.619989148609604,48.0,0.0,0.619989148609604,10000000000_@1@3,10000000000_,1,3,10000000000_@1,single
43.0,0.0,0.6200020302049379,46.0,0.0,0.6200020302049379,45.0,0.0,0.6199950666404267,43.0,0.0,0.6199950666404267,45.0,0.0,0.6199907611461851,47.0,0.0,0.6199907611461851,46.0,0.0,0.6199898590506936,46.0,1.0,0.3355061925504376,46.0,1.0,0.19464284973754434,45.0,1.0,0.2694489307981492,50.0,0.0,0.6199914952299954,46.0,1.0,0.4125761586439606,48.0,1.0,0.5296273577278442,45.0,0.0,0.6200080863049905,49.0,0.0,0.6200080863049905,47.0,1.0,0.3365058255771698,46.0,1.0,0.37013255607007317,46.0,0.0,0.61999048473559,46.0,0.0,0.61999048473559,46.0,1.0,0.5580898539591913,52.0,0.0,0.619994104728933,47.0,1.0,0.15255650223736517,47.0,1.0,0.5288252107871906,46.0,1.0,0.21066733954964048,44.0,0.0,0.6199974181170396,46.0,1.0,0.42200547482481765,45.0,0.0,0.6199974181170396,44.0,1.0,0.33383345478434234,45.0,0.0,0.6199974181170396,45.0,0.0,0.6199974181170396,46.0,0.0,0.6199974181170396,43.0,1.0,0.28542889021856244,49.0,0.0,0.6199977394441305,45.0,1.0,0.4855296204902251,47.0,1.0,0.21133509657431898,44.0,1.0,0.11092583429525477,10000000000_@1@4,10000000000_,1,4,10000000000_@1,single
47.0,0.0,0.6200140672654972,45.0,0.0,0.6200140672654972,42.0,0.0,0.6200083664867776,43.0,0.0,0.6200083664867776,44.0,0.0,0.6200014948246745,46.0,0.0,0.6200014948246745,44.0,0.0,0.6200131922333318,43.0,1.0,0.513793309448,38.0,1.0,0.14666190236152143,43.0,0.0,0.6200131922333318,45.0,0.0,0.6199931733268318,44.0,1.0,0.429714506394768,44.0,0.0,0.6200080863049905,45.0,0.0,0.6200080863049905,48.0,1.0,0.24664473979266416,47.0,0.0,0.6200080863049905,44.0,0.0,0.6199904847355899,47.0,0.0,0.6199904847355899,46.0,0.0,0.6199904847355899,45.0,0.0,0.6199904847355899,47.0,1.0,0.45411725690773735,47.0,1.0,0.4525205160162859,48.0,0.0,0.6199916775664428,46.0,0.0,0.6199916775664428,47.0,0.0,0.6200074110605673,44.0,0.0,0.6200074110605673,45.0,1.0,0.08886123643793799,45.0,0.0,0.6200074110605673,45.0,1.0,0.378340127844736,46.0,1.0,0.3122270739357821,43.0,0.0,0.6200074110605673,45.0,1.0,0.21340661703685107,48.0,0.0,0.6199977394441305,42.0,1.0,0.5169266062398065,45.0,0.0,0.6199977394441305,46.0,0.0,0.6199977394441305,10000000000_@1@5,10000000000_,1,5,10000000000_@1,single
43.0,0.0,0.6200165550103489,45.0,0.0,0.6200165550103489,50.0,0.0,0.6199951975508401,48.0,0.0,0.6199951975508401,45.0,0.0,0.6199901044090406,47.0,0.0,0.6199901044090406,44.0,0.0,0.619982982930226,46.0,1.0,0.25663455702914384,49.0,0.0,0.619982982930226,48.0,0.0,0.619982982930226,45.0,1.0,0.3003630032028602,42.0,1.0,0.40003103526765266,45.0,1.0,0.40920139932155136,44.0,1.0,0.45142383040577705,42.0,0.0,0.6200167362464815,42.0,1.0,0.4124293004677092,44.0,0.0,0.6199926263148192,43.0,0.0,0.6199926263148192,43.0,0.0,0.6199926263148192,45.0,1.0,0.15916595883762616,47.0,0.0,0.619994104728933,45.0,1.0,0.4344832411463839,48.0,0.0,0.619994104728933,47.0,0.0,0.619994104728933,45.0,0.0,0.6199945797634304,42.0,0.0,0.6199945797634304,45.0,0.0,0.6199945797634304,44.0,0.0,0.6199945797634304,44.0,0.0,0.6199945797634304,44.0,0.0,0.6199945797634304,47.0,1.0,0.05937603655906742,42.0,1.0,0.07480792724892404,47.0,1.0,0.4411494466874231,46.0,0.0,0.6200085548622992,44.0,1.0,0.23932221157252936,44.0,0.0,0.6200085548622992,10000000000_@2@1,10000000000_,2,1,10000000000_@2,single
45.0,0.0,0.6199956050551546,43.0,0.0,0.6199956050551546,46.0,0.0,0.620009556417323,45.0,0.0,0.620009556417323,45.0,0.0,0.6199969316649486,44.0,0.0,0.6199969316649486,46.0,0.0,0.6199963234238116,43.0,1.0,0.5333562353391738,47.0,1.0,0.22701245631672173,45.0,0.0,0.6199963234238116,46.0,0.0,0.6199921790401706,40.0,1.0,0.4855561195772568,45.0,0.0,0.6199844581780504,44.0,0.0,0.6199844581780504,47.0,1.0,0.20898727829994623,46.0,1.0,0.10454930970892355,45.0,1.0,0.506523081384616,46.0,1.0,0.039100530934280384,45.0,0.0,0.61999048473559,44.0,0.0,0.61999048473559,47.0,0.0,0.6200046437844113,48.0,0.0,0.6200046437844113,46.0,1.0,0.26538179586240485,44.0,0.0,0.6200046437844113,43.0,0.0,0.6200113807085601,43.0,0.0,0.6200113807085601,47.0,0.0,0.6200113807085601,45.0,1.0,0.240419326216312,44.0,1.0,0.08191603150965446,44.0,0.0,0.6200113807085601,45.0,1.0,0.06431272101475788,47.0,0.0,0.6200113807085601,47.0,0.0,0.6199977394441305,44.0,1.0,0.5383088480984511,44.0,1.0,0.2160479172288774,45.0,0.0,0.6199977394441305,10000000000_@2@2,10000000000_,2,2,10000000000_@2,single
44.0,1.0,0.2268964929937292,43.0,0.0,0.6199905808882351,47.0,0.0,0.6200100646324752,45.0,0.0,0.6200100646324752,46.0,0.0,0.6199946264098947,46.0,0.0,0.6199946264098947,50.0,1.0,0.021586306829631856,48.0,0.0,0.6199985157841874,51.0,1.0,0.10446888424716032,46.0,0.0,0.6199985157841874,39.0,1.0,0.20659740818800781,44.0,1.0,0.47953526812882685,46.0,0.0,0.6199938826651837,45.0,1.0,0.14695491562543408,47.0,0.0,0.6199938826651837,45.0,0.0,0.6199938826651837,45.0,0.0,0.6199923096042512,45.0,0.0,0.6199923096042512,44.0,1.0,0.2502644133242649,46.0,0.0,0.6199923096042512,48.0,1.0,0.1418231256517737,45.0,0.0,0.6199974621618192,46.0,0.0,0.6199974621618192,45.0,0.0,0.6199974621618192,46.0,1.0,0.5066858975731524,43.0,0.0,0.6199974181170396,42.0,0.0,0.6199974181170396,43.0,0.0,0.6199974181170396,46.0,0.0,0.6199974181170396,43.0,1.0,0.5076414926215277,45.0,0.0,0.6199974181170396,45.0,1.0,0.4650072520017064,45.0,0.0,0.6200086316678655,46.0,0.0,0.6200086316678655,46.0,1.0,0.2750186133359185,43.0,0.0,0.6200086316678655,10000000000_@2@3,10000000000_,2,3,10000000000_@2,single
44.0,1.0,0.3595664109330411,45.0,0.0,0.6200097085825241,44.0,0.0,0.619996261425901,44.0,0.0,0.619996261425901,44.0,0.0,0.6199970928550662,44.0,0.0,0.6199970928550662,41.0,1.0,0.2786206612807557,38.0,1.0,0.25303155317891785,40.0,1.0,0.3795106691550504,41.0,1.0,0.31509797154053887,41.0,1.0,0.5146791590565422,42.0,1.0,0.41773996981426414,42.0,0.0,0.619995018665459,43.0,0.0,0.619995018665459,47.0,0.0,0.619995018665459,46.0,0.0,0.619995018665459,45.0,0.0,0.6199926263148192,45.0,0.0,0.6199926263148192,45.0,0.0,0.6199926263148192,46.0,0.0,0.6199926263148192,46.0,0.0,0.6199921291881255,45.0,0.0,0.6199921291881255,47.0,0.0,0.6199921291881255,47.0,0.0,0.6199921291881255,46.0,0.0,0.6199874101146847,44.0,0.0,0.6199874101146847,46.0,0.0,0.6199874101146847,43.0,1.0,0.30560119331792784,47.0,1.0,0.00014702968165404275,46.0,1.0,0.13427485677055453,46.0,0.0,0.6199874101146847,44.0,0.0,0.6199874101146847,44.0,0.0,0.6200072124296017,42.0,0.0,0.6200072124296017,44.0,0.0,0.6200072124296017,44.0,0.0,0.6200072124296017,10000000000_@2@4,10000000000_,2,4,10000000000_@2,single
42.0,0.0,0.6200086666782222,45.0,0.0,0.6200086666782222,44.0,0.0,0.6199950714250511,45.0,0.0,0.6199950714250511,45.0,1.0,0.4983642088315778,47.0,0.0,0.6200082571487552,43.0,1.0,0.10163406243892852,39.0,0.0,0.6200007908580468,41.0,1.0,0.15004870062708645,45.0,1.0,0.10405479434833642,44.0,0.0,0.620000085714347,43.0,1.0,0.08814506296075926,44.0,0.0,0.6199972758781275,45.0,1.0,0.15465535118917603,47.0,0.0,0.6199972758781275,46.0,0.0,0.6199972758781275,44.0,0.0,0.61999048473559,39.0,1.0,0.22517148962782757,46.0,1.0,0.33585039155926205,45.0,0.0,0.61999048473559,49.0,0.0,0.6200073562172104,46.0,0.0,0.6200073562172104,45.0,0.0,0.6200073562172104,48.0,0.0,0.6200073562172104,46.0,0.0,0.6200113807085601,44.0,0.0,0.6200113807085601,44.0,0.0,0.6200113807085601,43.0,0.0,0.6200113807085601,46.0,0.0,0.6200113807085601,45.0,0.0,0.6200113807085601,46.0,1.0,0.13483621337322665,44.0,0.0,0.6200113807085601,47.0,0.0,0.619989148609604,45.0,0.0,0.619989148609604,45.0,1.0,0.4044441707561348,43.0,1.0,0.14811215598779945,10000000000_@2@5,10000000000_,2,5,10000000000_@2,single
44.0,0.0,0.6200097085825241,42.0,0.0,0.6200097085825241,44.0,0.0,0.619996261425901,44.0,0.0,0.619996261425901,47.0,1.0,0.5434381360272401,46.0,0.0,0.6199991192850852,40.0,1.0,0.3404535410897613,41.0,1.0,0.25510174297342053,40.0,1.0,0.25502838517529736,44.0,0.0,0.6199834308382067,42.0,0.0,0.6200000178571556,41.0,1.0,0.5433301880929915,43.0,1.0,0.3128794145162217,45.0,0.0,0.6200032736977633,45.0,1.0,0.5491171115435421,44.0,1.0,0.25213045627405,42.0,0.0,0.6199947552624677,44.0,0.0,0.6199947552624677,43.0,0.0,0.6199947552624677,46.0,0.0,0.6199947552624677,46.0,0.0,0.6199948021614597,47.0,0.0,0.6199948021614597,47.0,0.0,0.6199948021614597,46.0,0.0,0.6199948021614597,46.0,0.0,0.6200113807085601,43.0,1.0,0.48076515218003574,45.0,0.0,0.6200113807085601,41.0,0.0,0.6200113807085601,43.0,0.0,0.6200113807085601,43.0,1.0,0.16177405594683666,44.0,1.0,0.22696877999265408,44.0,0.0,0.6200113807085601,47.0,1.0,0.42308419626169386,43.0,0.0,0.6199954236104754,44.0,1.0,0.5477902760819827,43.0,0.0,0.6199954236104754,10000000000_@3@1,10000000000_,3,1,10000000000_@3,single
44.0,0.0,0.6199829576948087,44.0,0.0,0.6199829576948087,41.0,1.0,0.36938733241952315,43.0,0.0,0.619996261425901,46.0,0.0,0.620008257148755,45.0,0.0,0.620008257148755,44.0,1.0,0.3365394006164579,41.0,0.0,0.6200163245900853,41.0,0.0,0.6200163245900853,43.0,0.0,0.6200163245900853,45.0,0.0,0.6200014542867531,44.0,0.0,0.6200014542867531,47.0,0.0,0.6200028266673518,45.0,0.0,0.6200028266673518,44.0,0.0,0.6200028266673518,49.0,0.0,0.6200028266673518,43.0,0.0,0.6199904847355899,45.0,1.0,0.4954920978279075,47.0,0.0,0.6199904847355899,46.0,1.0,0.47162580626655337,48.0,0.0,0.6200058900007959,46.0,0.0,0.6200058900007959,47.0,1.0,0.2654124887043903,44.0,0.0,0.6200058900007959,48.0,0.0,0.6199974181170395,42.0,0.0,0.6199974181170395,45.0,1.0,0.14216314027368004,44.0,0.0,0.6199974181170395,47.0,0.0,0.6199974181170395,46.0,0.0,0.6199974181170395,47.0,0.0,0.6199974181170395,48.0,0.0,0.6199974181170395,43.0,1.0,0.4347337557963549,47.0,0.0,0.6199914773599273,45.0,1.0,0.43311902418319775,45.0,0.0,0.6199914773599273,10000000000_@3@2,10000000000_,3,2,10000000000_@3,single
42.0,0.0,0.620010818298078,46.0,0.0,0.620010818298078,45.0,0.0,0.6199950714250511,45.0,0.0,0.6199950714250511,46.0,0.0,0.6200082571487552,46.0,0.0,0.6200082571487552,40.0,1.0,0.23939571473795973,38.0,1.0,0.31348478226832266,42.0,0.0,0.6200007908580468,42.0,0.0,0.6200007908580468,41.0,0.0,0.6200014542867531,44.0,0.0,0.6200014542867531,44.0,0.0,0.6199844581780504,44.0,0.0,0.6199844581780504,46.0,0.0,0.6199844581780504,48.0,0.0,0.6199844581780504,45.0,0.0,0.6199947552624677,46.0,0.0,0.6199947552624677,45.0,0.0,0.6199947552624677,44.0,1.0,0.2866593903499197,49.0,0.0,0.6199908254041656,47.0,0.0,0.6199908254041656,49.0,0.0,0.6199908254041656,45.0,0.0,0.6199908254041656,46.0,1.0,0.10092553857071497,47.0,1.0,0.5254670156392979,45.0,1.0,0.4912861158320273,45.0,1.0,0.047191693927457395,47.0,0.0,0.6199974181170396,42.0,1.0,0.28120221981228705,46.0,1.0,0.01484847690552398,44.0,0.0,0.6199974181170396,45.0,0.0,0.6200086316678655,44.0,1.0,0.027739755380521577,44.0,0.0,0.6200086316678655,45.0,1.0,0.3701544069658898,10000000000_@3@3,10000000000_,3,3,10000000000_@3,single
44.0,1.0,0.30468215485502986,45.0,1.0,0.2948548945049102,45.0,0.0,0.6199944684215347,47.0,0.0,0.6199944684215347,47.0,0.0,0.6200079682346433,47.0,0.0,0.6200079682346433,45.0,0.0,0.6200082800138533,42.0,1.0,0.2714915803367227,44.0,0.0,0.6200082800138533,43.0,1.0,0.2126610828176945,43.0,0.0,0.6199949980904744,44.0,1.0,0.5147023416212778,45.0,1.0,0.42495824798987825,44.0,0.0,0.6199972758781275,48.0,1.0,0.41882260650245,48.0,0.0,0.6199972758781275,44.0,0.0,0.61999048473559,45.0,0.0,0.61999048473559,47.0,0.0,0.61999048473559,42.0,1.0,0.4743117892515512,48.0,0.0,0.6200086547308993,47.0,0.0,0.6200086547308993,47.0,1.0,0.34205448284520035,47.0,0.0,0.6200086547308993,47.0,0.0,0.6199974181170396,45.0,0.0,0.6199974181170396,47.0,1.0,0.08725317864780675,47.0,1.0,0.4227773015946592,47.0,1.0,0.017457986460702696,47.0,1.0,0.17237464526462243,45.0,0.0,0.6199974181170396,46.0,0.0,0.6199974181170396,48.0,1.0,0.5159811133307102,47.0,0.0,0.619989148609604,48.0,1.0,0.5295113235432394,45.0,0.0,0.619989148609604,10000000000_@3@4,10000000000_,3,4,10000000000_@3,single
43.0,0.0,0.6200097085825241,48.0,0.0,0.6200097085825241,44.0,1.0,0.3727386590990422,45.0,0.0,0.6199974964267831,47.0,0.0,0.6200082571487552,44.0,0.0,0.6200082571487552,43.0,0.0,0.6200007908580468,40.0,0.0,0.6200007908580468,40.0,1.0,0.19703290632332154,42.0,1.0,0.3512628711575671,44.0,0.0,0.620000085714347,43.0,0.0,0.620000085714347,46.0,0.0,0.6200032916371615,39.0,0.0,0.6200032916371615,48.0,0.0,0.6200032916371615,46.0,1.0,0.45016936585924017,44.0,0.0,0.6199904847355899,44.0,0.0,0.6199904847355899,47.0,1.0,0.3241222826476687,44.0,0.0,0.6199904847355899,46.0,1.0,0.25741308748825503,43.0,1.0,0.44640331491936686,49.0,0.0,0.6200046040546762,47.0,0.0,0.6200046040546762,47.0,0.0,0.6200074110605673,45.0,0.0,0.6200074110605673,45.0,0.0,0.6200074110605673,43.0,0.0,0.6200074110605673,47.0,1.0,0.189151688976868,47.0,0.0,0.6200074110605673,48.0,0.0,0.6200074110605673,45.0,0.0,0.6200074110605673,45.0,0.0,0.6199912597210082,45.0,0.0,0.6199912597210082,45.0,0.0,0.6199912597210082,44.0,0.0,0.6199912597210082,10000000000_@3@5,10000000000_,3,5,10000000000_@3,single
44.0,1.0,0.3234051878916433,44.0,0.0,0.6199834559810925,49.0,1.0,0.5419305585218276,45.0,0.0,0.6199950714250511,47.0,0.0,0.6200082571487552,49.0,0.0,0.6200082571487552,44.0,1.0,0.041984070838938105,45.0,0.0,0.6199904914177045,45.0,1.0,0.5155629206433379,47.0,0.0,0.6199904914177045,45.0,0.0,0.6200014542867531,46.0,0.0,0.6200014542867531,44.0,0.0,0.6200069684865378,46.0,1.0,0.2911708887687003,48.0,1.0,0.3164917130889001,47.0,1.0,0.12415012100608994,46.0,0.0,0.6199907773672075,44.0,0.0,0.6199907773672075,46.0,0.0,0.6199907773672075,47.0,0.0,0.6199907773672075,46.0,0.0,0.6200085413169133,45.0,0.0,0.6200085413169133,50.0,0.0,0.6200085413169133,47.0,1.0,0.16236156281073194,47.0,0.0,0.6199974181170396,45.0,0.0,0.6199974181170396,44.0,0.0,0.6199974181170396,45.0,0.0,0.6199974181170396,45.0,0.0,0.6199974181170396,44.0,1.0,0.18814196356281498,45.0,1.0,0.4476962801638307,46.0,0.0,0.6199974181170396,46.0,1.0,0.4756789681498566,47.0,0.0,0.6200086316678655,48.0,0.0,0.6200086316678655,45.0,0.0,0.6200086316678655,10000000000_@4@1,10000000000_,4,1,10000000000_@4,single
44.0,1.0,0.28568406935322216,47.0,1.0,0.46844791022618315,47.0,1.0,0.3230742486244633,46.0,0.0,0.6199974964267831,47.0,0.0,0.6199991192850852,46.0,0.0,0.6199991192850852,46.0,0.0,0.6199876685573354,45.0,0.0,0.6199876685573354,47.0,0.0,0.6199876685573354,44.0,0.0,0.6199876685573354,46.0,1.0,0.2666786154847254,45.0,1.0,0.22739648742606244,43.0,0.0,0.6200121357605177,47.0,0.0,0.6200121357605177,46.0,1.0,0.3506127056030801,47.0,1.0,0.3789334227717388,44.0,0.0,0.6199928940780124,47.0,0.0,0.6199928940780124,44.0,0.0,0.6199928940780124,48.0,0.0,0.6199928940780124,48.0,0.0,0.6200099721635097,47.0,0.0,0.6200099721635097,47.0,0.0,0.6200099721635097,46.0,0.0,0.6200099721635097,46.0,0.0,0.6200113807085601,45.0,0.0,0.6200113807085601,46.0,0.0,0.6200113807085601,45.0,0.0,0.6200113807085601,44.0,1.0,0.4236187057926366,46.0,1.0,0.45801682400395854,48.0,1.0,0.1616270554416601,46.0,1.0,0.11741665350980081,47.0,0.0,0.6200046861117621,45.0,0.0,0.6200046861117621,44.0,1.0,0.10840479005622085,45.0,0.0,0.6200046861117621,10000000000_@4@2,10000000000_,4,2,10000000000_@4,single
47.0,0.0,0.6200097085825241,45.0,1.0,0.450290514617731,45.0,0.0,0.6199950714250511,47.0,0.0,0.6199950714250511,48.0,0.0,0.6200096085782919,48.0,0.0,0.6200096085782919,43.0,1.0,0.22113019214879107,39.0,0.0,0.6200007908580468,44.0,0.0,0.6200007908580468,43.0,0.0,0.6200007908580468,45.0,0.0,0.6200024800017715,41.0,0.0,0.6200024800017715,46.0,0.0,0.6199897175732648,41.0,1.0,0.06628820879714152,47.0,1.0,0.15589798349042022,47.0,1.0,0.29942959525565943,44.0,0.0,0.61999048473559,44.0,0.0,0.61999048473559,46.0,0.0,0.61999048473559,46.0,1.0,0.4931341738334439,48.0,0.0,0.6199908254041656,46.0,1.0,0.5076610269812198,49.0,0.0,0.6199908254041656,45.0,0.0,0.6199908254041656,45.0,1.0,0.39682532301772305,44.0,0.0,0.6200074110605673,43.0,0.0,0.6200074110605673,46.0,0.0,0.6200074110605673,43.0,1.0,0.06897954540695186,41.0,1.0,0.02355668013098356,45.0,0.0,0.6200074110605673,45.0,0.0,0.6200074110605673,47.0,0.0,0.6200086316678655,43.0,1.0,0.33187310803793163,45.0,1.0,0.2912128686406762,46.0,0.0,0.6200086316678655,10000000000_@4@3,10000000000_,4,3,10000000000_@4,single
43.0,0.0,0.6199834559810925,45.0,0.0,0.6199834559810925,41.0,1.0,0.5247670034050025,45.0,0.0,0.6199950714250511,46.0,0.0,0.6199991192850852,45.0,0.0,0.6199991192850852,45.0,0.0,0.6200051382915867,43.0,0.0,0.6200051382915867,46.0,0.0,0.6200051382915867,44.0,1.0,0.2773871604424691,40.0,1.0,0.4677555398253856,42.0,1.0,0.15442334458810328,43.0,0.0,0.6200077983049208,47.0,1.0,0.031163823554866316,46.0,1.0,0.026743686483317933,46.0,0.0,0.6200077983049208,43.0,0.0,0.6199928940780124,44.0,0.0,0.6199928940780124,47.0,0.0,0.6199928940780124,41.0,1.0,0.06325244253321613,46.0,0.0,0.6199997702702393,46.0,1.0,0.014222083002984191,48.0,1.0,0.2734169504617501,48.0,1.0,0.16360585994673785,46.0,1.0,0.5227839987727056,44.0,1.0,0.317037034126361,44.0,1.0,0.1412442988810115,44.0,1.0,0.21680981501407415,45.0,1.0,0.2871563120367793,47.0,0.0,0.6199974181170396,45.0,1.0,0.06961142390857034,48.0,1.0,0.1241170953216695,41.0,1.0,0.49981032983476803,42.0,1.0,0.4964059543619381,43.0,0.0,0.619989148609604,46.0,0.0,0.619989148609604,10000000000_@4@4,10000000000_,4,4,10000000000_@4,single
44.0,0.0,0.620010818298078,42.0,0.0,0.620010818298078,43.0,0.0,0.619996261425901,44.0,0.0,0.619996261425901,51.0,1.0,0.4668771527693949,46.0,0.0,0.6199991192850852,45.0,1.0,0.17393133935010213,39.0,1.0,0.2676092475534258,41.0,0.0,0.6199834308382067,44.0,1.0,0.5212438345643824,41.0,0.0,0.6200000178571556,43.0,0.0,0.6200000178571556,45.0,1.0,0.3463762422730284,44.0,0.0,0.6200168152768036,47.0,0.0,0.6200168152768036,47.0,0.0,0.6200168152768036,44.0,1.0,0.31824505029540134,44.0,0.0,0.6199951921046305,44.0,1.0,0.31730131175017257,45.0,1.0,0.5286371977154207,46.0,0.0,0.6199986205403542,48.0,0.0,0.6199986205403542,46.0,0.0,0.6199986205403542,46.0,0.0,0.6199986205403542,45.0,0.0,0.6200113807085601,42.0,0.0,0.6200113807085601,44.0,0.0,0.6200113807085601,44.0,0.0,0.6200113807085601,48.0,0.0,0.6200113807085601,43.0,0.0,0.6200113807085601,45.0,0.0,0.6200113807085601,42.0,1.0,0.12818444051398598,45.0,0.0,0.619989148609604,43.0,0.0,0.619989148609604,44.0,0.0,0.619989148609604,44.0,0.0,0.619989148609604,10000000000_@4@5,10000000000_,4,5,10000000000_@4,single
44.0,0.0,0.6200097085825241,44.0,1.0,0.19254822005510863,42.0,0.0,0.619996261425901,46.0,0.0,0.619996261425901,48.0,1.0,0.5618339727385521,47.0,0.0,0.6199997285712348,43.0,1.0,0.5357948637655585,41.0,0.0,0.6200042925763343,43.0,1.0,0.14792557477208543,42.0,1.0,0.18245987252556856,45.0,0.0,0.6200014542867531,44.0,1.0,0.16202257573041123,46.0,0.0,0.6200032736977633,46.0,1.0,0.4249827793897647,44.0,1.0,0.1477135427184346,46.0,0.0,0.6200032736977633,47.0,0.0,0.6199931128938306,44.0,1.0,0.39583718050489214,45.0,1.0,0.04638204110290014,45.0,0.0,0.6199931128938306,45.0,1.0,0.4702154224615436,48.0,0.0,0.6199972697293608,47.0,0.0,0.6199972697293608,45.0,0.0,0.6199972697293608,46.0,0.0,0.6200113807085601,39.0,0.0,0.6200113807085601,45.0,0.0,0.6200113807085601,40.0,1.0,0.31377257829943017,43.0,1.0,0.026643841563256835,42.0,0.0,0.6200113807085601,47.0,1.0,0.15817254357001023,45.0,0.0,0.6200113807085601,49.0,1.0,0.5001013019585141,44.0,1.0,0.39147757062188476,46.0,1.0,0.3004667288148234,40.0,0.0,0.6200086316678655,10000000000_@5@1,10000000000_,5,1,10000000000_@5,single
42.0,0.0,0.6200183085923526,44.0,1.0,0.5324058198923656,43.0,0.0,0.619996261425901,42.0,0.0,0.619996261425901,47.0,1.0,0.29370448550320394,46.0,0.0,0.6199991192850852,40.0,0.0,0.6199834308382067,36.0,0.0,0.6199834308382067,42.0,0.0,0.6199834308382067,40.0,1.0,0.31356790807760926,41.0,1.0,0.2721659194042282,43.0,0.0,0.6200000178571556,49.0,0.0,0.6200047136981124,49.0,1.0,0.15257870268574608,49.0,0.0,0.6200047136981124,50.0,0.0,0.6200047136981124,44.0,0.0,0.6199931128938306,45.0,0.0,0.6199931128938306,46.0,0.0,0.6199931128938306,46.0,0.0,0.6199931128938306,44.0,1.0,0.4139075512037231,46.0,1.0,0.148833007545001,47.0,0.0,0.6200031122977178,45.0,0.0,0.6200031122977178,47.0,1.0,0.18806845625140148,45.0,1.0,0.5445054092953905,47.0,0.0,0.6199974181170396,44.0,1.0,0.24235360573026019,46.0,1.0,0.08706941036927303,45.0,0.0,0.6199974181170396,46.0,1.0,0.4218584602019907,45.0,1.0,0.0764108502143177,49.0,1.0,0.5614029046392922,45.0,0.0,0.6199914773599273,46.0,0.0,0.6199914773599273,48.0,0.0,0.6199914773599273,10000000000_@5@2,10000000000_,5,2,10000000000_@5,single
42.0,0.0,0.6200097085825241,45.0,1.0,0.2668073049226342,42.0,0.0,0.6199934714239081,42.0,0.0,0.6199934714239081,44.0,1.0,0.5351405808147006,45.0,0.0,0.6199991192850852,46.0,1.0,0.03761419613050986,44.0,0.0,0.6200097817254648,45.0,1.0,0.5061019475450829,44.0,0.0,0.6200097817254648,48.0,0.0,0.6200000178571556,41.0,0.0,0.6200000178571556,46.0,0.0,0.6199844581780504,47.0,1.0,0.025979594176871314,47.0,0.0,0.6199844581780504,45.0,0.0,0.6199844581780504,49.0,0.0,0.6199949981572366,43.0,0.0,0.6199949981572366,46.0,0.0,0.6199949981572366,46.0,0.0,0.6199949981572366,48.0,0.0,0.6200096945959047,47.0,1.0,0.22923178232861924,48.0,1.0,0.2549506722906314,45.0,1.0,0.009222325570584538,48.0,0.0,0.6200113807085601,43.0,0.0,0.6200113807085601,47.0,1.0,0.5462171271099122,44.0,1.0,0.40208313178426625,46.0,1.0,0.13296195693222515,47.0,1.0,0.027048092952492456,42.0,1.0,0.2799257119825204,45.0,1.0,0.03561087237902879,48.0,0.0,0.6200086316678655,45.0,1.0,0.06189610248556978,46.0,1.0,0.36904132472796175,46.0,0.0,0.6200086316678655,10000000000_@5@3,10000000000_,5,3,10000000000_@5,single
41.0,0.0,0.6200008342866677,44.0,1.0,0.30391109018410306,45.0,0.0,0.6199950714250511,43.0,0.0,0.6199950714250511,49.0,0.0,0.6200096085782919,46.0,0.0,0.6200096085782919,43.0,0.0,0.6200042925763344,42.0,0.0,0.6200042925763344,42.0,0.0,0.6200042925763344,43.0,1.0,0.47757780980321124,45.0,1.0,0.2937570983979274,44.0,1.0,0.5173356238111598,43.0,0.0,0.6200127670333981,44.0,1.0,0.21750013709094235,42.0,0.0,0.6200127670333981,45.0,1.0,0.11108917893071005,44.0,1.0,0.5022972776706944,43.0,0.0,0.6199949981572366,42.0,0.0,0.6199949981572366,47.0,1.0,0.3422833499057039,45.0,0.0,0.6199908254041656,48.0,0.0,0.6199908254041656,45.0,0.0,0.6199908254041656,45.0,0.0,0.6199908254041656,47.0,1.0,0.32899017529180596,43.0,1.0,0.344791110774379,45.0,1.0,0.31205010260002414,44.0,0.0,0.6199846127022618,41.0,1.0,0.13416096615552145,43.0,0.0,0.6199846127022618,45.0,0.0,0.6199846127022618,42.0,1.0,0.3506705286283597,44.0,0.0,0.619989148609604,44.0,0.0,0.619989148609604,43.0,1.0,0.5060298619485919,44.0,0.0,0.619989148609604,10000000000_@5@4,10000000000_,5,4,10000000000_@5,single
43.0,1.0,0.30166134475582257,42.0,0.0,0.6200097085825241,44.0,1.0,0.39271483408202434,47.0,0.0,0.6199974964267831,46.0,1.0,0.5011958265684476,44.0,0.0,0.6200096085782919,38.0,0.0,0.6199881828436374,38.0,1.0,0.45286252670003047,43.0,1.0,0.34498751427144486,38.0,0.0,0.6199881828436374,40.0,0.0,0.6200024800017715,42.0,1.0,0.3755183682274059,46.0,0.0,0.619988962663991,44.0,0.0,0.619988962663991,45.0,1.0,0.3916971567750683,47.0,0.0,0.619988962663991,42.0,1.0,0.5080690013248685,46.0,0.0,0.6199931128938306,46.0,1.0,0.5555177678312851,48.0,0.0,0.6199931128938306,46.0,0.0,0.6199986205403542,48.0,1.0,0.2853853193763945,48.0,0.0,0.6199986205403542,45.0,0.0,0.6199986205403542,46.0,0.0,0.6199974181170396,45.0,1.0,0.4897424622923441,46.0,0.0,0.6199974181170396,43.0,0.0,0.6199974181170396,46.0,1.0,0.2900230971819052,44.0,0.0,0.6199974181170396,46.0,0.0,0.6199974181170396,43.0,0.0,0.6199974181170396,51.0,1.0,0.44791542679380925,46.0,0.0,0.619989148609604,44.0,0.0,0.619989148609604,44.0,1.0,0.441892300957264,10000000000_@5@5,10000000000_,5,5,10000000000_@5,single
45.0,0.0,0.6199834559810925,41.0,1.0,0.4416437253071146,43.0,0.0,0.6199934714239081,44.0,0.0,0.6199934714239081,45.0,0.0,0.6200096085782919,45.0,0.0,0.6200096085782919,44.0,1.0,0.36169062364642707,41.0,1.0,0.37573864198701945,42.0,0.0,0.6199834308382067,38.0,1.0,0.23500170628766434,46.0,0.0,0.6200014542867531,45.0,0.0,0.6200014542867531,45.0,0.0,0.6200069684865378,47.0,1.0,0.5257510365457058,46.0,0.0,0.6200069684865378,46.0,1.0,0.049935193923683376,45.0,0.0,0.6199949981572366,46.0,1.0,0.4966564841653268,44.0,0.0,0.6199949981572366,47.0,0.0,0.6199949981572366,46.0,0.0,0.6200003204054487,48.0,1.0,0.25439582045889464,46.0,1.0,0.19160099602716163,47.0,0.0,0.6200003204054487,44.0,1.0,0.13360977073171076,43.0,1.0,0.42772764887709386,45.0,0.0,0.6199846127022618,45.0,0.0,0.6199846127022618,44.0,0.0,0.6199846127022618,42.0,1.0,0.14345779563712838,46.0,0.0,0.6199846127022618,45.0,1.0,0.11185592467198227,48.0,1.0,0.527431435754366,43.0,0.0,0.6199954236104754,45.0,0.0,0.6199954236104754,45.0,0.0,0.6199954236104754,10000000000_@6@1,10000000000_,6,1,10000000000_@6,single
45.0,0.0,0.6200097085825241,46.0,0.0,0.6200097085825241,45.0,1.0,0.28615083296488064,45.0,0.0,0.6199934714239081,48.0,1.0,0.28975228339448816,46.0,0.0,0.6199991192850852,41.0,0.0,0.6199989371416424,40.0,0.0,0.6199989371416424,43.0,0.0,0.6199989371416424,40.0,0.0,0.6199989371416424,44.0,1.0,0.4452337430241022,41.0,1.0,0.42391600279714486,46.0,1.0,0.31471794562859284,46.0,0.0,0.6200080863049905,49.0,1.0,0.16491235197875195,47.0,0.0,0.6200080863049905,43.0,0.0,0.6199949981572366,47.0,0.0,0.6199949981572366,47.0,0.0,0.6199949981572366,44.0,0.0,0.6199949981572366,47.0,0.0,0.6200056517575204,46.0,0.0,0.6200056517575204,49.0,0.0,0.6200056517575204,44.0,0.0,0.6200056517575204,43.0,1.0,0.24782990043056483,44.0,0.0,0.6199974181170396,45.0,0.0,0.6199974181170396,45.0,0.0,0.6199974181170396,47.0,0.0,0.6199974181170396,44.0,1.0,0.18542219304051602,44.0,1.0,0.26944104998612944,45.0,0.0,0.6199974181170396,50.0,0.0,0.6200086316678655,47.0,0.0,0.6200086316678655,46.0,0.0,0.6200086316678655,45.0,0.0,0.6200086316678655,10000000000_@6@2,10000000000_,6,2,10000000000_@6,single
43.0,0.0,0.6200097085825241,46.0,1.0,0.368927421631339,45.0,1.0,0.371712265508761,45.0,0.0,0.6199914828510591,47.0,0.0,0.6200096085782919,47.0,0.0,0.6200096085782919,41.0,0.0,0.6199834308382067,39.0,1.0,0.17268425678200777,44.0,0.0,0.6199834308382067,40.0,1.0,0.3985895961023956,45.0,1.0,0.4521215915154225,42.0,1.0,0.45501757358398115,43.0,0.0,0.6199938826651837,46.0,0.0,0.6199938826651837,47.0,0.0,0.6199938826651837,46.0,0.0,0.6199938826651837,48.0,0.0,0.6199970896048802,46.0,0.0,0.6199970896048802,45.0,0.0,0.6199970896048802,45.0,0.0,0.6199970896048802,46.0,0.0,0.6200015195947999,47.0,0.0,0.6200015195947999,47.0,0.0,0.6200015195947999,46.0,0.0,0.6200015195947999,43.0,0.0,0.6199874101146847,43.0,0.0,0.6199874101146847,43.0,1.0,0.05267338345256081,44.0,0.0,0.6199874101146847,42.0,0.0,0.6199874101146847,43.0,1.0,0.2770774350770435,47.0,0.0,0.6199874101146847,45.0,0.0,0.6199874101146847,45.0,0.0,0.6200086316678655,43.0,1.0,0.09063981439441865,47.0,1.0,0.442701178708497,47.0,1.0,0.04958672244260033,10000000000_@6@3,10000000000_,6,3,10000000000_@6,single
44.0,1.0,0.24694558617242546,47.0,0.0,0.6199879008722852,48.0,0.0,0.6200051757524919,48.0,0.0,0.6200051757524919,49.0,0.0,0.6199910946889514,46.0,0.0,0.6199910946889514,52.0,1.0,0.5242506359474379,48.0,0.0,0.6199996486919364,48.0,0.0,0.6199996486919364,48.0,0.0,0.6199996486919364,48.0,0.0,0.6199906704673052,44.0,1.0,0.5322653697765427,45.0,0.0,0.6199849182993741,45.0,0.0,0.6199849182993741,44.0,0.0,0.6199849182993741,47.0,1.0,0.14058640208155201,46.0,1.0,0.4990018353949783,45.0,1.0,0.25720390594788234,46.0,0.0,0.6199931128938306,47.0,0.0,0.6199931128938306,48.0,0.0,0.6199939324316125,46.0,0.0,0.6199939324316125,46.0,0.0,0.6199939324316125,48.0,1.0,0.5197740296991932,45.0,0.0,0.6199974181170395,47.0,0.0,0.6199974181170395,46.0,1.0,0.13933310878426086,44.0,1.0,0.1931404607389319,48.0,1.0,0.03068930251513,44.0,1.0,0.02708744425586923,46.0,1.0,0.5209830696430751,46.0,0.0,0.6199974181170395,48.0,1.0,0.34039411434201633,44.0,1.0,0.35391811670258805,46.0,0.0,0.6200066865723838,46.0,0.0,0.6200066865723838,10000000000_@6@4,10000000000_,6,4,10000000000_@6,single
43.0,0.0,0.6200097085825241,43.0,0.0,0.6200097085825241,43.0,0.0,0.6199934714239081,43.0,0.0,0.6199934714239081,46.0,1.0,0.21964725331946663,45.0,0.0,0.6199991192850852,42.0,0.0,0.6199834308382067,38.0,0.0,0.6199834308382067,42.0,1.0,0.3569223667684192,43.0,0.0,0.6199834308382067,44.0,0.0,0.6200014542867531,44.0,1.0,0.16720485943204244,49.0,0.0,0.6199938826651836,47.0,1.0,0.33287514978791505,45.0,0.0,0.6199938826651836,44.0,1.0,0.06605549237708905,46.0,0.0,0.6199953371046495,45.0,1.0,0.2040522152700283,44.0,1.0,0.36585347405966756,46.0,0.0,0.6199953371046495,48.0,0.0,0.6200081581092106,47.0,1.0,0.1981232193409756,47.0,0.0,0.6200081581092106,46.0,0.0,0.6200081581092106,43.0,0.0,0.6199974181170395,44.0,0.0,0.6199974181170395,44.0,0.0,0.6199974181170395,43.0,0.0,0.6199974181170395,46.0,1.0,0.00834307984543055,41.0,0.0,0.6199974181170395,44.0,0.0,0.6199974181170395,47.0,0.0,0.6199974181170395,47.0,1.0,0.4199620116613905,44.0,0.0,0.6199937927769157,44.0,1.0,0.05205888195262249,46.0,0.0,0.6199937927769157,20000000000_@1@1,20000000000_,1,1,20000000000_@1,single
46.0,0.0,0.6200097085825241,46.0,0.0,0.6200097085825241,43.0,1.0,0.5118365255975182,44.0,0.0,0.6199914828510591,50.0,0.0,0.620010296435926,44.0,0.0,0.620010296435926,48.0,1.0,0.5024794176907631,42.0,0.0,0.6200051382915867,45.0,1.0,0.30627246888282156,45.0,0.0,0.6200051382915867,45.0,0.0,0.6200000178571556,44.0,0.0,0.6200000178571556,45.0,0.0,0.6200175219436416,42.0,0.0,0.6200175219436416,47.0,1.0,0.5351390308215832,44.0,0.0,0.6200175219436416,43.0,0.0,0.6199931128938306,43.0,0.0,0.6199931128938306,43.0,1.0,0.3347261232534373,43.0,0.0,0.6199931128938306,45.0,0.0,0.6200075168929077,48.0,1.0,0.2383830941058235,48.0,0.0,0.6200075168929077,48.0,0.0,0.6200075168929077,42.0,0.0,0.6199974181170396,42.0,0.0,0.6199974181170396,43.0,0.0,0.6199974181170396,43.0,1.0,0.23875174747099942,41.0,1.0,0.26554516248121474,43.0,0.0,0.6199974181170396,42.0,0.0,0.6199974181170396,46.0,0.0,0.6199974181170396,46.0,0.0,0.6200000419444504,45.0,0.0,0.6200000419444504,42.0,0.0,0.6200000419444504,45.0,0.0,0.6200000419444504,20000000000_@1@2,20000000000_,1,2,20000000000_@1,single
42.0,1.0,0.3214933674209913,44.0,0.0,0.6200097085825241,45.0,0.0,0.6199950714250511,43.0,0.0,0.6199950714250511,45.0,0.0,0.6200096085782919,42.0,0.0,0.6200096085782919,44.0,0.0,0.6199904914177045,41.0,0.0,0.6199904914177045,42.0,0.0,0.6199904914177045,41.0,1.0,0.4457363951273087,41.0,1.0,0.19860340185957276,39.0,1.0,0.41972143122959377,44.0,0.0,0.6200032916371617,45.0,1.0,0.030352665782464438,47.0,1.0,0.49807314522985346,45.0,0.0,0.6200032916371617,43.0,0.0,0.6199907773672076,45.0,0.0,0.6199907773672076,46.0,0.0,0.6199907773672076,43.0,0.0,0.6199907773672076,46.0,0.0,0.6199956071615684,47.0,1.0,0.2475583972376212,48.0,0.0,0.6199956071615684,45.0,0.0,0.6199956071615684,44.0,0.0,0.6200074110605673,44.0,0.0,0.6200074110605673,43.0,1.0,0.017786947243987588,42.0,1.0,0.49193404092565673,42.0,1.0,0.10367144251092766,41.0,0.0,0.6200074110605673,42.0,1.0,0.012421463157991332,43.0,1.0,0.14795506116589677,46.0,1.0,0.10728144281686705,43.0,0.0,0.6199937927769157,40.0,1.0,0.15434389393665193,45.0,0.0,0.6199937927769157,20000000000_@1@3,20000000000_,1,3,20000000000_@1,single
40.0,0.0,0.6200097085825241,47.0,0.0,0.6200097085825241,45.0,0.0,0.6199946378533127,45.0,0.0,0.6199946378533127,48.0,0.0,0.6199991192850852,46.0,0.0,0.6199991192850852,40.0,1.0,0.0215412474757114,38.0,0.0,0.6199989371416424,40.0,0.0,0.6199989371416424,39.0,1.0,0.2426050886915299,42.0,1.0,0.311175766554119,41.0,0.0,0.620001065715047,43.0,0.0,0.6200122089726567,44.0,0.0,0.6200122089726567,45.0,0.0,0.6200122089726567,47.0,1.0,0.19131316977288965,46.0,0.0,0.6199926263148192,43.0,0.0,0.6199926263148192,43.0,0.0,0.6199926263148192,44.0,0.0,0.6199926263148192,48.0,0.0,0.6199972697293608,48.0,0.0,0.6199972697293608,46.0,0.0,0.6199972697293608,47.0,0.0,0.6199972697293608,45.0,1.0,0.11213612144379329,44.0,1.0,0.4846735606290731,42.0,1.0,0.08909143178621924,45.0,1.0,0.40388850820906075,44.0,0.0,0.6200013872944441,43.0,1.0,0.2198617759674767,43.0,0.0,0.6200013872944441,43.0,0.0,0.6200013872944441,43.0,1.0,0.5228335101157653,43.0,0.0,0.619989148609604,42.0,1.0,0.26161316133516127,43.0,0.0,0.619989148609604,20000000000_@1@4,20000000000_,1,4,20000000000_@1,single
42.0,0.0,0.6199882959866241,43.0,0.0,0.6199882959866241,44.0,0.0,0.619996261425901,45.0,0.0,0.619996261425901,46.0,0.0,0.6199991192850852,45.0,0.0,0.6199991192850852,41.0,1.0,0.03396075309800354,40.0,0.0,0.6199948514226873,43.0,0.0,0.6199948514226873,41.0,0.0,0.6199948514226873,45.0,1.0,0.33994039138599386,43.0,1.0,0.509736392668852,47.0,0.0,0.6200175219436416,43.0,0.0,0.6200175219436416,43.0,0.0,0.6200175219436416,45.0,0.0,0.6200175219436416,42.0,0.0,0.6200088321064252,42.0,1.0,0.10515261225692266,46.0,0.0,0.6200088321064252,44.0,1.0,0.4443307789908919,48.0,0.0,0.6200044137843802,50.0,0.0,0.6200044137843802,48.0,0.0,0.6200044137843802,49.0,0.0,0.6200044137843802,43.0,1.0,0.1404859615261086,43.0,0.0,0.6199834414078685,43.0,0.0,0.6199834414078685,43.0,0.0,0.6199834414078685,44.0,1.0,0.11887273667593803,44.0,0.0,0.6199834414078685,43.0,0.0,0.6199834414078685,46.0,0.0,0.6199834414078685,48.0,1.0,0.08879271511009931,45.0,0.0,0.6200000419444502,44.0,0.0,0.6200000419444502,44.0,0.0,0.6200000419444502,20000000000_@1@5,20000000000_,1,5,20000000000_@1,single
45.0,0.0,0.6200183085923526,44.0,1.0,0.21154218461963956,42.0,1.0,0.41404686646204747,44.0,0.0,0.619996261425901,46.0,0.0,0.6199991192850852,47.0,1.0,0.33680624986160707,42.0,1.0,0.19986332098665258,38.0,0.0,0.6199834308382067,43.0,0.0,0.6199834308382067,43.0,0.0,0.6199834308382067,42.0,1.0,0.19225161232258023,44.0,0.0,0.6200000178571556,43.0,1.0,0.40699706836292565,48.0,1.0,0.021418944586410808,47.0,1.0,0.40710843202628655,46.0,0.0,0.6199986351511843,45.0,0.0,0.61999048473559,44.0,0.0,0.61999048473559,45.0,0.0,0.61999048473559,45.0,0.0,0.61999048473559,46.0,0.0,0.6199908254041656,47.0,1.0,0.27968419725462124,48.0,0.0,0.6199908254041656,49.0,1.0,0.4161675975902159,46.0,0.0,0.6199874101146847,43.0,0.0,0.6199874101146847,46.0,1.0,0.1572114871085852,44.0,0.0,0.6199874101146847,45.0,1.0,0.09692931763042767,42.0,1.0,0.27288708914990334,44.0,0.0,0.6199874101146847,40.0,1.0,0.43020884851972907,47.0,1.0,0.28976531746740525,44.0,1.0,0.34626977253746843,44.0,0.0,0.6200000419444504,44.0,1.0,0.02626693587040776,20000000000_@2@1,20000000000_,2,1,20000000000_@2,single
47.0,0.0,0.6199852897531518,44.0,0.0,0.6199852897531518,48.0,0.0,0.6199995692871344,46.0,0.0,0.6199995692871344,49.0,0.0,0.6199935892192456,48.0,0.0,0.6199935892192456,52.0,0.0,0.6199994254047704,51.0,1.0,0.43747605853210075,49.0,0.0,0.6199994254047704,50.0,0.0,0.6199994254047704,51.0,0.0,0.6199920933258033,49.0,0.0,0.6199920933258033,45.0,0.0,0.6200080863049905,45.0,0.0,0.6200080863049905,48.0,0.0,0.6200080863049905,48.0,0.0,0.6200080863049905,46.0,0.0,0.6200088321064252,43.0,1.0,0.4065668656009033,44.0,0.0,0.6200088321064252,46.0,0.0,0.6200088321064252,46.0,0.0,0.6200075168929077,49.0,0.0,0.6200075168929077,47.0,0.0,0.6200075168929077,47.0,0.0,0.6200075168929077,45.0,0.0,0.6200074110605673,45.0,1.0,0.3322557645307681,45.0,1.0,0.23464805403483624,48.0,1.0,0.11050692223692288,46.0,0.0,0.6200074110605673,46.0,0.0,0.6200074110605673,45.0,0.0,0.6200074110605673,45.0,1.0,0.4925955389636562,49.0,1.0,0.42934659296480454,47.0,0.0,0.6200000419444502,48.0,0.0,0.6200000419444502,44.0,0.0,0.6200000419444502,20000000000_@2@2,20000000000_,2,2,20000000000_@2,single
46.0,1.0,0.2595922966769105,44.0,0.0,0.6200097085825241,44.0,0.0,0.619996261425901,47.0,0.0,0.619996261425901,49.0,1.0,0.3286535397525284,46.0,0.0,0.6199991192850852,40.0,0.0,0.6199989371416424,43.0,0.0,0.6199989371416424,42.0,0.0,0.6199989371416424,44.0,0.0,0.6199989371416424,47.0,0.0,0.6200000178571556,45.0,0.0,0.6200000178571556,45.0,0.0,0.6199938826651837,48.0,0.0,0.6199938826651837,48.0,0.0,0.6199938826651837,47.0,0.0,0.6199938826651837,42.0,1.0,0.3706193095551723,47.0,0.0,0.620009153685415,46.0,0.0,0.620009153685415,43.0,0.0,0.620009153685415,45.0,0.0,0.6199986205403542,49.0,0.0,0.6199986205403542,47.0,0.0,0.6199986205403542,46.0,1.0,0.5109167182319889,44.0,1.0,0.23559093308021956,44.0,0.0,0.6199974181170396,46.0,0.0,0.6199974181170396,44.0,1.0,0.023118049439541048,45.0,0.0,0.6199974181170396,41.0,1.0,0.14734540572833077,44.0,0.0,0.6199974181170396,47.0,0.0,0.6199974181170396,45.0,0.0,0.619989148609604,46.0,1.0,0.39988318053933064,45.0,0.0,0.619989148609604,43.0,0.0,0.619989148609604,20000000000_@2@3,20000000000_,2,3,20000000000_@2,single
42.0,1.0,0.21896625024714314,44.0,1.0,0.12258114009273154,44.0,0.0,0.619996261425901,46.0,0.0,0.619996261425901,48.0,0.0,0.6200096085782919,46.0,0.0,0.6200096085782919,42.0,1.0,0.23452488059986357,38.0,0.0,0.6199834308382067,42.0,1.0,0.1572791191761362,43.0,1.0,0.1717306054064062,43.0,1.0,0.21726908376363127,42.0,0.0,0.620000085714347,47.0,1.0,0.31368271604429476,45.0,0.0,0.619984662299312,47.0,1.0,0.350549288375585,48.0,1.0,0.4634601555054922,45.0,0.0,0.6199926263148192,46.0,0.0,0.6199926263148192,45.0,0.0,0.6199926263148192,46.0,0.0,0.6199926263148192,48.0,0.0,0.6200073562172104,45.0,0.0,0.6200073562172104,44.0,1.0,0.00012411731406990732,46.0,0.0,0.6200073562172104,46.0,0.0,0.6199985501173059,43.0,1.0,0.41115229203583337,43.0,1.0,0.5145466217756757,46.0,0.0,0.6199985501173059,44.0,0.0,0.6199985501173059,42.0,1.0,0.11562969285404537,46.0,0.0,0.6199985501173059,44.0,0.0,0.6199985501173059,47.0,1.0,0.28748951909576653,47.0,0.0,0.6199954236104754,45.0,1.0,0.10827499003819305,44.0,1.0,0.10004853472896315,20000000000_@2@4,20000000000_,2,4,20000000000_@2,single
44.0,0.0,0.6200107942980506,42.0,1.0,0.3516916236475699,45.0,0.0,0.6199950714250511,43.0,0.0,0.6199950714250511,47.0,0.0,0.6200096085782919,45.0,0.0,0.6200096085782919,41.0,1.0,0.06157595837252385,38.0,1.0,0.19485598269255164,43.0,0.0,0.6200163245900853,42.0,0.0,0.6200163245900853,44.0,1.0,0.25262732330523097,41.0,1.0,0.3343891674208339,44.0,0.0,0.6200121357605177,43.0,1.0,0.01978367267482974,48.0,0.0,0.6200121357605177,45.0,1.0,0.2303888485791148,46.0,0.0,0.61999048473559,43.0,1.0,0.035225334108596594,46.0,1.0,0.21278726273516613,45.0,0.0,0.61999048473559,51.0,1.0,0.5690363935184315,48.0,1.0,0.18162147413803703,45.0,0.0,0.6199924012151893,46.0,1.0,0.19184169862725656,42.0,0.0,0.6200113807085601,42.0,0.0,0.6200113807085601,44.0,0.0,0.6200113807085601,43.0,1.0,0.10109959743519938,46.0,0.0,0.6200113807085601,46.0,1.0,0.558895920681393,45.0,0.0,0.6200113807085601,45.0,0.0,0.6200113807085601,47.0,1.0,0.3449554767993717,44.0,0.0,0.6199952083326677,45.0,0.0,0.6199952083326677,48.0,1.0,0.2787688620512308,20000000000_@2@5,20000000000_,2,5,20000000000_@2,single
42.0,1.0,0.5533869855851263,45.0,0.0,0.6199829576948087,44.0,1.0,0.3267531276808055,47.0,0.0,0.619996261425901,45.0,0.0,0.620008257148755,45.0,0.0,0.620008257148755,42.0,1.0,0.3322741465990247,38.0,0.0,0.6199834308382067,41.0,0.0,0.6199834308382067,41.0,1.0,0.42730917406762753,46.0,1.0,0.304102600787572,40.0,0.0,0.620001065715047,43.0,0.0,0.620016505700971,42.0,1.0,0.38594001889455,46.0,1.0,0.3569127505243031,47.0,0.0,0.620016505700971,46.0,1.0,0.35028498714276146,40.0,0.0,0.61999048473559,45.0,1.0,0.05839450031506583,47.0,0.0,0.61999048473559,47.0,1.0,0.42421209340703964,48.0,0.0,0.6200086547308993,47.0,0.0,0.6200086547308993,48.0,1.0,0.16805905987284592,46.0,1.0,0.21598049223070404,43.0,0.0,0.6200113807085601,46.0,0.0,0.6200113807085601,45.0,0.0,0.6200113807085601,45.0,1.0,0.19257066178133217,47.0,0.0,0.6200113807085601,44.0,0.0,0.6200113807085601,45.0,0.0,0.6200113807085601,48.0,1.0,0.46714945363186855,44.0,0.0,0.6200085548622992,45.0,1.0,0.5136964459300619,43.0,0.0,0.6200085548622992,20000000000_@3@1,20000000000_,3,1,20000000000_@3,single
44.0,1.0,0.3819475816543791,45.0,0.0,0.6199991485704556,44.0,1.0,0.4711292615209011,46.0,0.0,0.6199983428559592,44.0,0.0,0.6199970928550664,44.0,0.0,0.6199970928550664,41.0,1.0,0.20016694876222718,39.0,0.0,0.6200042925763344,42.0,1.0,0.3789974205684807,41.0,1.0,0.2933215672246483,39.0,0.0,0.6200007614291153,45.0,0.0,0.6200007614291153,44.0,0.0,0.6200032916371617,45.0,1.0,0.02500940921440224,47.0,1.0,0.32701472315508445,46.0,1.0,0.026679176891921674,44.0,1.0,0.42948763387995187,44.0,1.0,0.48859369376232814,44.0,0.0,0.6200088321064253,47.0,0.0,0.6200088321064253,46.0,0.0,0.6200046040546763,47.0,0.0,0.6200046040546763,47.0,0.0,0.6200046040546763,45.0,0.0,0.6200046040546763,46.0,0.0,0.6200074110605673,44.0,0.0,0.6200074110605673,45.0,0.0,0.6200074110605673,45.0,1.0,0.2327370597028376,47.0,0.0,0.6200074110605673,44.0,1.0,0.18668944627986972,46.0,0.0,0.6200074110605673,44.0,1.0,0.3653674163217451,45.0,0.0,0.6200108177792804,45.0,1.0,0.1857328030184449,43.0,0.0,0.6200108177792804,44.0,0.0,0.6200108177792804,20000000000_@3@2,20000000000_,3,2,20000000000_@3,single
47.0,1.0,0.43024241411057806,43.0,0.0,0.6200040299785176,45.0,0.0,0.6199985003285546,47.0,0.0,0.6199985003285546,50.0,1.0,0.3392332898202797,48.0,0.0,0.6200043731516679,47.0,0.0,0.6199971517480887,47.0,0.0,0.6199971517480887,49.0,0.0,0.6199971517480887,48.0,0.0,0.6199971517480887,51.0,1.0,0.5621804163623013,50.0,0.0,0.6199946380901316,42.0,0.0,0.6199851199963927,45.0,1.0,0.3597027441703622,47.0,0.0,0.6199851199963927,46.0,1.0,0.0839393027731643,45.0,1.0,0.5530301648723901,43.0,1.0,0.11413230501740854,46.0,1.0,0.1252851654322586,47.0,0.0,0.6200088321064252,49.0,0.0,0.6200066094603526,47.0,0.0,0.6200066094603526,48.0,1.0,0.05509603717514015,49.0,1.0,0.0912670623333868,47.0,0.0,0.6199874101146847,45.0,0.0,0.6199874101146847,47.0,0.0,0.6199874101146847,44.0,1.0,0.13806087107314613,45.0,0.0,0.6199874101146847,47.0,1.0,0.08987189291103362,46.0,0.0,0.6199874101146847,45.0,1.0,0.2398054107777437,48.0,0.0,0.6200000419444502,46.0,0.0,0.6200000419444502,49.0,0.0,0.6200000419444502,46.0,0.0,0.6200000419444502,20000000000_@3@3,20000000000_,3,3,20000000000_@3,single
41.0,0.0,0.6199829576948087,46.0,0.0,0.6199829576948087,44.0,0.0,0.6199974964267831,46.0,0.0,0.6199974964267831,51.0,0.0,0.6199991192850852,47.0,0.0,0.6199991192850852,46.0,1.0,0.25626401973030827,44.0,0.0,0.6199876685573354,45.0,1.0,0.046232631123007,43.0,0.0,0.6199876685573354,42.0,0.0,0.620001065715047,42.0,0.0,0.620001065715047,48.0,1.0,0.485328984322178,47.0,1.0,0.04683750735454724,47.0,0.0,0.6199914756342971,49.0,0.0,0.6199914756342971,44.0,0.0,0.6199897526302306,45.0,0.0,0.6199897526302306,47.0,0.0,0.6199897526302306,46.0,0.0,0.6199897526302306,49.0,1.0,0.4121738936721478,47.0,1.0,0.15329054679601983,45.0,1.0,0.4980132904072014,46.0,0.0,0.6200086547308993,45.0,0.0,0.6199974181170396,45.0,0.0,0.6199974181170396,44.0,0.0,0.6199974181170396,46.0,1.0,0.16840525044829424,49.0,0.0,0.6199974181170396,43.0,0.0,0.6199974181170396,44.0,1.0,0.4510408628331442,44.0,0.0,0.6199974181170396,50.0,0.0,0.6199914773599273,46.0,1.0,0.14896990166248633,47.0,0.0,0.6199914773599273,44.0,1.0,0.3516623605086612,20000000000_@3@5,20000000000_,3,5,20000000000_@3,single
43.0,1.0,0.3808328009517725,44.0,0.0,0.6200008342866677,45.0,1.0,0.5069286656633326,46.0,0.0,0.6199974964267831,49.0,0.0,0.6199963371402408,44.0,0.0,0.6199963371402408,40.0,1.0,0.4944528313746645,40.0,0.0,0.6200007908580468,43.0,0.0,0.6200007908580468,43.0,1.0,0.10339459473667971,46.0,1.0,0.5510422421730301,44.0,0.0,0.6200014542867531,47.0,0.0,0.61999469575629,49.0,1.0,0.3918482768117035,46.0,0.0,0.61999469575629,46.0,1.0,0.11655184643681127,46.0,0.0,0.6199923096042512,44.0,1.0,0.515679592720999,46.0,0.0,0.6199923096042512,42.0,0.0,0.6199923096042512,48.0,0.0,0.6200072361851626,46.0,0.0,0.6200072361851626,47.0,1.0,0.27568720732726415,44.0,1.0,0.186805123263832,43.0,1.0,0.2859727308171131,45.0,1.0,0.3798511825532194,45.0,0.0,0.6199874101146847,43.0,1.0,0.2621906798095717,44.0,1.0,0.23881296042657893,44.0,1.0,0.31284240513938943,46.0,0.0,0.6199874101146847,46.0,0.0,0.6199874101146847,49.0,0.0,0.6199954236104754,45.0,0.0,0.6199954236104754,45.0,1.0,0.2705565500772986,45.0,0.0,0.6199954236104754,20000000000_@4@1,20000000000_,4,1,20000000000_@4,single
48.0,0.0,0.6200059583047912,45.0,0.0,0.6200059583047912,45.0,0.0,0.620002334909843,45.0,0.0,0.620002334909843,50.0,0.0,0.6199916696140195,47.0,1.0,0.5124444117293271,49.0,0.0,0.6199909045214103,49.0,1.0,0.42375036900516205,50.0,1.0,0.3696897165242506,48.0,1.0,0.3843334370537032,48.0,0.0,0.6199957533292889,49.0,0.0,0.6199957533292889,47.0,0.0,0.6199986351511843,46.0,0.0,0.6199986351511843,48.0,1.0,0.06143562095408993,47.0,1.0,0.04792349646630217,48.0,0.0,0.61999048473559,44.0,0.0,0.61999048473559,48.0,1.0,0.43560082836853004,47.0,1.0,0.3636738946939335,48.0,0.0,0.6200096945959046,48.0,0.0,0.6200096945959046,47.0,1.0,0.35782623213868,45.0,0.0,0.6200096945959046,44.0,1.0,0.2544609234025702,47.0,1.0,0.5689161009214354,47.0,1.0,0.4398108187790161,45.0,0.0,0.6200141482386231,46.0,1.0,0.12234122408028801,43.0,1.0,0.13682513101767788,46.0,0.0,0.6200141482386231,47.0,0.0,0.6200141482386231,48.0,1.0,0.4924078496399791,47.0,1.0,0.5324112160293355,46.0,1.0,0.2710369851440257,47.0,0.0,0.6200085548622992,20000000000_@4@2,20000000000_,4,2,20000000000_@4,single
47.0,1.0,0.19801210172681216,46.0,0.0,0.619989347639776,47.0,0.0,0.6200053292355688,46.0,0.0,0.6200053292355688,46.0,0.0,0.6200058930642407,50.0,0.0,0.6200058930642407,50.0,0.0,0.6199955631382976,49.0,0.0,0.6199955631382976,46.0,1.0,0.5269044590460109,47.0,0.0,0.6199955631382976,52.0,0.0,0.6199972380926076,47.0,0.0,0.6199972380926076,42.0,0.0,0.6200024349096811,43.0,0.0,0.6200024349096811,44.0,0.0,0.6200024349096811,42.0,0.0,0.6200024349096811,45.0,1.0,0.34973872588667443,46.0,0.0,0.6199923096042512,46.0,0.0,0.6199923096042512,47.0,1.0,0.4599559361784126,47.0,0.0,0.6200024770273618,46.0,0.0,0.6200024770273618,45.0,0.0,0.6200024770273618,46.0,0.0,0.6200024770273618,45.0,1.0,0.3754760403473036,46.0,0.0,0.6200113807085601,48.0,0.0,0.6200113807085601,45.0,1.0,0.08456204060283307,46.0,0.0,0.6200113807085601,46.0,0.0,0.6200113807085601,47.0,0.0,0.6200113807085601,44.0,1.0,0.14358274343123373,43.0,0.0,0.6199952083326677,44.0,0.0,0.6199952083326677,44.0,1.0,0.5521293944624158,45.0,0.0,0.6199952083326677,20000000000_@4@3,20000000000_,4,3,20000000000_@4,single
43.0,0.0,0.6200006169968084,45.0,0.0,0.6200006169968084,48.0,1.0,0.22570226514097527,44.0,0.0,0.6200043684734097,48.0,0.0,0.6199941043014736,47.0,1.0,0.3363191158964072,49.0,0.0,0.619989914264864,50.0,0.0,0.619989914264864,48.0,1.0,0.31152021538378016,49.0,0.0,0.619989914264864,46.0,1.0,0.31240971467591877,42.0,0.0,0.6199949980904744,47.0,0.0,0.619997801938861,47.0,0.0,0.619997801938861,48.0,1.0,0.3879413752585152,47.0,1.0,0.08168952937927984,45.0,0.0,0.6199904847355899,44.0,1.0,0.07170139311860434,47.0,0.0,0.6199904847355899,46.0,1.0,0.12779948049993162,48.0,0.0,0.6199998810810651,47.0,1.0,0.15546593317107205,47.0,0.0,0.6199998810810651,45.0,1.0,0.01366824509030339,45.0,1.0,0.14826424712099928,43.0,1.0,0.5220489256585706,45.0,0.0,0.6199974181170395,43.0,1.0,0.01139363326909018,44.0,1.0,0.3448227978406582,44.0,0.0,0.6199974181170395,46.0,1.0,0.2486384808561131,43.0,0.0,0.6199974181170395,47.0,0.0,0.6199914773599273,46.0,0.0,0.6199914773599273,45.0,0.0,0.6199914773599273,44.0,0.0,0.6199914773599273,20000000000_@4@4,20000000000_,4,4,20000000000_@4,single
41.0,0.0,0.6199829576948087,47.0,0.0,0.6199829576948087,43.0,0.0,0.6199974964267831,45.0,0.0,0.6199974964267831,45.0,0.0,0.6199970928550664,44.0,0.0,0.6199970928550664,43.0,1.0,0.23484788896901598,41.0,0.0,0.6200042925763344,41.0,1.0,0.4574144724736829,44.0,1.0,0.13340797189482503,43.0,0.0,0.620001065715047,45.0,0.0,0.620001065715047,44.0,1.0,0.41101511054911766,43.0,0.0,0.620012767033398,47.0,0.0,0.620012767033398,46.0,0.0,0.620012767033398,43.0,0.0,0.61999048473559,43.0,0.0,0.61999048473559,44.0,1.0,0.04406242316610831,46.0,1.0,0.3618695702459961,48.0,1.0,0.3729399066135009,46.0,1.0,0.18912373961131615,45.0,0.0,0.6199908254041656,45.0,0.0,0.6199908254041656,42.0,1.0,0.2825621050734365,45.0,0.0,0.6199974181170396,43.0,0.0,0.6199974181170396,43.0,1.0,0.05090381315383839,42.0,1.0,0.13201913129861914,42.0,0.0,0.6199974181170396,45.0,1.0,0.011430386924796924,44.0,1.0,0.18707610754731943,47.0,0.0,0.6200000419444504,45.0,0.0,0.6200000419444504,44.0,0.0,0.6200000419444504,44.0,0.0,0.6200000419444504,20000000000_@4@5,20000000000_,4,5,20000000000_@4,single
47.0,1.0,0.25623113953281823,45.0,0.0,0.6199918206848662,49.0,0.0,0.6200076642078818,47.0,0.0,0.6200076642078818,47.0,1.0,0.22572545534520058,45.0,0.0,0.6200022127667214,45.0,1.0,7.339300036106967e-05,44.0,0.0,0.619987370550136,45.0,0.0,0.619987370550136,43.0,0.0,0.619987370550136,48.0,1.0,0.3050063247679284,46.0,1.0,0.37517178587789135,48.0,0.0,0.6199844581780504,45.0,0.0,0.6199844581780504,48.0,1.0,0.009872245787211098,47.0,0.0,0.6199844581780504,44.0,1.0,0.44527856858928533,46.0,0.0,0.61999048473559,47.0,1.0,0.5261451097559354,43.0,0.0,0.61999048473559,49.0,0.0,0.6200100954067695,46.0,0.0,0.6200100954067695,48.0,0.0,0.6200100954067695,49.0,0.0,0.6200100954067695,48.0,0.0,0.6199846127022618,44.0,0.0,0.6199846127022618,47.0,1.0,0.4221422019158122,44.0,0.0,0.6199846127022618,47.0,0.0,0.6199846127022618,45.0,0.0,0.6199846127022618,45.0,1.0,0.11475888723738523,46.0,0.0,0.6199846127022618,45.0,1.0,0.28621491114095987,48.0,0.0,0.6200086316678655,47.0,0.0,0.6200086316678655,46.0,1.0,0.5423111264321008,20000000000_@5@1,20000000000_,5,1,20000000000_@5,single
46.0,0.0,0.6199873015361564,46.0,0.0,0.6199873015361564,46.0,0.0,0.6200101648785,44.0,0.0,0.6200101648785,44.0,0.0,0.6200078435676,47.0,0.0,0.6200078435676,46.0,0.0,0.6200181886879083,48.0,0.0,0.6200181886879083,48.0,0.0,0.6200181886879083,50.0,1.0,0.23307212821518417,48.0,1.0,0.5520979743790232,45.0,0.0,0.6199965380919411,45.0,0.0,0.620012767033398,43.0,1.0,0.5193567629955789,45.0,0.0,0.620012767033398,44.0,1.0,0.03868814319712562,43.0,0.0,0.6199923096042512,45.0,0.0,0.6199923096042512,45.0,1.0,0.3070746606677185,45.0,0.0,0.6199923096042512,48.0,0.0,0.6199908254041656,47.0,0.0,0.6199908254041656,45.0,1.0,0.3075282207470569,43.0,0.0,0.6199908254041656,48.0,0.0,0.6199956023519064,46.0,0.0,0.6199956023519064,45.0,0.0,0.6199956023519064,42.0,0.0,0.6199956023519064,45.0,1.0,0.1298100870141381,45.0,0.0,0.6199956023519064,45.0,0.0,0.6199956023519064,45.0,0.0,0.6199956023519064,48.0,0.0,0.6200086316678655,47.0,0.0,0.6200086316678655,44.0,0.0,0.6200086316678655,47.0,0.0,0.6200086316678655,20000000000_@5@2,20000000000_,5,2,20000000000_@5,single
47.0,1.0,0.26161187762447513,46.0,0.0,0.6200153252368394,48.0,0.0,0.620010005082796,47.0,0.0,0.620010005082796,49.0,1.0,0.22103439496863495,48.0,0.0,0.6199921733521533,45.0,1.0,0.0634843113163987,44.0,0.0,0.620017875145591,44.0,1.0,0.2740834226717815,46.0,0.0,0.620017875145591,48.0,0.0,0.6199906704673052,45.0,0.0,0.6199906704673052,45.0,0.0,0.6199909808462983,43.0,0.0,0.6199909808462983,45.0,0.0,0.6199909808462983,47.0,0.0,0.6199909808462983,44.0,0.0,0.6200058234218188,44.0,1.0,0.5031438340978728,44.0,0.0,0.6200058234218188,45.0,0.0,0.6200058234218188,44.0,0.0,0.6200031122977179,47.0,1.0,0.34721497800202406,44.0,1.0,0.11446306749500912,46.0,0.0,0.6200031122977179,45.0,1.0,0.3152041856951025,43.0,0.0,0.6200154103565672,43.0,1.0,0.03595303481247878,45.0,0.0,0.6200154103565672,44.0,1.0,0.26852767165356983,43.0,0.0,0.6200154103565672,45.0,0.0,0.6200154103565672,44.0,1.0,0.3338601016141416,44.0,0.0,0.6200108177792804,43.0,0.0,0.6200108177792804,43.0,1.0,0.11805679459122148,46.0,0.0,0.6200108177792804,20000000000_@5@4,20000000000_,5,4,20000000000_@5,single
40.0,1.0,0.4443613490234529,45.0,0.0,0.6199840733567384,47.0,1.0,0.2969678943879333,46.0,0.0,0.6199970702916164,50.0,0.0,0.6200055414055657,43.0,0.0,0.6200055414055657,41.0,1.0,0.00014613520983889464,42.0,1.0,0.2528139130212877,45.0,1.0,0.1961134516037966,42.0,1.0,0.43044126058046417,46.0,0.0,0.6199906704673052,46.0,0.0,0.6199906704673052,44.0,0.0,0.6199891330882746,45.0,0.0,0.6199891330882746,47.0,0.0,0.6199891330882746,45.0,0.0,0.6199891330882746,42.0,0.0,0.6200088321064252,44.0,0.0,0.6200088321064252,48.0,0.0,0.6200088321064252,46.0,1.0,0.17133171780680495,44.0,0.0,0.6200046040546762,46.0,0.0,0.6200046040546762,48.0,0.0,0.6200046040546762,46.0,0.0,0.6200046040546762,46.0,1.0,0.4171079235548055,43.0,1.0,0.3134827311724073,45.0,1.0,0.08644000810353131,42.0,0.0,0.6199885712914285,44.0,1.0,0.020600188847103258,46.0,0.0,0.6199885712914285,48.0,0.0,0.6199885712914285,46.0,0.0,0.6199885712914285,48.0,1.0,0.3696719013433196,46.0,1.0,0.5394049499173541,45.0,1.0,0.25528706045653615,45.0,0.0,0.620004686111762,20000000000_@5@5,20000000000_,5,5,20000000000_@5,single
41.0,0.0,0.6199834559810925,41.0,0.0,0.6199834559810925,41.0,0.0,0.6199950714250511,45.0,0.0,0.6199950714250511,45.0,1.0,0.38856461468901055,45.0,0.0,0.6199984085702919,46.0,0.0,0.6199948514226873,45.0,0.0,0.6199948514226873,45.0,0.0,0.6199948514226873,41.0,0.0,0.6199948514226873,42.0,0.0,0.6200014542867531,43.0,0.0,0.6200014542867531,45.0,0.0,0.61999317624077,45.0,0.0,0.61999317624077,43.0,0.0,0.61999317624077,46.0,1.0,0.3417806249165151,43.0,0.0,0.6199904847355899,45.0,1.0,0.5609193627525476,45.0,1.0,0.17282557695073378,45.0,1.0,0.16886836537741645,43.0,0.0,0.6200058900007959,44.0,0.0,0.6200058900007959,45.0,1.0,0.05218076124064341,44.0,0.0,0.6200058900007959,47.0,1.0,0.10969899710564636,46.0,1.0,0.5253289657244624,44.0,1.0,0.4570424414217509,44.0,1.0,0.4328851656200389,46.0,0.0,0.6200122701205341,45.0,1.0,0.2992858850084435,46.0,1.0,0.05573061499543881,45.0,0.0,0.6200122701205341,45.0,0.0,0.6199914773599273,43.0,1.0,0.5617302151014187,45.0,1.0,0.5024433800615805,48.0,0.0,0.6199914773599273,20000000000_@6@1,20000000000_,6,1,20000000000_@6,single
42.0,0.0,0.6199991485704556,46.0,0.0,0.6199991485704556,41.0,1.0,0.31213530866807765,44.0,0.0,0.6199950714250511,45.0,0.0,0.6199984085702919,48.0,0.0,0.6199984085702919,41.0,0.0,0.6200163245900853,38.0,0.0,0.6200163245900853,42.0,1.0,0.1506372521568596,43.0,1.0,0.40450047028625175,43.0,0.0,0.620000085714347,43.0,0.0,0.620000085714347,43.0,0.0,0.6200032916371615,43.0,0.0,0.6200032916371615,45.0,1.0,0.21447238169027433,44.0,1.0,0.323044386677427,43.0,0.0,0.6199904847355899,44.0,0.0,0.6199904847355899,46.0,0.0,0.6199904847355899,46.0,1.0,0.5310249872401298,44.0,0.0,0.6200046040546762,45.0,0.0,0.6200046040546762,48.0,0.0,0.6200046040546762,46.0,0.0,0.6200046040546762,41.0,0.0,0.6199945797634304,42.0,0.0,0.6199945797634304,43.0,0.0,0.6199945797634304,45.0,0.0,0.6199945797634304,42.0,0.0,0.6199945797634304,44.0,0.0,0.6199945797634304,40.0,1.0,0.014770523946005632,44.0,0.0,0.6199945797634304,46.0,0.0,0.6200023311114348,41.0,0.0,0.6200023311114348,46.0,0.0,0.6200023311114348,44.0,0.0,0.6200023311114348,20000000000_@6@2,20000000000_,6,2,20000000000_@6,single
41.0,1.0,0.3972210471097682,46.0,0.0,0.6199991485704556,39.0,1.0,0.4490298271641623,44.0,0.0,0.619996261425901,45.0,0.0,0.6199991192850852,46.0,1.0,0.5113652916894941,38.0,1.0,0.13812390185588783,39.0,1.0,0.2518449358227838,43.0,1.0,0.16058187952214803,39.0,0.0,0.6200163245900853,40.0,1.0,0.42627704805503436,37.0,0.0,0.6200017707155505,45.0,0.0,0.6200166455797927,44.0,0.0,0.6200166455797927,47.0,1.0,0.18306421795496192,47.0,0.0,0.6200166455797927,41.0,0.0,0.6199926263148192,44.0,0.0,0.6199926263148192,44.0,0.0,0.6199926263148192,46.0,0.0,0.6199926263148192,46.0,0.0,0.620004589474288,45.0,0.0,0.620004589474288,47.0,0.0,0.620004589474288,43.0,0.0,0.620004589474288,44.0,1.0,0.26044158128037204,43.0,0.0,0.6200045317657721,45.0,1.0,0.27388799385599855,45.0,1.0,0.0695098704729107,42.0,1.0,0.05470412110685202,43.0,1.0,0.010911433155631329,44.0,0.0,0.6200045317657721,45.0,0.0,0.6200045317657721,46.0,0.0,0.6199914773599273,44.0,1.0,0.5204672761760105,45.0,1.0,0.3275504897986791,45.0,1.0,0.42633278726844265,20000000000_@6@3,20000000000_,6,3,20000000000_@6,single
43.0,1.0,0.4223554826919802,43.0,0.0,0.6200097085825241,42.0,0.0,0.6199950714250511,47.0,0.0,0.6199950714250511,45.0,1.0,0.3757688469777479,47.0,0.0,0.6200082571487552,39.0,1.0,0.07966656876179287,40.0,1.0,0.4724242199133942,44.0,0.0,0.6199834308382067,41.0,1.0,0.37570196308795784,43.0,0.0,0.6200017707155505,46.0,0.0,0.6200017707155505,45.0,0.0,0.6199985709087443,44.0,0.0,0.6199985709087443,48.0,0.0,0.6199985709087443,46.0,1.0,0.31284195196168524,47.0,1.0,0.37893073354351753,42.0,1.0,0.41892931933280514,47.0,0.0,0.6200088321064252,44.0,1.0,0.3048995222236213,46.0,0.0,0.6199987540538856,46.0,0.0,0.6199987540538856,46.0,1.0,0.03553777453213169,44.0,0.0,0.6199987540538856,49.0,0.0,0.6199945797634304,43.0,1.0,0.43154180036277645,48.0,0.0,0.6199945797634304,42.0,1.0,0.46170747240175813,47.0,0.0,0.6199945797634304,44.0,0.0,0.6199945797634304,42.0,1.0,0.01076558088601903,45.0,0.0,0.6199945797634304,48.0,0.0,0.6200000419444502,44.0,0.0,0.6200000419444502,44.0,1.0,0.21183716553293963,44.0,0.0,0.6200000419444502,20000000000_@6@4,20000000000_,6,4,20000000000_@6,single
46.0,0.0,0.6200097085825241,45.0,0.0,0.6200097085825241,43.0,0.0,0.6199974964267831,45.0,0.0,0.6199974964267831,46.0,1.0,0.2822599673285481,46.0,0.0,0.6199963371402408,43.0,0.0,0.6199834308382067,37.0,1.0,0.3554185319068936,43.0,1.0,0.4687563300072343,44.0,1.0,0.12415807332351238,45.0,0.0,0.620001065715047,42.0,0.0,0.620001065715047,42.0,0.0,0.6200166455797927,46.0,1.0,0.1989020239762482,46.0,0.0,0.6200166455797927,46.0,0.0,0.6200166455797927,43.0,0.0,0.6199904847355899,43.0,0.0,0.6199904847355899,43.0,1.0,0.45801135815938915,44.0,1.0,0.01250724901411171,44.0,1.0,0.5228646498465742,48.0,0.0,0.6199999779729699,45.0,0.0,0.6199999779729699,45.0,0.0,0.6199999779729699,45.0,0.0,0.6199846127022618,46.0,0.0,0.6199846127022618,44.0,0.0,0.6199846127022618,43.0,0.0,0.6199846127022618,45.0,1.0,0.3191788967479757,45.0,0.0,0.6199846127022618,44.0,1.0,0.04192759857119966,44.0,0.0,0.6199846127022618,48.0,0.0,0.6200000419444502,43.0,1.0,0.42976110441126447,44.0,0.0,0.6200000419444502,45.0,0.0,0.6200000419444502,20000000000_@6@5,20000000000_,6,5,20000000000_@6,single
51.0,0.0,0.6200138091136913,45.0,0.0,0.6200138091136913,48.0,0.0,0.6200093350859487,47.0,0.0,0.6200093350859487,50.0,1.0,0.3968274501560403,45.0,0.0,0.6199938194747632,48.0,0.0,0.6199863800268086,48.0,0.0,0.6199863800268086,49.0,0.0,0.6199863800268086,48.0,0.0,0.6199863800268086,46.0,1.0,0.18708566389110848,44.0,1.0,0.47426160215390684,46.0,0.0,0.6199897175732648,44.0,1.0,0.15485816845046507,48.0,0.0,0.6199897175732648,46.0,1.0,0.40482227680540045,44.0,0.0,0.6200088321064253,47.0,1.0,0.03604178053181323,46.0,0.0,0.6200088321064253,47.0,0.0,0.6200088321064253,51.0,0.0,0.6199992205404352,49.0,0.0,0.6199992205404352,48.0,0.0,0.6199992205404352,47.0,0.0,0.6199992205404352,47.0,1.0,0.46726673394511387,45.0,1.0,0.44128705630283677,47.0,0.0,0.6199846127022618,45.0,1.0,0.12210815955486107,49.0,1.0,0.20059838790550302,44.0,1.0,0.15547385587620138,46.0,1.0,0.03582770254769472,47.0,1.0,0.3114621608146261,49.0,1.0,0.45915062230723175,48.0,1.0,8.730344104334872e-05,47.0,0.0,0.6200072124296018,45.0,1.0,0.39799456185636595,30000000000_@1@1,30000000000_,1,1,30000000000_@1,single
43.0,1.0,0.46368452992517706,42.0,0.0,0.6200097085825241,43.0,0.0,0.6199974964267831,47.0,0.0,0.6199974964267831,44.0,0.0,0.6200082571487552,47.0,0.0,0.6200082571487552,39.0,1.0,0.02275154600176686,38.0,1.0,0.19617704020233165,42.0,1.0,0.24296449367370707,43.0,1.0,0.09845548052054917,41.0,1.0,0.23165161975115697,41.0,0.0,0.620001065715047,46.0,0.0,0.6200096660024165,44.0,1.0,0.13347533586883395,46.0,0.0,0.6200096660024165,45.0,0.0,0.6200096660024165,44.0,0.0,0.6199917916655265,46.0,1.0,0.04761569883551372,46.0,0.0,0.6199917916655265,47.0,0.0,0.6199917916655265,47.0,0.0,0.6200016461113397,46.0,0.0,0.6200016461113397,48.0,0.0,0.6200016461113397,48.0,0.0,0.6200016461113397,44.0,1.0,0.26300051830315596,44.0,0.0,0.6199901806036802,44.0,1.0,0.0861965360476451,44.0,1.0,0.10027469097568266,42.0,0.0,0.6199901806036802,45.0,1.0,0.3044998313938985,46.0,0.0,0.6199901806036802,45.0,1.0,0.5616926513194306,46.0,0.0,0.6199964997053675,46.0,0.0,0.6199964997053675,47.0,0.0,0.6199964997053675,47.0,0.0,0.6199964997053675,30000000000_@1@2,30000000000_,1,2,30000000000_@1,single
44.0,0.0,0.6199991485704556,45.0,1.0,0.4941872127853861,46.0,0.0,0.6199950714250511,47.0,0.0,0.6199950714250511,49.0,0.0,0.6200082571487552,47.0,0.0,0.6200082571487552,44.0,1.0,0.4620296948910799,39.0,0.0,0.6200007908580468,42.0,1.0,0.05531005635435013,46.0,1.0,0.3895177708774525,44.0,1.0,0.19234026881447774,46.0,0.0,0.6200024800017715,43.0,1.0,0.5492101998025499,45.0,1.0,0.19025389131347284,43.0,1.0,0.48815387203846805,44.0,1.0,0.3683410295852574,47.0,0.0,0.6199979173608218,47.0,0.0,0.6199979173608218,46.0,1.0,0.5052657187869053,45.0,0.0,0.6199979173608218,43.0,0.0,0.6199983499997709,49.0,0.0,0.6199983499997709,45.0,0.0,0.6199983499997709,47.0,0.0,0.6199983499997709,47.0,1.0,0.2937194624298656,49.0,0.0,0.6199924939981235,46.0,0.0,0.6199924939981235,47.0,0.0,0.6199924939981235,47.0,1.0,0.34098296824574204,47.0,0.0,0.6199924939981235,46.0,0.0,0.6199924939981235,46.0,1.0,0.4252609513152378,46.0,1.0,0.19689033939563816,43.0,1.0,0.008344847403654031,45.0,1.0,0.5467622661415098,45.0,1.0,0.5407985401174324,30000000000_@1@3,30000000000_,1,3,30000000000_@1,single
44.0,0.0,0.6200008342866677,44.0,0.0,0.6200008342866677,42.0,0.0,0.6199950714250511,44.0,0.0,0.6199950714250511,45.0,1.0,0.29246687033347885,43.0,0.0,0.6200082571487552,43.0,0.0,0.6200163245900853,42.0,0.0,0.6200163245900853,42.0,0.0,0.6200163245900853,42.0,0.0,0.6200163245900853,44.0,0.0,0.6200014542867531,45.0,0.0,0.6200014542867531,43.0,1.0,0.5296272274068068,45.0,0.0,0.6199906947476735,46.0,0.0,0.6199906947476735,46.0,0.0,0.6199906947476735,51.0,1.0,0.4070637260091037,53.0,0.0,0.6199909751415679,51.0,0.0,0.6199909751415679,50.0,0.0,0.6199909751415679,53.0,1.0,0.412386187483741,52.0,0.0,0.6200063682866239,53.0,0.0,0.6200063682866239,47.0,0.0,0.6200063682866239,44.0,1.0,0.11139711984927994,46.0,0.0,0.6200051720012929,47.0,1.0,0.02578909544727386,46.0,0.0,0.6200051720012929,44.0,0.0,0.6200051720012929,44.0,1.0,0.09097921974480493,45.0,0.0,0.6200051720012929,45.0,0.0,0.6200051720012929,48.0,0.0,0.6199920526458901,48.0,1.0,0.3968900085132365,50.0,1.0,0.010141993403234323,48.0,0.0,0.6199920526458901,30000000000_@1@4,30000000000_,1,4,30000000000_@1,single
41.0,0.0,0.6199928365632417,43.0,0.0,0.6199928365632417,45.0,0.0,0.619996261425901,44.0,1.0,0.4157653276895198,46.0,0.0,0.6199970928550662,47.0,0.0,0.6199970928550662,39.0,0.0,0.6199834308382067,43.0,1.0,0.41718579792662625,43.0,0.0,0.6199834308382067,45.0,0.0,0.6199834308382067,46.0,1.0,0.19267303548073964,43.0,0.0,0.620001065715047,44.0,0.0,0.6199975654187265,48.0,0.0,0.6199975654187265,48.0,0.0,0.6199975654187265,45.0,1.0,0.06139435545660785,43.0,0.0,0.6200000882857268,44.0,1.0,0.34412322158903164,44.0,1.0,0.27770196452885204,47.0,0.0,0.6200000882857268,48.0,0.0,0.6200022782860397,45.0,0.0,0.6200022782860397,47.0,0.0,0.6200022782860397,45.0,0.0,0.6200022782860397,45.0,0.0,0.6199828849957212,46.0,0.0,0.6199828849957212,48.0,1.0,0.11240680685170171,44.0,0.0,0.6199828849957212,45.0,0.0,0.6199828849957212,46.0,0.0,0.6199828849957212,44.0,1.0,0.2505727413931853,45.0,0.0,0.6199828849957212,49.0,0.0,0.6199909651501463,44.0,1.0,0.10969558480236134,50.0,1.0,0.42809472395374604,46.0,1.0,0.3829619519639321,30000000000_@1@5,30000000000_,1,5,30000000000_@1,single
48.0,0.0,0.6199979609109872,46.0,0.0,0.6199979609109872,50.0,0.0,0.6200034502162071,47.0,0.0,0.6200034502162071,50.0,0.0,0.6199939326260265,46.0,0.0,0.6199939326260265,54.0,0.0,0.6199960953183812,52.0,0.0,0.6199960953183812,51.0,0.0,0.6199960953183812,49.0,0.0,0.6199960953183812,52.0,0.0,0.6199920933258032,45.0,0.0,0.6199920933258032,46.0,0.0,0.6199922007721809,44.0,0.0,0.6199922007721809,45.0,0.0,0.6199922007721809,44.0,1.0,0.011403607071898598,45.0,0.0,0.620007667572524,44.0,0.0,0.620007667572524,45.0,0.0,0.620007667572524,42.0,0.0,0.620007667572524,46.0,0.0,0.6200069473539629,45.0,1.0,0.0814025257944891,48.0,0.0,0.6200069473539629,46.0,0.0,0.6200069473539629,43.0,1.0,0.46976983477931217,44.0,0.0,0.6200006105808027,44.0,1.0,0.030693099533703104,46.0,0.0,0.6200006105808027,41.0,0.0,0.6200006105808027,41.0,1.0,0.4528610613834997,47.0,1.0,0.025252885484615607,44.0,1.0,0.5401985517931747,48.0,0.0,0.6199963168744246,47.0,1.0,0.07887721201206438,47.0,0.0,0.6199963168744246,46.0,0.0,0.6199963168744246,30000000000_@2@1,30000000000_,2,1,30000000000_@2,single
42.0,0.0,0.6199828205517948,42.0,1.0,0.18474123170426476,42.0,1.0,0.41342708101934356,42.0,0.0,0.6199974964267831,46.0,1.0,0.4176505097503641,45.0,0.0,0.6199991192850852,42.0,1.0,0.1614971925682201,35.0,1.0,0.43358126580716094,41.0,1.0,0.31356790807760926,41.0,1.0,0.16883297238053988,41.0,0.0,0.620001065715047,40.0,1.0,0.2590302121644373,40.0,1.0,0.35605750504709804,43.0,0.0,0.6199838319958275,43.0,1.0,0.20585734035028136,43.0,1.0,0.4279665759913744,43.0,0.0,0.6200020885717269,42.0,1.0,0.507190572455796,43.0,0.0,0.6200020885717269,47.0,1.0,0.010291001470143066,47.0,0.0,0.6199952866169538,45.0,0.0,0.6199952866169538,44.0,0.0,0.6199952866169538,45.0,1.0,0.5329141586638467,46.0,0.0,0.6200001210322893,42.0,0.0,0.6200001210322893,45.0,0.0,0.6200001210322893,44.0,1.0,0.15355744298256593,43.0,0.0,0.6200001210322893,47.0,1.0,0.26150340038797426,45.0,0.0,0.6200001210322893,44.0,0.0,0.6200001210322893,45.0,0.0,0.6200073666677828,44.0,0.0,0.6200073666677828,44.0,1.0,0.4297527923867867,41.0,0.0,0.6200073666677828,30000000000_@2@2,30000000000_,2,2,30000000000_@2,single
47.0,0.0,0.6199975010775393,46.0,0.0,0.6199975010775393,49.0,1.0,0.37019204817923473,47.0,0.0,0.6199967721196742,50.0,0.0,0.6200088118547742,48.0,0.0,0.6200088118547742,53.0,1.0,0.15444734521755799,47.0,0.0,0.61999524631014,47.0,0.0,0.61999524631014,49.0,1.0,0.48745949779566805,49.0,1.0,0.27270295590757704,45.0,1.0,0.5543674574928167,43.0,0.0,0.6200037238719286,42.0,0.0,0.6200037238719286,47.0,1.0,0.2073108473060251,43.0,1.0,0.02025258948453922,44.0,1.0,0.4305135546447934,42.0,1.0,0.12524105217729314,44.0,1.0,0.2503591180513025,44.0,0.0,0.6199944525706359,46.0,0.0,0.6200018647061565,47.0,0.0,0.6200018647061565,48.0,1.0,0.4946955286316953,45.0,0.0,0.6200018647061565,43.0,0.0,0.6200044743237353,45.0,0.0,0.6200044743237353,46.0,1.0,0.012055336272344844,42.0,0.0,0.6200044743237353,45.0,1.0,0.5162477234187673,44.0,1.0,0.171053460400893,46.0,1.0,0.1378277775039426,47.0,0.0,0.6200044743237353,42.0,0.0,0.6199986248482765,45.0,0.0,0.6199986248482765,45.0,1.0,0.15251373038086824,45.0,0.0,0.6199986248482765,30000000000_@2@3,30000000000_,2,3,30000000000_@2,single
44.0,0.0,0.6200097085825241,45.0,0.0,0.6200097085825241,42.0,0.0,0.619996261425901,43.0,0.0,0.619996261425901,46.0,0.0,0.620008257148755,47.0,0.0,0.620008257148755,44.0,0.0,0.6199989371416424,38.0,1.0,0.2541280047177197,40.0,0.0,0.6199989371416424,40.0,1.0,0.2025317628934433,42.0,0.0,0.620001065715047,43.0,1.0,0.21656945397818142,40.0,1.0,0.4522977180123143,44.0,0.0,0.6200131981969543,43.0,0.0,0.6200131981969543,43.0,0.0,0.6200131981969543,45.0,1.0,0.3401124663017809,42.0,0.0,0.6200097108585301,48.0,1.0,0.5201840674548668,47.0,0.0,0.6200097108585301,45.0,0.0,0.6200034652946271,45.0,0.0,0.6200034652946271,45.0,0.0,0.6200034652946271,48.0,0.0,0.6200034652946271,43.0,1.0,0.28448132399518034,45.0,0.0,0.6200083215505344,43.0,1.0,0.228511157809331,42.0,0.0,0.6200083215505344,46.0,1.0,0.44434358460479595,44.0,1.0,0.16045025972909924,44.0,1.0,0.03454494826966406,43.0,0.0,0.6200083215505344,42.0,0.0,0.6200039242430186,45.0,0.0,0.6200039242430186,44.0,1.0,0.3791579241148369,44.0,0.0,0.6200039242430186,30000000000_@2@4,30000000000_,2,4,30000000000_@2,single
51.0,0.0,0.6200097646170916,47.0,0.0,0.6200097646170916,45.0,1.0,0.39479160563044147,47.0,0.0,0.6200091187007276,45.0,1.0,0.3102247020135686,47.0,1.0,0.5056348365597054,50.0,0.0,0.6199967600466554,50.0,1.0,0.27606555265604177,50.0,0.0,0.6199967600466554,47.0,0.0,0.6199967600466554,45.0,0.0,0.6200109828676028,46.0,1.0,0.5089569494828091,42.0,0.0,0.6199933538047364,41.0,1.0,0.36058377150548937,44.0,0.0,0.6199933538047364,45.0,0.0,0.6199933538047364,43.0,1.0,0.324981777283111,43.0,0.0,0.6200097108585301,46.0,0.0,0.6200097108585301,44.0,0.0,0.6200097108585301,43.0,0.0,0.6199996935293667,45.0,1.0,0.01160676170687672,48.0,0.0,0.6199996935293667,48.0,1.0,0.23273522716694517,44.0,0.0,0.6200006105808027,45.0,0.0,0.6200006105808027,43.0,1.0,0.18426887181132173,44.0,0.0,0.6200006105808027,44.0,0.0,0.6200006105808027,41.0,0.0,0.6200006105808027,41.0,1.0,0.021025692135662483,41.0,0.0,0.6200006105808027,43.0,0.0,0.6200073666677828,45.0,1.0,0.25040731066777433,43.0,1.0,0.48994916514381287,40.0,0.0,0.6200073666677828,30000000000_@2@5,30000000000_,2,5,30000000000_@2,single
43.0,1.0,0.48312285614040695,45.0,0.0,0.6199928365632417,46.0,1.0,0.33485444489603206,45.0,0.0,0.619996261425901,44.0,0.0,0.6199997285712346,46.0,0.0,0.6199997285712346,44.0,1.0,0.12032013293729477,39.0,0.0,0.6200042925763343,45.0,0.0,0.6200042925763343,46.0,0.0,0.6200042925763343,43.0,0.0,0.620000085714347,42.0,0.0,0.620000085714347,46.0,0.0,0.6200009114841061,45.0,0.0,0.6200009114841061,46.0,0.0,0.6200009114841061,42.0,0.0,0.6200009114841061,43.0,0.0,0.6199924952846421,45.0,0.0,0.6199924952846421,43.0,0.0,0.6199924952846421,44.0,0.0,0.6199924952846421,45.0,0.0,0.6200037223534884,45.0,0.0,0.6200037223534884,45.0,0.0,0.6200037223534884,45.0,0.0,0.6200037223534884,47.0,1.0,0.5685911771848199,43.0,0.0,0.619987381674163,45.0,1.0,0.10003707278376071,44.0,1.0,0.055914955849020856,45.0,1.0,0.2637775183941983,44.0,0.0,0.619987381674163,46.0,0.0,0.619987381674163,42.0,0.0,0.619987381674163,51.0,0.0,0.6199927268738635,45.0,0.0,0.6199927268738635,44.0,0.0,0.6199927268738635,44.0,0.0,0.6199927268738635,30000000000_@3@1,30000000000_,3,1,30000000000_@3,single
40.0,1.0,0.42352140631017854,44.0,0.0,0.6199828205517948,45.0,0.0,0.619996261425901,39.0,1.0,0.18207505862504186,46.0,0.0,0.6199991192850852,44.0,0.0,0.6199991192850852,42.0,0.0,0.6199834308382067,39.0,0.0,0.6199834308382067,42.0,0.0,0.6199834308382067,44.0,1.0,0.4720207520237166,42.0,1.0,0.20144066888619208,41.0,1.0,0.2645228889449207,41.0,0.0,0.6199860438673662,44.0,1.0,0.3265878579581569,45.0,1.0,0.22501409651976687,41.0,0.0,0.6199860438673662,44.0,0.0,0.6199911242844464,41.0,0.0,0.6199911242844464,45.0,0.0,0.6199911242844464,46.0,0.0,0.6199911242844464,44.0,0.0,0.6199954497052133,45.0,0.0,0.6199954497052133,47.0,0.0,0.6199954497052133,45.0,0.0,0.6199954497052133,45.0,1.0,0.21425494251740454,44.0,0.0,0.619987381674163,45.0,0.0,0.619987381674163,45.0,1.0,0.43471857592737445,46.0,1.0,0.14717169062495242,44.0,0.0,0.619987381674163,45.0,0.0,0.619987381674163,45.0,1.0,0.10227807955563344,49.0,0.0,0.6200047737886021,47.0,0.0,0.6200047737886021,44.0,0.0,0.6200047737886021,42.0,0.0,0.6200047737886021,30000000000_@3@2,30000000000_,3,2,30000000000_@3,single
45.0,1.0,0.29888634158439037,43.0,1.0,0.3818774364313559,43.0,0.0,0.6199950714250511,45.0,0.0,0.6199950714250511,48.0,1.0,0.3956410883150631,45.0,0.0,0.6199984085702919,42.0,1.0,0.43884796554053207,41.0,1.0,0.2934949434227925,42.0,1.0,0.21635986326841516,44.0,0.0,0.6200163245900853,47.0,0.0,0.6200014542867531,44.0,1.0,0.2936264525903233,42.0,0.0,0.6200178696820309,46.0,0.0,0.6200178696820309,44.0,1.0,0.09779789620590869,45.0,1.0,0.12293425753142129,45.0,0.0,0.6199944525706359,45.0,1.0,0.34263984094854866,45.0,0.0,0.6199944525706359,46.0,1.0,0.06307147586735368,44.0,1.0,0.3964389921233812,44.0,0.0,0.6200038411770354,44.0,0.0,0.6200038411770354,45.0,0.0,0.6200038411770354,46.0,1.0,0.3505153028426588,46.0,0.0,0.6199955230956188,46.0,0.0,0.6199955230956188,42.0,1.0,0.0651292844204605,44.0,0.0,0.6199955230956188,43.0,0.0,0.6199955230956188,45.0,0.0,0.6199955230956188,45.0,0.0,0.6199955230956188,44.0,0.0,0.6200099031833186,44.0,0.0,0.6200099031833186,43.0,1.0,0.15572808662546764,44.0,1.0,0.341789979362118,30000000000_@3@3,30000000000_,3,3,30000000000_@3,single
44.0,0.0,0.6199834559810925,46.0,1.0,0.10882688323072369,43.0,0.0,0.619996261425901,46.0,0.0,0.619996261425901,47.0,0.0,0.6199991192850852,43.0,0.0,0.6199991192850852,42.0,1.0,0.16065181560207498,36.0,1.0,0.5333552289774046,43.0,0.0,0.6199869588422388,43.0,0.0,0.6199869588422388,43.0,1.0,0.4321034086452919,42.0,0.0,0.6200000178571556,42.0,1.0,0.5263590390603972,42.0,0.0,0.620008245163418,46.0,0.0,0.620008245163418,46.0,0.0,0.620008245163418,42.0,1.0,0.3190059730008533,45.0,0.0,0.6199944525706361,46.0,0.0,0.6199944525706361,45.0,0.0,0.6199944525706361,45.0,0.0,0.6200077379423143,47.0,0.0,0.6200077379423143,46.0,0.0,0.6200077379423143,46.0,0.0,0.6200077379423143,46.0,0.0,0.6199992929030433,42.0,0.0,0.6199992929030433,43.0,1.0,0.03852957691085856,43.0,1.0,0.11400934864757385,44.0,0.0,0.6199992929030433,43.0,0.0,0.6199992929030433,46.0,0.0,0.6199992929030433,45.0,0.0,0.6199992929030433,47.0,1.0,0.3456906790141686,42.0,0.0,0.6200032218755034,47.0,0.0,0.6200032218755034,45.0,1.0,0.3006062969697339,30000000000_@3@4,30000000000_,3,4,30000000000_@3,single
43.0,1.0,0.30384080438949074,42.0,0.0,0.6199834559810925,42.0,1.0,0.2305132003665717,45.0,0.0,0.6199974964267831,45.0,0.0,0.6200096085782919,47.0,0.0,0.6200096085782919,40.0,1.0,0.3592698163083615,36.0,1.0,0.19414141273304314,41.0,0.0,0.6199834308382067,40.0,0.0,0.6199834308382067,41.0,1.0,0.35118596513283223,39.0,1.0,0.1191679422628159,45.0,0.0,0.6199956407730686,42.0,0.0,0.6199956407730686,46.0,1.0,0.343481000124129,46.0,0.0,0.6199956407730686,47.0,0.0,0.6199963982347644,46.0,0.0,0.6199963982347644,43.0,0.0,0.6199963982347644,45.0,1.0,0.09028913798369675,46.0,0.0,0.6199917779399673,46.0,1.0,0.5302209029736621,47.0,1.0,0.03558877729246725,46.0,0.0,0.6199917779399673,43.0,1.0,0.4795788179558239,45.0,0.0,0.619991736772061,46.0,0.0,0.619991736772061,44.0,1.0,0.5001154013201035,45.0,0.0,0.619991736772061,44.0,0.0,0.619991736772061,43.0,1.0,0.07516609939770307,45.0,0.0,0.619991736772061,46.0,1.0,0.2915015205305334,45.0,0.0,0.6200107945470901,44.0,0.0,0.6200107945470901,45.0,0.0,0.6200107945470901,30000000000_@3@5,30000000000_,3,5,30000000000_@3,single
44.0,1.0,0.3015434714782531,41.0,1.0,0.132022534882897,43.0,1.0,0.4888613034723596,44.0,0.0,0.619996261425901,45.0,1.0,0.5516529226092305,44.0,0.0,0.6199991192850852,40.0,1.0,0.00010998183997924567,40.0,1.0,0.25130850435257635,41.0,0.0,0.6200042925763343,36.0,1.0,0.20342974334827807,40.0,1.0,0.2906746826247733,44.0,0.0,0.6200000178571556,44.0,0.0,0.6200178696820309,42.0,1.0,0.095198863277126,44.0,1.0,0.39616687643016163,42.0,0.0,0.6200178696820309,45.0,0.0,0.6200097108585301,40.0,1.0,0.3358274879753554,42.0,0.0,0.6200097108585301,45.0,1.0,0.3879853102836157,48.0,0.0,0.6200099380896967,49.0,0.0,0.6200099380896967,46.0,1.0,0.22264078377070348,45.0,0.0,0.6200099380896967,41.0,0.0,0.6200130632291776,40.0,0.0,0.6200130632291776,44.0,0.0,0.6200130632291776,41.0,0.0,0.6200130632291776,41.0,0.0,0.6200130632291776,41.0,1.0,0.12878325904084104,41.0,0.0,0.6200130632291776,43.0,0.0,0.6200130632291776,42.0,1.0,0.4266192629726156,44.0,1.0,0.2814154999114394,40.0,0.0,0.6199914771199208,45.0,0.0,0.6199914771199208,30000000000_@4@1,30000000000_,4,1,30000000000_@4,single
41.0,0.0,0.6199834559810925,44.0,0.0,0.6199834559810925,41.0,0.0,0.6199950714250511,43.0,0.0,0.6199950714250511,40.0,1.0,0.2574429381735273,44.0,0.0,0.6199984085702919,37.0,0.0,0.6200007908580468,36.0,0.0,0.6200007908580468,40.0,0.0,0.6200007908580468,40.0,1.0,0.07397903426175345,41.0,1.0,0.2567883977059984,40.0,1.0,0.1726519090370779,38.0,1.0,0.40247558954208756,41.0,0.0,0.6199838319958275,43.0,0.0,0.6199838319958275,42.0,0.0,0.6199838319958275,42.0,0.0,0.6200000882857268,43.0,0.0,0.6200000882857268,41.0,1.0,0.2124700970671567,44.0,0.0,0.6200000882857268,46.0,0.0,0.6200034652946271,43.0,0.0,0.6200034652946271,45.0,0.0,0.6200034652946271,44.0,0.0,0.6200034652946271,42.0,1.0,0.20516702068826342,42.0,0.0,0.6199835793506011,41.0,0.0,0.6199835793506011,41.0,0.0,0.6199835793506011,40.0,1.0,0.16232591285830011,45.0,0.0,0.6199835793506011,40.0,1.0,0.16342817120727,46.0,0.0,0.6199835793506011,47.0,0.0,0.6199979818746846,46.0,1.0,0.3251566358057243,44.0,0.0,0.6199979818746846,47.0,1.0,0.12023315128642988,30000000000_@4@2,30000000000_,4,2,30000000000_@4,single
42.0,0.0,0.6199929142776162,41.0,0.0,0.6199929142776162,42.0,0.0,0.6199946378533127,45.0,0.0,0.6199946378533127,45.0,1.0,0.4304275574482553,45.0,0.0,0.620010296435926,40.0,1.0,0.518162807043208,38.0,1.0,0.2334978714261388,38.0,1.0,0.2675725686543642,36.0,1.0,0.3415172291625476,43.0,0.0,0.6200000178571556,42.0,0.0,0.6200000178571556,43.0,0.0,0.620008245163418,39.0,1.0,0.024656254104839764,46.0,0.0,0.620008245163418,45.0,1.0,0.009506025678974368,44.0,0.0,0.6200053907150558,45.0,1.0,0.33627619518231355,44.0,0.0,0.6200053907150558,44.0,1.0,0.3749227399889628,46.0,0.0,0.6200077379423143,45.0,0.0,0.6200077379423143,47.0,0.0,0.6200077379423143,45.0,0.0,0.6200077379423143,41.0,1.0,0.09865212223280574,39.0,0.0,0.6199835793506011,41.0,0.0,0.6199835793506011,44.0,1.0,0.1005994453159859,41.0,1.0,0.024029232007543744,41.0,1.0,0.19888414809913502,42.0,1.0,0.20406476233929352,42.0,1.0,0.10030550975626058,45.0,0.0,0.620009229220192,45.0,1.0,0.2167198862062322,43.0,0.0,0.620009229220192,48.0,1.0,0.18814480580387588,30000000000_@4@3,30000000000_,4,3,30000000000_@4,single
40.0,0.0,0.6199834559810925,45.0,0.0,0.6199834559810925,45.0,0.0,0.619996261425901,44.0,0.0,0.619996261425901,43.0,1.0,0.5205916754226253,46.0,0.0,0.620010296435926,40.0,1.0,0.06374792656905894,37.0,1.0,0.4558086786384899,41.0,1.0,0.1513371375281572,39.0,1.0,0.10567190819646652,39.0,1.0,0.21592105422932445,40.0,1.0,0.5142169922978517,41.0,1.0,0.421647155263782,40.0,0.0,0.6200125540677558,45.0,0.0,0.6200125540677558,44.0,0.0,0.6200125540677558,43.0,0.0,0.6200097108585301,42.0,0.0,0.6200097108585301,43.0,0.0,0.6200097108585301,44.0,0.0,0.6200097108585301,44.0,1.0,0.5308690783630997,44.0,0.0,0.6200033682357894,46.0,0.0,0.6200033682357894,45.0,0.0,0.6200033682357894,42.0,1.0,0.5383726973865025,44.0,0.0,0.6199955230956188,42.0,0.0,0.6199955230956188,43.0,1.0,0.04202363303835691,43.0,0.0,0.6199955230956188,43.0,1.0,0.45105611020802844,43.0,1.0,0.4266647707521989,45.0,0.0,0.6199955230956188,46.0,0.0,0.6199963168744245,43.0,1.0,0.21679752699961358,45.0,0.0,0.6199963168744245,46.0,0.0,0.6199963168744245,30000000000_@4@4,30000000000_,4,4,30000000000_@4,single
41.0,0.0,0.6199834559810925,48.0,0.0,0.6199834559810925,44.0,1.0,0.4508505777504127,47.0,0.0,0.619996261425901,44.0,0.0,0.6199991192850852,45.0,1.0,0.5597021719301228,41.0,1.0,0.07999986285698611,38.0,0.0,0.6199989371416424,43.0,0.0,0.6199989371416424,41.0,1.0,0.11779796319767222,42.0,0.0,0.6200000178571556,41.0,0.0,0.6200000178571556,41.0,0.0,0.6199881439969402,39.0,1.0,0.1997735452318826,42.0,0.0,0.6199881439969402,43.0,0.0,0.6199881439969402,39.0,0.0,0.6200097108585301,42.0,1.0,0.1766887235269605,44.0,0.0,0.6200097108585301,44.0,1.0,0.511306576472368,45.0,1.0,0.42684549777139674,43.0,0.0,0.6199993936763815,45.0,1.0,0.31096143322962255,41.0,0.0,0.6199993936763815,44.0,1.0,0.19925156754879164,43.0,1.0,0.37245309611692806,46.0,1.0,0.08211824699825729,44.0,1.0,0.3950861342157766,43.0,0.0,0.6199835793506011,41.0,1.0,0.07197747018773425,45.0,1.0,0.29805065756146004,45.0,0.0,0.6199835793506011,43.0,1.0,0.2941526700231318,41.0,0.0,0.619992384847331,42.0,1.0,0.21067956646660096,43.0,1.0,0.3130732401626121,30000000000_@4@5,30000000000_,4,5,30000000000_@4,single
40.0,0.0,0.6199834559810925,45.0,0.0,0.6199834559810925,44.0,0.0,0.619996261425901,46.0,0.0,0.619996261425901,46.0,0.0,0.6200096085782919,43.0,0.0,0.6200096085782919,40.0,1.0,0.03530417063333786,35.0,1.0,0.2275890875303857,38.0,1.0,0.33991720676252196,37.0,1.0,0.2543513352586688,40.0,1.0,0.1916356254540182,39.0,0.0,0.6200014542867531,41.0,1.0,0.2870745494385934,41.0,1.0,0.42222520986457024,43.0,0.0,0.6200157151008296,45.0,0.0,0.6200157151008296,44.0,0.0,0.6200020885717269,42.0,1.0,0.3417350488192927,45.0,1.0,0.3093655441950777,42.0,1.0,0.15395502199357455,45.0,1.0,0.43513165928406755,44.0,1.0,0.12906657898037927,44.0,0.0,0.6199912441163594,42.0,0.0,0.6199912441163594,43.0,0.0,0.6199835793506011,39.0,0.0,0.6199835793506011,41.0,1.0,0.2925761077615762,44.0,0.0,0.6199835793506011,44.0,0.0,0.6199835793506011,41.0,0.0,0.6199835793506011,41.0,0.0,0.6199835793506011,45.0,1.0,0.20964953797407432,42.0,0.0,0.6200099031833186,40.0,0.0,0.6200099031833186,43.0,0.0,0.6200099031833186,43.0,1.0,0.47303279227769574,30000000000_@5@1,30000000000_,5,1,30000000000_@5,single
40.0,1.0,0.20512326985516555,43.0,1.0,0.05324460599383542,39.0,1.0,0.5114493938924243,43.0,0.0,0.6199950714250511,40.0,0.0,0.6199997285712346,45.0,0.0,0.6199997285712346,40.0,1.0,0.08322662311614071,34.0,1.0,0.2955132257294008,41.0,0.0,0.6200163245900853,37.0,0.0,0.6200163245900853,36.0,1.0,0.3582009701435501,39.0,0.0,0.620000085714347,42.0,0.0,0.620008245163418,40.0,0.0,0.620008245163418,46.0,1.0,0.19880961517667486,45.0,0.0,0.620008245163418,44.0,0.0,0.6200000882857268,42.0,1.0,0.26115304373614906,46.0,0.0,0.6200000882857268,43.0,0.0,0.6200000882857268,44.0,1.0,0.5167275921658222,42.0,1.0,0.13758040111476483,46.0,0.0,0.6199904176456495,42.0,0.0,0.6199904176456495,44.0,1.0,0.23140076939374696,37.0,1.0,0.3844677121206999,41.0,0.0,0.6199835793506011,38.0,1.0,0.30003472258960584,41.0,1.0,0.30712591796797883,39.0,1.0,0.3207571795502399,41.0,0.0,0.6199835793506011,42.0,0.0,0.6199835793506011,41.0,0.0,0.6199905557561447,40.0,1.0,0.2682827742852688,38.0,1.0,0.3175694478135527,41.0,1.0,0.4266855155584114,30000000000_@5@2,30000000000_,5,2,30000000000_@5,single
43.0,0.0,0.6199916251332859,45.0,0.0,0.6199916251332859,39.0,1.0,0.19078769056263611,44.0,0.0,0.6199934714239081,44.0,0.0,0.6200096085782919,45.0,0.0,0.6200096085782919,40.0,0.0,0.6199967679963063,39.0,1.0,0.3532958917667335,38.0,1.0,0.05264123501855431,41.0,0.0,0.6199967679963063,36.0,1.0,0.21247363176687983,40.0,0.0,0.6200014542867531,41.0,0.0,0.6199903535458976,41.0,0.0,0.6199903535458976,46.0,1.0,0.26926886432744884,45.0,1.0,0.533154578878601,43.0,0.0,0.6200097108585301,42.0,1.0,0.3348023735431962,46.0,0.0,0.6200097108585301,39.0,0.0,0.6200097108585301,45.0,1.0,0.46326448636242445,45.0,1.0,0.03501249397242558,42.0,0.0,0.6199939679402894,45.0,0.0,0.6199939679402894,40.0,1.0,0.2941560113950997,42.0,0.0,0.6199835793506011,38.0,0.0,0.6199835793506011,41.0,0.0,0.6199835793506011,43.0,0.0,0.6199835793506011,42.0,0.0,0.6199835793506011,43.0,0.0,0.6199835793506011,44.0,0.0,0.6199835793506011,43.0,0.0,0.6200099031833186,44.0,1.0,0.42078881254375944,41.0,0.0,0.6200099031833186,41.0,1.0,0.5003550406598546,30000000000_@5@3,30000000000_,5,3,30000000000_@5,single
40.0,0.0,0.6199834559810925,43.0,0.0,0.6199834559810925,40.0,1.0,0.26016275511625364,47.0,0.0,0.619996261425901,41.0,1.0,0.23042468316048792,45.0,0.0,0.620008257148755,38.0,1.0,0.49609379096433254,35.0,1.0,0.23228594546965198,40.0,1.0,0.18678285346611825,41.0,1.0,0.3806113469843965,38.0,1.0,0.23245687246919464,40.0,0.0,0.620001065715047,42.0,1.0,0.3696567405565782,41.0,0.0,0.6200178696820309,43.0,0.0,0.6200178696820309,44.0,0.0,0.6200178696820309,43.0,0.0,0.6200097108585301,43.0,0.0,0.6200097108585301,44.0,0.0,0.6200097108585301,41.0,0.0,0.6200097108585301,46.0,1.0,0.5130793001587206,43.0,0.0,0.6199983792644675,44.0,0.0,0.6199983792644675,44.0,1.0,0.3209225867533216,43.0,0.0,0.619991736772061,39.0,0.0,0.619991736772061,42.0,0.0,0.619991736772061,46.0,0.0,0.619991736772061,39.0,1.0,0.15466729152704295,42.0,1.0,0.06994929289014008,43.0,0.0,0.619991736772061,40.0,1.0,0.024210390763971808,41.0,0.0,0.6200073666677828,41.0,0.0,0.6200073666677828,39.0,0.0,0.6200073666677828,42.0,1.0,0.4905818925124079,30000000000_@5@4,30000000000_,5,4,30000000000_@5,single
40.0,1.0,0.25508485952555376,43.0,0.0,0.6200107942980506,44.0,0.0,0.6199950714250511,45.0,0.0,0.6199950714250511,47.0,0.0,0.6200082571487552,45.0,0.0,0.6200082571487552,42.0,1.0,0.058497954854805544,39.0,1.0,0.3915061114355559,42.0,1.0,0.2965710269383165,42.0,0.0,0.6199827245516851,39.0,1.0,0.4032382851702037,42.0,1.0,0.27326748090534353,41.0,1.0,0.4823250842129249,43.0,1.0,0.03369114366223062,42.0,1.0,0.37883984228124956,43.0,1.0,0.032169847527702584,45.0,1.0,0.490476251210893,43.0,0.0,0.6200097108585301,43.0,0.0,0.6200097108585301,44.0,0.0,0.6200097108585301,45.0,0.0,0.6200025364709612,44.0,0.0,0.6200025364709612,47.0,0.0,0.6200025364709612,45.0,0.0,0.6200025364709612,45.0,1.0,0.07771794650785716,43.0,0.0,0.6200165065849048,42.0,1.0,0.021092246475418443,41.0,1.0,0.3952040258591034,44.0,1.0,0.10667385281905878,45.0,0.0,0.6200165065849048,44.0,1.0,0.3074544011495228,44.0,1.0,0.5223821879695968,44.0,0.0,0.6200099031833186,41.0,1.0,0.31588621831609365,43.0,0.0,0.6200099031833186,44.0,0.0,0.6200099031833186,30000000000_@5@5,30000000000_,5,5,30000000000_@5,single
42.0,0.0,0.6199829576948087,44.0,0.0,0.6199829576948087,43.0,0.0,0.619996261425901,45.0,0.0,0.619996261425901,44.0,0.0,0.620008257148755,45.0,0.0,0.620008257148755,41.0,0.0,0.6199948514226873,45.0,0.0,0.6199948514226873,43.0,0.0,0.6199948514226873,43.0,0.0,0.6199948514226873,37.0,1.0,0.24330303093073638,43.0,0.0,0.620000085714347,45.0,1.0,0.4017039810848983,38.0,1.0,0.13329521478586187,46.0,0.0,0.6200157151008296,43.0,0.0,0.6200157151008296,43.0,1.0,0.3437413713916245,45.0,1.0,0.2085082755011822,45.0,1.0,0.3325061172151596,45.0,1.0,0.3228085346869335,45.0,1.0,0.5047704909956604,44.0,1.0,0.009280237100034868,45.0,1.0,0.26507581471703157,46.0,0.0,0.6199983792644675,42.0,0.0,0.6200165065849048,41.0,0.0,0.6200165065849048,44.0,0.0,0.6200165065849048,45.0,1.0,0.010362392867714287,41.0,0.0,0.6200165065849048,39.0,1.0,0.07444754592194733,42.0,0.0,0.6200165065849048,46.0,0.0,0.6200165065849048,46.0,0.0,0.6200099031833186,47.0,0.0,0.6200099031833186,39.0,0.0,0.6200099031833186,45.0,0.0,0.6200099031833186,30000000000_@6@1,30000000000_,6,1,30000000000_@6,single
41.0,0.0,0.6199829576948087,45.0,1.0,0.35026741973419395,40.0,1.0,0.4521803394145282,46.0,0.0,0.619996261425901,45.0,0.0,0.6199970928550662,46.0,0.0,0.6199970928550662,44.0,1.0,0.24268170592194963,41.0,0.0,0.6199948514226873,42.0,1.0,0.37261371155852746,43.0,0.0,0.6199948514226873,40.0,0.0,0.6200000178571556,44.0,1.0,0.24986830347735964,40.0,0.0,0.6199881439969405,40.0,0.0,0.6199881439969405,41.0,0.0,0.6199881439969405,43.0,1.0,0.14296572618470355,46.0,1.0,0.4891710698815814,41.0,0.0,0.6200020885717269,50.0,0.0,0.6200020885717269,45.0,0.0,0.6200020885717269,48.0,0.0,0.6199976647055389,44.0,0.0,0.6199976647055389,45.0,0.0,0.6199976647055389,44.0,0.0,0.6199976647055389,44.0,0.0,0.6199835793506011,39.0,1.0,0.32817905243330386,43.0,0.0,0.6199835793506011,43.0,0.0,0.6199835793506011,45.0,0.0,0.6199835793506011,40.0,1.0,0.3340210216828443,44.0,1.0,0.14516742455933537,41.0,1.0,0.08175082754860066,45.0,0.0,0.6199923848473311,42.0,0.0,0.6199923848473311,42.0,1.0,0.15697308075349709,45.0,1.0,0.24107905228470491,30000000000_@6@2,30000000000_,6,2,30000000000_@6,single
43.0,0.0,0.620010818298078,41.0,1.0,0.16128947575940086,44.0,1.0,0.21967662691187637,48.0,0.0,0.619996261425901,45.0,1.0,0.27335441239600883,47.0,1.0,0.5037183069416478,41.0,1.0,0.20416295561480644,42.0,0.0,0.6200042925763344,42.0,0.0,0.6200042925763344,44.0,1.0,0.2505386314727217,42.0,1.0,0.31890641636172595,42.0,1.0,0.2673230966593548,41.0,1.0,0.34436944370824357,42.0,0.0,0.6199985470963992,40.0,0.0,0.6199985470963992,45.0,1.0,0.061098402864103965,46.0,0.0,0.6200097108585302,41.0,1.0,0.13681177211596746,46.0,0.0,0.6200097108585302,47.0,0.0,0.6200097108585302,48.0,1.0,0.4876177187673116,45.0,0.0,0.6199976647055389,45.0,0.0,0.6199976647055389,43.0,0.0,0.6199976647055389,46.0,0.0,0.6199835793506011,45.0,0.0,0.6199835793506011,46.0,0.0,0.6199835793506011,45.0,1.0,0.3192507598066477,47.0,1.0,0.4913867719707799,45.0,0.0,0.6199835793506011,48.0,1.0,0.09075260406518815,46.0,0.0,0.6199835793506011,45.0,0.0,0.6200107945470902,48.0,0.0,0.6200107945470902,46.0,0.0,0.6200107945470902,46.0,0.0,0.6200107945470902,30000000000_@6@3,30000000000_,6,3,30000000000_@6,single
42.0,1.0,0.5544865376989001,44.0,0.0,0.6199928365632417,42.0,0.0,0.6199974964267831,47.0,0.0,0.6199974964267831,47.0,0.0,0.6199991192850852,46.0,0.0,0.6199991192850852,44.0,0.0,0.6200051382915867,43.0,0.0,0.6200051382915867,45.0,0.0,0.6200051382915867,44.0,0.0,0.6200051382915867,44.0,0.0,0.6200000178571556,46.0,0.0,0.6200000178571556,44.0,0.0,0.6200061656790106,44.0,1.0,0.29163225487284,47.0,1.0,0.2645770355037511,46.0,0.0,0.6200061656790106,46.0,0.0,0.6200020885717269,43.0,1.0,0.32523254646179234,46.0,0.0,0.6200020885717269,45.0,0.0,0.6200020885717269,47.0,0.0,0.6199983792644675,48.0,1.0,0.3154040493241249,45.0,1.0,0.41157541508461987,48.0,0.0,0.6199983792644675,46.0,1.0,0.14116255255807808,45.0,1.0,0.4769839295442399,48.0,1.0,0.48021722070121825,49.0,1.0,0.2759687486370964,45.0,1.0,0.18844943572888664,45.0,0.0,0.6199835793506011,46.0,1.0,0.22508115485965288,47.0,1.0,0.14101558477821544,46.0,0.0,0.6199914771199208,47.0,1.0,0.4226907078319254,45.0,0.0,0.6199914771199208,46.0,1.0,0.20908643471006588,30000000000_@6@4,30000000000_,6,4,30000000000_@6,single
48.0,1.0,0.36313910301611774,45.0,0.0,0.6199972159968182,44.0,0.0,0.619996261425901,45.0,0.0,0.619996261425901,48.0,1.0,0.2580380414557439,45.0,0.0,0.6199997285712346,52.0,1.0,0.30286198612798415,50.0,1.0,0.25651721316252935,51.0,1.0,0.26506410293040333,50.0,1.0,0.33981254835719815,46.0,0.0,0.6200000178571556,45.0,1.0,0.2852091537208241,45.0,0.0,0.6200157151008296,43.0,0.0,0.6200157151008296,46.0,0.0,0.6200157151008296,48.0,1.0,0.158789037881042,47.0,0.0,0.6200000882857268,44.0,0.0,0.6200000882857268,47.0,0.0,0.6200000882857268,46.0,0.0,0.6200000882857268,44.0,1.0,0.39913287001953973,46.0,0.0,0.6199983792644675,45.0,1.0,0.4588240164447083,47.0,1.0,0.2563743006432795,46.0,0.0,0.6199835793506011,46.0,0.0,0.6199835793506011,46.0,1.0,0.0077892923327206025,46.0,0.0,0.6199835793506011,45.0,1.0,0.4109219124959774,45.0,0.0,0.6199835793506011,48.0,0.0,0.6199835793506011,48.0,0.0,0.6199835793506011,46.0,0.0,0.6200064893949225,49.0,1.0,0.14048010764850113,44.0,0.0,0.6200064893949225,48.0,0.0,0.6200064893949225,30000000000_@6@5,30000000000_,6,5,30000000000_@6,single
42.0,1.0,0.39725332486094267,45.0,0.0,0.6199834559810925,45.0,1.0,0.1961095229353735,42.0,0.0,0.6199934714239081,45.0,1.0,0.4880659221899445,45.0,0.0,0.6199991192850852,45.0,0.0,0.6200097817254648,44.0,0.0,0.6200097817254648,44.0,1.0,0.2935670463623387,44.0,0.0,0.6200097817254648,44.0,1.0,0.2465504132502952,43.0,0.0,0.6200014542867531,45.0,0.0,0.6199956407730686,46.0,0.0,0.6199956407730686,49.0,0.0,0.6199956407730686,47.0,1.0,0.21274069077179117,45.0,0.0,0.6199924952846421,47.0,1.0,0.4880464785780683,46.0,0.0,0.6199924952846421,44.0,0.0,0.6199924952846421,47.0,1.0,0.518848794830705,45.0,0.0,0.6199897970573229,46.0,1.0,0.2992897413661384,47.0,0.0,0.6199897970573229,46.0,0.0,0.6199955230956188,46.0,0.0,0.6199955230956188,44.0,0.0,0.6199955230956188,48.0,0.0,0.6199955230956188,46.0,0.0,0.6199955230956188,47.0,0.0,0.6199955230956188,47.0,1.0,0.2582763670390624,45.0,0.0,0.6199955230956188,48.0,0.0,0.6200064893949225,47.0,0.0,0.6200064893949225,43.0,0.0,0.6200064893949225,43.0,0.0,0.6200064893949225,40000000000_@2@1,40000000000_,2,1,40000000000_@2,single
40.0,0.0,0.6199834559810925,44.0,0.0,0.6199834559810925,43.0,0.0,0.619996261425901,45.0,1.0,0.2917701669786907,47.0,1.0,0.5104962210687293,47.0,0.0,0.6199991192850852,46.0,0.0,0.6200047337196957,43.0,1.0,0.2120933166780762,45.0,0.0,0.6200047337196957,43.0,0.0,0.6200047337196957,41.0,0.0,0.6200014542867531,41.0,0.0,0.6200014542867531,46.0,0.0,0.620005222194896,46.0,0.0,0.620005222194896,46.0,0.0,0.620005222194896,44.0,0.0,0.620005222194896,46.0,1.0,0.4713576290510898,44.0,1.0,0.268746466106638,46.0,1.0,0.14751208593029796,46.0,1.0,0.40267866038266575,46.0,1.0,0.4248213739443197,44.0,0.0,0.6199989555880816,44.0,1.0,0.26588810380707406,48.0,0.0,0.6199989555880816,45.0,1.0,0.4910193525211233,44.0,0.0,0.6199835793506011,43.0,0.0,0.6199835793506011,46.0,0.0,0.6199835793506011,45.0,1.0,0.31131449969406444,44.0,0.0,0.6199835793506011,45.0,0.0,0.6199835793506011,43.0,0.0,0.6199835793506011,46.0,0.0,0.6199905557561448,47.0,0.0,0.6199905557561448,45.0,0.0,0.6199905557561448,45.0,0.0,0.6199905557561448,40000000000_@2@2,40000000000_,2,2,40000000000_@2,single
42.0,1.0,0.29661708641952733,41.0,0.0,0.620010818298078,42.0,0.0,0.6199950714250511,43.0,0.0,0.6199950714250511,48.0,0.0,0.6199991192850852,46.0,0.0,0.6199991192850852,43.0,0.0,0.6199827245516851,43.0,0.0,0.6199827245516851,39.0,0.0,0.6199827245516851,44.0,0.0,0.6199827245516851,39.0,0.0,0.6200014542867531,39.0,0.0,0.6200014542867531,41.0,0.0,0.6200061656790105,44.0,1.0,0.3778452515729681,47.0,1.0,0.49322889631713446,45.0,0.0,0.6200061656790105,44.0,0.0,0.6199924952846421,45.0,0.0,0.6199924952846421,46.0,1.0,0.12452341250334463,44.0,1.0,0.5115855659407951,44.0,0.0,0.6199904176456495,47.0,1.0,0.21099107043986326,47.0,0.0,0.6199904176456495,45.0,0.0,0.6199904176456495,44.0,1.0,0.10641588294603431,45.0,1.0,0.34008252647291004,46.0,1.0,0.014110393318811178,44.0,0.0,0.6200121522612005,45.0,1.0,0.4419419282430782,42.0,1.0,0.11655772814392984,47.0,0.0,0.6200121522612005,47.0,0.0,0.6200121522612005,46.0,1.0,0.30789036665005554,46.0,0.0,0.6199939239384733,48.0,0.0,0.6199939239384733,46.0,0.0,0.6199939239384733,40000000000_@2@3,40000000000_,2,3,40000000000_@2,single
40.0,0.0,0.6200013862872986,44.0,0.0,0.6200013862872986,42.0,1.0,0.31102016501440355,44.0,0.0,0.6199934714239081,46.0,0.0,0.6199984085702919,46.0,0.0,0.6199984085702919,45.0,1.0,0.4025195583080667,39.0,0.0,0.6199912662757329,43.0,1.0,0.1441223909970183,40.0,1.0,0.20882289236901985,41.0,0.0,0.6200014542867531,42.0,0.0,0.6200014542867531,43.0,0.0,0.6199956407730686,44.0,0.0,0.6199956407730686,44.0,0.0,0.6199956407730686,45.0,1.0,0.4850235326512342,45.0,0.0,0.6200000882857268,42.0,1.0,0.2470444222920603,43.0,1.0,0.5095509093644156,43.0,0.0,0.6200000882857268,47.0,1.0,0.4016662098038544,46.0,0.0,0.6200030700004515,47.0,1.0,0.13653549463757275,42.0,0.0,0.6200030700004515,42.0,1.0,0.1261492720385218,42.0,0.0,0.6200165065849048,43.0,1.0,0.00029396859199189466,45.0,0.0,0.6200165065849048,44.0,0.0,0.6200165065849048,42.0,1.0,0.023517487359351573,43.0,1.0,0.2941523223618896,46.0,1.0,0.24888115919513784,43.0,1.0,0.33678550557356146,45.0,0.0,0.6200073666677828,44.0,1.0,0.23275639890248467,45.0,0.0,0.6200073666677828,40000000000_@2@4,40000000000_,2,4,40000000000_@2,single
43.0,0.0,0.6200008342866677,47.0,1.0,0.4764481902265031,45.0,0.0,0.619996261425901,46.0,0.0,0.619996261425901,46.0,0.0,0.6200054885753489,46.0,0.0,0.6200054885753489,43.0,0.0,0.6199881828436374,40.0,0.0,0.6199881828436374,43.0,1.0,0.22897790511760582,43.0,1.0,0.4829092353248403,45.0,1.0,0.276230659450471,42.0,0.0,0.6200017707155504,43.0,1.0,0.31656413150042106,44.0,0.0,0.6199860438673662,47.0,0.0,0.6199860438673662,43.0,0.0,0.6199860438673662,42.0,1.0,0.3082071491724499,44.0,1.0,0.5265444735063534,45.0,1.0,0.17414073087724727,45.0,0.0,0.6200033488576213,47.0,0.0,0.6199897970573229,42.0,0.0,0.6199897970573229,44.0,0.0,0.6199897970573229,42.0,0.0,0.6199897970573229,44.0,0.0,0.6200083215505346,43.0,1.0,0.4669080508149809,44.0,1.0,0.46870879811839955,44.0,1.0,0.06578240149223265,44.0,1.0,0.13531329737117354,43.0,0.0,0.6200083215505346,44.0,1.0,0.15468051836916605,45.0,0.0,0.6200083215505346,44.0,1.0,0.5055270637162218,44.0,1.0,0.4430263293979287,42.0,0.0,0.6200099031833187,45.0,0.0,0.6200099031833187,40000000000_@2@5,40000000000_,2,5,40000000000_@2,single
43.0,0.0,0.6199834559810925,42.0,0.0,0.6199834559810925,42.0,0.0,0.6199934714239081,45.0,0.0,0.6199934714239081,46.0,0.0,0.6199991192850852,47.0,0.0,0.6199991192850852,45.0,0.0,0.6200142914449045,41.0,0.0,0.6200142914449045,43.0,0.0,0.6200142914449045,46.0,1.0,0.3931968413678187,44.0,0.0,0.620001065715047,43.0,0.0,0.620001065715047,46.0,0.0,0.6200009114841062,44.0,0.0,0.6200009114841062,47.0,1.0,0.3394341675959142,46.0,0.0,0.6200009114841062,45.0,0.0,0.6200033488576212,44.0,1.0,0.06571038767291251,45.0,0.0,0.6200033488576212,46.0,1.0,0.31819496402785197,47.0,0.0,0.6199976647055389,47.0,0.0,0.6199976647055389,49.0,0.0,0.6199976647055389,43.0,0.0,0.6199976647055389,47.0,0.0,0.6200083215505344,42.0,0.0,0.6200083215505344,45.0,0.0,0.6200083215505344,45.0,0.0,0.6200083215505344,47.0,1.0,0.23078965439733012,44.0,0.0,0.6200083215505344,45.0,0.0,0.6200083215505344,47.0,0.0,0.6200083215505344,46.0,0.0,0.6200039242430186,46.0,0.0,0.6200039242430186,49.0,0.0,0.6200039242430186,47.0,1.0,0.5072600720091017,40000000000_@3@1,40000000000_,3,1,40000000000_@3,single
43.0,0.0,0.6200008342866677,46.0,0.0,0.6200008342866677,42.0,1.0,0.389422449587464,45.0,0.0,0.6199950714250511,47.0,1.0,0.20638296527354663,43.0,0.0,0.6199963371402408,43.0,1.0,0.30093487421128484,41.0,0.0,0.6199854902691317,47.0,0.0,0.6199854902691317,43.0,1.0,0.4641974745113995,48.0,0.0,0.6200024800017715,44.0,0.0,0.6200024800017715,41.0,0.0,0.6199838319958275,43.0,0.0,0.6199838319958275,44.0,0.0,0.6199838319958275,41.0,0.0,0.6199838319958275,47.0,0.0,0.6199936359990909,45.0,0.0,0.6199936359990909,45.0,0.0,0.6199936359990909,47.0,1.0,0.22511282958754708,45.0,1.0,0.36035903608221115,44.0,0.0,0.6200018647061565,45.0,1.0,0.38707755398199317,46.0,0.0,0.6200018647061565,43.0,0.0,0.6200121522612005,43.0,0.0,0.6200121522612005,46.0,0.0,0.6200121522612005,41.0,0.0,0.6200121522612005,41.0,0.0,0.6200121522612005,42.0,1.0,0.02153304813756081,45.0,0.0,0.6200121522612005,43.0,1.0,0.3395680850498284,45.0,0.0,0.6200039242430186,41.0,1.0,0.18850998977424083,46.0,0.0,0.6200039242430186,47.0,0.0,0.6200039242430186,40000000000_@3@2,40000000000_,3,2,40000000000_@3,single
45.0,0.0,0.6200183085923526,44.0,1.0,0.49793775764315157,44.0,1.0,0.2884150760107686,45.0,0.0,0.619996261425901,45.0,0.0,0.6199970928550664,43.0,0.0,0.6199970928550664,41.0,0.0,0.6199834308382067,41.0,1.0,0.30960658697895654,43.0,0.0,0.6199834308382067,43.0,1.0,0.1436345687252214,42.0,1.0,0.20625351375250983,42.0,0.0,0.620001065715047,44.0,0.0,0.6200009197421729,42.0,0.0,0.6200009197421729,44.0,1.0,0.5395535389815584,46.0,0.0,0.6200009197421729,46.0,0.0,0.6199979537139934,47.0,0.0,0.6199979537139934,50.0,0.0,0.6199979537139934,44.0,0.0,0.6199979537139934,48.0,0.0,0.6200045217653708,44.0,0.0,0.6200045217653708,46.0,0.0,0.6200045217653708,45.0,0.0,0.6200045217653708,45.0,0.0,0.6200083215505346,47.0,0.0,0.6200083215505346,44.0,0.0,0.6200083215505346,46.0,0.0,0.6200083215505346,45.0,0.0,0.6200083215505346,45.0,0.0,0.6200083215505346,44.0,1.0,0.236485895867328,45.0,0.0,0.6200083215505346,45.0,0.0,0.6199996393938847,49.0,1.0,0.16124532746141323,48.0,0.0,0.6199996393938847,44.0,0.0,0.6199996393938847,40000000000_@3@3,40000000000_,3,3,40000000000_@3,single
43.0,0.0,0.6199991485704556,46.0,0.0,0.6199991485704556,42.0,0.0,0.619996261425901,44.0,0.0,0.619996261425901,46.0,1.0,0.5246454547467534,44.0,0.0,0.6200054885753489,44.0,1.0,0.4344511845156394,43.0,1.0,0.3077852797546054,47.0,0.0,0.6199827245516851,46.0,0.0,0.6199827245516851,43.0,1.0,0.34432170951550684,41.0,0.0,0.620001065715047,44.0,1.0,0.3642790844591186,43.0,0.0,0.6199863896739071,45.0,0.0,0.6199863896739071,47.0,0.0,0.6199863896739071,44.0,0.0,0.6200076675725239,43.0,0.0,0.6200076675725239,45.0,1.0,0.35164736423533777,45.0,1.0,0.5335212022173146,49.0,1.0,0.5688788764527759,47.0,0.0,0.6200054685302159,45.0,1.0,0.42359672611716553,44.0,0.0,0.6200054685302159,44.0,0.0,0.6199835793506011,44.0,0.0,0.6199835793506011,44.0,0.0,0.6199835793506011,47.0,0.0,0.6199835793506011,46.0,0.0,0.6199835793506011,44.0,0.0,0.6199835793506011,44.0,0.0,0.6199835793506011,45.0,1.0,0.312122822483309,47.0,0.0,0.6200039242430189,44.0,0.0,0.6200039242430189,45.0,1.0,0.17352256204887306,44.0,0.0,0.6200039242430189,40000000000_@3@4,40000000000_,3,4,40000000000_@3,single
41.0,0.0,0.6199834559810925,45.0,0.0,0.6199834559810925,45.0,0.0,0.6199946378533127,45.0,0.0,0.6199946378533127,48.0,0.0,0.620010296435926,45.0,0.0,0.620010296435926,44.0,1.0,3.675089914388473e-05,45.0,0.0,0.6199876685573354,43.0,0.0,0.6199876685573354,44.0,1.0,0.5424800222628825,43.0,1.0,0.4433175416553869,41.0,1.0,0.3668001370000979,42.0,0.0,0.6199860438673662,44.0,0.0,0.6199860438673662,48.0,0.0,0.6199860438673662,45.0,0.0,0.6199860438673662,45.0,0.0,0.6199924952846422,46.0,1.0,0.2623131921875989,46.0,0.0,0.6199924952846422,43.0,0.0,0.6199924952846422,45.0,0.0,0.620009697648485,45.0,0.0,0.620009697648485,45.0,0.0,0.620009697648485,44.0,0.0,0.620009697648485,43.0,0.0,0.6199835793506011,44.0,0.0,0.6199835793506011,43.0,0.0,0.6199835793506011,45.0,1.0,0.10544938205145343,44.0,0.0,0.6199835793506011,45.0,1.0,0.3314490855352479,44.0,0.0,0.6199835793506011,45.0,1.0,0.2324662857977512,49.0,1.0,0.5410452513704926,44.0,1.0,0.3186814548002204,47.0,1.0,0.34635969490298407,45.0,0.0,0.6200013027274701,40000000000_@3@5,40000000000_,3,5,40000000000_@3,single
44.0,0.0,0.6199928365632417,43.0,0.0,0.6199928365632417,46.0,1.0,0.32710091150065107,45.0,0.0,0.619996261425901,46.0,0.0,0.620008257148755,41.0,0.0,0.620008257148755,45.0,0.0,0.6199912662757329,46.0,0.0,0.6199912662757329,47.0,0.0,0.6199912662757329,45.0,0.0,0.6199912662757329,45.0,1.0,0.2655593782566988,45.0,0.0,0.6200014542867531,47.0,1.0,0.4097791808462402,48.0,0.0,0.6199956407730686,45.0,0.0,0.6199956407730686,49.0,1.0,0.06373682883531066,46.0,0.0,0.6200076675725239,46.0,1.0,0.2842547806078258,43.0,0.0,0.6200076675725239,44.0,1.0,0.039336267619466805,44.0,0.0,0.6199904176456497,46.0,0.0,0.6199904176456497,47.0,0.0,0.6199904176456497,46.0,0.0,0.6199904176456497,47.0,1.0,0.437155661201461,47.0,1.0,0.47165634752421876,47.0,1.0,0.22673454238310772,47.0,0.0,0.6199835793506011,48.0,0.0,0.6199835793506011,47.0,1.0,0.40853368607320933,45.0,0.0,0.6199835793506011,49.0,0.0,0.6199835793506011,48.0,0.0,0.619992384847331,45.0,1.0,0.31761243115339866,47.0,1.0,0.26545538082657283,47.0,0.0,0.619992384847331,40000000000_@4@1,40000000000_,4,1,40000000000_@4,single
42.0,1.0,0.47071640539017756,45.0,0.0,0.6200013862872986,44.0,1.0,0.37919973514266797,46.0,0.0,0.6199974964267831,47.0,1.0,0.2421722322658802,45.0,1.0,0.1823676931197808,44.0,0.0,0.6199904914177045,45.0,0.0,0.6199904914177045,46.0,0.0,0.6199904914177045,46.0,1.0,0.2596547653197318,44.0,0.0,0.6200014542867531,42.0,0.0,0.6200014542867531,47.0,0.0,0.6199975654187265,46.0,1.0,0.400233257350518,47.0,1.0,0.2553826909374686,46.0,1.0,0.2124846385766809,44.0,1.0,0.5352774816110688,46.0,1.0,0.2033496464785209,46.0,0.0,0.6199979537139934,48.0,0.0,0.6199979537139934,44.0,0.0,0.6199925558812582,46.0,0.0,0.6199925558812582,47.0,0.0,0.6199925558812582,47.0,0.0,0.6199925558812582,45.0,1.0,0.3014358971447476,45.0,1.0,0.47520698715019016,43.0,1.0,0.011645969457024374,45.0,0.0,0.619991736772061,47.0,0.0,0.619991736772061,47.0,0.0,0.619991736772061,44.0,0.0,0.619991736772061,48.0,1.0,0.5180803195045985,46.0,0.0,0.6199948593931605,44.0,0.0,0.6199948593931605,45.0,0.0,0.6199948593931605,44.0,0.0,0.6199948593931605,40000000000_@4@2,40000000000_,4,2,40000000000_@4,single
43.0,1.0,0.2813862278699747,45.0,0.0,0.6199834559810925,46.0,1.0,0.21290507136076525,44.0,0.0,0.619996261425901,48.0,1.0,0.4498678991913565,45.0,0.0,0.620008257148755,47.0,0.0,0.6199967679963062,44.0,0.0,0.6199967679963062,43.0,0.0,0.6199967679963062,44.0,0.0,0.6199967679963062,45.0,1.0,0.23039886171347262,44.0,1.0,0.5204421417443869,40.0,0.0,0.6200041651623652,44.0,0.0,0.6200041651623652,42.0,1.0,0.34878917775204593,45.0,0.0,0.6200041651623652,42.0,0.0,0.6199968382852628,42.0,0.0,0.6199968382852628,43.0,0.0,0.6199968382852628,44.0,0.0,0.6199968382852628,44.0,1.0,0.41792337141762453,43.0,0.0,0.620002288143184,45.0,0.0,0.620002288143184,43.0,0.0,0.620002288143184,39.0,1.0,0.45207356827704986,39.0,1.0,0.40658578234471804,39.0,0.0,0.620003256775034,45.0,1.0,0.47487209028957167,36.0,0.0,0.620003256775034,37.0,1.0,0.5568156598233961,39.0,1.0,0.11730677220819928,43.0,0.0,0.620003256775034,43.0,0.0,0.619993895756651,40.0,0.0,0.619993895756651,39.0,1.0,0.2240344978840149,40.0,0.0,0.619993895756651,40000000000_@4@3,40000000000_,4,3,40000000000_@4,single
46.0,0.0,0.6199834559810925,45.0,1.0,0.4852189431073635,44.0,1.0,0.3689372592408995,43.0,0.0,0.619996261425901,44.0,1.0,0.32167632334023094,47.0,0.0,0.6199963371402408,43.0,1.0,0.4567189379645005,42.0,1.0,0.29092622048710914,41.0,0.0,0.6200163245900853,45.0,1.0,0.5143684198496227,49.0,0.0,0.620001065715047,45.0,1.0,0.43061433186737996,45.0,0.0,0.6200178696820309,44.0,1.0,0.5544851108348673,45.0,0.0,0.6200178696820309,44.0,0.0,0.6200178696820309,44.0,0.0,0.6199936359990909,49.0,0.0,0.6199936359990909,47.0,1.0,0.4826366552338079,48.0,1.0,0.0712016248859464,45.0,0.0,0.6200096976484849,45.0,0.0,0.6200096976484849,48.0,1.0,0.027993507057868683,44.0,0.0,0.6200096976484849,46.0,1.0,0.2701845259831035,44.0,1.0,0.4643016031746073,47.0,0.0,0.6199992929030433,47.0,1.0,0.203226071542212,46.0,1.0,7.345963186055016e-05,45.0,0.0,0.6199992929030433,46.0,1.0,0.2275412096880541,49.0,1.0,0.26342623985193286,46.0,0.0,0.6199914771199208,46.0,0.0,0.6199914771199208,50.0,0.0,0.6199914771199208,49.0,0.0,0.6199914771199208,40000000000_@4@4,40000000000_,4,4,40000000000_@4,single
44.0,1.0,0.42029312033499466,44.0,0.0,0.6200008342866677,44.0,1.0,0.23270016621440445,47.0,0.0,0.6199950714250511,47.0,0.0,0.6200096085782919,48.0,0.0,0.6200096085782919,43.0,0.0,0.6200007908580468,42.0,1.0,0.2916248395712453,45.0,1.0,0.3999709313953502,45.0,1.0,0.5344315856360979,46.0,1.0,0.2893591552565395,42.0,0.0,0.6200024800017715,47.0,0.0,0.6200178696820309,46.0,0.0,0.6200178696820309,48.0,0.0,0.6200178696820309,46.0,1.0,0.2799529754717356,45.0,0.0,0.6200076675725239,46.0,0.0,0.6200076675725239,47.0,1.0,0.4059346949906707,46.0,0.0,0.6200076675725239,48.0,0.0,0.6200062770597466,46.0,0.0,0.6200062770597466,48.0,0.0,0.6200062770597466,45.0,0.0,0.6200062770597466,46.0,0.0,0.6199955230956188,47.0,1.0,0.36223343128604674,45.0,0.0,0.6199955230956188,46.0,1.0,0.008559009176518497,47.0,1.0,0.03724822019308908,48.0,1.0,0.1332707523279361,48.0,1.0,0.5235321836212087,46.0,1.0,0.1580294312334016,49.0,0.0,0.6200099031833186,48.0,0.0,0.6200099031833186,49.0,0.0,0.6200099031833186,48.0,1.0,0.48942177673057213,40000000000_@4@5,40000000000_,4,5,40000000000_@4,single
45.0,1.0,0.48132829866091276,46.0,0.0,0.6199834559810925,45.0,1.0,0.3425261468043906,45.0,0.0,0.619996261425901,49.0,0.0,0.6199970928550662,47.0,0.0,0.6199970928550662,46.0,0.0,0.6199967679963062,44.0,0.0,0.6199967679963062,45.0,1.0,0.23465998475426825,44.0,1.0,0.10859323953513088,41.0,0.0,0.6200017707155504,44.0,1.0,0.5601833351309536,46.0,0.0,0.6200178696820309,46.0,0.0,0.6200178696820309,48.0,1.0,0.4761799615948288,45.0,1.0,0.18913533913170041,44.0,0.0,0.6199924952846421,45.0,0.0,0.6199924952846421,44.0,0.0,0.6199924952846421,44.0,0.0,0.6199924952846421,47.0,1.0,0.5205172681643041,47.0,0.0,0.6200069473539628,46.0,0.0,0.6200069473539628,44.0,0.0,0.6200069473539628,43.0,1.0,0.15503358323447308,46.0,1.0,0.5193257660195525,44.0,0.0,0.619987381674163,47.0,0.0,0.619987381674163,44.0,1.0,0.08097014631487646,48.0,0.0,0.619987381674163,43.0,0.0,0.619987381674163,46.0,0.0,0.619987381674163,49.0,0.0,0.6200090782826685,49.0,1.0,0.40030339832865597,50.0,1.0,0.4045756966524526,49.0,0.0,0.6200090782826685,40000000000_@5@1,40000000000_,5,1,40000000000_@5,single
44.0,0.0,0.6199834559810925,47.0,0.0,0.6199834559810925,44.0,0.0,0.619996261425901,46.0,0.0,0.619996261425901,45.0,1.0,0.3716662183330131,46.0,0.0,0.6200089900064215,45.0,1.0,0.3607182693923079,44.0,1.0,0.5542394905594178,46.0,1.0,0.3472808254638005,47.0,1.0,0.16106575550372057,44.0,0.0,0.620001065715047,44.0,1.0,0.5224131417236727,45.0,0.0,0.6200178696820309,42.0,1.0,0.2028730846124089,50.0,0.0,0.6200178696820309,47.0,0.0,0.6200178696820309,45.0,0.0,0.6199904037129149,44.0,1.0,0.5314232762033252,46.0,1.0,0.4563935049133579,45.0,1.0,0.10466837695262529,44.0,0.0,0.6199976647055389,45.0,0.0,0.6199976647055389,45.0,1.0,0.24050297654455535,43.0,1.0,0.1940553226551945,45.0,1.0,0.29181052175755395,47.0,0.0,0.619991736772061,42.0,0.0,0.619991736772061,46.0,1.0,0.11183069724663153,47.0,0.0,0.619991736772061,43.0,1.0,0.28934907079976013,45.0,0.0,0.619991736772061,47.0,0.0,0.619991736772061,47.0,0.0,0.620007596563687,48.0,0.0,0.620007596563687,47.0,1.0,0.5014018202190343,47.0,0.0,0.620007596563687,40000000000_@5@2,40000000000_,5,2,40000000000_@5,single
46.0,0.0,0.6200097085825241,45.0,0.0,0.6200097085825241,44.0,1.0,0.39197342283815917,44.0,0.0,0.6199934714239081,46.0,0.0,0.6200082571487552,48.0,0.0,0.6200082571487552,46.0,0.0,0.6200142914449045,42.0,0.0,0.6200142914449045,46.0,0.0,0.6200142914449045,48.0,0.0,0.6200142914449045,45.0,1.0,0.3687186905133504,41.0,0.0,0.620001065715047,46.0,0.0,0.6200157151008296,46.0,0.0,0.6200157151008296,44.0,0.0,0.6200157151008296,46.0,0.0,0.6200157151008296,45.0,0.0,0.6199968148566878,43.0,0.0,0.6199968148566878,47.0,1.0,0.1975205647886521,46.0,0.0,0.6199968148566878,44.0,0.0,0.6199934514696251,45.0,1.0,0.4981020364855936,46.0,1.0,0.03960438008887942,45.0,1.0,0.09662477082717218,44.0,0.0,0.6200074028406201,45.0,1.0,0.4962042423752883,43.0,0.0,0.6200074028406201,44.0,1.0,0.46476683348821507,47.0,0.0,0.6200074028406201,48.0,0.0,0.6200074028406201,45.0,1.0,0.5563613402222813,45.0,0.0,0.6200074028406201,47.0,0.0,0.6200082303042772,47.0,1.0,0.5033367308085955,47.0,1.0,0.4076957708629955,45.0,1.0,0.5462704464046131,40000000000_@5@3,40000000000_,5,3,40000000000_@5,single
45.0,0.0,0.6200008342866677,46.0,0.0,0.6200008342866677,43.0,1.0,0.2919843799888428,47.0,0.0,0.6199934714239081,45.0,0.0,0.6199970928550664,48.0,1.0,0.2223266788047706,40.0,1.0,0.23836730784835183,42.0,0.0,0.6200042925763344,46.0,0.0,0.6200042925763344,43.0,1.0,0.2808569586936671,43.0,1.0,0.288607637576884,43.0,0.0,0.6200017707155505,48.0,0.0,0.6199860438673662,43.0,0.0,0.6199860438673662,49.0,0.0,0.6199860438673662,43.0,1.0,0.05988248435677016,44.0,1.0,0.4646929883847126,46.0,0.0,0.6200076675725239,46.0,0.0,0.6200076675725239,46.0,0.0,0.6200076675725239,45.0,0.0,0.6199983792644675,46.0,0.0,0.6199983792644675,43.0,1.0,0.21844727374224615,48.0,0.0,0.6199983792644675,46.0,0.0,0.619991736772061,47.0,1.0,0.3477258703808697,46.0,1.0,0.009735589609184414,48.0,0.0,0.619991736772061,45.0,1.0,0.0212346067702211,49.0,1.0,0.21528511362196476,46.0,0.0,0.619991736772061,47.0,0.0,0.619991736772061,49.0,0.0,0.6199914771199208,47.0,0.0,0.6199914771199208,48.0,0.0,0.6199914771199208,45.0,0.0,0.6199914771199208,40000000000_@5@4,40000000000_,5,4,40000000000_@5,single
43.0,0.0,0.620010818298078,45.0,0.0,0.620010818298078,45.0,0.0,0.6199983428559592,45.0,0.0,0.6199983428559592,55.0,0.0,0.620002542144673,53.0,0.0,0.620002542144673,41.0,0.0,0.6199834308382067,44.0,0.0,0.6199834308382067,42.0,0.0,0.6199834308382067,43.0,1.0,0.23870627509288583,41.0,1.0,0.3091094707924792,41.0,1.0,0.5304948689249064,43.0,0.0,0.6199825127696807,48.0,0.0,0.6199825127696807,45.0,1.0,0.3713059629176678,49.0,1.0,0.4336051224787413,47.0,0.0,0.6199904037129149,45.0,0.0,0.6199904037129149,48.0,0.0,0.6199904037129149,47.0,0.0,0.6199904037129149,47.0,0.0,0.6199904176456497,47.0,1.0,0.2652789943057345,48.0,1.0,0.545732145548845,48.0,1.0,0.3210140448550066,46.0,0.0,0.6199835793506011,45.0,0.0,0.6199835793506011,48.0,0.0,0.6199835793506011,46.0,1.0,0.4167638817455179,46.0,1.0,0.4251410451976891,47.0,0.0,0.6199835793506011,48.0,0.0,0.6199835793506011,47.0,0.0,0.6199835793506011,48.0,0.0,0.6200013027274701,46.0,1.0,0.4924502009773032,49.0,1.0,0.17782560406448547,47.0,0.0,0.6200013027274701,40000000000_@5@5,40000000000_,5,5,40000000000_@5,single
44.0,0.0,0.620010818298078,43.0,0.0,0.620010818298078,44.0,0.0,0.6199934714239081,44.0,0.0,0.6199934714239081,48.0,0.0,0.6199970928550662,46.0,0.0,0.6199970928550662,46.0,1.0,0.10023011454870234,44.0,0.0,0.6199948514226873,46.0,0.0,0.6199948514226873,47.0,1.0,0.24745456851950687,42.0,1.0,0.21215144582246132,44.0,1.0,0.5202803102002216,45.0,0.0,0.6200009114841061,46.0,0.0,0.6200009114841061,49.0,0.0,0.6200009114841061,49.0,1.0,0.19657117021191486,45.0,0.0,0.6200033488576212,43.0,0.0,0.6200033488576212,46.0,0.0,0.6200033488576212,47.0,0.0,0.6200033488576212,47.0,0.0,0.6199968119112957,48.0,0.0,0.6199968119112957,46.0,0.0,0.6199968119112957,47.0,0.0,0.6199968119112957,49.0,0.0,0.6199911674815916,47.0,0.0,0.6199911674815916,50.0,0.0,0.6199911674815916,47.0,1.0,0.00047753792968720764,49.0,0.0,0.6199911674815916,47.0,0.0,0.6199911674815916,46.0,0.0,0.6199911674815916,47.0,0.0,0.6199911674815916,48.0,0.0,0.6200073666677828,47.0,0.0,0.6200073666677828,48.0,0.0,0.6200073666677828,46.0,1.0,0.5061818948760447,40000000000_@6@1,40000000000_,6,1,40000000000_@6,single
41.0,0.0,0.6199834559810925,45.0,0.0,0.6199834559810925,44.0,1.0,0.2941432801023429,46.0,0.0,0.619996261425901,49.0,0.0,0.6199997285712346,47.0,0.0,0.6199997285712346,42.0,1.0,0.4011937979357691,42.0,1.0,0.5552451739944846,46.0,0.0,0.6199834308382067,42.0,1.0,0.33751922916483335,44.0,1.0,0.5370817993441425,46.0,0.0,0.620001065715047,45.0,1.0,0.4321558426208626,45.0,0.0,0.6200125540677558,46.0,0.0,0.6200125540677558,43.0,1.0,0.04864445384373002,44.0,0.0,0.6199924952846421,46.0,1.0,0.2304698100671157,45.0,1.0,0.16838239148319875,46.0,0.0,0.6199924952846421,43.0,0.0,0.6199958208817383,47.0,0.0,0.6199958208817383,45.0,0.0,0.6199958208817383,47.0,0.0,0.6199958208817383,45.0,1.0,0.28915801423432624,46.0,0.0,0.6199862095448283,44.0,1.0,0.43171776147555135,44.0,0.0,0.6199862095448283,45.0,0.0,0.6199862095448283,45.0,1.0,0.04699368438546694,48.0,0.0,0.6199862095448283,45.0,0.0,0.6199862095448283,50.0,0.0,0.6200013027274701,46.0,1.0,0.07697124454109766,47.0,1.0,0.09743002248939735,46.0,0.0,0.6200013027274701,40000000000_@6@2,40000000000_,6,2,40000000000_@6,single
44.0,0.0,0.6200107942980506,45.0,0.0,0.6200107942980506,45.0,0.0,0.6199950714250511,47.0,0.0,0.6199950714250511,47.0,1.0,0.5720289657349754,45.0,0.0,0.620008257148755,46.0,0.0,0.6199948514226873,48.0,1.0,0.2354122690425932,47.0,0.0,0.6199948514226873,46.0,0.0,0.6199948514226873,48.0,1.0,0.21645353175252263,45.0,0.0,0.6200024800017713,49.0,1.0,0.5711961425022303,48.0,0.0,0.620005222194896,48.0,0.0,0.620005222194896,45.0,0.0,0.620005222194896,45.0,0.0,0.6199904037129149,44.0,0.0,0.6199904037129149,48.0,0.0,0.6199904037129149,46.0,0.0,0.6199904037129149,47.0,0.0,0.6199983792644675,47.0,1.0,0.42736628623033623,48.0,0.0,0.6199983792644675,47.0,1.0,0.3768313648281419,48.0,1.0,0.10666186623532033,48.0,0.0,0.6199835793506011,50.0,1.0,0.017158488298964724,48.0,0.0,0.6199835793506011,49.0,0.0,0.6199835793506011,48.0,0.0,0.6199835793506011,47.0,0.0,0.6199835793506011,47.0,1.0,0.14891510294583302,49.0,1.0,0.43222220563972813,49.0,0.0,0.6199996393938847,50.0,0.0,0.6199996393938847,46.0,0.0,0.6199996393938847,40000000000_@6@3,40000000000_,6,3,40000000000_@6,single
46.0,0.0,0.6200097085825241,45.0,0.0,0.6200097085825241,45.0,0.0,0.6199950714250511,47.0,0.0,0.6199950714250511,47.0,0.0,0.6199991192850852,47.0,0.0,0.6199991192850852,47.0,0.0,0.6199827245516851,48.0,0.0,0.6199827245516851,48.0,0.0,0.6199827245516851,47.0,1.0,0.5352323876941574,45.0,0.0,0.620001065715047,46.0,0.0,0.620001065715047,44.0,1.0,0.5105635991131868,41.0,0.0,0.6200072219373476,45.0,0.0,0.6200072219373476,45.0,1.0,0.3014434633402486,45.0,0.0,0.6200076675725239,45.0,1.0,0.24077569439652777,45.0,0.0,0.6200076675725239,45.0,0.0,0.6200076675725239,45.0,0.0,0.6200054685302159,47.0,0.0,0.6200054685302159,47.0,1.0,0.5458047740889374,45.0,0.0,0.6200054685302159,45.0,0.0,0.6200165065849048,42.0,0.0,0.6200165065849048,42.0,1.0,0.07716675539787235,45.0,0.0,0.6200165065849048,43.0,1.0,0.5277471147734489,44.0,0.0,0.6200165065849048,44.0,1.0,0.3901698137212422,44.0,0.0,0.6200165065849048,46.0,0.0,0.6199914771199208,46.0,1.0,0.2830960484994013,43.0,0.0,0.6199914771199208,47.0,1.0,0.09947974628481004,40000000000_@6@4,40000000000_,6,4,40000000000_@6,single
45.0,0.0,0.6199928365632417,45.0,0.0,0.6199928365632417,46.0,0.0,0.619996261425901,45.0,0.0,0.619996261425901,48.0,0.0,0.6199970928550662,45.0,0.0,0.6199970928550662,42.0,0.0,0.6199834308382067,42.0,0.0,0.6199834308382067,44.0,0.0,0.6199834308382067,45.0,0.0,0.6199834308382067,43.0,1.0,0.19597513998224286,45.0,0.0,0.6200000178571556,48.0,0.0,0.6199860438673662,48.0,1.0,0.3350152131652163,48.0,0.0,0.6199860438673662,46.0,1.0,0.22616496881676615,45.0,0.0,0.6199924952846422,45.0,0.0,0.6199924952846422,45.0,0.0,0.6199924952846422,46.0,0.0,0.6199924952846422,46.0,0.0,0.6199983792644675,46.0,1.0,0.016245582094938545,46.0,1.0,0.38487148115757075,47.0,0.0,0.6199983792644675,50.0,0.0,0.6199835793506011,49.0,0.0,0.6199835793506011,52.0,0.0,0.6199835793506011,48.0,0.0,0.6199835793506011,46.0,1.0,0.33016311746144966,47.0,0.0,0.6199835793506011,49.0,0.0,0.6199835793506011,45.0,0.0,0.6199835793506011,48.0,0.0,0.6200013027274701,48.0,0.0,0.6200013027274701,52.0,0.0,0.6200013027274701,49.0,0.0,0.6200013027274701,40000000000_@6@5,40000000000_,6,5,40000000000_@6,single
