0,1,2,3,4,key
221575,852222,1725954,2379534,3099618,00000000000_1_1_SMG
4831,18581,37631,51881,67581,00000000000_1_1_PRS
94300,362696,734545,1012701,1319159,00000000000_1_1_AC1
4831,18581,37631,51881,67581,00000000000_1_1_WTF
130319,501231,1015113,1399513,1823027,00000000000_1_1_CV1
102754,395209,800394,1103484,1437415,00000000000_1_1_GYR
234050,900203,1823128,2513505,3274131,00000000000_1_1_CTR
235809,906967,1836825,2532389,3298729,00000000000_1_1_CTB
131610,506196,1025168,1413376,1841085,00000000000_1_1_VRY
121546,1042206,1962866,2764138,3675615,00000000000_1_4_SMG
2647,22697,42747,60197,80047,00000000000_1_4_PRS
51750,443736,835722,1176876,1564952,00000000000_1_4_AC1
2646,22686,42726,60168,80008,00000000000_1_4_WTF
71490,612999,1154508,1625796,2161903,00000000000_1_4_CV1
56350,483171,909993,1281467,1704031,00000000000_1_4_GYR
128391,1100902,2073413,2919813,3882623,00000000000_1_4_CTR
128942,1105624,2082306,2932336,3899275,00000000000_1_4_CTB
72122,618415,1164707,1640159,2181002,00000000000_1_4_VRY
119228,814760,1735250,2398646,3319135,00000000000_2_1_SMG
2597,17747,37797,52247,72297,00000000000_2_1_PRS
50783,347028,739089,1021647,1413708,00000000000_2_1_AC1
2597,17747,37797,52247,72297,00000000000_2_1_WTF
70120,479172,1020526,1410678,1952031,00000000000_2_1_CV1
55259,377616,804234,1111696,1538314,00000000000_2_1_GYR
125967,860812,1833329,2534220,3506737,00000000000_2_1_CTR
126827,866691,1845851,2551530,3530690,00000000000_2_1_CTB
70794,483780,1030339,1424243,1970802,00000000000_2_1_VRY
94786,797411,1718170,2407018,3325482,00000000000_2_2_SMG
2064,17364,37414,52415,72414,00000000000_2_2_PRS
40361,339542,731606,1024921,1416007,00000000000_2_2_AC1
2064,17364,37414,52415,72414,00000000000_2_2_WTF
55702,468603,1009693,1414499,1954240,00000000000_2_2_CV1
43952,369754,796704,1116117,1542002,00000000000_2_2_GYR
100066,841828,1813876,2541094,3510718,00000000000_2_2_CTR
100729,847410,1825903,2557943,3533996,00000000000_2_2_CTB
56292,473569,1020393,1429488,1974948,00000000000_2_2_VRY
205841,883402,1737817,2472798,3380040,00000000000_2_3_SMG
4481,19232,37831,53831,73581,00000000000_2_3_PRS
87759,376631,740904,1054256,1441051,00000000000_2_3_AC1
4483,19237,37842,53847,73603,00000000000_2_3_WTF
121035,519441,1021839,1454008,1987468,00000000000_2_3_CV1
95475,409747,806050,1146955,1567760,00000000000_2_3_GYR
217307,932609,1834618,2610539,3568317,00000000000_2_3_CTR
218963,939715,1848596,2630428,3595503,00000000000_2_3_CTB
122210,524485,1031761,1468127,2006767,00000000000_2_3_VRY
162905,801296,1513171,2167637,2907068,00000000000_2_4_SMG
3547,17447,32947,47197,63297,00000000000_2_4_PRS
69500,341857,645564,924779,1240243,00000000000_2_4_AC1
3548,17449,32951,47202,63303,00000000000_2_4_WTF
95714,470796,889054,1273581,1708028,00000000000_2_4_CV1
75524,371484,701512,1004925,1347729,00000000000_2_4_GYR
171779,844945,1595599,2285715,3065426,00000000000_2_4_CTR
173289,852370,1609620,2305801,3092363,00000000000_2_4_CTB
96700,475648,898215,1286704,1725629,00000000000_2_4_VRY
146872,808413,1571024,2133794,2836681,00000000000_2_5_SMG
3197,17597,34197,46447,61747,00000000000_2_5_PRS
62576,344428,669342,909112,1208581,00000000000_2_5_AC1
3197,17597,34197,46447,61747,00000000000_2_5_WTF
86320,475122,923325,1254077,1667180,00000000000_2_5_CV1
68058,374604,727983,988759,1314464,00000000000_2_5_GYR
154949,852870,1657418,2251135,2992677,00000000000_2_5_CTR
155855,857860,1667114,2264306,3010185,00000000000_2_5_CTB
87150,479689,932200,1266131,1683204,00000000000_2_5_VRY
89387,716056,1351906,1891346,2692472,00000000000_3_3_SMG
1947,15597,29447,41197,58647,00000000000_3_3_PRS
38061,304895,575640,805332,1146450,00000000000_3_3_AC1
1948,15599,29450,41202,58653,00000000000_3_3_WTF
52542,420899,794654,1111738,1582642,00000000000_3_3_CV1
41471,332215,627218,877491,1249174,00000000000_3_3_GYR
94219,754761,1424982,1993581,2838011,00000000000_3_3_CTR
94741,758943,1432878,2004627,2853736,00000000000_3_3_CTB
53006,424616,801671,1121556,1596618,00000000000_3_3_VRY
111404,668184,1522831,2171262,2792198,00000000000_3_4_SMG
2447,14597,33247,47397,60947,00000000000_3_4_PRS
47798,285123,649412,925803,1190474,00000000000_3_4_AC1
2432,14583,33235,47386,60938,00000000000_3_4_WTF
65699,394053,898069,1280473,1646662,00000000000_3_4_CV1
51757,310428,707483,1008735,1297212,00000000000_3_4_GYR
116824,704554,1606708,2291184,2946636,00000000000_3_4_CTR
118305,709577,1617168,2305768,2965170,00000000000_3_4_CTB
66164,396842,904425,1289534,1658315,00000000000_3_4_VRY
145898,751318,1670916,2319908,2973488,00000000000_3_5_SMG
3181,16381,36431,50581,64831,00000000000_3_5_PRS
62214,320376,712508,989250,1267947,00000000000_3_5_AC1
3181,16381,36431,50581,64831,00000000000_3_5_WTF
85950,442609,984353,1366681,1751711,00000000000_3_5_CV1
67710,348680,775456,1076648,1379968,00000000000_3_5_GYR
154007,793078,1763789,2448854,3138760,00000000000_3_5_CTR
154937,797868,1774440,2463643,3157715,00000000000_3_5_CTB
86634,446132,992187,1377558,1765652,00000000000_3_5_VRY
264825,841428,1684509,2550563,3285675,10000000000_1_1_SMG
5764,18314,36664,55514,71514,10000000000_1_1_PRS
112435,357239,715179,1082872,1394973,10000000000_1_1_AC1
5764,18314,36664,55514,71514,10000000000_1_1_WTF
155734,494813,990598,1499892,1932184,10000000000_1_1_CV1
122263,388465,777692,1177525,1516907,10000000000_1_1_GYR
279377,887664,1777072,2690715,3466221,10000000000_1_1_CTR
281864,895566,1792893,2714669,3497079,10000000000_1_1_CTB
157212,499509,999999,1514127,1950521,10000000000_1_1_VRY
195802,808828,1589462,2505558,3150728,10000000000_1_2_SMG
4264,17614,34614,54564,68614,10000000000_1_2_PRS
83183,343618,675257,1064446,1338536,10000000000_1_2_AC1
4264,17614,34614,54564,68614,10000000000_1_2_WTF
114507,474358,932595,1470350,1849069,10000000000_1_2_CV1
90528,373959,734881,1158434,1456726,10000000000_1_2_GYR
206652,853650,1677543,2644405,3325328,10000000000_1_2_CTR
208407,860901,1691791,2666866,3353572,10000000000_1_2_CTB
116240,480171,943603,1487454,1870468,10000000000_1_2_VRY
246498,777267,1698645,2362680,2987654,10000000000_1_3_SMG
5364,16914,36964,51414,65014,10000000000_1_3_PRS
104632,329930,721031,1002896,1268182,10000000000_1_3_AC1
5364,16914,36964,51414,65014,10000000000_1_3_WTF
144912,456942,998604,1388979,1756390,10000000000_1_3_CV1
113617,358260,782944,1089013,1377078,10000000000_1_3_GYR
259539,818389,1788514,2487682,3145722,10000000000_1_3_CTR
262331,827192,1807752,2514440,3179557,10000000000_1_3_CTB
146273,461234,1007984,1402026,1772889,10000000000_1_3_VRY
57270,670381,1499343,2218083,2879415,10000000000_1_4_SMG
1247,14597,32647,48297,62697,10000000000_1_4_PRS
24278,284188,635602,940290,1220643,10000000000_1_4_AC1
1247,14597,32647,48297,62697,10000000000_1_4_WTF
33665,394069,881356,1303851,1692601,10000000000_1_4_CV1
26371,308682,690384,1021333,1325849,10000000000_1_4_GYR
60251,705277,1577390,2333543,3029301,10000000000_1_4_CTR
60943,713373,1595497,2360331,3064076,10000000000_1_4_CTB
33998,397968,890077,1316753,1709350,10000000000_1_4_VRY
166077,795640,1650376,2277642,3116295,10000000000_1_5_SMG
3614,17314,35914,49564,67814,10000000000_1_5_PRS
70461,337562,700195,966321,1322131,10000000000_1_5_AC1
3617,17329,35944,49605,67869,10000000000_1_5_WTF
97625,467700,970138,1338862,1831846,10000000000_1_5_CV1
76588,366919,761090,1050361,1437115,10000000000_1_5_GYR
174740,837144,1736467,2396453,3278853,10000000000_1_5_CTR
176727,846666,1756217,2423711,3316147,10000000000_1_5_CTB
98601,472376,979838,1352249,1850162,10000000000_1_5_VRY
114069,681883,1603718,2240498,2934748,10000000000_2_1_SMG
2481,14831,34881,48732,63831,10000000000_2_1_PRS
48464,289709,681367,951913,1246876,10000000000_2_1_AC1
2481,14831,34881,48732,63831,10000000000_2_1_WTF
67060,400873,942811,1317167,1725310,10000000000_2_1_CV1
52434,313439,737175,1029881,1349005,10000000000_2_1_GYR
119971,717163,1686694,2356420,3086590,10000000000_2_1_CTR
121336,725321,1705881,2383225,3121702,10000000000_2_1_CTB
67717,404797,952041,1330062,1742201,10000000000_2_1_VRY
120062,687302,1564572,2232858,2873586,10000000000_2_2_SMG
2614,14964,34064,48614,62564,10000000000_2_2_PRS
50995,291923,664532,948378,1220519,10000000000_2_2_AC1
2615,14966,34068,48619,62571,10000000000_2_2_WTF
70583,404055,919789,1312665,1689340,10000000000_2_2_CV1
55374,316988,721591,1029809,1325316,10000000000_2_2_GYR
126428,723744,1647528,2351248,3025949,10000000000_2_2_CTR
127762,731380,1664910,2376054,3057873,10000000000_2_2_CTB
71281,408053,928889,1325652,1706053,10000000000_2_2_VRY
295996,1081094,1916695,2492892,3186165,10000000000_2_3_SMG
6447,23548,41747,54297,69397,10000000000_2_3_PRS
125124,456999,810224,1053794,1346854,10000000000_2_3_AC1
6447,23548,41747,54297,69397,10000000000_2_3_WTF
174082,635816,1127252,1466127,1873857,10000000000_2_3_CV1
136653,499111,884884,1150898,1470962,10000000000_2_3_GYR
312068,1139796,2020770,2628255,3359172,10000000000_2_3_CTR
315103,1150881,2040421,2653813,3391839,10000000000_2_3_CTB
175769,641978,1138176,1480335,1892016,10000000000_2_3_VRY
101647,689303,1600629,2286993,3072064,10000000000_2_4_SMG
2214,15014,34864,49815,66914,10000000000_2_4_PRS
43205,292988,680346,972085,1305779,10000000000_2_4_AC1
2214,15014,34864,49815,66914,10000000000_2_4_WTF
59600,404170,938522,1340969,1801292,10000000000_2_4_CV1
46905,318081,738614,1055339,1417612,10000000000_2_4_GYR
107192,726907,1687950,2411758,3239659,10000000000_2_4_CTR
108190,733677,1703670,2434219,3269830,10000000000_2_4_CTB
60356,409295,950423,1357973,1824134,10000000000_2_4_VRY
203437,885231,1741491,2301618,3017846,10000000000_2_5_SMG
4431,19281,37931,50131,65731,10000000000_2_5_PRS
86319,375607,738921,976584,1280482,10000000000_2_5_AC1
4431,19281,37931,50131,65731,10000000000_2_5_WTF
119390,519510,1022017,1350735,1771063,10000000000_2_5_CV1
93826,408273,803183,1061516,1391844,10000000000_2_5_GYR
214616,933874,1837185,2428091,3183675,10000000000_2_5_CTR
216526,942188,1853540,2449707,3212018,10000000000_2_5_CTB
120805,525667,1034130,1366744,1792054,10000000000_2_5_VRY
133101,691326,1564270,2246544,2977060,10000000000_3_1_SMG
2897,15047,34047,48897,64797,10000000000_3_1_PRS
56493,293422,663929,953509,1263564,10000000000_3_1_AC1
2897,15047,34047,48897,64797,10000000000_3_1_WTF
78217,406255,919237,1320173,1749458,10000000000_3_1_CV1
61375,318779,721304,1035910,1372760,10000000000_3_1_GYR
140316,728797,1649056,2368311,3138422,10000000000_3_1_CTR
141623,735585,1664416,2390371,3167655,10000000000_3_1_CTB
79031,410483,928805,1333913,1767666,10000000000_3_1_VRY
270798,824148,1439492,2008915,2695437,10000000000_3_2_SMG
5898,17947,31347,43747,58697,10000000000_3_2_PRS
115017,350044,611401,853254,1144843,10000000000_3_2_AC1
5897,17946,31344,43743,58691,10000000000_3_2_WTF
158971,483812,845046,1179323,1582341,10000000000_3_2_CV1
125033,380525,664641,927554,1244534,10000000000_3_2_GYR
284981,868797,1518019,2118792,2843111,10000000000_3_2_CTR
288192,877086,1531955,2137953,2868572,10000000000_3_2_CTB
160773,489298,854629,1192696,1600285,10000000000_3_2_VRY
93314,695188,1568135,2082714,2898230,10000000000_3_3_SMG
2031,15131,34131,45331,63081,10000000000_3_3_PRS
39682,295629,666850,885676,1232474,10000000000_3_3_AC1
2031,15131,34131,45331,63081,10000000000_3_3_WTF
54875,408813,922160,1224764,1704338,10000000000_3_3_CV1
42924,319779,721325,958026,1333154,10000000000_3_3_GYR
98231,731818,1650762,2192455,3050942,10000000000_3_3_CTR
99308,739840,1668858,2216489,3084386,10000000000_3_3_CTB
55412,412818,931194,1236762,1721034,10000000000_3_3_VRY
158339,725640,1474385,2393090,3309498,10000000000_3_4_SMG
3447,15798,32097,52097,72047,10000000000_3_4_PRS
67232,308109,626029,1016114,1405224,10000000000_3_4_AC1
3447,15796,32094,52092,72040,10000000000_3_4_WTF
92924,425851,865262,1404416,1942223,10000000000_3_4_CV1
73005,334566,679785,1103367,1525889,10000000000_3_4_GYR
167056,765589,1555554,2524837,3491696,10000000000_3_4_CTR
168527,772328,1569248,2547064,3522436,10000000000_3_4_CTB
94016,430857,875434,1420926,1965054,10000000000_3_4_VRY
313223,855639,1699141,2565627,3478081,10000000000_3_5_SMG
6815,18614,36964,55814,75664,10000000000_3_5_PRS
132916,363091,721031,1088725,1475924,10000000000_3_5_AC1
6815,18614,36964,55814,75664,10000000000_3_5_WTF
184085,502870,998607,1507852,2044113,10000000000_3_5_CV1
144565,394911,784220,1184137,1605270,10000000000_3_5_GYR
330237,902118,1791441,2704996,3667015,10000000000_3_5_CTR
333142,910054,1807200,2728791,3699274,10000000000_3_5_CTB
185869,507742,1008282,1522461,2063918,10000000000_3_5_VRY
71041,700164,1568077,2245417,3014600,10000000000_4_1_SMG
1547,15247,34147,48897,65647,10000000000_4_1_PRS
30152,297172,665542,953027,1279493,10000000000_4_1_AC1
1546,15234,34117,48853,65588,10000000000_4_1_WTF
41700,410985,920437,1318025,1769523,10000000000_4_1_CV1
32801,323280,724012,1036754,1391901,10000000000_4_1_GYR
75107,740239,1657830,2373940,3187149,10000000000_4_1_CTR
75604,745141,1668807,2389658,3208252,10000000000_4_1_CTB
42186,415773,931160,1333379,1790137,10000000000_4_1_VRY
129211,604451,1293204,1857982,2774024,10000000000_4_2_SMG
2814,13164,28164,40464,60414,10000000000_4_2_PRS
54738,257140,550477,791013,1181151,10000000000_4_2_AC1
2814,13164,28164,40464,60414,10000000000_4_2_WTF
75571,355011,759995,1092083,1630712,10000000000_4_2_CV1
59448,278097,594980,854823,1276278,10000000000_4_2_GYR
136005,636234,1361203,1955678,2919887,10000000000_4_2_CTR
137496,643209,1376127,1977119,2951899,10000000000_4_2_CTB
76327,358560,767594,1103002,1647017,10000000000_4_2_VRY
77249,1026195,1738478,2400213,3116357,10000000000_4_3_SMG
1681,22331,37832,52231,67815,10000000000_4_3_PRS
32834,436169,738915,1020175,1324562,10000000000_4_3_AC1
1681,22329,37828,52226,67808,10000000000_4_3_WTF
45400,603099,1021712,1410616,1831497,10000000000_4_3_CV1
35570,472517,800491,1105190,1434942,10000000000_4_3_GYR
81319,1080266,1830081,2526684,3280562,10000000000_4_3_CTR
82227,1092333,1850523,2554906,3317205,10000000000_4_3_CTB
45877,609440,1032453,1425446,1850752,10000000000_4_3_VRY
107893,778478,1699385,2505465,3205905,10000000000_4_4_SMG
2364,16964,37014,54564,69814,10000000000_4_4_PRS
45831,330680,721860,1064264,1361795,10000000000_4_4_AC1
2364,16964,37014,54564,69814,10000000000_4_4_WTF
63390,457373,998426,1472016,1883540,10000000000_4_4_CV1
49529,357367,780117,1150154,1471697,10000000000_4_4_GYR
114128,818974,1786930,2634194,3370420,10000000000_4_4_CTR
114800,828317,1808180,2665866,3411148,10000000000_4_4_CTB
64063,462231,1009030,1487650,1903545,10000000000_4_4_VRY
132367,683705,1487739,2110290,2918919,10000000000_4_5_SMG
2881,14881,32381,45931,63531,10000000000_4_5_PRS
56198,290275,631638,895949,1239262,10000000000_4_5_AC1
2881,14881,32381,45931,63531,10000000000_4_5_WTF
77800,401854,874433,1240344,1715623,10000000000_4_5_CV1
60999,315070,685590,972479,1345116,10000000000_4_5_GYR
139186,718926,1564380,2219002,3069287,10000000000_4_5_CTR
140799,727257,1582507,2244715,3104853,10000000000_4_5_CTB
78602,405997,883448,1253131,1733309,10000000000_4_5_VRY
166027,825263,1197376,1934710,2497472,10000000000_5_1_SMG
3614,17964,26064,42114,54364,10000000000_5_1_PRS
70475,350305,508257,821238,1060117,10000000000_5_1_AC1
3614,17964,26064,42114,54364,10000000000_5_1_WTF
97585,485059,703772,1137149,1467920,10000000000_5_1_CV1
76479,380152,551563,891211,1150444,10000000000_5_1_GYR
174668,868216,1259695,2035405,2627458,10000000000_5_1_CTR
176639,878012,1273908,2058371,2657103,10000000000_5_1_CTB
98600,490107,711097,1148984,1483198,10000000000_5_1_VRY
141527,961470,1202629,1946779,3406002,10000000000_5_2_SMG
3081,20931,26181,42382,74148,10000000000_5_2_PRS
60099,408287,510695,826697,1446353,10000000000_5_2_AC1
3081,20931,26181,42382,74148,10000000000_5_2_WTF
82863,562935,704133,1139828,1994195,10000000000_5_2_CV1
65386,444201,555617,899415,1573579,10000000000_5_2_GYR
149334,1014510,1268974,2054176,3593898,10000000000_5_2_CTR
150542,1022716,1279237,2070790,3622966,10000000000_5_2_CTB
84025,570826,714003,1155806,2022149,10000000000_5_2_VRY
156027,1207837,1970285,2583458,3371214,10000000000_5_3_SMG
3397,26297,42897,56247,73398,10000000000_5_3_PRS
66263,512957,836762,1097171,1431723,10000000000_5_3_AC1
3397,26297,42897,56247,73398,10000000000_5_3_WTF
91754,710283,1158649,1519233,1982481,10000000000_5_3_CV1
71967,557113,908791,1191616,1554967,10000000000_5_3_GYR
164314,1271994,2074941,2720684,3550283,10000000000_5_3_CTR
166015,1285162,2096421,2748850,3587037,10000000000_5_3_CTB
92661,717310,1170112,1534263,2002094,10000000000_5_3_VRY
137683,771655,1683565,2441575,3238634,10000000000_5_4_SMG
2997,16798,36647,53147,70497,10000000000_5_4_PRS
58437,327516,714560,1036284,1374583,10000000000_5_4_AC1
2997,16798,36647,53147,70497,10000000000_5_4_WTF
80925,453551,989538,1435069,1903552,10000000000_5_4_CV1
63506,355926,776543,1126175,1493818,10000000000_5_4_GYR
144923,812232,1772094,2569963,3408936,10000000000_5_4_CTR
146482,820972,1791163,2597619,3445619,10000000000_5_4_CTB
81767,458271,999835,1450002,1923360,10000000000_5_4_VRY
99424,804672,1725859,2350704,3051358,10000000000_5_5_SMG
2164,17515,37564,51164,66414,10000000000_5_5_PRS
42221,341702,732882,998221,1295751,10000000000_5_5_AC1
2164,17515,37564,51164,66414,10000000000_5_5_WTF
58384,472522,1013464,1380388,1791828,10000000000_5_5_CV1
45794,370627,794920,1082719,1405435,10000000000_5_5_GYR
104546,846125,1814767,2471801,3208549,10000000000_5_5_CTR
105768,856017,1835984,2500700,3246061,10000000000_5_5_CTB
59035,477784,1024750,1395759,1811780,10000000000_5_5_VRY
130818,751132,1665520,2533959,3452943,10000000000_6_1_SMG
2847,16347,36247,55147,75147,10000000000_6_1_PRS
55535,318870,707045,1075714,1465839,10000000000_6_1_AC1
2847,16347,36247,55147,75147,10000000000_6_1_WTF
76773,440816,977441,1487101,2026423,10000000000_6_1_CV1
60297,346215,767678,1167962,1591543,10000000000_6_1_GYR
137557,789828,1751323,2664502,3630830,10000000000_6_1_CTR
139165,799061,1771796,2695650,3673274,10000000000_6_1_CTB
77683,446039,989024,1504724,2050437,10000000000_6_1_VRY
101680,604568,1477159,2140787,2900859,10000000000_6_2_SMG
2214,13164,32164,46614,63164,10000000000_6_2_PRS
43166,256651,627084,908807,1231473,10000000000_6_2_AC1
2213,13158,32148,46591,63133,10000000000_6_2_WTF
59789,355489,868575,1258791,1705717,10000000000_6_2_CV1
46929,279029,681758,988045,1338844,10000000000_6_2_GYR
107082,636685,1555631,2254514,3054964,10000000000_6_2_CTR
108190,643272,1571726,2277839,3086571,10000000000_6_2_CTB
60380,359006,877170,1271247,1722595,10000000000_6_2_VRY
212835,1030897,1713381,2343014,3041584,10000000000_6_3_SMG
4631,22431,37281,50981,66181,10000000000_6_3_PRS
90617,437795,727435,994645,1291111,10000000000_6_3_AC1
4631,22431,37281,50981,66181,10000000000_6_3_WTF
125173,606294,1007679,1377980,1788825,10000000000_6_3_CV1
98051,474922,789335,1079399,1401222,10000000000_6_3_GYR
223753,1083782,1801279,2463211,3197618,10000000000_6_3_CTR
226437,1096782,1822884,2492756,3235972,10000000000_6_3_CTB
126373,612107,1017340,1391191,1805975,10000000000_6_3_VRY
101542,688595,1608158,2300697,3013875,10000000000_6_4_SMG
2214,15014,35064,50164,65714,10000000000_6_4_PRS
43183,292838,683898,978413,1281704,10000000000_6_4_AC1
2214,15014,35064,50164,65714,10000000000_6_4_WTF
59697,404829,945446,1352593,1771874,10000000000_6_4_CV1
46891,317984,742625,1062429,1391764,10000000000_6_4_GYR
106919,725056,1693310,2422519,3173459,10000000000_6_4_CTR
108146,733380,1712750,2450331,3209892,10000000000_6_4_CTB
60362,409334,955967,1367646,1791593,10000000000_6_4_VRY
179064,1100343,1964186,2880870,3482849,20000000000_1_1_SMG
3897,23947,42747,62697,75798,20000000000_1_1_PRS
75985,466927,833495,1222487,1477934,20000000000_1_1_AC1
3897,23947,42747,62697,75798,20000000000_1_1_WTF
105280,646940,1154830,1693789,2047718,20000000000_1_1_CV1
82468,506764,904607,1326786,1604028,20000000000_1_1_GYR
188499,1158323,2067684,3032670,3666369,20000000000_1_1_CTR
190394,1169964,2088463,3063147,3703215,20000000000_1_1_CTB
106300,653209,1166021,1710203,2067562,20000000000_1_1_VRY
88719,692886,1251108,1937975,2578897,20000000000_1_2_SMG
1931,15081,27231,42182,56131,20000000000_1_2_PRS
37774,295013,532690,825140,1098028,20000000000_1_2_AC1
1932,15083,27234,42186,56137,20000000000_1_2_WTF
52152,407299,735439,1139199,1515952,20000000000_1_2_CV1
40868,319176,576320,892723,1187962,20000000000_1_2_GYR
93357,729107,1316512,2039285,2713712,20000000000_1_2_CTR
94352,736877,1330542,2061018,2742633,20000000000_1_2_CTB
52662,411286,742638,1150352,1530793,20000000000_1_2_VRY
169836,1122798,1949463,2743981,3481137,20000000000_1_3_SMG
3714,24464,42464,59764,75815,20000000000_1_3_PRS
72425,477057,828063,1165420,1478420,20000000000_1_3_AC1
3714,24464,42464,59764,75815,20000000000_1_3_WTF
99865,660211,1146294,1613474,2046925,20000000000_1_3_CV1
79013,520451,903386,1271429,1612900,20000000000_1_3_GYR
179374,1181531,2050871,2886404,3661614,20000000000_1_3_CTR
180691,1194559,2074059,2919356,3703626,20000000000_1_3_CTB
100832,666607,1157400,1629107,2066757,20000000000_1_3_VRY
154559,749544,1590333,2258830,3053675,20000000000_1_4_SMG
3364,16314,34614,49164,66464,20000000000_1_4_PRS
65626,318259,675261,959107,1296601,20000000000_1_4_AC1
3364,16314,34614,49164,66464,20000000000_1_4_WTF
90779,440239,934069,1326705,1793551,20000000000_1_4_CV1
71283,345691,733464,1041776,1408359,20000000000_1_4_GYR
162586,788475,1672935,2376153,3212282,20000000000_1_4_CTR
164486,797688,1692484,2403919,3249818,20000000000_1_4_CTB
91771,445048,944273,1341199,1813144,20000000000_1_4_VRY
120891,823629,1744536,2426605,3345216,20000000000_1_5_SMG
2648,17948,37998,52848,72848,20000000000_1_5_PRS
51780,350956,743014,1033391,1424471,20000000000_1_5_AC1
2648,17948,37998,52848,72848,20000000000_1_5_WTF
71064,484154,1025490,1426430,1966417,20000000000_1_5_CV1
55660,379208,803204,1117235,1540174,20000000000_1_5_GYR
126386,861067,1823834,2536907,3497273,20000000000_1_5_CTR
128644,876450,1856417,2582228,3559752,20000000000_1_5_CTB
71752,488846,1035430,1440256,1985477,20000000000_1_5_VRY
126295,804183,1725651,2520734,3484347,20000000000_2_1_SMG
2748,17498,37548,54848,75815,20000000000_2_1_PRS
53604,341324,732427,1069888,1478879,20000000000_2_1_AC1
2748,17498,37548,54848,75815,20000000000_2_1_WTF
74224,472624,1014177,1481453,2047774,20000000000_2_1_CV1
58277,371081,796282,1163164,1607812,20000000000_2_1_GYR
132896,846217,1815850,2652491,3666471,20000000000_2_1_CTR
134380,855669,1836133,2682119,3707425,20000000000_2_1_CTB
74959,477302,1024215,1496115,2068042,20000000000_2_1_VRY
84141,722895,1524783,2140559,2868922,20000000000_2_2_SMG
1831,15731,33181,46581,62431,20000000000_2_2_PRS
35706,306760,647041,908346,1217426,20000000000_2_2_AC1
1833,15741,33202,46610,62470,20000000000_2_2_WTF
49456,424895,896219,1258153,1686261,20000000000_2_2_CV1
38795,333303,703026,986940,1322764,20000000000_2_2_GYR
88540,760685,1604493,2252460,3018898,20000000000_2_2_CTR
89537,769255,1622570,2277838,3052912,20000000000_2_2_CTB
49950,429143,905180,1270733,1703121,20000000000_2_2_VRY
172102,801350,1713070,2303277,3061131,20000000000_2_3_SMG
3747,17447,37297,50147,66647,20000000000_2_3_PRS
73113,340431,727749,978481,1300433,20000000000_2_3_AC1
3749,17455,37313,50168,66675,20000000000_2_3_WTF
101207,471245,1007394,1354473,1800138,20000000000_2_3_CV1
79117,368389,787515,1058839,1407232,20000000000_2_3_GYR
180968,842632,1801319,2421931,3218825,20000000000_2_3_CTR
183158,852828,1823116,2451237,3257774,20000000000_2_3_CTB
102188,475811,1017156,1367599,1817583,20000000000_2_3_VRY
108558,707830,1539004,2170420,2937304,20000000000_2_4_SMG
2364,15414,33514,47264,63964,20000000000_2_4_PRS
46099,300579,653535,921665,1247321,20000000000_2_4_AC1
2364,15414,33514,47264,63964,20000000000_2_4_WTF
63548,414347,900896,1270512,1719428,20000000000_2_4_CV1
50206,327354,711750,1003764,1358429,20000000000_2_4_GYR
114512,746654,1623416,2289465,3098412,20000000000_2_4_CTR
115520,753223,1637700,2309610,3125674,20000000000_2_4_CTB
64471,420366,913984,1288969,1744407,20000000000_2_4_VRY
120928,750617,1554964,2193845,3110801,20000000000_2_5_SMG
2631,16332,33831,47731,67681,20000000000_2_5_PRS
51410,319108,661059,932665,1322488,20000000000_2_5_AC1
2632,16333,33835,47736,67689,20000000000_2_5_WTF
71050,441012,913592,1288955,1827696,20000000000_2_5_CV1
55610,345176,715059,1008853,1430520,20000000000_2_5_GYR
127211,789617,1635755,2307831,3272429,20000000000_2_5_CTR
128620,798359,1653864,2333380,3308657,20000000000_2_5_CTB
71760,445422,922727,1301843,1845971,20000000000_2_5_VRY
78061,990607,1831896,2436428,3195013,20000000000_3_1_SMG
1698,21549,39848,52998,69499,20000000000_3_1_PRS
33122,420322,777287,1033794,1355668,20000000000_3_1_AC1
1698,21549,39848,52998,69499,20000000000_3_1_WTF
45812,581358,1075085,1429867,1875058,20000000000_3_1_CV1
36032,457249,845575,1124618,1474770,20000000000_3_1_GYR
82318,1044624,1931788,2569285,3369235,20000000000_3_1_CTR
83042,1053820,1948794,2591904,3398896,20000000000_3_1_CTB
46331,587949,1087274,1446079,1896318,20000000000_3_1_VRY
162948,847447,1642201,2264682,2997418,20000000000_3_2_SMG
3547,18447,35747,49297,65247,20000000000_3_2_PRS
69204,359908,697437,961802,1272993,20000000000_3_2_AC1
3547,18447,35747,49297,65247,20000000000_3_2_WTF
95777,498107,965241,1331118,1761800,20000000000_3_2_CV1
75108,390613,756937,1043857,1381595,20000000000_3_2_GYR
171817,893573,1731584,2387946,3160563,20000000000_3_2_CTR
173346,901526,1746996,2409200,3188694,20000000000_3_2_CTB
96705,502933,974593,1344015,1778870,20000000000_3_2_VRY
116274,816856,1616208,2525816,3162082,20000000000_3_3_SMG
2531,17781,35181,54981,68831,20000000000_3_3_PRS
49371,346844,686256,1072483,1342647,20000000000_3_3_AC1
2531,17781,35181,54981,68831,20000000000_3_3_WTF
68329,480025,949763,1484294,1858195,20000000000_3_3_CV1
53578,376395,744724,1163858,1457039,20000000000_3_3_GYR
122377,859732,1701041,2658393,3328056,20000000000_3_3_CTR
123731,869242,1719859,2687802,3364873,20000000000_3_3_CTB
69012,484823,959258,1499131,1876770,20000000000_3_3_VRY
148357,678696,1551114,2193948,3011266,20000000000_3_5_SMG
3231,14781,33781,47781,65581,20000000000_3_5_PRS
63343,288663,659319,932433,1279679,20000000000_3_5_AC1
3231,14781,33781,47781,65581,20000000000_3_5_WTF
86880,397453,908351,1284803,1763434,20000000000_3_5_CV1
68555,313622,716762,1013812,1391491,20000000000_3_5_GYR
156509,715987,1636340,2314496,3176721,20000000000_3_5_CTR
157950,722578,1651403,2335801,3205963,20000000000_3_5_CTB
88080,402943,920899,1302550,1787793,20000000000_3_5_VRY
94049,739568,1536703,2152358,3068949,20000000000_4_1_SMG
2047,16097,33447,46847,66797,20000000000_4_1_PRS
39918,313898,652228,913533,1302565,20000000000_4_1_AC1
2047,16097,33447,46847,66797,20000000000_4_1_WTF
55060,432970,899643,1260070,1796676,20000000000_4_1_CV1
43438,341579,709747,994095,1417435,20000000000_4_1_GYR
99422,781824,1624505,2275337,3244299,20000000000_4_1_CTR
100100,787153,1635578,2290846,3266412,20000000000_4_1_CTB
55832,439040,912255,1277736,1821865,20000000000_4_1_VRY
45830,588244,1298439,1946578,2601612,20000000000_4_2_SMG
997,12797,28247,42348,56597,20000000000_4_2_PRS
19738,249890,551233,826245,1104182,20000000000_4_2_AC1
997,12797,28247,42348,56597,20000000000_4_2_WTF
26929,345647,762951,1143791,1528683,20000000000_4_2_CV1
21114,271001,598183,896777,1198547,20000000000_4_2_GYR
48235,619119,1366590,2048748,2738163,20000000000_4_2_CTR
48754,625782,1381296,2070795,2767629,20000000000_4_2_CTB
27193,349032,770423,1154994,1543655,20000000000_4_2_VRY
78124,623001,1324213,2062211,2687554,20000000000_4_3_SMG
1714,13564,28814,44864,58464,20000000000_4_3_PRS
33434,264584,562055,875130,1140416,20000000000_4_3_AC1
1700,13551,28802,44854,58455,20000000000_4_3_WTF
45929,366258,778496,1212360,1579995,20000000000_4_3_CV1
35985,286956,609937,949860,1237896,20000000000_4_3_GYR
82259,655973,1394297,2171353,2829792,20000000000_4_3_CTR
83101,662689,1408573,2193585,2858766,20000000000_4_3_CTB
46360,369693,785798,1223730,1594814,20000000000_4_3_VRY
124831,1039776,1865066,2534033,3268150,20000000000_4_4_SMG
2731,22631,40581,55131,71098,20000000000_4_4_PRS
53278,441493,791666,1075512,1387001,20000000000_4_4_AC1
2735,22661,40635,55204,71192,20000000000_4_4_WTF
73058,608534,1091538,1483054,1912699,20000000000_4_4_CV1
57643,480134,861226,1170133,1509124,20000000000_4_4_GYR
132302,1096341,1965914,2670778,3444286,20000000000_4_4_CTR
132849,1106564,1984864,2696801,3478073,20000000000_4_4_CTB
74112,617317,1107292,1504459,1940305,20000000000_4_4_VRY
143057,754056,1633803,2283851,3159004,20000000000_4_5_SMG
3114,16415,35564,49714,68764,20000000000_4_5_PRS
60799,320470,694358,970624,1342559,20000000000_4_5_AC1
3114,16415,35564,49714,68764,20000000000_4_5_WTF
84059,443074,960003,1341963,1856192,20000000000_4_5_CV1
65952,347634,753214,1052898,1456359,20000000000_4_5_GYR
150534,793470,1719201,2403226,3324123,20000000000_4_5_CTR
152216,802333,1738404,2430069,3361252,20000000000_4_5_CTB
84917,447596,969800,1355658,1875135,20000000000_4_5_VRY
191998,906075,1826798,2561540,3480748,20000000000_5_1_SMG
4181,19731,39781,55781,75798,20000000000_5_1_PRS
81548,384842,775905,1087975,1478395,20000000000_5_1_AC1
4181,19731,39781,55781,75798,20000000000_5_1_WTF
112907,532828,1074270,1506343,2046894,20000000000_5_1_CV1
88568,417969,842696,1181629,1605657,20000000000_5_1_GYR
202547,955861,1927175,2702289,3672004,20000000000_5_1_CTR
204372,964471,1944535,2726630,3705081,20000000000_5_1_CTB
114035,538155,1085009,1521402,2067356,20000000000_5_1_VRY
108559,756050,1662997,2285231,3125592,20000000000_5_2_SMG
2364,16464,36214,49765,68064,20000000000_5_2_PRS
46095,321023,706117,970321,1327143,20000000000_5_2_AC1
2364,16464,36214,49765,68064,20000000000_5_2_WTF
63813,444424,977549,1343313,1837297,20000000000_5_2_CV1
50027,348410,766357,1053101,1440363,20000000000_5_2_GYR
114279,795887,1750622,2405643,3290284,20000000000_5_2_CTR
115566,804854,1770347,2432748,3327356,20000000000_5_2_CTB
64503,449227,988113,1357830,1857152,20000000000_5_2_VRY
84885,716807,1516477,2132314,3046878,20000000000_5_4_SMG
1847,15598,32997,46397,66297,20000000000_5_4_PRS
36029,304240,643650,905034,1293209,20000000000_5_4_AC1
1847,15598,32997,46397,66297,20000000000_5_4_WTF
49736,419992,888534,1249365,1785227,20000000000_5_4_CV1
39230,331272,700838,985446,1408111,20000000000_5_4_GYR
89523,755975,1599340,2248828,3213366,20000000000_5_4_CTR
90347,762931,1614057,2269521,3242934,20000000000_5_4_CTB
50412,425699,900608,1266343,1809486,20000000000_5_4_VRY
152215,781468,1670231,2310967,2912661,20000000000_5_5_SMG
3314,17014,36364,50314,63414,20000000000_5_5_PRS
64645,331883,709332,981446,1236980,20000000000_5_5_AC1
3314,17014,36364,50314,63414,20000000000_5_5_WTF
89366,458803,980598,1356775,1710032,20000000000_5_5_CV1
70267,360745,771018,1066797,1344553,20000000000_5_5_GYR
160612,824575,1762362,2438441,3073326,20000000000_5_5_CTR
162041,831914,1778048,2460145,3100680,20000000000_5_5_CTB
90470,464470,992710,1373535,1731155,20000000000_5_5_VRY
117045,730530,1594464,2341215,3094860,20000000000_6_1_SMG
2547,15897,34698,50947,67347,20000000000_6_1_PRS
49683,310092,676810,993787,1313690,20000000000_6_1_AC1
2547,15897,34698,50947,67347,20000000000_6_1_WTF
68704,428809,935924,1374254,1816631,20000000000_6_1_CV1
53966,336822,735151,1079451,1426930,20000000000_6_1_GYR
123489,770750,1682249,2470113,3265250,20000000000_6_1_CTR
124563,777454,1696881,2491598,3293651,20000000000_6_1_CTB
69567,434195,947679,1391515,1839448,20000000000_6_1_VRY
115528,793345,1714716,2438487,3140843,20000000000_6_2_SMG
2514,17264,37314,53064,68348,20000000000_6_2_PRS
49044,336792,727934,1035190,1333355,20000000000_6_2_AC1
2514,17264,37314,53064,68348,20000000000_6_2_WTF
67918,466399,1008063,1433559,1846467,20000000000_6_2_CV1
53223,365489,789958,1123394,1446964,20000000000_6_2_GYR
121840,836691,1808403,2571718,3312449,20000000000_6_2_CTR
122912,844051,1824312,2594342,3341589,20000000000_6_2_CTB
68590,471011,1018032,1447736,1864727,20000000000_6_2_VRY
135468,716962,1551280,2224710,3003866,20000000000_6_3_SMG
2947,15597,33747,48397,65347,20000000000_6_3_PRS
57491,304271,658347,944144,1274809,20000000000_6_3_AC1
2949,15607,33768,48427,65387,20000000000_6_3_WTF
79510,420804,910486,1305740,1763047,20000000000_6_3_CV1
62561,331104,716405,1027405,1387231,20000000000_6_3_GYR
143194,757850,1639748,2351583,3175173,20000000000_6_3_CTR
144155,762936,1650753,2367366,3196485,20000000000_6_3_CTB
80460,425833,921369,1321346,1784119,20000000000_6_3_VRY
102425,697222,1471147,2075129,2993735,20000000000_6_4_SMG
2230,15180,32030,45180,65180,20000000000_6_4_PRS
43486,296016,624597,881026,1271034,20000000000_6_4_AC1
2230,15180,32030,45180,65180,20000000000_6_4_WTF
60135,409345,863723,1218327,1757648,20000000000_6_4_CV1
47307,322023,679472,958431,1382702,20000000000_6_4_GYR
108087,735766,1552475,2189847,3159235,20000000000_6_4_CTR
108994,741936,1565494,2208212,3185729,20000000000_6_4_CTB
60816,413985,873513,1232135,1777569,20000000000_6_4_VRY
162248,803237,1621129,2206979,2891619,20000000000_6_5_SMG
3547,17497,35297,48047,62947,20000000000_6_5_PRS
69168,341198,688304,936934,1227489,20000000000_6_5_AC1
3532,17483,35285,48037,62938,20000000000_6_5_WTF
95209,471348,951295,1295078,1696831,20000000000_6_5_CV1
74785,370233,747220,1017253,1332821,20000000000_6_5_GYR
171234,847725,1710916,2329214,3051773,20000000000_6_5_CTR
172636,854662,1724919,2348276,3076749,20000000000_6_5_CTB
96327,476884,962468,1310288,1716761,20000000000_6_5_VRY
99361,689370,1476814,2039273,2799168,30000000000_1_1_SMG
2164,15014,32164,44414,60964,30000000000_1_1_PRS
42264,293226,628167,867411,1190635,30000000000_1_1_AC1
2164,15014,32164,44414,60964,30000000000_1_1_WTF
58397,405159,867959,1198530,1645138,30000000000_1_1_CV1
45647,316696,678448,936841,1285936,30000000000_1_1_GYR
104472,724834,1552787,2144183,2943170,30000000000_1_1_CTR
105779,733899,1572207,2170998,2979978,30000000000_1_1_CTB
59016,409458,877168,1211247,1662593,30000000000_1_1_VRY
70845,631453,1340794,1999795,2683966,30000000000_1_2_SMG
1564,13814,29314,43714,58664,30000000000_1_2_PRS
30648,270695,574428,856606,1149561,30000000000_1_2_AC1
1564,13814,29314,43714,58664,30000000000_1_2_WTF
41726,371910,789694,1177829,1580789,30000000000_1_2_CV1
32994,294083,624441,931354,1249989,30000000000_1_2_GYR
75571,667479,1416424,2112218,2834587,30000000000_1_2_CTR
75392,671982,1426851,2128149,2856232,30000000000_1_2_CTB
42205,376182,798764,1191357,1598945,30000000000_1_2_VRY
84775,635557,1376818,2072181,2746889,30000000000_1_3_SMG
1847,13847,29997,45147,59847,30000000000_1_3_PRS
36185,271280,587677,884483,1172474,30000000000_1_3_AC1
1847,13847,29997,45147,59847,30000000000_1_3_WTF
49926,374291,810832,1220343,1617690,30000000000_1_3_CV1
39199,293870,636616,958139,1270112,30000000000_1_3_GYR
89639,672025,1455818,2191079,2904501,30000000000_1_3_CTR
90084,675362,1463047,2201960,2918924,30000000000_1_3_CTB
50233,376593,815819,1227849,1627640,30000000000_1_3_VRY
87272,653137,1432926,2051696,2753276,30000000000_1_4_SMG
1897,14197,31147,44597,59847,30000000000_1_4_PRS
37189,278314,610596,874265,1173221,30000000000_1_4_AC1
1897,14197,31147,44597,59847,30000000000_1_4_WTF
51251,383552,841479,1204849,1616849,30000000000_1_4_CV1
39834,298115,654038,936466,1256692,30000000000_1_4_GYR
90700,678786,1489198,2132268,2861400,30000000000_1_4_CTR
91067,681537,1495234,2140910,2872997,30000000000_1_4_CTB
51741,387219,849525,1216369,1632308,30000000000_1_4_VRY
160513,800821,1700465,2285692,2944359,30000000000_1_5_SMG
3497,17447,37047,49797,64147,30000000000_1_5_PRS
68387,341191,724485,973822,1254448,30000000000_1_5_AC1
3497,17447,37047,49797,64147,30000000000_1_5_WTF
94456,471251,1000654,1345037,1732636,30000000000_1_5_CV1
74516,371767,789411,1061092,1366867,30000000000_1_5_GYR
169745,846878,1798262,2417147,3113696,30000000000_1_5_CTR
171075,853515,1812355,2436091,3138099,30000000000_1_5_CTB
95471,476315,1011408,1359492,1751256,30000000000_1_5_VRY
90014,697287,1522260,2248695,3000338,30000000000_2_1_SMG
1964,15214,33214,49065,65464,30000000000_2_1_PRS
38400,297458,649387,959279,1279925,30000000000_2_1_AC1
1964,15214,33214,49065,65464,30000000000_2_1_WTF
52562,410069,895740,1323399,1765899,30000000000_2_1_CV1
41793,323747,706777,1044057,1393041,30000000000_2_1_GYR
95226,737657,1610394,2378887,3174047,30000000000_2_1_CTR
95978,743485,1623117,2397681,3199124,30000000000_2_1_CTB
53115,414388,905172,1337336,1784495,30000000000_2_1_VRY
42757,646680,1420527,2171411,2853407,30000000000_2_2_SMG
931,14081,30931,47281,62131,30000000000_2_2_PRS
18205,275337,604818,924523,1214896,30000000000_2_2_AC1
931,14081,30931,47281,62131,30000000000_2_2_WTF
25142,380258,835292,1276823,1677848,30000000000_2_2_CV1
19753,298744,656235,1003118,1318176,30000000000_2_2_GYR
45090,681966,1498038,2289895,3009104,30000000000_2_2_CTR
45507,688262,1511869,2311036,3036885,30000000000_2_2_CTB
25382,383889,843268,1289016,1693870,30000000000_2_2_VRY
91029,672303,1441974,2158803,3075516,30000000000_2_3_SMG
1981,14631,31381,46981,66931,30000000000_2_3_PRS
38736,286090,613613,918650,1308745,30000000000_2_3_AC1
1982,14633,31385,46987,66939,30000000000_2_3_WTF
53515,395240,847721,1269137,1808062,30000000000_2_3_CV1
42099,310926,666883,998402,1422363,30000000000_2_3_GYR
96061,709471,1521693,2278151,3245544,30000000000_2_3_CTR
96840,715225,1534035,2296629,3271868,30000000000_2_3_CTB
54008,398881,855530,1280828,1824718,30000000000_2_3_VRY
162182,685793,1498767,2164763,3032854,30000000000_2_4_SMG
3531,14931,32631,47131,66031,30000000000_2_4_PRS
68991,291730,637562,920871,1290149,30000000000_2_4_AC1
3531,14931,32631,47131,66031,30000000000_2_4_WTF
95396,403386,881580,1273322,1783936,30000000000_2_4_CV1
74898,316706,692146,999710,1400603,30000000000_2_4_GYR
171050,723292,1580720,2283133,3198692,30000000000_2_4_CTR
172572,729728,1594785,2303448,3227153,30000000000_2_4_CTB
96276,407105,889709,1285062,1800384,30000000000_2_4_VRY
68024,614602,1393130,2100466,3014491,30000000000_2_5_SMG
1481,13381,30331,45731,65631,30000000000_2_5_PRS
28947,261533,592822,893815,1282762,30000000000_2_5_AC1
1481,13381,30331,45731,65631,30000000000_2_5_WTF
40004,361433,819268,1235235,1772752,30000000000_2_5_CV1
31470,284331,644497,971729,1394580,30000000000_2_5_GYR
71735,648133,1469136,2215063,3178955,30000000000_2_5_CTR
72390,654049,1482545,2235280,3207969,30000000000_2_5_CTB
40377,364803,826906,1246752,1789280,30000000000_2_5_VRY
137329,1007948,1926681,2671289,3472534,30000000000_3_1_SMG
2997,21997,42047,58297,75783,30000000000_3_1_PRS
58525,429552,821083,1138409,1479871,30000000000_3_1_AC1
2997,21997,42047,58297,75783,30000000000_3_1_WTF
80917,593903,1135238,1573975,2046084,30000000000_3_1_CV1
63740,467827,894245,1239845,1611733,30000000000_3_1_GYR
145150,1065351,2036405,2823418,3670294,30000000000_3_1_CTR
146475,1075077,2054995,2849194,3703800,30000000000_3_1_CTB
81752,600031,1146952,1590217,2067198,30000000000_3_1_VRY
148368,729258,1555821,2198703,3041338,30000000000_3_2_SMG
3231,15881,33881,47881,66231,30000000000_3_2_PRS
63101,310153,661689,935105,1293477,30000000000_3_2_AC1
3231,15881,33881,47881,66231,30000000000_3_2_WTF
87177,428491,914154,1291892,1786999,30000000000_3_2_CV1
68655,337451,719928,1017410,1407324,30000000000_3_2_GYR
156378,768628,1639814,2317403,3205528,30000000000_3_2_CTR
157909,776151,1655864,2340085,3236903,30000000000_3_2_CTB
88096,433005,923786,1305505,1805828,30000000000_3_2_VRY
208069,954285,1755606,2396204,3312328,30000000000_3_3_SMG
4531,20781,38232,52181,72131,30000000000_3_3_PRS
88520,405988,746899,1019433,1409185,30000000000_3_3_AC1
4531,20781,38232,52181,72131,30000000000_3_3_WTF
122294,560889,1031871,1408388,1946847,30000000000_3_3_CV1
96301,441671,812547,1109034,1533044,30000000000_3_3_GYR
218646,1005397,1850247,2525642,3491530,30000000000_3_3_CTR
221520,1015979,1869105,2551117,3526468,30000000000_3_3_CTB
123609,566921,1042970,1423536,1967786,30000000000_3_3_VRY
124319,767898,1608445,2382573,3296409,30000000000_3_4_SMG
2714,16764,35114,52014,71964,30000000000_3_4_PRS
53016,327472,685926,1016054,1405762,30000000000_3_4_AC1
2714,16764,35114,52014,71964,30000000000_3_4_WTF
73237,452369,947535,1403574,1941915,30000000000_3_4_CV1
57708,356452,746626,1105969,1530164,30000000000_3_4_GYR
131415,811729,1700253,2518567,3484564,30000000000_3_4_CTR
132672,819495,1716520,2542663,3517902,30000000000_3_4_CTB
74040,457334,957934,1418978,1963227,30000000000_3_4_VRY
94011,734675,1478673,2399485,2964372,30000000000_3_5_SMG
2047,15997,32197,52247,64547,30000000000_3_5_PRS
40067,313114,630200,1022643,1263394,30000000000_3_5_AC1
2047,15997,32197,52247,64547,30000000000_3_5_WTF
55262,431859,869198,1410473,1742527,30000000000_3_5_CV1
43444,339505,683317,1108838,1369881,30000000000_3_5_GYR
98854,772526,1554856,2523109,3117099,30000000000_3_5_CTR
99604,778390,1566657,2542260,3140759,30000000000_3_5_CTB
55838,436361,878259,1425176,1760691,30000000000_3_5_VRY
173589,802565,1532544,2338277,3258785,30000000000_4_1_SMG
3781,17481,33381,50931,70981,30000000000_4_1_PRS
74073,342464,653955,997770,1390562,30000000000_4_1_AC1
3781,17481,33381,50931,70981,30000000000_4_1_WTF
102040,471766,900865,1374493,1915589,30000000000_4_1_CV1
80103,370345,707196,1079003,1503774,30000000000_4_1_GYR
182028,841584,1607055,2451961,3417223,30000000000_4_1_CTR
184790,854354,1631440,2489166,3469076,30000000000_4_1_CTB
103024,476318,909558,1387756,1934073,30000000000_4_1_VRY
193073,834508,1629430,2548057,3244473,30000000000_4_2_SMG
4214,18214,35564,55614,70814,30000000000_4_2_PRS
82373,356035,695180,1087102,1384221,30000000000_4_2_AC1
4214,18214,35564,55614,70814,30000000000_4_2_WTF
113813,491925,960515,1502027,1912550,30000000000_4_2_CV1
89544,387029,755698,1181739,1504723,30000000000_4_2_GYR
204160,882429,1722998,2694376,3430783,30000000000_4_2_CTR
205932,890088,1737953,2717763,3460561,30000000000_4_2_CTB
114936,496783,970001,1516860,1931437,30000000000_4_2_VRY
53313,685373,1500639,2412088,3273155,30000000000_4_3_SMG
1164,14964,32764,52664,71464,30000000000_4_3_PRS
22741,292344,640093,1028869,1396154,30000000000_4_3_AC1
1164,14964,32764,52664,71464,30000000000_4_3_WTF
31414,403843,884223,1421276,1928643,30000000000_4_3_CV1
24718,317758,695738,1118312,1517526,30000000000_4_3_GYR
56369,724654,1586645,2550331,3460748,30000000000_4_3_CTR
56896,731429,1601479,2574175,3493104,30000000000_4_3_CTB
31748,408140,893631,1436400,1949166,30000000000_4_3_VRY
146508,730798,1491520,2112471,2786123,30000000000_4_4_SMG
3197,15947,32547,46097,60797,30000000000_4_4_PRS
62617,312341,637472,902864,1190781,30000000000_4_4_AC1
3197,15947,32547,46097,60797,30000000000_4_4_WTF
86279,430369,878360,1244040,1640755,30000000000_4_4_CV1
67948,338929,691736,979721,1292146,30000000000_4_4_GYR
153858,770537,1573429,2228801,2939796,30000000000_4_4_CTR
156266,779472,1590861,2253170,2971689,30000000000_4_4_CTB
87217,435046,887906,1257560,1658587,30000000000_4_4_VRY
114652,716149,1372744,2093622,2768584,30000000000_4_5_SMG
2497,15597,29897,45597,60297,30000000000_4_5_PRS
48788,304743,584144,890899,1178115,30000000000_4_5_AC1
2497,15597,29897,45597,60297,30000000000_4_5_WTF
67432,421197,807369,1231347,1628321,30000000000_4_5_CV1
53018,331162,634786,968135,1280251,30000000000_4_5_GYR
120975,755641,1448444,2209074,2921257,30000000000_4_5_CTR
122038,762283,1461176,2228492,2946934,30000000000_4_5_CTB
68098,425360,815348,1243516,1644412,30000000000_4_5_VRY
99374,749156,1669872,2397720,3309252,30000000000_5_1_SMG
2164,16314,36364,52214,72064,30000000000_5_1_PRS
42428,319852,712952,1023706,1412884,30000000000_5_1_AC1
2164,16314,36364,52214,72064,30000000000_5_1_WTF
58439,440561,982013,1410043,1946093,30000000000_5_1_CV1
46059,347230,773977,1111331,1533821,30000000000_5_1_GYR
104830,790288,1761556,2529366,3490945,30000000000_5_1_CTR
105786,797499,1777630,2552446,3522800,30000000000_5_1_CTB
59023,444961,991821,1424126,1965530,30000000000_5_1_VRY
170495,854493,1726704,2364796,3202579,30000000000_5_2_SMG
3714,18614,37614,51514,69764,30000000000_5_2_PRS
72663,364176,735904,1007852,1364906,30000000000_5_2_AC1
3714,18614,37614,51514,69764,30000000000_5_2_WTF
100221,502291,1014997,1390082,1882549,30000000000_5_2_CV1
79041,396138,800491,1096307,1484698,30000000000_5_2_GYR
180015,902205,1823119,2496840,3381402,30000000000_5_2_CTR
181477,909531,1837923,2517115,3408860,30000000000_5_2_CTB
101287,507635,1025797,1404873,1902581,30000000000_5_2_VRY
94874,779092,1646993,2299066,3206000,30000000000_5_3_SMG
2081,16981,35881,50082,69831,30000000000_5_3_PRS
40710,332187,701914,979698,1366052,30000000000_5_3_AC1
2081,16981,35881,50082,69831,30000000000_5_3_WTF
55769,457965,968134,1351435,1884548,30000000000_5_3_CV1
43998,361305,763794,1066194,1486785,30000000000_5_3_GYR
100899,823331,1739704,2428196,3385782,30000000000_5_3_CTR
100985,829275,1753079,2447154,3412505,30000000000_5_3_CTB
56351,462742,978232,1365531,1904204,30000000000_5_3_VRY
172104,973598,1825615,2739640,3584768,30000000000_5_4_SMG
3747,21197,39747,59647,78047,30000000000_5_4_PRS
73301,414665,777547,1166839,1526787,30000000000_5_4_AC1
3747,21197,39747,59647,78047,30000000000_5_4_WTF
101134,572117,1072789,1609898,2106522,30000000000_5_4_CV1
79743,451109,845885,1269392,1660976,30000000000_5_4_GYR
181675,1027745,1927149,2892007,3784138,30000000000_5_4_CTR
183150,1036086,1942789,2915478,3814849,30000000000_5_4_CTB
102210,578205,1084206,1627031,2128940,30000000000_5_4_VRY
168255,799669,1621655,2262253,3182969,30000000000_5_5_SMG
3664,17414,35314,49264,69314,30000000000_5_5_PRS
71653,340546,690597,963401,1355496,30000000000_5_5_AC1
3664,17414,35314,49264,69314,30000000000_5_5_WTF
98958,470319,953763,1330526,1872038,30000000000_5_5_CV1
78012,370766,751879,1048891,1475780,30000000000_5_5_GYR
177632,844235,1712030,2388329,3360357,30000000000_5_5_CTR
179093,851177,1726109,2407969,3387990,30000000000_5_5_CTB
99924,474910,963074,1343514,1890312,30000000000_5_5_VRY
94781,753748,1561957,2188779,3017653,30000000000_6_1_SMG
2064,16414,34015,47664,65714,30000000000_6_1_PRS
40360,320956,665103,932012,1284958,30000000000_6_1_AC1
2065,16416,34018,47670,65722,30000000000_6_1_WTF
55739,443262,918551,1287170,1774611,30000000000_6_1_CV1
43931,349358,723959,1014488,1398666,30000000000_6_1_GYR
100074,795839,1649182,2311007,3186168,30000000000_6_1_CTR
100886,802298,1662566,2329763,3212026,30000000000_6_1_CTB
56289,447638,927621,1299880,1792134,30000000000_6_1_VRY
180495,777400,1521236,2187015,2951512,30000000000_6_2_SMG
3931,16931,33131,47631,64281,30000000000_6_2_PRS
76866,331066,647837,931367,1256937,30000000000_6_2_AC1
3931,16930,33128,47626,64275,30000000000_6_2_WTF
106157,457222,894703,1286275,1735909,30000000000_6_2_CV1
83668,360362,705165,1013785,1368165,30000000000_6_2_GYR
190640,821093,1606735,2309933,3117398,30000000000_6_2_CTR
192144,827572,1619414,2328160,3141997,30000000000_6_2_CTB
107206,461740,903545,1298987,1753063,30000000000_6_2_VRY
162110,905859,1775861,2420902,3336814,30000000000_6_3_SMG
3531,19731,38681,52731,72681,30000000000_6_3_PRS
69029,385728,756188,1030856,1420865,30000000000_6_3_AC1
3531,19731,38681,52731,72681,30000000000_6_3_WTF
95355,532833,1044575,1423993,1962740,30000000000_6_3_CV1
75163,420002,823378,1122451,1547114,30000000000_6_3_GYR
171202,956665,1875462,2556681,3523964,30000000000_6_3_CTR
172534,964106,1890050,2576568,3551375,30000000000_6_3_CTB
96275,537979,1054663,1437745,1981695,30000000000_6_3_VRY
73320,674750,1443753,2169142,3087355,30000000000_6_4_SMG
1597,14698,31448,47247,67247,30000000000_6_4_PRS
31207,287189,614494,923236,1314048,30000000000_6_4_AC1
1597,14698,31448,47247,67247,30000000000_6_4_WTF
43118,396807,849043,1275630,1815614,30000000000_6_4_CV1
33942,312364,668362,1004168,1429240,30000000000_6_4_GYR
77423,712509,1524546,2290528,3260124,30000000000_6_4_CTR
78060,718371,1537090,2309374,3286949,30000000000_6_4_CTB
43553,400812,857613,1288505,1833939,30000000000_6_4_VRY
95573,722464,1445800,2123210,3044029,30000000000_6_5_SMG
2081,15731,31481,46231,66281,30000000000_6_5_PRS
40683,307534,615438,903793,1295760,30000000000_6_5_AC1
2081,15731,31481,46231,66281,30000000000_6_5_WTF
56198,424817,850147,1248472,1789923,30000000000_6_5_CV1
44259,334563,669530,983229,1409647,30000000000_6_5_GYR
100899,762724,1526368,2241528,3213659,30000000000_6_5_CTR
101695,768748,1538424,2259231,3239041,30000000000_6_5_CTB
56759,429060,858638,1260941,1807800,30000000000_6_5_VRY
92495,664271,1456491,2124711,2877893,40000000000_2_1_SMG
2014,14464,31714,46264,62664,40000000000_2_1_PRS
39390,282887,620261,904830,1225580,40000000000_2_1_AC1
2014,14464,31714,46264,62664,40000000000_2_1_WTF
53966,390067,855749,1248542,1691277,40000000000_2_1_CV1
42871,307887,675077,984794,1333891,40000000000_2_1_GYR
97660,701368,1537830,2243367,3038612,40000000000_2_1_CTR
98432,706905,1549972,2261080,3062604,40000000000_2_1_CTB
54535,394178,864767,1261699,1709099,40000000000_2_1_VRY
72586,625815,1438442,2099562,2884642,40000000000_2_2_SMG
1581,13631,31331,45731,62831,40000000000_2_2_PRS
30615,266185,612209,893719,1228013,40000000000_2_2_AC1
1581,13631,31331,45731,62831,40000000000_2_2_WTF
42282,367621,845504,1234290,1695974,40000000000_2_2_CV1
33647,290094,666783,973242,1337162,40000000000_2_2_GYR
76630,660684,1518588,2216544,3045366,40000000000_2_2_CTR
77236,665906,1530592,2234066,3069440,40000000000_2_2_CTB
42714,371375,854138,1246895,1713294,40000000000_2_2_VRY
102416,650989,1479587,2124562,2778718,40000000000_2_3_SMG
2231,14181,32232,46281,60531,40000000000_2_3_PRS
43625,277291,630234,904963,1183603,40000000000_2_3_AC1
2231,14181,32232,46281,60531,40000000000_2_3_WTF
60242,382917,870304,1249683,1634462,40000000000_2_3_CV1
47443,301562,685398,984174,1287202,40000000000_2_3_GYR
108147,687415,1562377,2243441,2934200,40000000000_2_3_CTR
109037,693074,1575239,2261911,2958357,40000000000_2_3_CTB
60844,386741,878995,1262163,1650785,40000000000_2_3_VRY
83412,643769,1378663,2046958,2756590,40000000000_2_4_SMG
1831,14032,30031,44581,60031,40000000000_2_4_PRS
35499,273974,586728,871139,1173142,40000000000_2_4_AC1
1831,14032,30031,44581,60031,40000000000_2_4_WTF
49027,378381,810321,1203116,1620208,40000000000_2_4_CV1
38972,298638,639185,948869,1277709,40000000000_2_4_GYR
88738,679999,1455423,2160574,2909342,40000000000_2_4_CTR
88747,684940,1466833,2177867,2932882,40000000000_2_4_CTB
49527,382242,818589,1215393,1636741,40000000000_2_4_VRY
84093,667356,1390695,2031366,2695000,40000000000_2_5_SMG
1847,14547,30297,44247,58697,40000000000_2_5_PRS
35812,284200,592240,865076,1147690,40000000000_2_5_AC1
1847,14547,30297,44247,58697,40000000000_2_5_WTF
49432,392288,817483,1194084,1584183,40000000000_2_5_CV1
39317,309656,644920,941867,1249458,40000000000_2_5_GYR
89573,705478,1469297,2145822,2846595,40000000000_2_5_CTR
89481,710114,1479798,2161517,2867671,40000000000_2_5_CTB
49936,396290,825824,1206267,1600347,40000000000_2_5_VRY
87922,710355,1410879,2053982,2651150,40000000000_3_1_SMG
1914,15464,30714,44714,57714,40000000000_3_1_PRS
37430,302413,600640,874422,1128648,40000000000_3_1_AC1
1914,15464,30714,44714,57714,40000000000_3_1_WTF
51677,417517,829255,1207245,1558235,40000000000_3_1_CV1
40729,329066,653578,951491,1228124,40000000000_3_1_GYR
92833,750029,1489678,2168701,2799221,40000000000_3_1_CTR
93525,755621,1500785,2184870,2820091,40000000000_3_1_CTB
52193,421686,837536,1219300,1573795,40000000000_3_1_VRY
41986,602405,1491266,2157338,2763693,40000000000_3_2_SMG
914,13114,32464,46964,60164,40000000000_3_2_PRS
17875,256456,634862,918422,1176560,40000000000_3_2_AC1
914,13114,32464,46964,60164,40000000000_3_2_WTF
24686,354184,876790,1268407,1624914,40000000000_3_2_CV1
19454,279121,690969,999589,1280539,40000000000_3_2_GYR
44326,635982,1574388,2277586,2917739,40000000000_3_2_CTR
44652,640654,1585953,2294317,2939172,40000000000_3_2_CTB
24927,357644,885356,1280798,1640788,40000000000_3_2_VRY
61036,636968,1304683,2022878,2736484,40000000000_3_3_SMG
1330,13880,28430,44080,59630,40000000000_3_3_PRS
26010,271436,555974,862023,1166117,40000000000_3_3_AC1
1330,13880,28430,44080,59630,40000000000_3_3_WTF
35952,375199,768508,1191552,1611893,40000000000_3_3_CV1
28308,295424,605109,938205,1269174,40000000000_3_3_GYR
64543,673577,1379667,2139138,2893757,40000000000_3_3_CTR
64974,678071,1388872,2153410,2913064,40000000000_3_3_CTB
36268,378492,775254,1202011,1626042,40000000000_3_3_VRY
60408,703512,1404036,2113747,2853316,40000000000_3_4_SMG
1331,15331,30581,46031,62131,40000000000_3_4_PRS
25711,299433,597595,899667,1214447,40000000000_3_4_AC1
1331,15331,30581,46031,62131,40000000000_3_4_WTF
35540,413901,826043,1243591,1678705,40000000000_3_4_CV1
28326,326271,650817,979620,1322256,40000000000_3_4_GYR
64570,743742,1483555,2233070,3014118,40000000000_3_4_CTR
65037,749117,1494276,2249207,3035899,40000000000_3_4_CTB
35868,417715,833655,1255051,1694175,40000000000_3_4_VRY
113185,774655,1420048,2042472,2747581,40000000000_3_5_SMG
2464,16864,30914,44464,59814,40000000000_3_5_PRS
48304,330595,606026,871654,1172569,40000000000_3_5_AC1
2464,16864,30914,44464,59814,40000000000_3_5_WTF
66497,455114,834285,1199962,1614217,40000000000_3_5_CV1
52468,359093,658266,946793,1273647,40000000000_3_5_GYR
119495,817838,1499207,2156329,2900743,40000000000_3_5_CTR
120398,824020,1510539,2172628,2922669,40000000000_3_5_CTB
67190,459858,842981,1212470,1631042,40000000000_3_5_VRY
57257,688599,1457689,2134946,2883373,40000000000_4_1_SMG
1247,14997,31747,46497,62797,40000000000_4_1_PRS
24373,293118,620497,908786,1227371,40000000000_4_1_AC1
1247,14997,31747,46497,62797,40000000000_4_1_WTF
33661,404820,856959,1255111,1695102,40000000000_4_1_CV1
26530,319058,675411,989214,1335993,40000000000_4_1_GYR
60442,726898,1538762,2253687,3043739,40000000000_4_1_CTR
60926,732718,1551084,2271734,3068114,40000000000_4_1_CTB
34009,408997,865800,1268061,1712592,40000000000_4_1_VRY
76396,801787,1467493,2098767,2769065,40000000000_4_2_SMG
1665,17464,31964,45714,60314,40000000000_4_2_PRS
32585,341978,625915,895165,1181061,40000000000_4_2_AC1
1665,17466,31968,45719,60321,40000000000_4_2_WTF
44898,471207,862441,1233438,1627369,40000000000_4_2_CV1
35433,371870,680625,973411,1284296,40000000000_4_2_GYR
80743,847406,1550990,2218181,2926617,40000000000_4_2_CTR
81291,853157,1561516,2233235,2946479,40000000000_4_2_CTB
45391,476378,871904,1246971,1645225,40000000000_4_2_VRY
78837,722061,1383663,2019995,2690785,40000000000_4_3_SMG
1731,15731,30131,43982,58581,40000000000_4_3_PRS
33928,308325,590562,862020,1148177,40000000000_4_3_AC1
1717,15718,30119,43971,58572,40000000000_4_3_WTF
46297,424030,812554,1186239,1580160,40000000000_4_3_CV1
36498,334284,640577,935172,1245719,40000000000_4_3_GYR
83251,762484,1461124,2133081,2841424,40000000000_4_3_CTR
83881,768260,1472192,2149238,2862947,40000000000_4_3_CTB
46825,428867,821824,1199772,1598187,40000000000_4_3_VRY
81778,701643,1323803,1945964,2650773,40000000000_4_4_SMG
1797,15298,28847,42397,57747,40000000000_4_4_PRS
35178,299446,564694,829941,1130424,40000000000_4_4_AC1
1797,15298,28847,42397,57747,40000000000_4_4_WTF
47667,412038,777758,1143479,1557782,40000000000_4_4_CV1
38256,325655,614119,902582,1229366,40000000000_4_4_GYR
87168,742014,1399285,2056557,2801141,40000000000_4_4_CTR
87009,746520,1408473,2070426,2820315,40000000000_4_4_CTB
48185,416517,786212,1155907,1574714,40000000000_4_4_VRY
39719,673361,1309299,1942941,2571992,40000000000_4_5_SMG
881,14681,28531,42331,56031,40000000000_4_5_PRS
17271,287803,559314,829846,1098417,40000000000_4_5_AC1
881,14681,28531,42331,56031,40000000000_4_5_WTF
23346,395774,769551,1141979,1511708,40000000000_4_5_CV1
18752,312473,607258,900979,1192571,40000000000_4_5_GYR
42721,711895,1383494,2052668,2716993,40000000000_4_5_CTR
42264,716499,1393178,2067413,2736763,40000000000_4_5_CTB
23597,400030,777828,1154262,1527968,40000000000_4_5_VRY
41807,737055,1370555,2045220,2692442,40000000000_5_1_SMG
914,16114,29964,44714,58864,40000000000_5_1_PRS
17694,311943,580058,865595,1139518,40000000000_5_1_AC1
914,16114,29964,44714,58864,40000000000_5_1_WTF
24670,434924,808742,1206850,1588765,40000000000_5_1_CV1
19056,335950,624698,932211,1227214,40000000000_5_1_GYR
44311,781205,1452651,2167729,2853718,40000000000_5_1_CTR
44671,787552,1464454,2185342,2876905,40000000000_5_1_CTB
24932,439556,817354,1219702,1605684,40000000000_5_1_VRY
103776,701950,1517851,2125193,2780664,40000000000_5_2_SMG
2264,15314,33114,46364,60664,40000000000_5_2_PRS
44408,300379,649519,909412,1189901,40000000000_5_2_AC1
2264,15314,33114,46364,60664,40000000000_5_2_WTF
61107,413332,893761,1251385,1637348,40000000000_5_2_CV1
48209,326089,705113,987252,1291749,40000000000_5_2_GYR
109808,742754,1606082,2248728,2942301,40000000000_5_2_CTR
110614,748208,1617876,2265242,2963908,40000000000_5_2_CTB
61757,417731,903273,1264702,1654772,40000000000_5_2_VRY
99395,668936,1321153,1966480,2673814,40000000000_5_3_SMG
2164,14565,28765,42814,58214,40000000000_5_3_PRS
42324,284844,562569,837360,1138555,40000000000_5_3_AC1
2164,14565,28765,42814,58214,40000000000_5_3_WTF
58433,393260,776691,1156072,1571905,40000000000_5_3_CV1
46059,309982,612217,911259,1239035,40000000000_5_3_GYR
104958,706378,1395100,2076547,2823472,40000000000_5_3_CTR
105751,711717,1405645,2092243,2844813,40000000000_5_3_CTB
59043,397361,784790,1168127,1588297,40000000000_5_3_VRY
35861,745261,1445479,2028611,2685208,40000000000_5_4_SMG
781,16232,31481,44181,58481,40000000000_5_4_PRS
15277,317482,615774,864189,1143899,40000000000_5_4_AC1
782,16233,31485,44186,58488,40000000000_5_4_WTF
20651,437700,849350,1192166,1578172,40000000000_5_4_CV1
16623,345463,670047,940355,1244718,40000000000_5_4_GYR
37868,786967,1526368,2142133,2835473,40000000000_5_4_CTR
38162,793094,1538252,2158811,2857550,40000000000_5_4_CTB
21304,442744,858728,1205155,1595225,40000000000_5_4_VRY
24398,578046,1281018,1905882,2597367,40000000000_5_5_SMG
531,12581,27881,41481,56531,40000000000_5_5_PRS
10382,245979,545118,811019,1105270,40000000000_5_5_AC1
531,12581,27881,41481,56531,40000000000_5_5_WTF
14325,339383,752113,1118984,1524969,40000000000_5_5_CV1
11299,267687,593226,882594,1202814,40000000000_5_5_GYR
25741,609860,1351523,2010779,2740323,40000000000_5_5_CTR
25944,614680,1362204,2026669,2761978,40000000000_5_5_CTB
14483,343145,760449,1131386,1541871,40000000000_5_5_VRY
90979,688013,1356231,2040523,2704149,40000000000_6_1_SMG
1981,14981,29531,44431,58881,40000000000_6_1_PRS
38736,292934,577439,868788,1151338,40000000000_6_1_AC1
1981,14981,29531,44431,58881,40000000000_6_1_WTF
53480,404430,797224,1199467,1589562,40000000000_6_1_CV1
42169,318894,628613,945783,1253373,40000000000_6_1_GYR
96103,726763,1432617,2155450,2856452,40000000000_6_1_CTR
96787,731937,1442815,2170794,2876787,40000000000_6_1_CTB
54038,408649,805541,1211981,1606145,40000000000_6_1_VRY
64187,702835,1387428,2304049,2795670,40000000000_6_2_SMG
1397,15298,30197,50147,60847,40000000000_6_2_PRS
27272,298617,589483,978932,1187809,40000000000_6_2_AC1
1397,15298,30197,50147,60847,40000000000_6_2_WTF
37702,412827,814940,1353339,1642104,40000000000_6_2_CV1
29748,325727,643000,1067805,1295645,40000000000_6_2_GYR
67803,742426,1465584,2433838,2953153,40000000000_6_2_CTR
68277,747622,1475841,2450873,2973822,40000000000_6_2_CTB
38133,417543,824248,1368797,1660861,40000000000_6_2_VRY
49609,692083,1430929,2344161,2869614,40000000000_6_3_SMG
1081,15082,31181,51081,62531,40000000000_6_3_PRS
21178,295447,610856,1000709,1225022,40000000000_6_3_AC1
1081,15082,31181,51081,62531,40000000000_6_3_WTF
28782,406769,841454,1378735,1687874,40000000000_6_3_CV1
23009,320987,663661,1087216,1330919,40000000000_6_3_GYR
52413,731208,1511823,2476682,3031839,40000000000_6_3_CTR
52816,736824,1523434,2495704,3055125,40000000000_6_3_CTB
29076,410923,850047,1392815,1705112,40000000000_6_3_VRY
22867,812620,1457738,2091378,2828328,40000000000_6_4_SMG
498,17698,31748,45548,61598,40000000000_6_4_PRS
9731,345794,620310,889942,1203536,40000000000_6_4_AC1
498,17698,31748,45548,61598,40000000000_6_4_WTF
13439,477571,856702,1229087,1662187,40000000000_6_4_CV1
10596,376562,675505,969128,1310625,40000000000_6_4_GYR
24160,858571,1540169,2209638,2988261,40000000000_6_4_CTR
24334,864775,1551299,2225606,3009855,40000000000_6_4_CTB
13582,482655,865823,1242173,1679884,40000000000_6_4_VRY
28950,614827,1310986,1988765,2682627,40000000000_6_5_SMG
630,13380,28530,43281,58380,40000000000_6_5_PRS
12330,261863,558366,847040,1142565,40000000000_6_5_AC1
631,13382,28534,43285,58387,40000000000_6_5_WTF
16577,360783,769780,1167978,1575625,40000000000_6_5_CV1
13408,284752,607173,921081,1242438,40000000000_6_5_GYR
30550,648809,1383446,2098687,2830899,40000000000_6_5_CTR
30794,654006,1394528,2115498,2853576,40000000000_6_5_CTB
17186,364979,778239,1180588,1592484,40000000000_6_5_VRY
90278,632677,1214146,1728966,2287452,01000000000_1_1_SMG
1964,13764,26414,37614,49764,01000000000_1_1_PRS
38400,269108,516436,735413,972965,01000000000_1_1_AC1
1965,13766,26418,37619,49770,01000000000_1_1_WTF
52929,370935,711847,1013682,1341120,01000000000_1_1_CV1
41789,292858,562013,800316,1058832,01000000000_1_1_GYR
95173,666983,1279983,1822718,2411488,01000000000_1_1_CTR
96009,672844,1291231,1838735,2432680,01000000000_1_1_CTB
53568,375411,720437,1025914,1357303,01000000000_1_1_VRY
68819,602080,1188208,1693886,2369657,01000000000_1_2_SMG
1497,13097,25847,36847,51547,01000000000_1_2_PRS
29298,256322,505852,721134,1008827,01000000000_1_2_AC1
1497,13097,25847,36847,51547,01000000000_1_2_WTF
40458,353954,698530,995811,1393087,01000000000_1_2_CV1
31873,278852,550315,784518,1097499,01000000000_1_2_GYR
72591,635081,1253336,1786732,2499543,01000000000_1_2_CTR
73180,640238,1263513,1801241,2519840,01000000000_1_2_CTB
40835,357256,705046,1005100,1406082,01000000000_1_2_VRY
39693,568012,1151460,1757878,2359703,01000000000_1_3_SMG
864,12364,25064,38264,51365,01000000000_1_3_PRS
16925,242191,490964,749531,1006139,01000000000_1_3_AC1
864,12364,25064,38264,51365,01000000000_1_3_WTF
23323,333745,676559,1032870,1386481,01000000000_1_3_CV1
18398,263273,533700,814774,1093719,01000000000_1_3_GYR
41920,599875,1216051,1856486,2492070,01000000000_1_3_CTR
42232,604339,1225100,1870301,2510614,01000000000_1_3_CTB
23568,337261,683688,1043753,1401090,01000000000_1_3_VRY
83328,698866,1374120,1913864,2506434,01000000000_1_4_SMG
1814,15215,29914,41664,54564,01000000000_1_4_PRS
35558,298218,586360,816677,1069536,01000000000_1_4_AC1
1815,15216,29918,41669,54570,01000000000_1_4_WTF
48982,410810,807740,1125014,1473341,01000000000_1_4_CV1
38623,323925,636906,887078,1161735,01000000000_1_4_GYR
87943,737573,1450227,2019865,2645255,01000000000_1_4_CTR
88667,743644,1462163,2036490,2667027,01000000000_1_4_CTB
49493,415096,816168,1136752,1488713,01000000000_1_4_VRY
36615,537370,1162164,1741018,2329060,01000000000_1_5_SMG
797,11697,25297,37897,50698,01000000000_1_5_PRS
15578,228619,494432,740699,990876,01000000000_1_5_AC1
797,11697,25297,37897,50698,01000000000_1_5_WTF
21502,315569,682478,1022409,1367735,01000000000_1_5_CV1
16960,248906,538307,806429,1078806,01000000000_1_5_GYR
38643,567134,1226535,1837451,2458063,01000000000_1_5_CTR
38961,571800,1236627,1852569,2478289,01000000000_1_5_CTB
21748,319173,690271,1034083,1383353,01000000000_1_5_VRY
25918,661229,1463969,2055703,2768995,01000000000_2_1_SMG
565,14415,31915,44815,60365,01000000000_2_1_PRS
11046,281804,623918,876104,1180096,01000000000_2_1_AC1
565,14415,31915,44815,60365,01000000000_2_1_WTF
15234,388645,860464,1208263,1627508,01000000000_2_1_CV1
12015,306540,678683,953005,1283680,01000000000_2_1_GYR
27380,698529,1546552,2171667,2925196,01000000000_2_1_CTR
27617,704588,1559965,2190501,2950566,01000000000_2_1_CTB
15424,393511,871239,1223392,1647887,01000000000_2_1_VRY
41967,735293,1655902,2349228,3265245,01000000000_2_2_SMG
915,16014,36064,51164,71114,01000000000_2_2_PRS
17855,312822,704483,999450,1389157,01000000000_2_2_AC1
914,16013,36061,51159,71107,01000000000_2_2_WTF
24651,431896,972641,1379885,1917934,01000000000_2_2_CV1
19439,340581,766999,1088141,1512431,01000000000_2_2_GYR
44262,775496,1746438,2477672,3443772,01000000000_2_2_CTR
44651,782317,1761801,2499468,3474066,01000000000_2_2_CTB
24938,436922,983960,1395944,1940254,01000000000_2_2_VRY
91645,773127,1628995,2549111,3143400,01000000000_2_3_SMG
1997,16847,35497,55547,68497,01000000000_2_3_PRS
39054,329458,694175,1086271,1339519,01000000000_2_3_AC1
1997,16847,35497,55547,68497,01000000000_2_3_WTF
53912,454806,958286,1499561,1849162,01000000000_2_3_CV1
42481,358377,755107,1181618,1457096,01000000000_2_3_GYR
96740,816108,1719556,2690824,3318152,01000000000_2_3_CTR
97612,823463,1735054,2715075,3348056,01000000000_2_3_CTB
54486,459651,968493,1515533,1868858,01000000000_2_3_VRY
37478,820514,1598959,2186810,2926217,01000000000_2_4_SMG
831,17881,34831,47631,63731,01000000000_2_4_PRS
16248,349602,681002,931262,1246042,01000000000_2_4_AC1
831,17881,34831,47631,63731,01000000000_2_4_WTF
22023,482160,939598,1285038,1719537,01000000000_2_4_CV1
17344,379716,739962,1012006,1354187,01000000000_2_4_GYR
39527,865374,1686377,2306368,3086201,01000000000_2_4_CTR
39887,873274,1701773,2327424,3114375,01000000000_2_4_CTB
22267,487506,950015,1299285,1738601,01000000000_2_4_VRY
58031,939503,1641926,2284666,3027673,01000000000_2_5_SMG
1264,20464,35764,49764,65948,01000000000_2_5_PRS
24716,400145,699315,973065,1289521,01000000000_2_5_AC1
1264,20464,35764,49764,65948,01000000000_2_5_WTF
34123,552442,965478,1343419,1780319,01000000000_2_5_CV1
26892,435363,760863,1058707,1403014,01000000000_2_5_GYR
61265,991872,1733449,2412016,3196440,01000000000_2_5_CTR
61782,1000243,1748078,2432372,3223415,01000000000_2_5_CTB
34479,558205,975549,1357433,1798890,01000000000_2_5_VRY
56535,653568,1367712,2070375,2835037,01000000000_3_1_SMG
1231,14232,29781,45081,61731,01000000000_3_1_PRS
24133,278981,583819,883756,1210158,01000000000_3_1_AC1
1231,14232,29781,45081,61731,01000000000_3_1_WTF
33211,383932,803448,1216220,1665412,01000000000_3_1_CV1
26198,302861,633791,959401,1313742,01000000000_3_1_GYR
59593,688922,1441696,2182368,2988393,01000000000_3_1_CTR
60164,695516,1455496,2203257,3016998,01000000000_3_1_CTB
33576,388147,812269,1229573,1683697,01000000000_3_1_VRY
163639,785599,1464934,2105254,2848851,01000000000_3_2_SMG
3581,17131,31931,45881,62081,01000000000_3_2_PRS
69718,334700,624127,896932,1213737,01000000000_3_2_AC1
3582,17133,31935,45886,62088,01000000000_3_2_WTF
96212,461892,861307,1237783,1674980,01000000000_3_2_CV1
75871,364238,679208,976088,1320853,01000000000_3_2_GYR
172833,829735,1547237,2223531,3008905,01000000000_3_2_CTR
174275,836659,1560149,2242087,3034014,01000000000_3_2_CTB
97246,466859,870569,1251093,1692992,01000000000_3_2_VRY
99400,732975,1428531,2066697,2854075,01000000000_3_3_SMG
2181,15981,31131,45031,62181,01000000000_3_3_PRS
42330,312142,608349,880116,1215425,01000000000_3_3_AC1
2166,15967,31119,45021,62173,01000000000_3_3_WTF
58430,430860,839723,1214852,1677691,01000000000_3_3_CV1
46066,339690,662038,957789,1322691,01000000000_3_3_GYR
104904,773560,1507627,2181129,3012103,01000000000_3_3_CTR
105837,780442,1521042,2200535,3038903,01000000000_3_3_CTB
59058,435493,848753,1227916,1695732,01000000000_3_3_VRY
127734,736317,1420685,2020081,2794015,01000000000_3_4_SMG
2781,16032,30931,43981,60831,01000000000_3_4_PRS
54337,313223,604347,859325,1188549,01000000000_3_4_AC1
2781,16030,30928,43977,60825,01000000000_3_4_WTF
75053,432638,834752,1186939,1641679,01000000000_3_4_CV1
59172,341093,658121,935786,1294304,01000000000_3_4_GYR
134704,776496,1498209,2130313,2946478,01000000000_3_4_CTR
135918,783494,1511711,2149512,2973033,01000000000_3_4_CTB
75835,437147,843452,1199310,1658789,01000000000_3_4_VRY
91665,676901,1324104,1886390,2469332,01000000000_3_5_SMG
1997,14747,28847,41098,53797,01000000000_3_5_PRS
39054,288391,564129,803688,1052048,01000000000_3_5_AC1
1997,14747,28847,41098,53797,01000000000_3_5_WTF
53912,398114,778761,1109465,1452317,01000000000_3_5_CV1
42500,313842,613915,874616,1144894,01000000000_3_5_GYR
96782,714694,1398031,1991711,2607199,01000000000_3_5_CTR
97622,720892,1410156,2008985,2629811,01000000000_3_5_CTB
54462,402176,786708,1120786,1467137,01000000000_3_5_VRY
65667,628198,1420333,2256093,3176807,00100000000_1_1_SMG
1430,13680,30930,49130,69180,00100000000_1_1_PRS
27975,267614,605065,961101,1353326,00100000000_1_1_AC1
1430,13680,30930,49130,69180,00100000000_1_1_WTF
38614,369390,835178,1326617,1868011,00100000000_1_1_CV1
30434,291136,658249,1045578,1472280,00100000000_1_1_GYR
69304,662988,1498991,2381036,3352739,00100000000_1_1_CTR
69905,668736,1511989,2401681,3381809,00100000000_1_1_CTB
38995,373038,843425,1339717,1886456,00100000000_1_1_VRY
51914,712888,1362386,2007294,2741709,00100000000_1_2_SMG
1131,15531,29681,43731,59731,00100000000_1_2_PRS
21902,300754,574765,846839,1156675,00100000000_1_2_AC1
1131,15531,29681,43731,59731,00100000000_1_2_WTF
30530,419235,801192,1180450,1612345,00100000000_1_2_CV1
24078,330637,631874,930982,1271603,00100000000_1_2_GYR
54813,752695,1438460,2119379,2894803,00100000000_1_2_CTR
55277,759059,1450622,2137299,2919279,00100000000_1_2_CTB
30815,423142,808657,1191449,1627367,00100000000_1_2_VRY
244705,875980,1527914,2131641,2925899,00100000000_1_3_SMG
5331,19080,33280,46430,63730,00100000000_1_3_PRS
104210,373044,650676,907779,1246021,00100000000_1_3_AC1
5331,19080,33280,46430,63730,00100000000_1_3_WTF
143828,514864,898043,1252889,1719720,00100000000_1_3_CV1
113382,405877,707945,987676,1355688,00100000000_1_3_GYR
258341,924792,1613053,2250423,3088939,00100000000_1_3_CTR
260496,932507,1626511,2269198,3114709,00100000000_1_3_CTB
145343,520288,907505,1266089,1737838,00100000000_1_3_VRY
77945,670452,1354820,1970292,2753411,00100000000_1_4_SMG
1697,14597,29497,42897,59947,00100000000_1_4_PRS
33179,285395,576713,838704,1172058,00100000000_1_4_AC1
1697,14597,29497,42897,59947,00100000000_1_4_WTF
45808,394020,796218,1157926,1618160,00100000000_1_4_CV1
36104,310546,627538,912618,1275351,00100000000_1_4_GYR
82271,707661,1430010,2079640,2906222,00100000000_1_4_CTR
82912,713175,1441154,2095846,2928869,00100000000_1_4_CTB
46275,398040,804343,1169742,1634672,00100000000_1_4_VRY
103976,687234,1362343,2019082,2786042,00100000000_1_5_SMG
2264,14964,29664,43964,60664,00100000000_1_5_PRS
44251,292473,579785,859279,1185682,00100000000_1_5_AC1
2264,14964,29664,43964,60664,00100000000_1_5_WTF
61113,403927,800728,1186731,1637518,00100000000_1_5_CV1
48124,318073,630534,934493,1289465,00100000000_1_5_GYR
109771,725536,1438271,2131611,2941317,00100000000_1_5_CTR
110650,731342,1449782,2148671,2964857,00100000000_1_5_CTB
61744,408094,808989,1198974,1654412,00100000000_1_5_VRY
116248,731453,1365022,1950385,2868601,00100000000_2_1_SMG
2548,15948,29748,42499,62498,00100000000_2_1_PRS
49823,311842,581683,830992,1222065,00100000000_2_1_AC1
2533,15934,29736,42487,62490,00100000000_2_1_WTF
68319,429872,802219,1146234,1685866,00100000000_2_1_CV1
53911,339213,633032,904495,1330320,00100000000_2_1_GYR
122767,772471,1441569,2059758,3029465,00100000000_2_1_CTR
123751,778659,1453117,2076257,3053732,00100000000_2_1_CTB
69061,434543,810935,1158689,1704184,00100000000_2_1_VRY
129264,772366,1426952,2001150,2786653,00100000000_2_2_SMG
2814,16814,31064,43564,60664,00100000000_2_2_PRS
55019,328740,607350,851745,1186076,00100000000_2_2_AC1
2814,16813,31061,43560,60658,00100000000_2_2_WTF
75951,453816,838429,1175808,1637343,00100000000_2_2_CV1
59887,357831,661096,927117,1291034,00100000000_2_2_GYR
136378,814874,1505486,2111285,2940019,00100000000_2_2_CTR
137531,821762,1518211,2129131,2964870,00100000000_2_2_CTB
76735,458498,847078,1187938,1654235,00100000000_2_2_VRY
100876,674813,1310735,1889263,2662931,00100000000_2_3_SMG
2197,14697,28547,41147,57997,00100000000_2_3_PRS
42945,287284,558010,804303,1133671,00100000000_2_3_AC1
2197,14697,28547,41147,57997,00100000000_2_3_WTF
59310,396757,770647,1110793,1565671,00100000000_2_3_CV1
46746,312708,607393,875483,1233999,00100000000_2_3_GYR
106534,712665,1384258,1995238,2812303,00100000000_2_3_CTR
107385,718361,1395321,2011184,2834778,00100000000_2_3_CTB
59909,400763,778430,1122011,1581482,00100000000_2_3_VRY
155310,734104,1439221,2038686,2610589,00100000000_2_4_SMG
3381,15981,31331,44381,56832,00100000000_2_4_PRS
66104,312454,612571,867719,1111136,00100000000_2_4_AC1
3381,15981,31331,44381,56832,00100000000_2_4_WTF
91295,431523,846008,1198387,1534565,00100000000_2_4_CV1
71954,340104,666778,944505,1209462,00100000000_2_4_GYR
163948,774933,1519269,2152075,2755786,00100000000_2_4_CTR
165278,781221,1531595,2169535,2778145,00100000000_2_4_CTB
92206,435830,854451,1210347,1549880,00100000000_2_4_VRY
30487,592889,1214976,1857722,2523423,00100000000_2_5_SMG
680,12930,26480,40480,54980,00100000000_2_5_PRS
13294,252770,517660,791346,1074808,00100000000_2_5_AC1
680,12930,26480,40480,54980,00100000000_2_5_WTF
17915,348400,713958,1091655,1482842,00100000000_2_5_CV1
14470,275140,563472,861380,1169928,00100000000_2_5_GYR
32974,626978,1284020,1962882,2665990,00100000000_2_5_CTR
32450,631082,1293243,1977393,2685978,00100000000_2_5_CTB
18114,352262,721872,1103756,1499279,00100000000_2_5_VRY
68834,663890,1378416,1888464,2534065,00100000000_3_1_SMG
1498,14448,29998,41098,55148,00100000000_3_1_PRS
29314,282728,587020,804231,1079170,00100000000_3_1_AC1
1498,14448,29998,41098,55148,00100000000_3_1_WTF
40023,389735,809660,1109413,1488831,00100000000_3_1_CV1
31869,307372,638188,874333,1173237,00100000000_3_1_GYR
72703,701204,1455890,1994605,2676492,00100000000_3_1_CTR
73236,706348,1466571,2009238,2696128,00100000000_3_1_CTB
40875,394233,818536,1121414,1504786,00100000000_3_1_VRY
64917,914252,1458286,1947228,2576195,00100000000_3_2_SMG
1414,19914,31764,42414,56114,00100000000_3_2_PRS
27649,389386,621094,829337,1097218,00100000000_3_2_AC1
1414,19914,31764,42414,56114,00100000000_3_2_WTF
38160,537419,857214,1144625,1514347,00100000000_3_2_CV1
30092,423798,675983,902630,1194185,00100000000_3_2_GYR
68565,965627,1540232,2056649,2720960,00100000000_3_2_CTR
69106,973249,1552390,2072883,2742437,00100000000_3_2_CTB
38566,543138,866337,1156807,1530463,00100000000_3_2_VRY
22095,614663,1243979,1795205,2396960,00100000000_3_3_SMG
481,13381,27082,39081,52182,00100000000_3_3_PRS
9405,261616,529468,764084,1020205,00100000000_3_3_AC1
482,13383,27085,39086,52187,00100000000_3_3_WTF
12984,361196,731001,1054919,1408529,00100000000_3_3_CV1
10233,284672,576131,831423,1110116,00100000000_3_3_GYR
23329,648990,1313451,1895460,2530821,00100000000_3_3_CTR
23506,653900,1323388,1909801,2549968,00100000000_3_3_CTB
13122,365039,738780,1066144,1423517,00100000000_3_3_VRY
19803,683715,1317763,1855325,2468697,00100000000_3_4_SMG
431,14881,28681,40382,53731,00100000000_3_4_PRS
8432,291104,561061,789937,1051091,00100000000_3_4_AC1
431,14870,28659,40350,53690,00100000000_3_4_WTF
11643,401990,774779,1090838,1451470,00100000000_3_4_CV1
9176,316794,610576,859651,1143852,00100000000_3_4_GYR
20904,721740,1391051,1958510,2605995,00100000000_3_4_CTR
21067,727365,1401891,1973772,2626303,00100000000_3_4_CTB
11762,406094,782687,1101973,1466287,00100000000_3_4_VRY
71835,604626,1167270,1789625,2405089,00100000000_3_5_SMG
1564,13164,25414,38964,52364,00100000000_3_5_PRS
30585,257430,496986,761964,1024009,00100000000_3_5_AC1
1564,13164,25414,38964,52364,00100000000_3_5_WTF
42204,355221,685777,1051413,1413001,00100000000_3_5_CV1
33292,280212,540969,829397,1114633,00100000000_3_5_GYR
75822,638184,1232058,1888954,2538579,00100000000_3_5_CTR
76438,643365,1242059,1904289,2559187,00100000000_3_5_CTB
42667,359119,693302,1062951,1428507,00100000000_3_5_VRY
23598,558455,1118562,1674078,2289278,00010000000_1_2_SMG
514,12164,24364,36464,49864,00010000000_1_2_PRS
10057,237981,476666,713394,975556,00010000000_1_2_AC1
514,12164,24364,36464,49864,00010000000_1_2_WTF
13876,328378,657727,984377,1346121,00010000000_1_2_CV1
10939,258869,518504,776011,1061184,00010000000_1_2_GYR
24930,589965,1181675,1768536,2418447,00010000000_1_2_CTR
25121,594492,1190743,1782106,2437005,00010000000_1_2_CTB
14021,331803,664588,994645,1360163,00010000000_1_2_VRY
72696,698035,1300383,1879741,2438407,00010000000_1_3_SMG
1581,15181,28281,40881,53031,00010000000_1_3_PRS
31018,297832,554837,802033,1040401,00010000000_1_3_AC1
1581,15180,28278,40877,53026,00010000000_1_3_WTF
42691,409919,763647,1103873,1431949,00010000000_1_3_CV1
33680,323396,602461,870874,1129702,00010000000_1_3_GYR
76714,736620,1372264,1983647,2573195,00010000000_1_3_CTR
77295,742191,1382643,1998650,2592656,00010000000_1_3_CTB
43141,414238,771692,1115502,1447034,00010000000_1_3_VRY
37392,586320,1188074,1723221,2354833,00010000000_1_4_SMG
814,12764,25865,37514,51264,00010000000_1_4_PRS
15643,249879,506656,735012,1004530,00010000000_1_4_AC1
814,12764,25865,37514,51264,00010000000_1_4_WTF
21533,343961,697418,1011752,1382747,00010000000_1_4_CV1
17299,271247,549633,797206,1089405,00010000000_1_4_GYR
39450,618585,1253454,1818050,2484420,00010000000_1_4_CTR
39775,623682,1263782,1833030,2504890,00010000000_1_4_CTB
21769,347735,705069,1022852,1397917,00010000000_1_4_VRY
88691,646739,1223159,1654900,2330069,00010000000_1_5_SMG
1931,14082,26631,36031,50731,00010000000_1_5_PRS
37459,273151,516602,698948,984106,00010000000_1_5_AC1
1931,14082,26631,36031,50731,00010000000_1_5_WTF
52124,380087,718847,972579,1369374,00010000000_1_5_CV1
41122,299864,567123,767302,1080347,00010000000_1_5_GYR
93624,682713,1291195,1746951,2459675,00010000000_1_5_CTR
94364,688105,1301393,1760748,2479101,00010000000_1_5_CTB
52667,384048,726339,982716,1383647,00010000000_1_5_VRY
35888,584994,1143290,1710776,2356378,00010000000_2_2_SMG
781,12731,24881,37231,51281,00010000000_2_2_PRS
15306,249488,487590,729612,1004948,00010000000_2_2_AC1
781,12731,24881,37231,51281,00010000000_2_2_WTF
21089,343761,671833,1005306,1384682,00010000000_2_2_CV1
16596,270517,528687,791108,1089651,00010000000_2_2_GYR
37854,617052,1205944,1804529,2485510,00010000000_2_2_CTR
38179,622337,1216273,1819985,2506799,00010000000_2_2_CTB
21297,347155,678466,1015232,1398353,00010000000_2_2_VRY
33429,627908,1190377,1665961,2200992,00010000000_2_3_SMG
731,13731,26032,36431,48131,00010000000_2_3_PRS
14165,266070,504410,705933,932647,00010000000_2_3_AC1
731,13731,26032,36431,48131,00010000000_2_3_WTF
19745,370882,703112,984021,1300044,00010000000_2_3_CV1
15240,286265,542695,759515,1003436,00010000000_2_3_GYR
35423,665373,1261403,1765364,2332319,00010000000_2_3_CTR
35727,671077,1272216,1780497,2352312,00010000000_2_3_CTB
19921,374177,709358,992763,1311593,00010000000_2_3_VRY
45029,595831,1130569,1722682,2245945,00010000000_2_4_SMG
981,12981,24631,37531,48932,00010000000_2_4_PRS
19197,254021,481995,734431,957513,00010000000_2_4_AC1
981,12981,24631,37531,48932,00010000000_2_4_WTF
26466,350205,664501,1012519,1320071,00010000000_2_4_CV1
20887,276378,524417,799069,1041786,00010000000_2_4_GYR
47559,629308,1194090,1819470,2372132,00010000000_2_4_CTR
47950,634487,1203918,1834446,2391656,00010000000_2_4_CTB
26757,354049,671796,1023635,1334563,00010000000_2_4_VRY
90223,595540,1204218,1727910,2292947,00010000000_2_5_SMG
1964,12964,26214,37614,49914,00010000000_2_5_PRS
38418,253586,512766,735758,976356,00010000000_2_5_AC1
1964,12964,26214,37614,49914,00010000000_2_5_WTF
52908,349231,706167,1013266,1344610,00010000000_2_5_CV1
41805,275942,557970,800622,1062429,00010000000_2_5_GYR
95225,628563,1270992,1823723,2420091,00010000000_2_5_CTR
95951,633351,1280673,1837615,2438525,00010000000_2_5_CTB
53570,353600,715001,1025942,1361430,00010000000_2_5_VRY
28183,556025,1088457,1632364,2222170,00010000000_3_1_SMG
614,12114,23714,35564,48414,00010000000_3_1_PRS
12008,236904,463755,695496,946793,00010000000_3_1_AC1
615,12116,23717,35569,48420,00010000000_3_1_WTF
16196,327118,640742,961127,1308547,00010000000_3_1_CV1
13074,257929,504915,757222,1030822,00010000000_3_1_GYR
29767,587279,1149640,1724120,2347080,00010000000_3_1_CTR
30011,592103,1159083,1738282,2366359,00010000000_3_1_CTB
16344,330091,646567,969864,1320443,00010000000_3_1_VRY
39643,649886,1143127,1661604,2219081,00010000000_3_2_SMG
864,14164,24914,36215,48364,00010000000_3_2_PRS
16873,276599,486527,707196,944465,00010000000_3_2_AC1
864,14164,24914,36215,48364,00010000000_3_2_WTF
23324,382357,672552,977595,1305583,00010000000_3_2_CV1
18401,301652,530595,771252,1030011,00010000000_3_2_GYR
41877,686501,1207532,1755220,2344106,00010000000_3_2_CTR
42216,692060,1217311,1769434,2363089,00010000000_3_2_CTB
23567,386341,679560,987782,1319188,00010000000_3_2_VRY
61842,573745,1129263,1696259,2270141,00010000000_3_3_SMG
1347,12497,24598,36947,49447,00010000000_3_3_PRS
26390,244835,481891,723845,968738,00010000000_3_3_AC1
1347,12497,24598,36947,49447,00010000000_3_3_WTF
36411,337800,664869,998695,1336576,00010000000_3_3_CV1
28667,265958,523467,786297,1052319,00010000000_3_3_GYR
65295,605778,1192312,1790964,2396887,00010000000_3_3_CTR
65839,610829,1202252,1805896,2416870,00010000000_3_3_CTB
36742,340871,670914,1007775,1348728,00010000000_3_3_VRY
32769,537604,1088333,1627589,2279286,00010000000_3_4_SMG
714,11714,23714,35464,49665,00010000000_3_4_PRS
14001,229688,464984,695377,973810,00010000000_3_4_AC1
714,11714,23714,35464,49665,00010000000_3_4_WTF
18839,315713,639576,956691,1339928,00010000000_3_4_CV1
15205,249446,504981,755193,1057576,00010000000_3_4_GYR
34619,567956,1149779,1719480,2407970,00010000000_3_4_CTR
34887,572352,1158678,1732789,2426608,00010000000_3_4_CTB
19473,319476,646751,967208,1354483,00010000000_3_4_VRY
45770,593812,1114337,1669259,2231059,00010000000_3_5_SMG
998,12948,24298,36398,48648,00010000000_3_5_PRS
19504,253032,474836,711296,950688,00010000000_3_5_AC1
998,12947,24296,36394,48643,00010000000_3_5_WTF
26890,348865,654673,980690,1310747,00010000000_3_5_CV1
21252,275721,517414,775077,1035935,00010000000_3_5_GYR
48377,627640,1177818,1764352,2358156,00010000000_3_5_CTR
48728,632194,1186364,1777153,2375267,00010000000_3_5_CTB
27216,353088,662598,992560,1326613,00010000000_3_5_VRY
40428,593385,1217469,1708476,2240782,00001000000_1_1_SMG
881,12931,26531,37231,48831,00001000000_1_1_PRS
17232,252913,518909,728186,955066,00001000000_1_1_AC1
881,12931,26531,37231,48831,00001000000_1_1_WTF
23755,348656,715350,1003852,1316620,00001000000_1_1_CV1
18763,275393,565033,792911,1039957,00001000000_1_1_GYR
42711,626887,1286206,1804935,2367295,00001000000_1_1_CTR
43036,631661,1296002,1818682,2385325,00001000000_1_1_CTB
24031,352709,723666,1015522,1331926,00001000000_1_1_VRY
139006,684754,1260312,1778544,2324292,00001000000_1_2_SMG
3031,14932,27481,38781,50681,00001000000_1_2_PRS
59269,291960,537363,758322,991014,00001000000_1_2_AC1
3031,14932,27481,38781,50681,00001000000_1_2_WTF
81362,402486,741151,1046084,1367209,00001000000_1_2_CV1
64537,317911,585126,825726,1079101,00001000000_1_2_GYR
146907,723676,1331949,1879638,2456407,00001000000_1_2_CTR
148079,729448,1342572,1894628,2475997,00001000000_1_2_CTB
82674,407259,749573,1057792,1382376,00001000000_1_2_VRY
31939,590976,1111064,1670101,2293290,00001000000_1_3_SMG
697,12897,24247,36447,50047,00001000000_1_3_PRS
13621,252037,473842,712257,978032,00001000000_1_3_AC1
697,12897,24247,36447,50047,00001000000_1_3_WTF
18802,347904,654076,983177,1350044,00001000000_1_3_CV1
14850,274767,516575,776493,1066236,00001000000_1_3_GYR
33787,625168,1175346,1766727,2425971,00001000000_1_3_CTR
34048,630000,1184431,1780383,2444723,00001000000_1_3_CTB
19010,351739,661287,994017,1364929,00001000000_1_3_VRY
92501,664316,1201685,1766610,2317758,00001000000_1_4_SMG
2014,14464,26165,38464,50464,00001000000_1_4_PRS
39389,282875,511693,752246,986932,00001000000_1_4_AC1
2014,14464,26165,38464,50464,00001000000_1_4_WTF
54343,390273,705967,1037849,1361638,00001000000_1_4_CV1
42848,307720,556636,818317,1073615,00001000000_1_4_GYR
97576,700764,1267615,1863535,2444921,00001000000_1_4_CTR
98391,706616,1278201,1879097,2465338,00001000000_1_4_CTB
54928,394478,713572,1049031,1376307,00001000000_1_4_VRY
104022,648478,1220502,1751174,2327793,00001000000_1_5_SMG
2264,14115,26564,38114,50664,00001000000_1_5_PRS
44294,276131,519706,745673,991205,00001000000_1_5_AC1
2264,14115,26564,38114,50664,00001000000_1_5_WTF
61104,380923,716935,1028658,1367369,00001000000_1_5_CV1
48249,300789,566116,812262,1079720,00001000000_1_5_GYR
109795,684471,1288245,1848372,2456995,00001000000_1_5_CTR
110645,689767,1298211,1862672,2476004,00001000000_1_5_CTB
61776,385117,724829,1039984,1382425,00001000000_1_5_VRY
81009,648164,1169395,1748030,2429993,00001000000_2_1_SMG
1764,14114,25464,38064,52914,00001000000_2_1_PRS
34441,275560,497156,743156,1033085,00001000000_2_1_AC1
1764,14114,25464,38064,52914,00001000000_2_1_WTF
47601,380862,687138,1027145,1427867,00001000000_2_1_CV1
37539,300352,541884,810016,1126030,00001000000_2_1_GYR
85513,684195,1234401,1845203,2565076,00001000000_2_1_CTR
86189,689608,1244168,1859802,2585370,00001000000_2_1_CTB
48073,384638,693950,1037327,1442022,00001000000_2_1_VRY
69538,634476,1210896,1725311,2285655,00001000000_2_2_SMG
1514,13814,26364,37564,49764,00001000000_2_2_PRS
29681,270813,516845,736412,975583,00001000000_2_2_AC1
1514,13814,26364,37564,49764,00001000000_2_2_WTF
40853,372743,711379,1013588,1342780,00001000000_2_2_CV1
32217,293945,560993,799315,1058916,00001000000_2_2_GYR
73401,669718,1278155,1821143,2412611,00001000000_2_2_CTR
73978,674985,1288207,1835465,2431585,00001000000_2_2_CTB
41251,376381,718322,1023480,1355885,00001000000_2_2_VRY
92514,708048,1284536,1794419,2338753,00001000000_2_3_SMG
2014,15414,27964,39064,50915,00001000000_2_3_PRS
39508,302366,548550,766291,998744,00001000000_2_3_AC1
2014,15414,27964,39064,50915,00001000000_2_3_WTF
54405,416380,755395,1055240,1375345,00001000000_2_3_CV1
42909,328394,595771,832255,1084718,00001000000_2_3_GYR
97641,747283,1355716,1893853,2468350,00001000000_2_3_CTR
98433,753349,1366721,1909225,2488385,00001000000_2_3_CTB
54861,419873,761730,1064091,1386880,00001000000_2_3_VRY
90195,652765,1263556,1743462,2250923,00001000000_2_4_SMG
1964,14214,27514,37965,49014,00001000000_2_4_PRS
38479,278483,539058,743795,960288,00001000000_2_4_AC1
1964,14214,27514,37965,49014,00001000000_2_4_WTF
53048,383919,743150,1025404,1323863,00001000000_2_4_CV1
41792,302457,585464,807827,1042957,00001000000_2_4_GYR
95205,689024,1333742,1840305,2375954,00001000000_2_4_CTR
95954,694442,1344229,1854776,2394637,00001000000_2_4_CTB
53572,387710,750489,1035530,1336936,00001000000_2_4_VRY
35867,639769,1174784,1705208,2313702,00001000000_2_5_SMG
781,13931,25581,37131,50381,00001000000_2_5_PRS
15319,273240,501741,728281,988163,00001000000_2_5_AC1
781,13931,25581,37131,50381,00001000000_2_5_WTF
21069,375807,690081,1001657,1359092,00001000000_2_5_CV1
16617,296397,544264,790002,1071910,00001000000_2_5_GYR
37855,675221,1239885,1799701,2441914,00001000000_2_5_CTR
38157,680616,1249790,1814079,2461423,00001000000_2_5_CTB
21277,379521,696900,1011555,1372523,00001000000_2_5_VRY
50432,624555,1182603,1726872,2248176,00001000000_3_1_SMG
1098,13598,25748,37598,48948,00001000000_3_1_PRS
21470,265889,503464,735172,957104,00001000000_3_1_AC1
1098,13598,25748,37598,48948,00001000000_3_1_WTF
29639,367053,695019,1014887,1321259,00001000000_3_1_CV1
23359,289276,547747,799837,1041290,00001000000_3_1_GYR
53219,659080,1247977,1822332,2372454,00001000000_3_1_CTR
53638,664263,1257790,1836662,2391109,00001000000_3_1_CTB
29935,370723,701969,1025036,1334472,00001000000_3_1_VRY
100908,633695,1203226,1729123,2319323,00001000000_3_2_SMG
2197,13797,26197,37647,50497,00001000000_3_2_PRS
42949,269714,512119,735952,987153,00001000000_3_2_AC1
2197,13797,26197,37647,50497,00001000000_3_2_WTF
59290,372331,706962,1015956,1362731,00001000000_3_2_CV1
46773,293727,557712,801473,1075038,00001000000_3_2_GYR
106488,668733,1269754,1824729,2447561,00001000000_3_2_CTR
107272,673657,1279102,1838163,2465581,00001000000_3_2_CTB
59883,376057,714037,1026122,1376367,00001000000_3_2_VRY
28205,595506,1162808,1725515,2269849,00001000000_3_3_SMG
614,12964,25314,37564,49414,00001000000_3_3_PRS
12002,253398,494794,734236,965859,00001000000_3_3_AC1
614,12964,25314,37564,49414,00001000000_3_3_WTF
16562,349676,682791,1013208,1332836,00001000000_3_3_CV1
13070,275958,538846,799605,1051849,00001000000_3_3_GYR
29760,628352,1226943,1820688,2395045,00001000000_3_3_CTR
29987,633133,1236279,1834541,2413268,00001000000_3_3_CTB
16732,353263,689795,1023601,1346508,00001000000_3_3_VRY
88713,646898,1195894,1758673,2309967,00001000000_3_4_SMG
1931,14081,26031,38281,50281,00001000000_3_4_PRS
37749,275266,508873,748345,982930,00001000000_3_4_AC1
1932,14083,26035,38286,50288,00001000000_3_4_WTF
52098,379902,702310,1032811,1356568,00001000000_3_4_CV1
41125,299884,554383,815271,1070835,00001000000_3_4_GYR
93617,682662,1262011,1855904,2437676,00001000000_3_4_CTR
94296,687609,1271156,1869352,2455341,00001000000_3_4_CTB
52639,383846,709601,1043534,1370652,00001000000_3_4_VRY
71843,652925,1169698,1723219,2295113,00001000000_3_5_SMG
1564,14214,25464,37514,49964,00001000000_3_5_PRS
30552,277660,497421,732808,976010,00001000000_3_5_AC1
1564,14214,25464,37514,49964,00001000000_3_5_WTF
42207,383582,687177,1012360,1348338,00001000000_3_5_CV1
33272,302381,541706,798051,1062904,00001000000_3_5_GYR
75824,689105,1234512,1818704,2422288,00001000000_3_5_CTR
76336,693755,1242843,1830977,2438634,00001000000_3_5_CTB
42624,387374,693970,1022368,1361667,00001000000_3_5_VRY
97889,662893,1260052,1795199,2305081,00002000000_1_1_SMG
2131,14431,27432,39081,50181,00002000000_1_1_PRS
41684,282281,536571,764454,981578,00002000000_1_1_AC1
2131,14431,27432,39081,50181,00002000000_1_1_WTF
57472,389196,739799,1053992,1353353,00002000000_1_1_CV1
45379,307299,584125,832203,1068570,00002000000_1_1_GYR
103301,699542,1329716,1894448,2432520,00002000000_1_1_CTR
104087,704866,1339836,1908866,2451033,00002000000_1_1_CTB
58098,393433,747853,1065467,1368087,00002000000_1_1_VRY
103192,670354,1205370,1765643,2337398,00002000000_1_2_SMG
2247,14597,26247,38447,50898,00002000000_1_2_PRS
43905,285211,512841,751217,994477,00002000000_1_2_AC1
2247,14597,26247,38447,50898,00002000000_1_2_WTF
60609,393723,707957,1037026,1372838,00002000000_1_2_CV1
47831,310719,558705,818400,1083416,00002000000_1_2_GYR
108923,707583,1272311,1863701,2467208,00002000000_1_2_CTR
109740,712890,1281854,1877678,2485712,00002000000_1_2_CTB
61207,397614,714953,1047274,1386405,00002000000_1_2_VRY
28979,612214,1181673,1778686,2274666,00002000000_1_3_SMG
631,13331,25731,38731,49531,00002000000_1_3_PRS
12336,260602,503005,757136,968260,00002000000_1_3_AC1
631,13331,25731,38731,49531,00002000000_1_3_WTF
17029,359753,694382,1045202,1336653,00002000000_1_3_CV1
13424,283596,547386,823940,1053693,00002000000_1_3_GYR
30588,646221,1247310,1877485,2401015,00002000000_1_3_CTR
30795,650581,1255726,1890153,2417215,00002000000_1_3_CTB
17197,363310,701246,1055535,1349867,00002000000_1_3_VRY
20530,578536,1136542,1745068,2270926,00002000000_1_4_SMG
447,12597,24747,37998,49447,00002000000_1_4_PRS
8740,246299,483859,742925,966798,00002000000_1_4_AC1
447,12596,24744,37993,49441,00002000000_1_4_WTF
12070,340134,668198,1025963,1335126,00002000000_1_4_CV1
9515,268128,526740,808766,1052479,00002000000_1_4_GYR
21668,610624,1199580,1841858,2396882,00002000000_1_4_CTR
21844,615587,1209329,1856826,2416362,00002000000_1_4_CTB
12190,343521,674851,1036179,1348420,00002000000_1_4_VRY
104109,692710,1256019,1830824,2378039,00002000000_1_5_SMG
2264,15064,27314,39815,51715,00002000000_1_5_PRS
44339,295013,534917,779717,1012766,00002000000_1_5_AC1
2264,15064,27314,39815,51715,00002000000_1_5_WTF
61269,407667,739179,1077458,1399499,00002000000_1_5_CV1
48238,320960,581964,848294,1101840,00002000000_1_5_GYR
109884,731133,1325687,1932376,2509943,00002000000_1_5_CTR
110763,736980,1336289,1947829,2530015,00002000000_1_5_CTB
61825,411365,745886,1087233,1412196,00002000000_1_5_VRY
68869,718943,1215113,1750334,2338387,00002000000_2_1_SMG
1514,15664,26464,38115,50914,00002000000_2_1_PRS
29655,306806,518343,746528,997237,00002000000_2_1_AC1
1514,15664,26464,38115,50914,00002000000_2_1_WTF
40496,422746,714500,1029215,1374996,00002000000_2_1_CV1
32258,333744,563852,812072,1084793,00002000000_2_1_GYR
73371,759099,1282481,1847056,2467361,00002000000_2_1_CTR
73995,765557,1293392,1862770,2488353,00002000000_2_1_CTB
40899,426960,721622,1039474,1388702,00002000000_2_1_VRY
89541,648023,1211102,1760390,2293591,00002000000_2_2_SMG
1948,14099,26348,38298,49898,00002000000_2_2_PRS
38151,276100,516007,750039,977216,00002000000_2_2_AC1
1948,14099,26348,38298,49898,00002000000_2_2_WTF
52591,380606,711321,1033937,1347104,00002000000_2_2_CV1
41521,300495,561599,816310,1063560,00002000000_2_2_GYR
94487,683816,1277995,1857623,2420274,00002000000_2_2_CTR
95219,689110,1287889,1872005,2439012,00002000000_2_2_CTB
53190,384938,719418,1045705,1362437,00002000000_2_2_VRY
38169,593928,1161169,1700853,2256612,00002000000_2_3_SMG
831,12931,25281,37031,49131,00002000000_2_3_PRS
16257,252957,494548,724402,961102,00002000000_2_3_AC1
832,12938,25294,37050,49157,00002000000_2_3_WTF
22418,348834,681995,998969,1325385,00002000000_2_3_CV1
17706,275515,538651,789003,1046812,00002000000_2_3_GYR
40277,626734,1225307,1794801,2381257,00002000000_2_3_CTR
40625,632150,1235897,1810312,2401837,00002000000_2_3_CTB
22673,352805,689758,1010341,1340473,00002000000_2_3_VRY
88669,664947,1236632,1785358,2322605,00002000000_2_4_SMG
1931,14482,26931,38881,50582,00002000000_2_4_PRS
37770,283239,526753,760486,989330,00002000000_2_4_AC1
1931,14482,26931,38881,50582,00002000000_2_4_WTF
52105,390747,726690,1049142,1364847,00002000000_2_4_CV1
41096,308188,573152,827475,1076477,00002000000_2_4_GYR
93602,701943,1305436,1884692,2451830,00002000000_2_4_CTR
94388,707832,1316388,1900505,2472401,00002000000_2_4_CTB
52672,394993,734586,1060541,1379677,00002000000_2_4_VRY
48132,641159,1213498,1728374,2284624,00002000000_2_5_SMG
1047,13947,26397,37597,49697,00002000000_2_5_PRS
20505,273142,516966,736309,973279,00002000000_2_5_AC1
1047,13947,26397,37597,49697,00002000000_2_5_WTF
28263,376480,712549,1014877,1341499,00002000000_2_5_CV1
22328,297426,562927,801771,1059808,00002000000_2_5_GYR
50804,676744,1280849,1824301,2411424,00002000000_2_5_CTR
51204,682072,1290934,1838664,2430409,00002000000_2_5_CTB
28588,380813,720751,1026559,1356940,00002000000_2_5_VRY
44278,613816,1171872,1716149,2287985,00002000000_3_1_SMG
964,13364,25514,37364,49814,00002000000_3_1_PRS
18865,261525,499293,731190,974828,00002000000_3_1_AC1
964,13364,25514,37364,49814,00002000000_3_1_WTF
25999,360421,688101,1007690,1343460,00002000000_3_1_CV1
20527,284559,543268,795589,1060686,00002000000_3_1_GYR
46723,647720,1236599,1810939,2414359,00002000000_3_1_CTR
47109,653063,1246801,1825879,2434277,00002000000_3_1_CTB
26302,364619,696115,1019426,1359107,00002000000_3_1_VRY
32843,593199,1146666,1725395,2306421,00002000000_3_2_SMG
731,12931,24981,37581,50231,00002000000_3_2_PRS
14295,252860,488493,734880,982245,00002000000_3_2_AC1
716,12917,24969,37570,50222,00002000000_3_2_WTF
19292,348449,673559,1013508,1354805,00002000000_3_2_CV1
15226,275001,531583,799876,1069234,00002000000_3_2_GYR
34661,626041,1210149,1820919,2434112,00002000000_3_2_CTR
34952,631293,1220302,1836195,2454532,00002000000_3_2_CTB
19509,352370,681137,1024911,1370049,00002000000_3_2_VRY
45834,580859,1175586,1685353,2266303,00002000000_3_3_SMG
998,12648,25598,36698,49349,00002000000_3_3_PRS
19521,247389,500684,717794,965222,00002000000_3_3_AC1
998,12648,25598,36698,49349,00002000000_3_3_WTF
26923,341200,690547,989986,1331240,00002000000_3_3_CV1
21248,269283,544995,781319,1050644,00002000000_3_3_GYR
48377,613096,1240831,1778889,2392081,00002000000_3_3_CTR
48715,617377,1249494,1791309,2408783,00002000000_3_3_CTB
27226,345042,698322,1001134,1346230,00002000000_3_3_VRY
38898,596880,1203083,1728918,2280011,00002000000_3_4_SMG
847,12997,26197,37647,49647,00002000000_3_4_PRS
16565,254182,512333,736260,970943,00002000000_3_4_AC1
847,12997,26197,37647,49647,00002000000_3_4_WTF
22852,350657,706791,1015710,1339468,00002000000_3_4_CV1
18040,276816,557956,801823,1057404,00002000000_3_4_GYR
41073,630253,1270350,1825585,2407491,00002000000_3_4_CTR
41407,635376,1280676,1840425,2427061,00002000000_3_4_CTB
23113,354649,714837,1027273,1354716,00002000000_3_4_VRY
93297,678987,1255490,1827399,2351074,00002000000_3_5_SMG
2031,14781,27331,39782,51181,00002000000_3_5_PRS
39741,289220,534785,778393,1001456,00002000000_3_5_AC1
2032,14785,27338,39792,51194,00002000000_3_5_WTF
54804,398841,737482,1073425,1381035,00002000000_3_5_CV1
43247,314734,581962,847061,1089802,00002000000_3_5_GYR
98488,716763,1325340,1929067,2481878,00002000000_3_5_CTR
99289,722590,1336114,1944749,2502053,00002000000_3_5_CTB
55421,403332,745786,1085512,1396586,00002000000_3_5_VRY
78715,668844,1210752,1800881,2402491,00000100000_1_1_SMG
1714,14565,26364,39214,52315,00000100000_1_1_PRS
33517,284790,515532,766806,1022968,00000100000_1_1_AC1
1714,14565,26364,39214,52315,00000100000_1_1_WTF
46279,393236,711842,1058799,1412506,00000100000_1_1_CV1
36492,310073,561299,834880,1113783,00000100000_1_1_GYR
83074,705882,1277799,1900607,2535531,00000100000_1_1_CTR
83759,711704,1288338,1916282,2556444,00000100000_1_1_CTB
46753,397257,719121,1069626,1426949,00000100000_1_1_VRY
61134,642155,1200210,1778934,2330100,00000100000_1_2_SMG
1331,13981,26132,38731,50731,00000100000_1_2_PRS
26024,273357,510914,757269,991893,00000100000_1_2_AC1
1331,13981,26132,38731,50731,00000100000_1_2_WTF
35906,377160,704925,1044829,1368548,00000100000_1_2_CV1
28331,297586,556199,824389,1079809,00000100000_1_2_GYR
64519,677712,1266668,1877437,2459122,00000100000_1_2_CTR
65043,683220,1276962,1892695,2479108,00000100000_1_2_CTB
36315,381453,712949,1056723,1384127,00000100000_1_2_VRY
19016,586257,1139720,1741409,2290279,00000100000_1_3_SMG
414,12764,24814,37914,49864,00000100000_1_3_PRS
8097,249625,485286,741482,975187,00000100000_1_3_AC1
414,12764,24814,37914,49864,00000100000_1_3_WTF
11173,344461,669653,1023181,1345675,00000100000_1_3_CV1
8818,271854,528500,807509,1062026,00000100000_1_3_GYR
20061,618485,1202373,1837138,2416180,00000100000_1_3_CTR
20211,623115,1211373,1850890,2434266,00000100000_1_3_CTB
11297,348294,677104,1034566,1360647,00000100000_1_3_VRY
42029,596126,1152522,1736508,2302101,00000100000_1_4_SMG
915,12964,25064,37764,50064,00000100000_1_4_PRS
17921,254182,491424,740430,981593,00000100000_1_4_AC1
915,12964,25064,37764,50064,00000100000_1_4_WTF
24676,349991,676656,1019519,1351583,00000100000_1_4_CV1
19487,276393,534366,805130,1067366,00000100000_1_4_GYR
44367,629290,1216639,1833113,2430171,00000100000_1_4_CTR
44694,633922,1225595,1846607,2448059,00000100000_1_4_CTB
24960,354018,684442,1031251,1367136,00000100000_1_4_VRY
18263,597870,1163678,1720285,2288393,00000100000_1_5_SMG
397,12997,25297,37397,49747,00000100000_1_5_PRS
7781,254731,495801,732952,975002,00000100000_1_5_AC1
398,13017,25336,37455,49823,00000100000_1_5_WTF
10727,351150,683468,1010382,1344051,00000100000_1_5_CV1
8469,277238,539609,797713,1061150,00000100000_1_5_GYR
19279,631132,1228417,1815991,2415704,00000100000_1_5_CTR
19421,635777,1237459,1829357,2433484,00000100000_1_5_CTB
10846,355055,691069,1021619,1358998,00000100000_1_5_VRY
26716,601500,1144095,1757964,2293662,00000100000_2_1_SMG
581,13081,24881,38231,49881,00000100000_2_1_PRS
11379,256182,487276,748725,976882,00000100000_2_1_AC1
581,13081,24881,38231,49881,00000100000_2_1_WTF
15692,353281,671966,1032512,1347146,00000100000_2_1_CV1
12386,278852,530396,814981,1063327,00000100000_2_1_GYR
28199,634888,1207601,1855545,2420978,00000100000_2_1_CTR
28411,639643,1216646,1869441,2439110,00000100000_2_1_CTB
15866,357214,679446,1044005,1362141,00000100000_2_1_VRY
19811,677112,1155149,1711327,2262908,00000100000_2_2_SMG
431,14731,25131,37231,49231,00000100000_2_2_PRS
8438,288386,491984,728863,963784,00000100000_2_2_AC1
431,14731,25131,37231,49231,00000100000_2_2_WTF
11639,397792,678631,1005375,1329420,00000100000_2_2_CV1
9184,313865,535452,793259,1048936,00000100000_2_2_GYR
20919,714970,1219734,1807007,2389427,00000100000_2_2_CTR
21076,720320,1228861,1820529,2407307,00000100000_2_2_CTB
11766,402119,686012,1016311,1343880,00000100000_2_2_VRY
46634,628397,1200962,1745934,2304702,00000100000_2_3_SMG
1014,13664,26115,37964,50114,00000100000_2_3_PRS
19852,267500,511232,743219,981079,00000100000_2_3_AC1
1014,13664,26115,37964,50114,00000100000_2_3_WTF
27421,369501,706172,1026618,1355177,00000100000_2_3_CV1
21614,291244,556612,809191,1068164,00000100000_2_3_GYR
49215,663183,1267444,1842583,2432284,00000100000_2_3_CTR
49578,668069,1276783,1856160,2450206,00000100000_2_3_CTB
27684,373040,712937,1036453,1368160,00000100000_2_3_VRY
53464,639083,1146619,1743720,2320152,00000100000_2_4_SMG
1164,13914,24964,37964,50514,00000100000_2_4_PRS
22762,272082,488160,742369,987779,00000100000_2_4_AC1
1164,13914,24964,37964,50514,00000100000_2_4_WTF
31425,375640,673960,1024924,1363739,00000100000_2_4_CV1
24779,296198,531428,808169,1075330,00000100000_2_4_GYR
56445,674720,1210558,1840956,2449532,00000100000_2_4_CTR
56882,679946,1219934,1855214,2468503,00000100000_2_4_CTB
31751,379530,680939,1035538,1377862,00000100000_2_4_VRY
94116,671133,1227460,1836662,2326321,00000100000_2_5_SMG
2047,14597,26697,39947,50597,00000100000_2_5_PRS
40079,285800,522709,782135,990655,00000100000_2_5_AC1
2047,14597,26697,39947,50597,00000100000_2_5_WTF
55313,394427,721383,1079412,1367187,00000100000_2_5_CV1
43632,311131,569039,851458,1078459,00000100000_2_5_GYR
99377,708649,1296075,1939330,2456362,00000100000_2_5_CTR
100172,714318,1306443,1954845,2476012,00000100000_2_5_CTB
55907,398664,729130,1091005,1381871,00000100000_2_5_VRY
98626,693502,1219474,1844209,2386259,00000100000_3_1_SMG
2147,15098,26547,40147,51947,00000100000_3_1_PRS
43203,303784,534182,807843,1045284,00000100000_3_1_AC1
2147,15098,26547,40147,51947,00000100000_3_1_WTF
58060,408254,717885,1085656,1404751,00000100000_3_1_CV1
45734,321585,565484,855180,1106534,00000100000_3_1_GYR
104127,732182,1287489,1947068,2519350,00000100000_3_1_CTR
104973,738134,1297955,1962896,2539830,00000100000_3_1_CTB
58586,411955,724394,1095500,1417489,00000100000_3_1_VRY
106196,661500,1228276,1776695,2322820,00000100000_3_2_SMG
2314,14414,26764,38714,50614,00000100000_3_2_PRS
46625,290424,539260,780037,1019807,00000100000_3_2_AC1
2315,14416,26768,38720,50621,00000100000_3_2_WTF
62507,389357,722960,1045758,1367205,00000100000_3_2_CV1
49300,307090,570206,824800,1078328,00000100000_3_2_GYR
112197,698877,1297678,1877085,2454067,00000100000_3_2_CTR
113101,704509,1308136,1892213,2473846,00000100000_3_2_CTB
63120,393172,730043,1056004,1380601,00000100000_3_2_VRY
93257,609815,1176881,1755427,2292648,00000100000_3_3_SMG
2031,13281,25631,38231,49931,00000100000_3_3_PRS
40975,267937,517091,771289,1007330,00000100000_3_3_AC1
2031,13281,25631,38231,49931,00000100000_3_3_WTF
54425,358277,691839,1032153,1348159,00000100000_3_3_CV1
43255,282850,545871,814217,1063395,00000100000_3_3_GYR
98488,644027,1242908,1853911,2421272,00000100000_3_3_CTR
99281,649211,1252912,1868833,2440761,00000100000_3_3_CTB
54929,361599,698254,1041724,1360660,00000100000_3_3_VRY
40458,637450,1204593,1737293,2265401,00000100000_3_4_SMG
881,13881,26231,37831,49331,00000100000_3_4_PRS
17773,280025,529164,763174,995166,00000100000_3_4_AC1
882,13889,26245,37851,49357,00000100000_3_4_WTF
23795,374907,708463,1021762,1332361,00000100000_3_4_CV1
18751,295436,558286,805174,1049933,00000100000_3_4_GYR
42728,673207,1272163,1834744,2392476,00000100000_3_4_CTR
43084,678821,1282771,1850044,2412427,00000100000_3_4_CTB
24050,378928,716061,1032721,1346651,00000100000_3_4_VRY
69518,666430,1222018,1812043,2303348,00000100000_3_5_SMG
1514,14514,26614,39464,50164,00000100000_3_5_PRS
30558,292945,537166,796525,1012489,00000100000_3_5_AC1
1513,14503,26594,39434,50125,00000100000_3_5_WTF
40465,391621,718466,1065570,1354598,00000100000_3_5_CV1
32249,309148,566877,840581,1068490,00000100000_3_5_GYR
73417,703813,1290566,1913688,2432552,00000100000_3_5_CTR
74010,709499,1300991,1929147,2452202,00000100000_3_5_CTB
41287,395795,725761,1076179,1367967,00000100000_3_5_VRY
22083,637281,1199681,1732240,2276276,00000200000_1_1_SMG
481,13881,26131,37731,49581,00000200000_1_1_PRS
9681,279365,525904,759362,997851,00000200000_1_1_AC1
481,13881,26131,37731,49581,00000200000_1_1_WTF
12990,374857,705668,1018926,1338936,00000200000_1_1_CV1
10227,295126,555575,802204,1054149,00000200000_1_1_GYR
23325,673117,1267143,1829650,2404279,00000200000_1_1_CTR
23514,678555,1277381,1844432,2423704,00000200000_1_1_CTB
13116,378483,712495,1028783,1351888,00000200000_1_1_VRY
24376,572935,1153627,1690710,2259926,00000200000_1_2_SMG
531,12481,25131,36831,49231,00000200000_1_2_PRS
10694,251353,506109,741734,991455,00000200000_1_2_AC1
531,12481,25131,36831,49231,00000200000_1_2_WTF
14348,337225,679015,995138,1330174,00000200000_1_2_CV1
11290,265361,534314,783069,1046707,00000200000_1_2_GYR
25747,605153,1218499,1785784,2387009,00000200000_1_2_CTR
25934,609564,1227382,1798802,2404410,00000200000_1_2_CTB
14470,340091,684787,1003597,1341481,00000200000_1_2_VRY
78681,661670,1198753,1806989,2330302,00000200000_1_3_SMG
1714,14414,26115,39364,50764,00000200000_1_3_PRS
34523,290320,525975,792850,1022463,00000200000_1_3_AC1
1713,14401,26091,39329,50719,00000200000_1_3_WTF
46287,389250,705209,1063025,1370882,00000200000_1_3_CV1
36471,306698,555648,837578,1080145,00000200000_1_3_GYR
83105,698877,1266163,1908602,2461342,00000200000_1_3_CTR
83787,704610,1276549,1924259,2481533,00000200000_1_3_CTB
46687,392615,711305,1072214,1382733,00000200000_1_3_VRY
51105,640599,1154399,1737011,2308154,00000200000_1_4_SMG
1114,13964,25164,37864,50314,00000200000_1_4_PRS
22444,281330,506973,762837,1013664,00000200000_1_4_AC1
1114,13961,25158,37855,50302,00000200000_1_4_WTF
30096,377247,679822,1022920,1359265,00000200000_1_4_CV1
23692,296970,535158,805246,1070018,00000200000_1_4_GYR
54007,676968,1219938,1835627,2439197,00000200000_1_4_CTR
54457,682613,1230111,1850934,2459537,00000200000_1_4_CTB
30383,380846,686309,1032681,1372235,00000200000_1_4_VRY
81830,651561,1205211,1797915,2342376,00000200000_1_5_SMG
1781,14181,26231,39131,50982,00000200000_1_5_PRS
35877,285662,528397,788254,1026960,00000200000_1_5_AC1
1781,14181,26231,39131,50982,00000200000_1_5_WTF
48128,383207,708829,1057419,1377636,00000200000_1_5_CV1
37970,302332,559231,834252,1086887,00000200000_1_5_GYR
86398,687934,1272491,1898281,2473136,00000200000_1_5_CTR
87096,693491,1282770,1913616,2493114,00000200000_1_5_CTB
48618,387115,716057,1068202,1391684,00000200000_1_5_VRY
43005,616707,1149102,1734278,2289621,00000200000_2_1_SMG
937,13437,25037,37787,49887,00000200000_2_1_PRS
18436,264376,492608,743466,981536,00000200000_2_1_AC1
937,13437,25037,37787,49887,00000200000_2_1_WTF
25272,362398,675251,1019121,1345459,00000200000_2_1_CV1
19963,286268,533399,805030,1062814,00000200000_2_1_GYR
45343,650230,1211565,1828550,2414080,00000200000_2_1_CTR
45753,656108,1222518,1845080,2435904,00000200000_2_1_CTB
25551,366409,682724,1030399,1360349,00000200000_2_1_VRY
68735,700065,1271705,1802022,2373662,00000200000_2_2_SMG
1497,15247,27697,39247,51697,00000200000_2_2_PRS
30033,305884,555655,787370,1037141,00000200000_2_2_AC1
1497,15247,27697,39247,51697,00000200000_2_2_WTF
40437,411844,748137,1060120,1396413,00000200000_2_2_CV1
31861,324496,589465,835279,1100248,00000200000_2_2_GYR
72590,739329,1343030,1903090,2506792,00000200000_2_2_CTR
73207,745615,1354449,1919272,2528106,00000200000_2_2_CTB
40866,416217,756081,1071376,1411240,00000200000_2_2_VRY
69993,648673,1211278,1746327,2315821,00000200000_2_3_SMG
1524,14124,26374,38024,50424,00000200000_2_3_PRS
30661,284157,530610,764993,1014464,00000200000_2_3_AC1
1525,14125,26375,38025,50425,00000200000_2_3_WTF
41085,380764,711006,1025074,1359360,00000200000_2_3_CV1
32456,300786,561662,809761,1073832,00000200000_2_3_GYR
73818,684120,1277469,1841757,2442371,00000200000_2_3_CTR
74466,690122,1288678,1857916,2463800,00000200000_2_3_CTB
41529,384874,718681,1036139,1374034,00000200000_2_3_VRY
79850,654475,1187727,1801427,2330082,00000200000_2_4_SMG
1737,14237,25837,39187,50687,00000200000_2_4_PRS
34985,286741,520370,789246,1020862,00000200000_2_4_AC1
1737,14237,25837,39187,50687,00000200000_2_4_WTF
46979,385052,698783,1059844,1370871,00000200000_2_4_CV1
37006,303309,550439,834851,1079850,00000200000_2_4_GYR
84263,690641,1253360,1900972,2458840,00000200000_2_4_CTR
84955,696310,1263649,1916577,2479024,00000200000_2_4_CTB
47407,388559,705148,1069499,1383359,00000200000_2_4_VRY
92061,636427,1229029,1775693,2336139,00000200000_2_5_SMG
2004,13854,26754,38654,50854,00000200000_2_5_PRS
40372,279096,538973,778705,1024480,00000200000_2_5_AC1
2004,13854,26754,38654,50854,00000200000_2_5_WTF
54108,374058,722358,1043658,1373058,00000200000_2_5_CV1
42706,295230,570130,823720,1083702,00000200000_2_5_GYR
97173,671769,1297280,1874301,2465868,00000200000_2_5_CTR
97986,677388,1308131,1889978,2486494,00000200000_2_5_CTB
54643,377757,729501,1053978,1386634,00000200000_2_5_VRY
52694,636130,1212676,1752470,2299155,00000200000_3_1_SMG
1147,13847,26397,38147,50047,00000200000_3_1_PRS
23166,279667,533139,770453,1010796,00000200000_3_1_AC1
1149,13864,26428,38192,50106,00000200000_3_1_WTF
30975,373938,712851,1030159,1351518,00000200000_3_1_CV1
24441,295056,562475,812847,1066415,00000200000_3_1_GYR
55642,671730,1280542,1850544,2427824,00000200000_3_1_CTR
56085,677068,1290717,1865248,2447115,00000200000_3_1_CTB
31328,378193,720961,1041880,1366896,00000200000_3_1_VRY
40442,605064,1158210,1738898,2326472,00000200000_3_2_SMG
881,13181,25231,37881,50681,00000200000_3_2_PRS
17769,265835,508860,763986,1022136,00000200000_3_2_AC1
881,13180,25228,37876,50675,00000200000_3_2_WTF
23783,355815,681099,1022580,1368110,00000200000_3_2_CV1
18763,280721,537353,806764,1079370,00000200000_3_2_GYR
42716,639090,1223342,1836686,2457302,00000200000_3_2_CTR
43045,644005,1232751,1850812,2476202,00000200000_3_2_CTB
24041,359673,688483,1033666,1382942,00000200000_3_2_VRY
68056,624076,1209965,1779771,2326600,00000200000_3_3_SMG
1481,13581,26331,38731,50631,00000200000_3_3_PRS
29904,274223,531667,782043,1022324,00000200000_3_3_AC1
1481,13581,26331,38731,50631,00000200000_3_3_WTF
40058,367331,712186,1047574,1369438,00000200000_3_3_CV1
31521,289051,560414,824329,1077602,00000200000_3_3_GYR
71845,658827,1277341,1878876,2456156,00000200000_3_3_CTR
72444,664321,1287994,1894545,2476639,00000200000_3_3_CTB
40466,371072,719439,1058242,1383384,00000200000_3_3_VRY
16721,620755,1107657,1697911,2267495,00000200000_3_4_SMG
364,13514,24115,36964,49364,00000200000_3_4_PRS
7348,272798,486772,746166,996476,00000200000_3_4_AC1
364,13514,24115,36964,49364,00000200000_3_4_WTF
9843,365422,652048,999515,1334814,00000200000_3_4_CV1
7757,287961,513828,787640,1051862,00000200000_3_4_GYR
17652,655321,1169336,1792458,2393758,00000200000_3_4_CTR
17794,660615,1178782,1806938,2413096,00000200000_3_4_CTB
9940,369003,658439,1009311,1347895,00000200000_3_4_VRY
50338,637688,1158502,1718320,2257489,00000200000_3_5_SMG
1097,13898,25248,37448,49197,00000200000_3_5_PRS
22148,280568,509713,756019,993241,00000200000_3_5_AC1
1097,13898,25248,37448,49197,00000200000_3_5_WTF
29606,375045,681352,1010599,1327701,00000200000_3_5_CV1
23354,295853,537482,797207,1047352,00000200000_3_5_GYR
53190,673809,1224124,1815652,2385361,00000200000_3_5_CTR
53626,679338,1234168,1830550,2404934,00000200000_3_5_CTB
29931,379166,688839,1021704,1342291,00000200000_3_5_VRY
68055,614885,1175500,1770579,2303622,00000010000_1_1_SMG
1481,13381,25581,38531,50131,00000010000_1_1_PRS
29803,269266,514765,775357,1008784,00000010000_1_1_AC1
1481,13381,25581,38531,50131,00000010000_1_1_WTF
39990,361306,690722,1040390,1353606,00000010000_1_1_CV1
31558,285126,545087,821029,1068205,00000010000_1_1_GYR
71827,648958,1240639,1868693,2431275,00000010000_1_1_CTR
72388,654026,1250327,1883287,2450262,00000010000_1_1_CTB
40403,365041,697862,1051144,1367598,00000010000_1_1_VRY
41973,611402,1183127,1736484,2303617,00000010000_1_2_SMG
914,13314,25764,37814,50164,00000010000_1_2_PRS
18074,267634,518200,760715,1009269,00000010000_1_2_AC1
914,13314,25764,37814,50164,00000010000_1_2_WTF
24230,358788,694696,1019811,1353021,00000010000_1_2_CV1
19461,283477,548558,805122,1068074,00000010000_1_2_GYR
44305,645368,1248855,1832953,2431592,00000010000_1_2_CTR
44645,650330,1258457,1847045,2450287,00000010000_1_2_CTB
24480,362492,701867,1030339,1366989,00000010000_1_2_VRY
71795,611174,1173505,1758788,2270624,00000010000_1_3_SMG
1564,13314,25564,38314,49464,00000010000_1_3_PRS
31498,268129,514829,771599,996147,00000010000_1_3_AC1
1565,13316,25568,38320,49471,00000010000_1_3_WTF
42236,359545,690356,1034670,1335776,00000010000_1_3_CV1
33309,283552,544444,815984,1053449,00000010000_1_3_GYR
75078,644933,1239038,1857392,2398149,00000010000_1_3_CTR
76435,650670,1249341,1872447,2417360,00000010000_1_3_CTB
42689,363401,697760,1045766,1350101,00000010000_1_3_VRY
32776,592807,1134476,1712869,2259129,00000010000_1_4_SMG
714,12914,24714,37314,49214,00000010000_1_4_PRS
14410,260619,498755,753036,993191,00000010000_1_4_AC1
714,12914,24714,37314,49214,00000010000_1_4_WTF
19292,348924,667748,1008187,1329714,00000010000_1_4_CV1
15213,275139,526543,794992,1048526,00000010000_1_4_GYR
34615,626065,1198123,1808965,2385871,00000010000_1_4_CTR
34899,631201,1207952,1823804,2405443,00000010000_1_4_CTB
19486,352436,674470,1018337,1343100,00000010000_1_4_VRY
85544,705092,1239739,1804216,2370988,00000010000_1_5_SMG
1864,15364,27014,39314,51664,00000010000_1_5_PRS
37102,305811,537696,782519,1028338,00000010000_1_5_AC1
1864,15364,27014,39314,51664,00000010000_1_5_WTF
50390,415339,730276,1062785,1396646,00000010000_1_5_CV1
39678,327040,575023,836842,1099725,00000010000_1_5_GYR
90296,744261,1308609,1904444,2502701,00000010000_1_5_CTR
91120,751050,1320545,1921815,2525529,00000010000_1_5_CTB
50864,419244,737142,1072777,1409776,00000010000_1_5_VRY
104695,687605,1259041,1802938,2459286,00000010000_2_1_SMG
2281,14981,27431,39281,53581,00000010000_2_1_PRS
46324,302557,553746,792829,1081343,00000010000_2_1_AC1
2281,14981,27431,39281,53581,00000010000_2_1_WTF
61679,405091,741742,1062169,1448845,00000010000_2_1_CV1
48586,319095,584279,836684,1141273,00000010000_2_1_GYR
110596,726362,1330006,1904559,2597902,00000010000_2_1_CTR
111489,732230,1340751,1919946,2618891,00000010000_2_1_CTB
62251,408847,748619,1072017,1462278,00000010000_2_1_VRY
76396,693894,1224161,1788862,2339790,00000010000_2_2_SMG
1664,15114,26664,38964,50964,00000010000_2_2_PRS
33582,305019,538113,786342,1028516,00000010000_2_2_AC1
1664,15114,26664,38964,50964,00000010000_2_2_WTF
44931,408103,719972,1052092,1376111,00000010000_2_2_CV1
35444,321930,567947,829938,1085539,00000010000_2_2_GYR
80660,732629,1292498,1888722,2470404,00000010000_2_2_CTR
81333,738737,1303273,1904468,2490999,00000010000_2_2_CTB
45425,412586,727880,1063648,1391226,00000010000_2_2_VRY
81028,664392,1192634,1780591,2352471,00000010000_2_3_SMG
1764,14464,25964,38764,51214,00000010000_2_3_PRS
35604,291936,524047,782397,1033683,00000010000_2_3_AC1
1764,14464,25964,38764,51214,00000010000_2_3_WTF
47619,390448,700883,1046412,1382492,00000010000_2_3_CV1
37515,307601,552167,824380,1089149,00000010000_2_3_GYR
85507,701115,1258556,1879012,2482502,00000010000_2_3_CTR
86242,707143,1269376,1895166,2503844,00000010000_2_3_CTB
48105,394432,708035,1057089,1396598,00000010000_2_3_VRY
67161,670417,1236972,1780590,2358615,00000010000_2_4_SMG
1464,14614,26964,38814,51414,00000010000_2_4_PRS
29530,294774,543881,782902,1037052,00000010000_2_4_AC1
1463,14603,26943,38784,51374,00000010000_2_4_WTF
39562,394910,728639,1048858,1389343,00000010000_2_4_CV1
31172,311159,574112,826420,1094696,00000010000_2_4_GYR
70947,708204,1306692,1880950,2491554,00000010000_2_4_CTR
71566,714388,1318102,1897374,2513310,00000010000_2_4_CTB
39934,398626,735497,1058729,1402419,00000010000_2_4_VRY
64910,608879,1198752,1719769,2314233,00000010000_2_5_SMG
1414,13264,26114,37464,50414,00000010000_2_5_PRS
28540,267718,527079,756165,1017545,00000010000_2_5_AC1
1414,13264,26114,37464,50414,00000010000_2_5_WTF
38201,358336,705486,1012113,1361966,00000010000_2_5_CV1
30075,282118,555431,796839,1072278,00000010000_2_5_GYR
68541,642948,1265827,1815997,2443723,00000010000_2_5_CTR
69095,648140,1276050,1830663,2463459,00000010000_2_5_CTB
38595,362036,712772,1022565,1376030,00000010000_2_5_VRY
95552,697056,1234277,1778385,2363818,00000010000_3_1_SMG
2081,15181,26881,38731,51482,00000010000_3_1_PRS
41893,305607,541139,779690,1036359,00000010000_3_1_AC1
2081,15181,26881,38731,51482,00000010000_3_1_WTF
55774,409587,725588,1045640,1390000,00000010000_3_1_CV1
44320,323314,572493,824865,1096405,00000010000_3_1_GYR
100847,735682,1302672,1876931,2494805,00000010000_3_1_CTR
101754,742296,1314383,1893805,2517234,00000010000_3_1_CTB
56815,414466,733894,1057418,1405514,00000010000_3_1_VRY
80279,647789,1229085,1764429,2267606,00000010000_3_2_SMG
1747,14098,26747,38397,49347,00000010000_3_2_PRS
35270,284603,539991,775191,996259,00000010000_3_2_AC1
1749,14109,26768,38428,49386,00000010000_3_2_WTF
47259,381338,723532,1038676,1334884,00000010000_3_2_CV1
37246,300540,570231,818602,1052050,00000010000_3_2_GYR
84783,684132,1298040,1863417,2394824,00000010000_3_2_CTR
85490,689837,1308864,1878956,2414794,00000010000_3_2_CTB
47728,385124,730717,1048990,1348139,00000010000_3_2_VRY
103848,654276,1255159,1775772,2342254,00000010000_3_3_SMG
2264,14264,27365,38714,51064,00000010000_3_3_PRS
45672,287750,552017,780982,1030119,00000010000_3_3_AC1
2264,14264,27365,38714,51064,00000010000_3_3_WTF
61196,385554,739645,1046434,1380252,00000010000_3_3_CV1
48149,303350,581945,823323,1085968,00000010000_3_3_GYR
109758,691512,1326594,1876836,2475558,00000010000_3_3_CTR
110688,697371,1337833,1892737,2496532,00000010000_3_3_CTB
61740,388981,746219,1055734,1392519,00000010000_3_3_VRY
45831,645119,1157155,1738074,2307512,00000010000_3_4_SMG
998,14048,25198,37848,50249,00000010000_3_4_PRS
20141,283503,508521,763811,1014056,00000010000_3_4_AC1
998,14048,25198,37848,50249,00000010000_3_4_WTF
26951,379366,680472,1022085,1356946,00000010000_3_4_CV1
21241,298990,536300,805536,1069450,00000010000_3_4_GYR
48402,681306,1222064,1835569,2436949,00000010000_3_4_CTR
48799,686896,1232090,1850628,2456943,00000010000_3_4_CTB
27251,383585,688038,1033449,1372034,00000010000_3_4_VRY
46566,609116,1137224,1722736,2296766,00000010000_3_5_SMG
1014,13264,24765,37515,50014,00000010000_3_5_PRS
20461,267648,499700,756975,1009206,00000010000_3_5_AC1
1015,13275,24784,37544,50054,00000010000_3_5_WTF
27416,358617,669540,1014259,1352220,00000010000_3_5_CV1
21582,282304,527063,798427,1064470,00000010000_3_5_GYR
49178,643284,1201016,1819370,2425601,00000010000_3_5_CTR
49595,648734,1211192,1834787,2446154,00000010000_3_5_CTB
27684,362129,676098,1024194,1365465,00000010000_3_5_VRY
20989,562935,1132438,1729497,2287518,00000001000_1_1_SMG
457,12257,24657,37657,49807,00000001000_1_1_PRS
9205,246861,496602,758427,1003133,00000001000_1_1_AC1
458,12259,24661,37663,49814,00000001000_1_1_WTF
12342,331009,665879,1016953,1345072,00000001000_1_1_CV1
9733,261026,525097,801945,1060692,00000001000_1_1_GYR
22148,594011,1194952,1824971,2413796,00000001000_1_1_CTR
22318,598580,1204142,1839006,2432360,00000001000_1_1_CTB
12471,334457,672816,1027546,1359083,00000001000_1_1_VRY
21476,647795,1186934,1765075,2283567,00000001000_1_2_SMG
484,14134,25884,38484,49784,00000001000_1_2_PRS
9731,284164,520397,773720,1000906,00000001000_1_2_AC1
484,14134,25884,38484,49784,00000001000_1_2_WTF
12632,381037,698161,1038226,1343205,00000001000_1_2_CV1
10289,300464,550247,818100,1058318,00000001000_1_2_GYR
23431,684240,1253068,1863045,2410088,00000001000_1_2_CTR
22839,688899,1262248,1877073,2428464,00000001000_1_2_CTB
12772,385236,705856,1049669,1358009,00000001000_1_2_VRY
47942,619657,1152339,1714870,2311842,00000001000_1_3_SMG
1044,13494,25095,37344,50344,00000001000_1_3_PRS
21010,271552,504989,751507,1013118,00000001000_1_3_AC1
1044,13494,25095,37344,50344,00000001000_1_3_WTF
28188,364338,677538,1008287,1359287,00000001000_1_3_CV1
22236,287406,534472,795382,1072267,00000001000_1_3_GYR
50562,653521,1215313,1808586,2438181,00000001000_1_3_CTR
50991,659072,1225637,1823949,2458892,00000001000_1_3_CTB
28449,367712,683812,1017624,1371874,00000001000_1_3_VRY
104229,703166,1224080,1802364,2343932,00000001000_1_4_SMG
2271,15321,26671,39271,51071,00000001000_1_4_PRS
45701,308316,536720,790279,1027739,00000001000_1_4_AC1
2271,15321,26671,39271,51071,00000001000_1_4_WTF
61287,413465,719764,1059797,1378241,00000001000_1_4_CV1
48249,325505,566642,834337,1085035,00000001000_1_4_GYR
110047,742417,1292409,1902973,2474771,00000001000_1_4_CTR
110889,748097,1302297,1917532,2493705,00000001000_1_4_CTB
61948,417919,727519,1071215,1393090,00000001000_1_4_VRY
83380,656987,1248949,1767489,2400751,00000001000_1_5_SMG
1817,14317,27217,38517,52317,00000001000_1_5_PRS
36561,288074,547636,775004,1052675,00000001000_1_5_AC1
1817,14316,27214,38512,52310,00000001000_1_5_WTF
49013,386193,734164,1038975,1411222,00000001000_1_5_CV1
38684,304809,579450,820027,1113829,00000001000_1_5_GYR
88045,693747,1318831,1866386,2535081,00000001000_1_5_CTR
88757,699356,1329494,1881476,2555577,00000001000_1_5_CTB
49543,390370,742104,1050211,1426484,00000001000_1_5_VRY
46727,646315,1172390,1709952,2307242,00000001000_2_1_SMG
1017,14068,25517,37217,50217,00000001000_2_1_PRS
20271,280378,508595,741794,1000905,00000001000_2_1_AC1
1017,14068,25517,37217,50217,00000001000_2_1_WTF
27457,379774,688896,1004767,1355734,00000001000_2_1_CV1
21664,299647,543547,792773,1069691,00000001000_2_1_GYR
49329,682311,1237686,1805187,2435743,00000001000_2_1_CTR
49741,688004,1248012,1820247,2456064,00000001000_2_1_CTB
27762,383996,696554,1015937,1370806,00000001000_2_1_VRY
30805,563344,1130314,1740896,2289503,00000001000_2_2_SMG
671,12271,24621,37921,49871,00000001000_2_2_PRS
13369,244472,490517,755489,993565,00000001000_2_2_AC1
671,12271,24621,37921,49871,00000001000_2_2_WTF
18094,330896,663921,1022564,1344803,00000001000_2_2_CV1
14294,261389,524460,807768,1062319,00000001000_2_2_GYR
32484,594043,1191909,1835765,2414268,00000001000_2_2_CTR
32773,599330,1202518,1852105,2435757,00000001000_2_2_CTB
18281,334310,670772,1033116,1358680,00000001000_2_2_VRY
87041,678934,1220355,1768659,2330728,00000001000_2_3_SMG
1897,14797,26598,38547,50797,00000001000_2_3_PRS
37986,296294,532576,771861,1017154,00000001000_2_3_AC1
1897,14797,26598,38547,50797,00000001000_2_3_WTF
51201,399372,717854,1040385,1371012,00000001000_2_3_CV1
40343,314682,565627,819762,1080278,00000001000_2_3_GYR
91798,716041,1287054,1865326,2458115,00000001000_2_3_CTR
92628,722515,1298690,1882190,2480338,00000001000_2_3_CTB
51678,403094,724545,1050082,1383791,00000001000_2_3_VRY
41839,604425,1150938,1725006,2271519,00000001000_2_4_SMG
911,13161,25061,37561,49461,00000001000_2_4_PRS
18220,263218,501215,751213,989210,00000001000_2_4_AC1
911,13161,25061,37561,49461,00000001000_2_4_WTF
24572,354974,675937,1013082,1334045,00000001000_2_4_CV1
19395,280195,533543,799664,1053012,00000001000_2_4_GYR
44180,638255,1215355,1821554,2398655,00000001000_2_4_CTR
44532,643334,1225027,1836049,2417742,00000001000_2_4_CTB
24838,358817,683253,1024048,1348485,00000001000_2_4_VRY
31984,630818,1167703,1690821,2317187,00000001000_2_5_SMG
697,13747,25447,36847,50497,00000001000_2_5_PRS
14017,276456,511747,741004,1015509,00000001000_2_5_AC1
697,13740,25434,36827,50470,00000001000_2_5_WTF
18790,370579,685976,993286,1361249,00000001000_2_5_CV1
14827,292429,541313,783816,1074181,00000001000_2_5_GYR
33744,665527,1231954,1783857,2444687,00000001000_2_5_CTR
34025,671062,1242200,1798693,2465020,00000001000_2_5_CTB
18983,374392,693035,1003508,1375258,00000001000_2_5_VRY
120160,682617,1189977,1738660,2330963,00000001000_3_1_SMG
2618,14867,25918,37867,50767,00000001000_3_1_PRS
52643,299061,521339,761722,1021214,00000001000_3_1_AC1
2618,14867,25918,37867,50767,00000001000_3_1_WTF
70623,401201,699396,1021878,1369997,00000001000_3_1_CV1
55662,316212,551239,805408,1079783,00000001000_3_1_GYR
126673,719616,1254475,1832897,2457303,00000001000_3_1_CTR
127819,726130,1265830,1849489,2479546,00000001000_3_1_CTB
71288,404982,705987,1031509,1382908,00000001000_3_1_VRY
63850,637624,1158610,1649761,2260256,00000001000_3_2_SMG
1391,13891,25242,35941,49241,00000001000_3_2_PRS
28016,279771,508364,723867,991734,00000001000_3_2_AC1
1391,13891,25242,35941,49241,00000001000_3_2_WTF
37538,374862,681152,969901,1328813,00000001000_3_2_CV1
29623,295824,537534,765401,1048638,00000001000_3_2_GYR
67349,672566,1222103,1740169,2384121,00000001000_3_2_CTR
67930,678372,1232652,1755190,2404700,00000001000_3_2_CTB
37912,378595,687935,979560,1342047,00000001000_3_2_VRY
72425,632716,1140192,1732631,2295218,00000001000_3_3_SMG
1577,13777,24827,37727,49977,00000001000_3_3_PRS
31753,277399,499889,759629,1006281,00000001000_3_3_AC1
1577,13777,24827,37727,49977,00000001000_3_3_WTF
42616,372298,670903,1019502,1350535,00000001000_3_3_CV1
33579,293349,528633,803308,1064143,00000001000_3_3_GYR
76458,667949,1203686,1829115,2423031,00000001000_3_3_CTR
77077,673353,1213423,1843911,2442631,00000001000_3_3_CTB
43007,375716,677062,1028860,1362932,00000001000_3_3_VRY
57675,649563,1110685,1748455,2335755,00000001000_3_4_SMG
1257,14157,24207,38107,50907,00000001000_3_4_PRS
25306,285010,487337,767172,1024862,00000001000_3_4_AC1
1257,14155,24204,38102,50900,00000001000_3_4_WTF
33475,381428,652508,1027434,1372689,00000001000_3_4_CV1
26725,300989,514659,810183,1082321,00000001000_3_4_GYR
60836,685160,1171552,1844274,2463758,00000001000_3_4_CTR
61369,691164,1181818,1860434,2485347,00000001000_3_4_CTB
34231,385523,659204,1037729,1386298,00000001000_3_4_VRY
23478,625360,1169809,1702773,2288573,00000001000_3_5_SMG
511,13611,25461,37061,49811,00000001000_3_5_PRS
10291,274092,512721,746315,1003068,00000001000_3_5_AC1
511,13611,25461,37061,49811,00000001000_3_5_WTF
13787,367223,686934,999900,1343893,00000001000_3_5_CV1
10878,289747,542006,788943,1060361,00000001000_3_5_GYR
24766,659652,1233958,1796148,2414072,00000001000_3_5_CTR
24963,664892,1243760,1810415,2433247,00000001000_3_5_CTB
13941,371326,694609,1011072,1358908,00000001000_3_5_VRY
150671,770618,1365309,1849786,2462845,00000000100_1_1_SMG
3281,16781,29731,40281,53631,00000000100_1_1_PRS
66206,338613,599922,812803,1082184,00000000100_1_1_AC1
3281,16781,29731,40281,53631,00000000100_1_1_WTF
88708,453702,803826,1089062,1450001,00000000100_1_1_CV1
69886,357435,633269,857983,1142337,00000000100_1_1_GYR
159082,813637,1441525,1953047,2600330,00000000100_1_1_CTR
160408,820420,1453544,1969331,2622010,00000000100_1_1_CTB
89588,458206,811805,1099873,1464395,00000000100_1_1_VRY
182013,822545,1371244,1887802,2468643,00000000100_1_2_SMG
3964,17914,29864,41114,53764,00000000100_1_2_PRS
79977,361430,602531,829509,1084734,00000000100_1_2_AC1
3964,17914,29864,41114,53764,00000000100_1_2_WTF
107006,483578,806162,1109849,1451328,00000000100_1_2_CV1
84302,380974,635112,874363,1143388,00000000100_1_2_GYR
192149,868354,1447612,1992939,2606128,00000000100_1_2_CTR
193726,875477,1459487,2009287,2627506,00000000100_1_2_CTB
108224,489081,815334,1122477,1467842,00000000100_1_2_VRY
97874,630641,1151926,1712251,2378210,00000000100_1_3_SMG
2131,13731,25081,37281,51781,00000000100_1_3_PRS
43017,277177,506291,752562,1045262,00000000100_1_3_AC1
2131,13731,25081,37281,51781,00000000100_1_3_WTF
57631,371339,678286,1008220,1400354,00000000100_1_3_CV1
45403,292548,534366,794294,1103225,00000000100_1_3_GYR
103364,666021,1216552,1808312,2511633,00000000100_1_3_CTR
104239,671658,1226849,1823617,2532891,00000000100_1_3_CTB
58195,374976,684929,1018095,1414071,00000000100_1_3_VRY
26685,605375,1156509,1696161,2242702,00000000100_1_4_SMG
581,13181,25181,36931,48831,00000000100_1_4_PRS
11726,266010,508185,745315,985472,00000000100_1_4_AC1
581,13181,25181,36931,48831,00000000100_1_4_WTF
15699,356158,680405,997896,1319441,00000000100_1_4_CV1
12375,280740,536325,786586,1040042,00000000100_1_4_GYR
28167,639007,1220760,1790392,2367297,00000000100_1_4_CTR
28408,644477,1231209,1805717,2387560,00000000100_1_4_CTB
15850,359575,686932,1007469,1332097,00000000100_1_4_VRY
78721,622966,1254473,1764272,2345259,00000000100_1_5_SMG
1714,13564,27314,38414,51064,00000000100_1_5_PRS
34568,273554,550859,774720,1029841,00000000100_1_5_AC1
1714,13564,27314,38414,51064,00000000100_1_5_WTF
46314,366507,738040,1037968,1379778,00000000100_1_5_CV1
36526,289054,582071,818615,1088191,00000000100_1_5_GYR
83094,657575,1324166,1862287,2475551,00000000100_1_5_CTR
83805,663203,1335500,1878227,2496741,00000000100_1_5_CTB
46758,370020,745113,1047915,1393001,00000000100_1_5_VRY
91838,645708,1217964,1762641,2325704,00000000100_2_1_SMG
2014,14064,26514,38365,50614,00000000100_2_1_PRS
40226,282822,533472,772042,1018665,00000000100_2_1_AC1
2014,14063,26511,38360,50608,00000000100_2_1_WTF
53996,379639,716092,1036331,1367379,00000000100_2_1_CV1
42568,299291,564535,816997,1077981,00000000100_2_1_GYR
96837,680857,1284264,1858590,2452304,00000000100_2_1_CTR
97654,686601,1295097,1874269,2472991,00000000100_2_1_CTB
54499,383178,722768,1045993,1380127,00000000100_2_1_VRY
73450,633840,1194231,1745434,2301231,00000000100_2_2_SMG
1614,13814,26014,38014,50114,00000000100_2_2_PRS
32214,277992,523769,765518,1009281,00000000100_2_2_AC1
1614,13814,26014,38014,50114,00000000100_2_2_WTF
43189,372705,702220,1026334,1353148,00000000100_2_2_CV1
34058,293901,553744,809328,1067041,00000000100_2_2_GYR
78246,669694,1261142,1842894,2429494,00000000100_2_2_CTR
78163,674510,1270858,1857430,2448890,00000000100_2_2_CTB
43645,376634,709623,1037153,1367412,00000000100_2_2_VRY
107839,679640,1235367,1786501,2351413,00000000100_2_3_SMG
2348,14798,26898,38898,51198,00000000100_2_3_PRS
47214,297555,540859,782152,1029478,00000000100_2_3_AC1
2348,14798,26898,38898,51198,00000000100_2_3_WTF
63428,399745,726606,1050767,1383032,00000000100_2_3_CV1
50010,315180,572896,828481,1090456,00000000100_2_3_GYR
113830,717398,1303999,1885751,2482047,00000000100_2_3_CTR
114774,723347,1314811,1901388,2502629,00000000100_2_3_CTB
64088,403902,734164,1061697,1397417,00000000100_2_3_VRY
106306,659882,1201973,1792301,2343581,00000000100_2_4_SMG
2314,14364,26165,39014,51015,00000000100_2_4_PRS
46580,289140,526667,785330,1026884,00000000100_2_4_AC1
2314,14364,26165,39014,51015,00000000100_2_4_WTF
62053,387434,706063,1053045,1377076,00000000100_2_4_CV1
49266,305813,557037,830616,1086098,00000000100_2_4_GYR
112211,696542,1268749,1891874,2473780,00000000100_2_4_CTR
113126,702222,1279096,1907302,2493953,00000000100_2_4_CTB
63091,391633,713358,1063711,1390889,00000000100_2_4_VRY
32797,586298,1201810,1879332,2529294,00000000100_2_5_SMG
714,12764,26165,40914,55064,00000000100_2_5_PRS
14390,257244,527305,824574,1109750,00000000100_2_5_AC1
714,12764,26165,40914,55064,00000000100_2_5_WTF
18856,343886,705330,1103188,1484862,00000000100_2_5_CV1
15204,271783,557109,871179,1172474,00000000100_2_5_GYR
34610,618708,1268243,1983217,2669108,00000000100_2_5_CTR
34897,623837,1278757,1999658,2691234,00000000100_2_5_CTB
19059,347598,712944,1115097,1500891,00000000100_2_5_VRY
107058,674267,1193251,1760460,2357522,00000000100_3_1_SMG
2331,14681,25981,38331,51331,00000000100_3_1_PRS
46967,295802,523482,772317,1034250,00000000100_3_1_AC1
2331,14681,25981,38331,51331,00000000100_3_1_WTF
62952,396479,701649,1035176,1386257,00000000100_3_1_CV1
49642,312648,553293,816299,1093148,00000000100_3_1_GYR
112280,711001,1258817,1857538,2487769,00000000100_3_1_CTR
113927,717530,1269813,1873416,2508786,00000000100_3_1_CTB
63512,400007,707893,1044388,1398593,00000000100_3_1_VRY
0,686529,1164114,1708285,2250160,00000000100_3_2_SMG
0,14950,25350,37200,49000,00000000100_3_2_PRS
0,300650,509797,748105,985407,00000000100_3_2_AC1
0,14950,25350,37200,49000,00000000100_3_2_WTF
0,404009,685059,1005294,1324177,00000000100_3_2_CV1
0,318160,539489,791676,1042799,00000000100_3_2_GYR
0,724768,1228953,1803434,2375491,00000000100_3_2_CTR
0,730770,1239132,1818371,2395166,00000000100_3_2_CTB
0,407445,690884,1013841,1335436,00000000100_3_2_VRY
35094,636831,1165073,1725469,2297348,00000000100_3_3_SMG
764,13864,25364,37564,50014,00000000100_3_3_PRS
15377,279039,510497,756045,1006624,00000000100_3_3_AC1
764,13864,25364,37564,50014,00000000100_3_3_WTF
20170,373386,683462,1012411,1348101,00000000100_3_3_CV1
16273,295287,540223,800068,1065237,00000000100_3_3_GYR
37044,672210,1229799,1821328,2424979,00000000100_3_3_CTR
37346,677691,1239827,1836179,2444752,00000000100_3_3_CTB
20401,377669,691302,1024025,1363566,00000000100_3_3_VRY
64951,675868,1222478,1757605,2347853,00000000100_3_4_SMG
1415,14714,26614,38264,51114,00000000100_3_4_PRS
28425,295787,535006,769199,1027515,00000000100_3_4_AC1
1415,14714,26614,38264,51114,00000000100_3_4_WTF
38197,397472,718929,1033632,1380751,00000000100_3_4_CV1
30133,313558,567149,815413,1089248,00000000100_3_4_GYR
68550,713325,1290230,1855014,2477973,00000000100_3_4_CTR
69118,719235,1300919,1870382,2498502,00000000100_3_4_CTB
38563,401284,725824,1043546,1393994,00000000100_3_4_VRY
97118,682858,1234142,1790020,2345898,00000000100_3_5_SMG
2114,14865,26864,38964,51064,00000000100_3_5_PRS
42497,298802,540030,783269,1026507,00000000100_3_5_AC1
2115,14867,26868,38970,51071,00000000100_3_5_WTF
57084,401366,725396,1052126,1378857,00000000100_3_5_CV1
45032,316629,572249,830000,1087751,00000000100_3_5_GYR
102514,720794,1302705,1889465,2476225,00000000100_3_5_CTR
103350,726672,1313329,1904874,2496419,00000000100_3_5_CTB
57685,405594,733038,1063211,1393384,00000000100_3_5_VRY
77951,679687,1182666,1745358,2351688,00000000200_1_1_SMG
1697,14798,25748,37997,51197,00000000200_1_1_PRS
33809,294792,512943,756992,1019968,00000000200_1_1_AC1
1697,14798,25748,37997,51197,00000000200_1_1_WTF
45751,398919,694124,1024377,1380241,00000000200_1_1_CV1
36159,315286,548601,809617,1090874,00000000200_1_1_GYR
82245,717131,1247818,1841509,2481241,00000000200_1_1_CTR
82955,723319,1258585,1857399,2502651,00000000200_1_1_CTB
46344,404095,703130,1037668,1398149,00000000200_1_1_VRY
69656,676141,1183842,1735192,2291136,00000000200_1_2_SMG
1531,14731,25781,37781,49881,00000000200_1_2_PRS
30244,293571,514007,753396,994779,00000000200_1_2_AC1
1531,14731,25781,37781,49881,00000000200_1_2_WTF
40904,397051,695189,1018959,1345427,00000000200_1_2_CV1
32609,313752,549104,804689,1062404,00000000200_1_2_GYR
74229,714215,1249960,1831765,2418418,00000000200_1_2_CTR
74137,719640,1260005,1846826,2438537,00000000200_1_2_CTB
41396,401824,703545,1031207,1361599,00000000200_1_2_VRY
41979,657412,1121283,1697678,2262590,00000000200_1_3_SMG
914,14315,24414,36964,49264,00000000200_1_3_PRS
17918,284984,486279,736404,981546,00000000200_1_3_AC1
914,14315,24414,36964,49264,00000000200_1_3_WTF
24263,385899,658475,997171,1329121,00000000200_1_3_CV1
19462,304787,519846,787072,1048975,00000000200_1_3_GYR
44315,693998,1183685,1792157,2388508,00000000200_1_3_CTR
44673,699614,1193263,1806659,2407836,00000000200_1_3_CTB
24535,390225,665858,1008351,1344022,00000000200_1_3_VRY
22830,601599,1106874,1701721,2259820,00000000200_1_4_SMG
497,13097,24097,37047,49197,00000000200_1_4_PRS
9898,260820,479878,737770,979730,00000000200_1_4_AC1
497,13097,24097,37047,49197,00000000200_1_4_WTF
13397,353039,649552,998629,1326141,00000000200_1_4_CV1
10585,278912,513167,788948,1047692,00000000200_1_4_GYR
24084,634653,1167690,1795219,2383983,00000000200_1_4_CTR
24295,640218,1177928,1810960,2404885,00000000200_1_4_CTB
13568,357524,657802,1011313,1342984,00000000200_1_4_VRY
95576,642117,1167991,1822463,2343743,00000000200_1_5_SMG
2081,13981,25431,39681,51031,00000000200_1_5_PRS
41531,279020,507529,791917,1018429,00000000200_1_5_AC1
2081,13981,25431,39681,51031,00000000200_1_5_WTF
56125,377068,685874,1070197,1376306,00000000200_1_5_CV1
44323,297779,541650,845158,1086899,00000000200_1_5_GYR
100882,677766,1232835,1923641,2473862,00000000200_1_5_CTR
101712,683337,1242968,1939452,2494196,00000000200_1_5_CTB
56769,381395,693746,1082478,1392101,00000000200_1_5_VRY
95517,674130,1188452,1888757,2409967,00000000200_2_1_SMG
2080,14680,25880,41130,52480,00000000200_2_1_PRS
41802,295024,520110,826589,1054690,00000000200_2_1_AC1
2080,14680,25880,41130,52480,00000000200_2_1_WTF
56135,396184,698449,1110016,1416329,00000000200_2_1_CV1
44290,312583,551066,875786,1117463,00000000200_2_1_GYR
100847,711743,1254762,1994140,2544432,00000000200_2_1_CTR
101677,717599,1265086,2010548,2565367,00000000200_2_1_CTB
56750,400518,706090,1122160,1431824,00000000200_2_1_VRY
22824,596843,1134126,1712738,2247725,00000000200_2_2_SMG
497,12997,24697,37297,48947,00000000200_2_2_PRS
10003,261587,497069,750666,985142,00000000200_2_2_AC1
497,12997,24697,37297,48947,00000000200_2_2_WTF
13414,350763,666523,1006571,1320981,00000000200_2_2_CV1
10582,276709,525805,794061,1042092,00000000200_2_2_GYR
24094,630059,1197242,1808055,2372815,00000000200_2_2_CTR
24295,635323,1207245,1823162,2392640,00000000200_2_2_CTB
13560,354598,673810,1017576,1335423,00000000200_2_2_VRY
67247,712616,1201810,1720861,2301922,00000000200_2_3_SMG
1464,15514,26165,37464,50114,00000000200_2_3_PRS
29168,311985,526361,753822,1008457,00000000200_2_3_AC1
1464,15514,26165,37464,50114,00000000200_2_3_WTF
39096,418174,705517,1010397,1351702,00000000200_2_3_CV1
31182,330427,557257,797931,1067358,00000000200_2_3_GYR
70971,752075,1268356,1816148,2429383,00000000200_2_3_CTR
71555,758265,1278797,1831097,2449381,00000000200_2_3_CTB
39545,422974,713616,1021996,1367218,00000000200_2_3_VRY
63427,671971,1174880,1739792,2311594,00000000200_2_4_SMG
1381,14631,25581,37881,50331,00000000200_2_4_PRS
27781,294317,514586,762012,1012455,00000000200_2_4_AC1
1381,14631,25581,37881,50331,00000000200_2_4_WTF
37266,394808,690286,1022192,1358147,00000000200_2_4_CV1
29406,311538,544695,806599,1071696,00000000200_2_4_GYR
66912,708891,1239432,1835383,2438601,00000000200_2_4_CTR
67489,715010,1250131,1851226,2459652,00000000200_2_4_CTB
37699,399396,698308,1034072,1373931,00000000200_2_4_VRY
55820,632371,1183655,1739533,2311490,00000000200_2_5_SMG
1231,13781,25782,37881,50332,00000000200_2_5_PRS
24488,277421,519269,763132,1014049,00000000200_2_5_AC1
1231,13774,25768,37861,50305,00000000200_2_5_WTF
32814,371742,695816,1022591,1358819,00000000200_2_5_CV1
26219,293519,549104,806819,1071989,00000000200_2_5_GYR
59684,668156,1249962,1836616,2440240,00000000200_2_5_CTR
59418,673139,1259964,1851680,2460511,00000000200_2_5_CTB
33173,375808,703428,1033778,1373683,00000000200_2_5_VRY
25911,620838,1144558,1691248,2235641,00000000200_3_1_SMG
564,13514,24914,36814,48664,00000000200_3_1_PRS
11318,271189,499955,738755,976551,00000000200_3_1_AC1
564,13514,24914,36814,48664,00000000200_3_1_WTF
14797,364435,672224,993512,1313451,00000000200_3_1_CV1
12013,287832,530638,784094,1036484,00000000200_3_1_GYR
27327,654770,1207113,1783682,2357829,00000000200_3_1_CTR
27574,660691,1218029,1799812,2379151,00000000200_3_1_CTB
14967,368621,679946,1004925,1328539,00000000200_3_1_VRY
55804,650570,1171851,1750541,2352196,00000000200_3_2_SMG
1231,14182,25531,38131,51231,00000000200_3_2_PRS
24459,285135,513605,767236,1030932,00000000200_3_2_AC1
1231,14182,25531,38131,51231,00000000200_3_2_WTF
32814,382544,689065,1029343,1383125,00000000200_3_2_CV1
26209,301917,543561,811817,1090719,00000000200_3_2_GYR
59668,687367,1237512,1848246,2483215,00000000200_3_2_CTR
59403,692518,1247411,1863416,2503865,00000000200_3_2_CTB
33173,386730,696604,1040605,1398257,00000000200_3_2_VRY
56545,623831,1165853,1730842,2307314,00000000200_3_3_SMG
1231,13581,25381,37681,50231,00000000200_3_3_PRS
24469,272967,510398,757890,1010413,00000000200_3_3_AC1
1231,13581,25381,37681,50231,00000000200_3_3_WTF
32814,366070,684485,1016391,1355044,00000000200_3_3_CV1
26191,288949,540006,801700,1068713,00000000200_3_3_GYR
59676,658375,1230411,1826686,2435080,00000000200_3_3_CTR
60183,663965,1240858,1842196,2455756,00000000200_3_3_CTB
33196,370325,692440,1028204,1370793,00000000200_3_3_VRY
28981,614561,1204733,1744385,2316187,00000000200_3_4_SMG
631,13381,26231,37981,50432,00000000200_3_4_PRS
12699,269281,527875,764333,1014878,00000000200_3_4_AC1
631,13381,26231,37981,50432,00000000200_3_4_WTF
17030,361127,707922,1025031,1361031,00000000200_3_4_CV1
13440,285000,558689,808950,1074120,00000000200_3_4_GYR
30586,648590,1271441,1840975,2444438,00000000200_3_4_CTR
30849,654182,1282403,1856847,2465513,00000000200_3_4_CTB
17221,365176,715860,1036524,1376292,00000000200_3_4_VRY
85621,673571,1192622,1771385,2343259,00000000200_3_5_SMG
1864,14664,25964,38564,51014,00000000200_3_5_PRS
37501,295019,522359,775853,1026329,00000000200_3_5_AC1
1864,14664,25964,38564,51014,00000000200_3_5_WTF
50394,396440,701935,1042575,1379160,00000000200_3_5_CV1
39691,312241,552851,821142,1086240,00000000200_3_5_GYR
90326,710583,1258154,1868720,2472017,00000000200_3_5_CTR
91105,716718,1269017,1884854,2493360,00000000200_3_5_CTB
50891,400353,708863,1052865,1392771,00000000200_3_5_VRY
255889,767483,1315784,1889319,2451385,00000000010_1_1_SMG
5577,16727,28677,41177,53427,00000000010_1_1_PRS
112322,336883,577557,829307,1076023,00000000010_1_1_AC1
5577,16727,28677,41177,53427,00000000010_1_1_WTF
150365,450986,773176,1110195,1440473,00000000010_1_1_CV1
118577,355646,609723,875495,1135951,00000000010_1_1_GYR
269991,809778,1388294,1993436,2586475,00000000010_1_1_CTR
272315,816750,1400246,2010599,2608744,00000000010_1_1_CTB
151952,455747,781339,1121916,1455682,00000000010_1_1_VRY
103527,697784,1241563,1778459,2347477,00000000010_1_2_SMG
2271,15221,27071,38771,51172,00000000010_1_2_PRS
45493,306625,545576,781503,1031544,00000000010_1_2_AC1
2271,15221,27071,38771,51172,00000000010_1_2_WTF
60857,410179,729830,1045435,1379921,00000000010_1_2_CV1
48359,324113,576443,825580,1089623,00000000010_1_2_GYR
110048,737578,1311804,1878761,2479639,00000000010_1_2_CTR
110145,742387,1320926,1892141,2497532,00000000010_1_2_CTB
61463,414266,737100,1055849,1393668,00000000010_1_2_VRY
105913,725408,1296721,1845089,2411813,00000000010_1_3_SMG
2324,15824,28274,40224,52574,00000000010_1_3_PRS
46459,318202,568809,809352,1057946,00000000010_1_3_AC1
2324,15824,28274,40224,52574,00000000010_1_3_WTF
62200,426014,761531,1083573,1416395,00000000010_1_3_CV1
49191,336912,602255,856941,1120153,00000000010_1_3_GYR
112476,765839,1368384,1946731,2544437,00000000010_1_3_CTR
112652,771565,1379229,1962488,2565272,00000000010_1_3_CTB
62852,430477,769509,1094926,1431234,00000000010_1_3_VRY
88291,677963,1283695,1818301,2350611,00000000010_1_4_SMG
1924,14774,27974,39624,51225,00000000010_1_4_PRS
38781,297791,563856,798679,1032493,00000000010_1_4_AC1
1924,14774,27974,39624,51225,00000000010_1_4_WTF
51829,397980,753559,1067384,1379863,00000000010_1_4_CV1
40973,314623,595725,843820,1090849,00000000010_1_4_GYR
93167,715405,1354592,1918722,2480431,00000000010_1_4_CTR
93958,721481,1366095,1935017,2501496,00000000010_1_4_CTB
52392,402303,761744,1078979,1394851,00000000010_1_4_VRY
27136,578106,1092346,1703005,2283819,00000000010_1_5_SMG
591,12591,23791,37091,49741,00000000010_1_5_PRS
11898,253479,478954,746706,1001372,00000000010_1_5_AC1
591,12591,23791,37091,49741,00000000010_1_5_WTF
15937,339524,641539,1000182,1341297,00000000010_1_5_CV1
12579,267989,506372,789451,1058696,00000000010_1_5_GYR
28619,609697,1152037,1796066,2408619,00000000010_1_5_CTR
28866,614962,1161986,1811576,2429419,00000000010_1_5_CTB
16099,342980,648069,1010362,1354948,00000000010_1_5_VRY
112781,801308,1356720,1960329,2488199,00000000010_2_1_SMG
2457,17457,29557,42707,54207,00000000010_2_1_PRS
49498,351679,595439,860351,1092024,00000000010_2_1_AC1
2457,17457,29557,42707,54207,00000000010_2_1_WTF
66297,471040,797532,1152356,1462659,00000000010_2_1_CV1
52338,371857,629603,909715,1154679,00000000010_2_1_GYR
118944,845097,1430860,2067453,2624170,00000000010_2_1_CTR
119939,852168,1442832,2084752,2646127,00000000010_2_1_CTB
66964,475780,805558,1163953,1477378,00000000010_2_1_VRY
98065,678559,1281997,1777597,2348913,00000000010_2_2_SMG
2137,14787,27937,38738,51187,00000000010_2_2_PRS
43023,297693,562430,779856,1030500,00000000010_2_2_AC1
2137,14787,27937,38738,51187,00000000010_2_2_WTF
57599,398551,752981,1044071,1379633,00000000010_2_2_CV1
45447,314469,594125,823804,1088572,00000000010_2_2_GYR
103426,715657,1352086,1874780,2477331,00000000010_2_2_CTR
104347,722029,1364126,1891475,2499392,00000000010_2_2_CTB
58203,402736,760886,1055032,1394117,00000000010_2_2_VRY
16160,615247,1182200,1811127,2302333,00000000010_2_3_SMG
352,13402,25752,39452,50152,00000000010_2_3_PRS
7086,269775,518374,794147,1009532,00000000010_2_3_AC1
352,13402,25752,39452,50152,00000000010_2_3_WTF
9067,361168,694381,1064019,1352715,00000000010_2_3_CV1
7496,285371,548341,840056,1067892,00000000010_2_3_GYR
17053,649258,1247551,1911245,2429604,00000000010_2_3_CTR
17184,654227,1257099,1925872,2448198,00000000010_2_3_CTB
9597,365390,702098,1075613,1367336,00000000010_2_3_VRY
23459,652381,1210147,1793162,2366996,00000000010_2_4_SMG
511,14211,26361,39061,51562,00000000010_2_4_PRS
10288,286094,530697,786371,1038020,00000000010_2_4_AC1
511,14211,26361,39061,51562,00000000010_2_4_WTF
13385,383059,710908,1053599,1390892,00000000010_2_4_CV1
10883,302633,561375,831830,1098026,00000000010_2_4_GYR
24762,688609,1277349,1892740,2498440,00000000010_2_4_CTR
24945,693706,1286805,1906752,2516936,00000000010_2_4_CTB
13525,387071,718354,1064634,1405460,00000000010_2_4_VRY
20975,665809,1211967,1751241,2322641,00000000010_2_5_SMG
457,14507,26407,38157,50607,00000000010_2_5_PRS
9193,291821,531199,767560,1018002,00000000010_2_5_AC1
457,14507,26407,38157,50607,00000000010_2_5_WTF
12321,391109,711933,1028714,1364366,00000000010_2_5_CV1
9721,308574,561695,811625,1076445,00000000010_2_5_GYR
22122,702217,1278240,1847003,2449649,00000000010_2_5_CTR
22315,708366,1289434,1863178,2471102,00000000010_2_5_CTB
12452,395271,719509,1039660,1378884,00000000010_2_5_VRY
77268,680636,1196825,1761191,2325557,00000000010_3_1_SMG
1684,14835,26085,38384,50684,00000000010_3_1_PRS
33908,298680,525197,772855,1020513,00000000010_3_1_AC1
1684,14835,26085,38384,50684,00000000010_3_1_WTF
45444,400303,703890,1035811,1367733,00000000010_3_1_CV1
35848,315775,555256,817089,1078922,00000000010_3_1_GYR
81545,718313,1263076,1858683,2454291,00000000010_3_1_CTR
82194,724030,1273128,1873476,2473824,00000000010_3_1_CTB
45939,404663,711557,1047094,1382630,00000000010_3_1_VRY
50347,663044,1195424,1755341,2324438,00000000010_3_2_SMG
1097,14447,26047,38247,50647,00000000010_3_2_PRS
22109,291160,524943,770817,1020723,00000000010_3_2_AC1
1097,14447,26047,38247,50647,00000000010_3_2_WTF
29561,389296,701874,1030621,1364757,00000000010_3_2_CV1
23365,307699,554760,814601,1078702,00000000010_3_2_GYR
53113,699475,1261107,1851789,2452155,00000000010_3_2_CTR
53565,705423,1271832,1867538,2473009,00000000010_3_2_CTB
29883,393539,709524,1041853,1379631,00000000010_3_2_VRY
76080,647713,1203276,1728995,2323585,00000000010_3_3_SMG
1657,14108,26207,37657,50607,00000000010_3_3_PRS
33418,284500,528523,759438,1020604,00000000010_3_3_AC1
1657,14108,26207,37657,50607,00000000010_3_3_WTF
44726,380775,707377,1016434,1365979,00000000010_3_3_CV1
35283,300377,558019,801821,1077562,00000000010_3_3_GYR
80249,683202,1269204,1823727,2450895,00000000010_3_3_CTR
80952,689191,1280331,1839715,2472381,00000000010_3_3_CTB
45220,384981,715191,1027662,1381068,00000000010_3_3_VRY
58955,674208,1225181,1750901,2313352,00000000010_3_4_SMG
1284,14684,26684,38134,50384,00000000010_3_4_PRS
25889,296062,538008,768865,1015852,00000000010_3_4_AC1
1284,14684,26684,38134,50384,00000000010_3_4_WTF
34625,395973,719569,1028332,1358669,00000000010_3_4_CV1
27322,312451,567790,811426,1072085,00000000010_3_4_GYR
62211,711448,1292854,1847612,2441131,00000000010_3_4_CTR
62731,717400,1303671,1863071,2461556,00000000010_3_4_CTB
35032,400627,728026,1040419,1374639,00000000010_3_4_VRY
96969,732865,1304483,1823301,2385736,00000000010_3_5_SMG
2112,15962,28412,39712,51963,00000000010_3_5_PRS
42600,321958,573077,801000,1048086,00000000010_3_5_AC1
2113,15965,28416,39718,51970,00000000010_3_5_WTF
56958,430474,766234,1070980,1401346,00000000010_3_5_CV1
44977,339925,605059,845703,1106577,00000000010_3_5_GYR
102314,773264,1376392,1923810,2517250,00000000010_3_5_CTR
103225,780149,1388647,1940938,2539661,00000000010_3_5_CTB
57583,435194,774636,1082723,1416711,00000000010_3_5_VRY
85883,694082,1286216,1804907,2397041,00000000001_1_1_SMG
1871,15121,28021,39321,52221,00000000001_1_1_PRS
37642,304209,563735,791072,1050598,00000000001_1_1_AC1
1871,15121,28021,39321,52221,00000000001_1_1_WTF
50468,407866,755823,1060623,1408580,00000000001_1_1_CV1
39839,321967,596643,837250,1111926,00000000001_1_1_GYR
90625,732403,1357229,1904558,2529384,00000000001_1_1_CTR
91383,738529,1368582,1920488,2550541,00000000001_1_1_CTB
51039,412486,764384,1072636,1424535,00000000001_1_1_VRY
40599,628456,1170387,1721503,2284101,00000000001_1_2_SMG
884,13684,25484,37484,49734,00000000001_1_2_PRS
17802,275564,513189,754840,1001527,00000000001_1_2_AC1
884,13684,25484,37484,49734,00000000001_1_2_WTF
23865,369411,687961,1011911,1342609,00000000001_1_2_CV1
18816,291250,542400,797808,1058536,00000000001_1_2_GYR
42831,663004,1234726,1816137,2409662,00000000001_1_2_CTR
43206,668810,1245539,1832043,2430765,00000000001_1_2_CTB
24129,373493,695564,1023094,1357447,00000000001_1_2_VRY
25893,629590,1155243,1690077,2309843,00000000001_1_3_SMG
564,13714,25164,36815,50315,00000000001_1_3_PRS
11056,275862,506433,741032,1012885,00000000001_1_3_AC1
565,13715,25165,36815,50315,00000000001_1_3_WTF
14822,369808,678903,993396,1357831,00000000001_1_3_CV1
12011,292049,535884,783978,1071469,00000000001_1_3_GYR
27311,664077,1218524,1782655,2436369,00000000001_1_3_CTR
27536,669546,1228559,1797336,2456434,00000000001_1_3_CTB
14984,373848,686319,1004248,1372664,00000000001_1_3_VRY
108465,719202,1235802,1793731,2370027,00000000001_1_4_SMG
2377,15677,26927,39077,51627,00000000001_1_4_PRS
47585,315520,542157,786925,1039751,00000000001_1_4_AC1
2377,15677,26927,39077,51627,00000000001_1_4_WTF
63810,423105,727019,1055247,1394280,00000000001_1_4_CV1
50641,333989,573663,832511,1099880,00000000001_1_4_GYR
115150,759443,1304427,1893010,2500971,00000000001_1_4_CTR
116113,765797,1315341,1908849,2521896,00000000001_1_4_CTB
64452,427361,734332,1065861,1408305,00000000001_1_4_VRY
54041,639445,1165161,1729904,2271690,00000000001_1_5_SMG
1177,13927,25377,37677,49477,00000000001_1_5_PRS
23699,280416,510959,758615,996205,00000000001_1_5_AC1
1177,13927,25377,37677,49477,00000000001_1_5_WTF
31775,375974,685078,1017129,1335682,00000000001_1_5_CV1
25042,296302,539905,801591,1052640,00000000001_1_5_GYR
56995,674398,1228850,1824462,2395862,00000000001_1_5_CTR
57487,680222,1239462,1840217,2416552,00000000001_1_5_CTB
32076,379534,691565,1026759,1348329,00000000001_1_5_VRY
40577,644181,1197293,1715979,2292042,00000000001_2_1_SMG
884,14034,26084,37384,49934,00000000001_2_1_PRS
17619,279712,519880,745099,995233,00000000001_2_1_AC1
884,14034,26084,37384,49934,00000000001_2_1_WTF
23869,378919,704269,1009369,1348219,00000000001_2_1_CV1
18846,299181,556067,796964,1064508,00000000001_2_1_GYR
42795,679384,1262722,1809753,2417296,00000000001_2_1_CTR
43182,685525,1274137,1826112,2439147,00000000001_2_1_CTB
24086,382369,710683,1018561,1360497,00000000001_2_1_VRY
52819,695262,1190862,1736939,2305961,00000000001_2_2_SMG
1152,15151,25952,37851,50251,00000000001_2_2_PRS
22989,302611,518319,755997,1003661,00000000001_2_2_AC1
1152,15151,25952,37851,50251,00000000001_2_2_WTF
31068,408949,700458,1021657,1356352,00000000001_2_2_CV1
24512,322654,552649,806070,1070138,00000000001_2_2_GYR
54231,732068,1254971,1831133,2431503,00000000001_2_2_CTR
56195,739701,1266978,1847959,2453351,00000000001_2_2_CTB
31351,412674,706838,1030963,1368707,00000000001_2_2_VRY
104257,655148,1240470,1713318,2376683,00000000001_2_3_SMG
2271,14271,27021,37321,51771,00000000001_2_3_PRS
45420,285416,540413,746409,1035405,00000000001_2_3_AC1
2271,14271,27021,37321,51771,00000000001_2_3_WTF
61237,384811,728609,1006344,1395982,00000000001_2_3_CV1
48323,303662,574959,794124,1101594,00000000001_2_3_GYR
110000,691240,1308808,1807706,2507616,00000000001_2_3_CTR
110935,697114,1319929,1823067,2528924,00000000001_2_3_CTB
61969,389410,737316,1018370,1412664,00000000001_2_3_VRY
52819,626429,1241340,1892962,2386268,00000000001_2_4_SMG
1151,13651,27051,41251,52001,00000000001_2_4_PRS
23073,273638,542245,826888,1042374,00000000001_2_4_AC1
1151,13651,27051,41251,52001,00000000001_2_4_WTF
30602,367619,728900,1111751,1401585,00000000001_2_4_CV1
24512,290707,576069,878467,1107395,00000000001_2_4_GYR
55736,661031,1309907,1997521,2518075,00000000001_2_4_CTR
56195,666469,1320682,2013954,2538789,00000000001_2_4_CTB
31403,372440,738032,1125450,1418742,00000000001_2_4_VRY
85208,808263,1297186,1848086,2419644,00000000001_2_5_SMG
1871,17621,28271,40271,52721,00000000001_2_5_PRS
37566,353792,567620,808554,1058523,00000000001_2_5_AC1
1871,17621,28271,40271,52721,00000000001_2_5_WTF
50038,474648,761765,1085277,1420922,00000000001_2_5_CV1
39850,375304,602135,857719,1122887,00000000001_2_5_GYR
90614,853392,1369175,1950340,2553298,00000000001_2_5_CTR
90677,860138,1380441,1966697,2574939,00000000001_2_5_CTB
50632,480280,770805,1098156,1437783,00000000001_2_5_VRY
28326,611364,1143903,1724645,2289320,00000000001_3_1_SMG
617,13317,24918,37568,49867,00000000001_3_1_PRS
12430,268280,501970,756812,1004603,00000000001_3_1_AC1
617,13317,24918,37568,49867,00000000001_3_1_WTF
16671,359804,673217,1014999,1347324,00000000001_3_1_CV1
13143,283671,530767,800230,1062237,00000000001_3_1_GYR
29919,645748,1208237,1821642,2418074,00000000001_3_1_CTR
30164,651043,1218144,1836578,2437902,00000000001_3_1_CTB
16835,363347,679847,1024995,1360593,00000000001_3_1_VRY
40600,612398,1158936,1737623,2279569,00000000001_3_2_SMG
884,13334,25234,37834,49635,00000000001_3_2_PRS
17788,268297,507741,761269,998699,00000000001_3_2_AC1
884,13334,25234,37834,49635,00000000001_3_2_WTF
23843,359631,680585,1020419,1338676,00000000001_3_2_CV1
18808,283684,536859,804927,1055975,00000000001_3_2_GYR
42807,645681,1221923,1832061,2403460,00000000001_3_2_CTR
43182,651340,1232632,1848117,2424524,00000000001_3_2_CTB
24089,363346,687616,1030960,1352505,00000000001_3_2_VRY
62637,836404,1357607,1940803,2521703,00000000001_3_3_SMG
1364,18214,29564,42264,54914,00000000001_3_3_PRS
27457,366636,595103,850745,1105381,00000000001_3_3_AC1
1364,18212,29560,42259,54907,00000000001_3_3_WTF
36807,491485,797752,1140447,1481793,00000000001_3_3_CV1
29012,387405,628815,898939,1167999,00000000001_3_3_GYR
66050,881991,1431600,2046582,2659142,00000000001_3_3_CTR
66585,889126,1443181,2063138,2680654,00000000001_3_3_CTB
37163,496239,805469,1151479,1496128,00000000001_3_3_VRY
35761,582742,1136617,1718072,2276544,00000000001_3_4_SMG
778,12678,24728,37378,49528,00000000001_3_4_PRS
15663,255235,497827,752498,997103,00000000001_3_4_AC1
778,12678,24728,37378,49528,00000000001_3_4_WTF
20614,342086,667611,1009344,1337571,00000000001_3_4_CV1
16573,270062,526747,796212,1055027,00000000001_3_4_GYR
37726,614763,1199074,1812478,2401638,00000000001_3_4_CTR
38021,619570,1208450,1826651,2420418,00000000001_3_4_CTB
20820,345504,674282,1019430,1350935,00000000001_3_4_VRY
67567,655498,1195200,1750979,2302165,00000000001_3_5_SMG
1471,14272,26021,38121,50121,00000000001_3_5_PRS
29627,287422,524071,767768,1009452,00000000001_3_5_AC1
1471,14272,26021,38121,50121,00000000001_3_5_WTF
39695,385103,702177,1028695,1352515,00000000001_3_5_CV1
31326,303910,554132,811809,1067356,00000000001_3_5_GYR
71319,691900,1261574,1848217,2430011,00000000001_3_5_CTR
71877,697312,1271442,1862673,2449018,00000000001_3_5_CTB
40110,389128,709515,1039446,1366651,00000000001_3_5_VRY
71233,693542,1228590,1779712,2335427,10000001000_1_1_SMG
1551,15101,26752,38751,50851,10000001000_1_1_PRS
31212,303888,538329,779814,1023310,10000001000_1_1_AC1
1551,15101,26752,38751,50851,10000001000_1_1_WTF
41788,406856,720734,1044042,1370044,10000001000_1_1_CV1
33030,321583,569676,825221,1082896,10000001000_1_1_GYR
75115,731334,1295537,1876691,2462688,10000001000_1_1_CTR
75763,737649,1306725,1892897,2483954,10000001000_1_1_CTB
42316,411997,729841,1057234,1387355,10000001000_1_1_VRY
27118,605247,1153552,1701857,2286869,10000001000_1_2_SMG
591,13191,25141,37091,49841,10000001000_1_2_PRS
11908,265778,506552,747325,1004217,10000001000_1_2_AC1
591,13190,25138,37087,49835,10000001000_1_2_WTF
15926,355463,677483,999503,1343082,10000001000_1_2_CV1
12598,281177,535901,790624,1062401,10000001000_1_2_GYR
28604,638424,1216785,1795147,2412227,10000001000_1_2_CTR
28850,643927,1227273,1810619,2433017,10000001000_1_2_CTB
16099,359306,684808,1010310,1357603,10000001000_1_2_VRY
36926,636269,1152944,1706360,2301111,10000001000_1_3_SMG
804,13854,25104,37154,50104,10000001000_1_3_PRS
16219,279475,506420,749503,1010741,10000001000_1_3_AC1
804,13853,25101,37150,50098,10000001000_1_3_WTF
21686,373668,677101,1002111,1351396,10000001000_1_3_CV1
17141,295348,535182,792071,1068147,10000001000_1_3_GYR
38954,671224,1216284,1800103,2427528,10000001000_1_3_CTR
39280,676838,1226458,1815161,2447834,10000001000_1_3_CTB
21920,377706,684417,1012939,1365998,10000001000_1_3_VRY
63118,664433,1215256,1759194,2335263,10000001000_1_4_SMG
1391,14491,26491,38341,50891,10000001000_1_4_PRS
27688,288438,527294,763163,1012966,10000001000_1_4_AC1
1376,14479,26483,38336,50889,10000001000_1_4_WTF
37068,390209,713698,1033143,1371457,10000001000_1_4_CV1
29295,308384,564038,816497,1083869,10000001000_1_4_GYR
66622,701322,1282727,1856864,2464917,10000001000_1_4_CTR
67142,706800,1292745,1871367,2484169,10000001000_1_4_CTB
37531,395087,722620,1046058,1388602,10000001000_1_4_VRY
36911,640609,1209876,1758484,2346114,10000001000_1_5_SMG
804,13954,26354,38304,51104,10000001000_1_5_PRS
16217,281456,531566,772600,1030779,10000001000_1_5_AC1
804,13954,26354,38304,51104,10000001000_1_5_WTF
21680,376258,710613,1032835,1377976,10000001000_1_5_CV1
17122,297162,561230,815715,1088302,10000001000_1_5_GYR
38928,675616,1275991,1854578,2474320,10000001000_1_5_CTR
39254,681269,1286668,1870096,2495023,10000001000_1_5_CTB
21907,380208,718074,1043679,1392443,10000001000_1_5_VRY
111572,712802,1199294,1802818,2344384,10000001000_2_1_SMG
2431,15531,26131,39281,51081,10000001000_2_1_PRS
48974,312879,526421,791333,1029050,10000001000_2_1_AC1
2431,15531,26131,39281,51081,10000001000_2_1_WTF
65535,418681,704433,1058927,1377028,10000001000_2_1_CV1
51729,330480,556035,835850,1086939,10000001000_2_1_GYR
117702,751962,1265180,1901861,2473180,10000001000_2_1_CTR
118654,758044,1275413,1917244,2493183,10000001000_2_1_CTB
66243,423209,712051,1070379,1391920,10000001000_2_1_VRY
76028,683972,1195563,1803507,2335745,10000001000_2_2_SMG
1657,14907,26057,39307,50907,10000001000_2_2_PRS
33341,299945,524296,790900,1024304,10000001000_2_2_AC1
1657,14907,26057,39307,50907,10000001000_2_2_WTF
44644,401628,702034,1059019,1371549,10000001000_2_2_CV1
35297,317542,555053,837298,1084395,10000001000_2_2_GYR
80228,721759,1261612,1903143,2464785,10000001000_2_2_CTR
80844,727303,1271304,1917763,2483719,10000001000_2_2_CTB
45136,406059,709780,1070703,1386681,10000001000_2_2_VRY
83507,703945,1237063,1820735,2367640,10000001000_2_3_SMG
1817,15317,26917,39617,51517,10000001000_2_3_PRS
36081,304153,534496,786682,1022983,10000001000_2_3_AC1
1817,15317,26917,39617,51517,10000001000_2_3_WTF
49059,413557,726755,1069653,1390950,10000001000_2_3_CV1
38716,326364,573529,844131,1097688,10000001000_2_3_GYR
88097,742636,1305055,1920806,2497770,10000001000_2_3_CTR
88807,748622,1315575,1936290,2517905,10000001000_2_3_CTB
49570,417865,734326,1080797,1405442,10000001000_2_3_VRY
29561,617102,1163331,1760053,2308577,10000001000_2_4_SMG
644,13444,25344,38344,50295,10000001000_2_4_PRS
12955,270436,509813,771317,1011699,10000001000_2_4_AC1
644,13443,25341,38339,50288,10000001000_2_4_WTF
17373,362667,683682,1034371,1356735,10000001000_2_4_CV1
13717,286338,539791,816672,1071190,10000001000_2_4_GYR
31181,650924,1227091,1856517,2435104,10000001000_2_4_CTR
31450,656539,1237677,1872533,2456112,10000001000_2_4_CTB
17548,366321,690570,1044792,1370404,10000001000_2_4_VRY
23460,656997,1166582,1728961,2289045,10000001000_2_5_SMG
511,14312,25411,37661,49861,10000001000_2_5_PRS
10289,288148,511643,758293,1003937,10000001000_2_5_AC1
511,14312,25411,37661,49861,10000001000_2_5_WTF
13790,386178,685708,1016270,1345482,10000001000_2_5_CV1
10888,304926,541435,802447,1062394,10000001000_2_5_GYR
24752,693175,1230820,1824166,2415091,10000001000_2_5_CTR
24952,698781,1240774,1838919,2434623,10000001000_2_5_CTB
13940,390396,693197,1027369,1360178,10000001000_2_5_VRY
116454,749900,1325968,1869906,2436794,10000001000_3_1_SMG
2537,16338,28887,40738,53087,10000001000_3_1_PRS
50452,324881,574453,810104,1055698,10000001000_3_1_AC1
2537,16338,28887,40738,53087,10000001000_3_1_WTF
68392,440407,778725,1098173,1431100,10000001000_3_1_CV1
53977,347583,614595,866713,1129469,10000001000_3_1_GYR
122852,791102,1398822,1972645,2570681,10000001000_3_1_CTR
123894,797814,1410690,1989382,2592492,10000001000_3_1_CTB
69140,445225,787245,1110188,1446757,10000001000_3_1_VRY
62649,670770,1193984,1753915,2329910,10000001000_3_2_SMG
1365,14615,26015,38215,50765,10000001000_3_2_PRS
27540,294867,524870,771012,1024216,10000001000_3_2_AC1
1365,14615,26015,38215,50765,10000001000_3_2_WTF
36791,393916,701178,1030002,1368260,10000001000_3_2_CV1
29028,310794,553219,812657,1079537,10000001000_3_2_GYR
66091,707632,1259599,1850300,2457948,10000001000_3_2_CTR
66633,713431,1269921,1865464,2478091,10000001000_3_2_CTB
37182,398104,708632,1040952,1382806,10000001000_3_2_VRY
39339,707218,1329194,1811169,2357407,10000001000_3_3_SMG
857,15407,28957,39457,51357,10000001000_3_3_PRS
17303,311060,584627,796616,1036871,10000001000_3_3_AC1
857,15407,28957,39457,51357,10000001000_3_3_WTF
23140,415996,781852,1065357,1386662,10000001000_3_3_CV1
18250,328090,616634,840230,1093638,10000001000_3_3_GYR
41547,746915,1403804,1912833,2489732,10000001000_3_3_CTR
41847,752311,1413946,1926652,2507719,10000001000_3_3_CTB
23375,420227,789804,1076192,1400765,10000001000_3_3_VRY
54011,680386,1231045,1751877,2316302,10000001000_3_4_SMG
1177,14827,26827,38177,50477,10000001000_3_4_PRS
23734,298981,540956,769824,1017848,10000001000_3_4_AC1
1177,14827,26827,38177,50477,10000001000_3_4_WTF
31707,399413,722672,1028420,1359760,10000001000_3_4_CV1
25062,315709,571222,812895,1074796,10000001000_3_4_GYR
57026,718362,1299756,1849659,2445588,10000001000_3_4_CTR
57479,724079,1310100,1864378,2465050,10000001000_3_4_CTB
32083,404155,731252,1040630,1375904,10000001000_3_4_VRY
57715,672975,1184926,1754270,2314431,10000001000_3_5_SMG
1257,14657,25807,38207,50407,10000001000_3_5_PRS
25382,295953,521092,771471,1017812,10000001000_3_5_AC1
1257,14657,25807,38207,50407,10000001000_3_5_WTF
33857,394776,695094,1029079,1357677,10000001000_3_5_CV1
26729,311665,548757,812429,1071848,10000001000_3_5_GYR
60853,709554,1249332,1849623,2440232,10000001000_3_5_CTR
61394,715871,1260454,1866090,2461957,10000001000_3_5_CTB
34250,399359,703163,1041026,1373439,10000001000_3_5_VRY
91950,706780,1225257,1810263,2381505,20000001000_1_1_SMG
2004,15404,26704,39455,51904,20000001000_1_1_PRS
40334,310031,537462,794077,1044653,20000001000_1_1_AC1
2004,15402,26701,39449,51898,20000001000_1_1_WTF
54095,415802,720823,1064985,1401049,20000001000_1_1_CV1
42616,327574,567873,839008,1103763,20000001000_1_1_GYR
97043,745929,1293124,1910534,2513417,20000001000_1_1_CTR
97879,752354,1304263,1926991,2535067,20000001000_1_1_CTB
54591,419617,727437,1074756,1413903,20000001000_1_1_VRY
36890,621892,1142658,1725365,2280543,20000001000_1_2_SMG
804,13554,24904,37604,49704,20000001000_1_2_PRS
16182,272795,501231,756837,1000368,20000001000_1_2_AC1
804,13551,24898,37594,49691,20000001000_1_2_WTF
21692,365681,671899,1014539,1340991,20000001000_1_2_CV1
17097,288219,529571,799630,1056930,20000001000_1_2_GYR
38934,656344,1205961,1820951,2406886,20000001000_1_2_CTR
39263,661901,1216171,1836367,2427263,20000001000_1_2_CTB
21903,369232,678424,1024391,1354014,20000001000_1_2_VRY
22195,618339,1147991,1716620,2266907,20000001000_1_3_SMG
484,13484,25034,37434,49434,20000001000_1_3_PRS
9737,271241,503578,753013,994402,20000001000_1_3_AC1
484,13484,25034,37434,49434,20000001000_1_3_WTF
13048,363510,674881,1009167,1332669,20000001000_1_3_CV1
10290,286664,532212,795830,1050944,20000001000_1_3_GYR
23422,652510,1211431,1811484,2392181,20000001000_1_3_CTR
23618,657969,1221566,1826640,2412195,20000001000_1_3_CTB
13184,367285,681890,1019648,1346510,20000001000_1_3_VRY
31989,761707,1213765,1748433,2319816,20000001000_1_4_SMG
697,16597,26447,38097,50547,20000001000_1_4_PRS
14023,333906,532072,766452,1016926,20000001000_1_4_AC1
697,16582,26422,38061,50499,20000001000_1_4_WTF
18817,448071,713993,1028509,1364623,20000001000_1_4_CV1
14829,353103,562662,810517,1075391,20000001000_1_4_GYR
33779,804332,1281688,1846276,2449634,20000001000_1_4_CTR
34043,810622,1291711,1860714,2468790,20000001000_1_4_CTB
18994,452276,720692,1038159,1377427,20000001000_1_4_VRY
35662,623128,1153225,1697091,2309800,20000001000_1_5_SMG
778,13577,25127,36977,50327,20000001000_1_5_PRS
15675,273887,506884,745932,1015239,20000001000_1_5_AC1
778,13577,25127,36977,50327,20000001000_1_5_WTF
20980,366590,678450,998409,1358870,20000001000_1_5_CV1
16565,289443,535673,788298,1072902,20000001000_1_5_GYR
37627,657463,1216769,1790603,2437073,20000001000_1_5_CTR
37945,663036,1227082,1805779,2457729,20000001000_1_5_CTB
21173,369967,684699,1007605,1371386,20000001000_1_5_VRY
83322,688628,1243492,1841920,2353221,20000001000_2_1_SMG
1817,15017,27118,40167,51317,20000001000_2_1_PRS
36335,300296,542260,803221,1026187,20000001000_2_1_AC1
1817,15017,27118,40167,51317,20000001000_2_1_WTF
48614,404908,731511,1083757,1384718,20000001000_2_1_CV1
38617,319157,576318,853669,1090640,20000001000_2_1_GYR
87973,727069,1312906,1944739,2484581,20000001000_2_1_CTR
88721,733251,1324069,1961275,2505707,20000001000_2_1_CTB
49049,408526,738048,1093441,1397090,20000001000_2_1_VRY
98119,695002,1211535,1808417,2347907,20000001000_2_2_SMG
2137,15137,26387,39387,51138,20000001000_2_2_PRS
42947,304206,530296,791555,1027693,20000001000_2_2_AC1
2137,15137,26387,39387,51138,20000001000_2_2_WTF
57626,408181,711546,1062100,1378948,20000001000_2_2_CV1
45472,322090,561471,838089,1088108,20000001000_2_2_GYR
103497,733093,1277937,1907534,2476592,20000001000_2_2_CTR
104418,739620,1289314,1924515,2498640,20000001000_2_2_CTB
58244,412553,719168,1073478,1393719,20000001000_2_2_VRY
44298,623291,1188498,1778979,2305127,20000001000_2_3_SMG
964,13564,25864,38714,50164,20000001000_2_3_PRS
19374,272592,519782,778024,1008132,20000001000_2_3_AC1
964,13563,25861,38709,50158,20000001000_2_3_WTF
26017,366070,698026,1044825,1353841,20000001000_2_3_CV1
20543,289050,551164,824998,1068998,20000001000_2_3_GYR
46745,657725,1254157,1877260,2432475,20000001000_2_3_CTR
47135,663205,1264606,1892900,2452741,20000001000_2_3_CTB
26299,370037,705591,1056149,1368514,20000001000_2_3_VRY
74953,727114,1266755,1898249,2575670,20000001000_2_4_SMG
1632,15832,27582,41332,56082,20000001000_2_4_PRS
32873,318899,555575,832537,1129641,20000001000_2_4_AC1
1632,15832,27582,41332,56082,20000001000_2_4_WTF
44063,427447,744684,1115918,1514152,20000001000_2_4_CV1
34745,337061,587216,879951,1193975,20000001000_2_4_GYR
79059,766949,1336153,2002243,2716776,20000001000_2_4_CTR
79699,773152,1346960,2018437,2738750,20000001000_2_4_CTB
44538,432057,752715,1127953,1530481,20000001000_2_4_VRY
49201,683157,1179296,1804065,2346143,20000001000_2_5_SMG
1071,14871,25671,39271,51072,20000001000_2_5_PRS
20942,294857,509225,779171,1013388,20000001000_2_5_AC1
1071,14871,25671,39271,51072,20000001000_2_5_WTF
28484,401043,692612,1059772,1378338,20000001000_2_5_CV1
22814,316776,546833,836535,1087894,20000001000_2_5_GYR
51921,720923,1244490,1903796,2475842,20000001000_2_5_CTR
52347,726843,1254709,1919429,2496172,20000001000_2_5_CTB
28793,405403,700141,1071293,1393322,20000001000_2_5_VRY
106665,691851,1208191,1807146,2373973,20000001000_3_1_SMG
2324,15075,26324,39375,51724,20000001000_3_1_PRS
46800,303555,530102,792898,1041597,20000001000_3_1_AC1
2324,15075,26324,39375,51724,20000001000_3_1_WTF
62620,406166,709294,1060923,1393690,20000001000_3_1_CV1
49499,321058,560668,838617,1101656,20000001000_3_1_GYR
112462,729451,1273853,1905360,2502992,20000001000_3_1_CTR
113448,735846,1285021,1922064,2524935,20000001000_3_1_CTB
63286,410482,716832,1072197,1408501,20000001000_3_1_VRY
72506,663309,1189744,1773651,2311581,20000001000_3_2_SMG
1577,14427,25877,38577,50277,20000001000_3_2_PRS
31770,290640,521307,777155,1012858,20000001000_3_2_AC1
1579,14439,25899,38609,50319,20000001000_3_2_WTF
42172,389313,698633,1041722,1357795,20000001000_3_2_CV1
33597,307355,551286,821848,1071106,20000001000_3_2_GYR
76500,699846,1255279,1871349,2438910,20000001000_3_2_CTR
77118,705500,1265421,1886468,2458613,20000001000_3_2_CTB
43044,393776,706296,1052934,1372278,20000001000_3_2_VRY
58923,662375,1178635,1747670,2323587,20000001000_3_3_SMG
1284,14434,25684,38084,50634,20000001000_3_3_PRS
25529,290268,516756,766396,1019056,20000001000_3_3_AC1
1284,14434,25684,38084,50634,20000001000_3_3_WTF
34180,388628,691863,1026095,1364371,20000001000_3_3_CV1
27303,306922,546139,809810,1076670,20000001000_3_3_GYR
62168,698848,1243536,1843904,2451534,20000001000_3_3_CTR
62671,704506,1253605,1858834,2471384,20000001000_3_3_CTB
34537,392693,699099,1036828,1378641,20000001000_3_3_VRY
24660,614740,1191044,1691579,2277068,20000001000_3_4_SMG
537,13387,25937,36838,49587,20000001000_3_4_PRS
10504,261837,507303,720497,969875,20000001000_3_4_AC1
538,13389,25941,36842,49594,20000001000_3_4_WTF
14479,360927,699288,993163,1336916,20000001000_3_4_CV1
11444,285278,552719,784998,1056701,20000001000_3_4_GYR
26000,648160,1255794,1783540,2400858,20000001000_3_4_CTR
26232,653932,1266977,1799422,2422237,20000001000_3_4_CTB
14637,364883,706953,1004049,1351569,20000001000_3_4_VRY
78526,668269,1219003,1758262,2334237,20000001000_3_5_SMG
1712,14561,26561,38311,50861,20000001000_3_5_PRS
33462,284765,519444,749235,994670,20000001000_3_5_AC1
1712,14561,26561,38311,50861,20000001000_3_5_WTF
46131,392579,716110,1032901,1371261,20000001000_3_5_CV1
36438,310089,565640,815866,1083129,20000001000_3_5_GYR
82899,705482,1286882,1856170,2464218,20000001000_3_5_CTR
83581,711292,1297481,1871458,2484515,20000001000_3_5_CTB
46633,396852,723905,1044144,1386186,20000001000_3_5_VRY
53362,657226,1162359,1727190,2305797,30000001000_1_1_SMG
1177,14328,25327,37627,50227,30000001000_1_1_PRS
23083,280970,496693,737910,985011,30000001000_1_1_AC1
1177,14325,25324,37622,50220,30000001000_1_1_WTF
31356,386183,682996,1014888,1354874,30000001000_1_1_CV1
25089,305392,539865,802049,1070628,30000001000_1_1_GYR
56972,693484,1225927,1821296,2431185,30000001000_1_1_CTR
56771,699210,1236612,1837524,2453093,30000001000_1_1_CTB
31658,389907,689582,1024674,1367939,30000001000_1_1_VRY
41841,599862,1146401,1713607,2257850,30000001000_1_2_SMG
911,13061,24961,37311,49161,30000001000_1_2_PRS
17850,255916,489082,731066,963253,30000001000_1_2_AC1
911,13061,24961,37311,49161,30000001000_1_2_WTF
24562,352141,672979,1005950,1325440,30000001000_1_2_CV1
19385,277915,531126,793912,1046058,30000001000_1_2_GYR
44127,632637,1209038,1807236,2381215,30000001000_1_2_CTR
44520,638270,1219803,1823326,2402416,30000001000_1_2_CTB
24826,355920,680202,1016747,1339667,30000001000_1_2_VRY
46733,614229,1149559,1735436,2275361,30000001000_1_3_SMG
1017,13367,25017,37767,49518,30000001000_1_3_PRS
19919,261804,489980,739699,969833,30000001000_1_3_AC1
1017,13367,25017,37767,49518,30000001000_1_3_WTF
27493,361354,676291,1020964,1338605,30000001000_1_3_CV1
21670,284815,533045,804713,1055073,30000001000_1_3_GYR
49282,647731,1212260,1830092,2399467,30000001000_1_3_CTR
49713,653399,1222868,1846107,2420464,30000001000_1_3_CTB
27751,364744,682635,1030543,1351163,30000001000_1_3_VRY
57028,667691,1179638,1753569,2290769,30000001000_1_4_SMG
1257,14557,25707,38207,49907,30000001000_1_4_PRS
24616,285070,503420,748206,977327,30000001000_1_4_AC1
1257,14557,25707,38207,49907,30000001000_1_4_WTF
33507,392303,693098,1030312,1345944,30000001000_1_4_CV1
26736,309618,546771,812638,1061489,30000001000_1_4_GYR
60844,704610,1244309,1849353,2415674,30000001000_1_4_CTR
61386,710891,1255401,1865839,2437208,30000001000_1_4_CTB
33834,396126,699853,1040353,1359062,30000001000_1_4_VRY
93291,674351,1161246,1824985,2316474,30000001000_1_5_SMG
2031,14681,25281,39731,50431,30000001000_1_5_PRS
39752,287340,494806,777625,987048,30000001000_1_5_AC1
2031,14680,25278,39726,50425,30000001000_1_5_WTF
54777,395949,681833,1071552,1360132,30000001000_1_5_CV1
43269,312768,538592,846438,1074393,30000001000_1_5_GYR
98416,711393,1225034,1925234,2443721,30000001000_1_5_CTR
99211,717140,1234930,1940785,2463460,30000001000_1_5_CTB
55345,400054,688901,1082660,1374232,30000001000_1_5_VRY
23466,602065,1164592,1694974,2271277,30000001000_2_1_SMG
511,13111,25361,36911,49461,30000001000_2_1_PRS
10001,256581,496312,722344,967946,30000001000_2_1_AC1
511,13111,25361,36911,49461,30000001000_2_1_WTF
13364,353489,684167,995948,1334724,30000001000_2_1_CV1
10893,279472,540590,786788,1054301,30000001000_2_1_GYR
24755,635136,1228562,1788077,2396036,30000001000_2_1_CTR
24962,640449,1238838,1803034,2416079,30000001000_2_1_CTB
13501,357130,691214,1006207,1348473,30000001000_2_1_VRY
67513,687102,1212606,1804659,2337047,30000001000_2_2_SMG
1472,14971,26421,39321,50922,30000001000_2_2_PRS
28803,293139,517334,769922,997054,30000001000_2_2_AC1
1472,14971,26421,39321,50922,30000001000_2_2_WTF
39693,403969,712930,1061016,1374024,30000001000_2_2_CV1
31331,318863,562732,837485,1084549,30000001000_2_2_GYR
71215,724781,1279101,1903620,2465202,30000001000_2_2_CTR
71837,731114,1290278,1920253,2486743,30000001000_2_2_CTB
40134,408455,720845,1072796,1389279,30000001000_2_2_VRY
46670,638640,1196193,1776691,2295239,30000001000_2_3_SMG
1017,13917,26068,38718,50017,30000001000_2_3_PRS
19919,272574,510540,758299,979617,30000001000_2_3_AC1
1017,13917,26068,38718,50017,30000001000_2_3_WTF
27433,375403,703143,1044369,1349180,30000001000_2_3_CV1
21661,296414,555192,824620,1065294,30000001000_2_3_GYR
48449,672784,1260821,1873057,2419955,30000001000_2_3_CTR
49652,679454,1272639,1890236,2441923,30000001000_2_3_CTB
27733,379505,710824,1055778,1363919,30000001000_2_3_VRY
83371,718858,1232754,1872830,2354607,30000001000_2_5_SMG
1817,15668,26867,40817,51317,30000001000_2_5_PRS
35588,306852,526213,799435,1005087,30000001000_2_5_AC1
1817,15668,26867,40817,51317,30000001000_2_5_WTF
49027,422726,724923,1101320,1384629,30000001000_2_5_CV1
38695,333645,572160,869239,1092847,30000001000_2_5_GYR
87975,758560,1300837,1976264,2484649,30000001000_2_5_CTR
88710,764898,1311707,1992777,2505411,30000001000_2_5_CTB
49574,427446,733018,1113619,1400092,30000001000_2_5_VRY
100600,695195,1264537,1799442,2336644,30000001000_3_1_SMG
2191,15141,27541,39191,50891,30000001000_3_1_PRS
42896,296431,539199,767283,996345,30000001000_3_1_AC1
2191,15141,27541,39191,50891,30000001000_3_1_WTF
58711,408267,742978,1057443,1373259,30000001000_3_1_CV1
46643,322322,586294,834299,1083369,30000001000_3_1_GYR
106186,733801,1334761,1899372,2466407,30000001000_3_1_CTR
107042,739718,1345523,1914687,2486293,30000001000_3_1_CTB
59319,412498,750677,1068401,1387490,30000001000_3_1_VRY
101074,757739,1228425,1797840,2360368,30000001000_3_2_SMG
2217,16517,26768,39168,51417,30000001000_3_2_PRS
43392,323276,523892,766588,1006348,30000001000_3_2_AC1
2217,16517,26768,39168,51417,30000001000_3_2_WTF
59440,445615,722419,1057283,1388097,30000001000_3_2_CV1
46930,351829,570375,834763,1095952,30000001000_3_2_GYR
106615,799278,1295768,1896399,2489765,30000001000_3_2_CTR
107577,806490,1307460,1913511,2512230,30000001000_3_2_CTB
60008,449874,729323,1067388,1401364,30000001000_3_2_VRY
100545,699408,1201902,1860421,2346854,30000001000_3_3_SMG
2191,15241,26191,40541,51141,30000001000_3_3_PRS
42837,297980,512066,792626,999868,30000001000_3_3_AC1
2191,15241,26191,40541,51141,30000001000_3_3_WTF
58727,410921,706440,1093717,1379790,30000001000_3_3_CV1
46660,324570,557760,863355,1089091,30000001000_3_3_GYR
105997,737335,1267078,1961307,2474118,30000001000_3_3_CTR
106955,743997,1278526,1979028,2496472,30000001000_3_3_CTB
59672,415087,713309,1104130,1392820,30000001000_3_3_VRY
28330,641299,1171621,1727196,2285067,30000001000_3_4_SMG
617,13967,25518,37617,49767,30000001000_3_4_PRS
12069,273183,499092,735758,973402,30000001000_3_4_AC1
617,13966,25514,37613,49761,30000001000_3_4_WTF
16651,376928,688628,1015171,1343063,30000001000_3_4_CV1
13140,297439,543406,801085,1059829,30000001000_3_4_GYR
29894,676702,1236300,1822546,2411214,30000001000_3_4_CTR
30140,682266,1246464,1837530,2431037,30000001000_3_4_CTB
16827,380910,695903,1025896,1357253,30000001000_3_4_VRY
93228,694547,1240783,1860463,2363093,30000001000_3_5_SMG
2031,15131,27031,40531,51481,30000001000_3_5_PRS
39741,296071,528920,793077,1007337,30000001000_3_5_AC1
2031,15131,27031,40531,51481,30000001000_3_5_WTF
54784,408140,729128,1093273,1388635,30000001000_3_5_CV1
43252,322228,575648,863142,1096332,30000001000_3_5_GYR
98309,732401,1308408,1961861,2491884,30000001000_3_5_CTR
99184,738921,1320056,1979327,2514069,30000001000_3_5_CTB
55324,412164,736317,1104053,1402328,30000001000_3_5_VRY
33220,641172,1145887,1737780,2276907,40000001000_1_1_SMG
724,13975,24974,37874,49624,40000001000_1_1_PRS
14177,273617,489002,741589,971659,40000001000_1_1_AC1
724,13975,24974,37874,49624,40000001000_1_1_WTF
19149,376977,674042,1022417,1339737,40000001000_1_1_CV1
15397,297179,531111,805450,1055332,40000001000_1_1_GYR
35092,677314,1210479,1835735,2405252,40000001000_1_1_CTR
35352,682331,1219446,1849335,2423071,40000001000_1_1_CTB
19361,381156,681513,1033751,1354588,40000001000_1_1_VRY
72398,657728,1291262,1858229,2521603,40000001000_1_2_SMG
1577,14328,28127,40477,54927,40000001000_1_2_PRS
30849,280262,550214,791801,1074468,40000001000_1_2_AC1
1577,14327,28127,40477,54927,40000001000_1_2_WTF
42566,386709,759192,1092538,1482566,40000001000_1_2_CV1
33553,304820,598427,861185,1168621,40000001000_1_2_GYR
76353,693665,1361814,1959758,2659378,40000001000_1_2_CTR
77003,699565,1373398,1976429,2682000,40000001000_1_2_CTB
42972,390394,766427,1102949,1496694,40000001000_1_2_VRY
52804,633138,1124013,1713522,2289268,40000001000_1_3_SMG
1151,13801,24501,37351,49901,40000001000_1_3_PRS
22525,270084,479482,730955,976556,40000001000_1_3_AC1
1151,13801,24501,37351,49901,40000001000_1_3_WTF
31030,372052,660507,1006921,1345248,40000001000_1_3_CV1
24473,293431,520930,794140,1060973,40000001000_1_3_GYR
55683,667664,1185308,1806965,2414108,40000001000_1_3_CTR
56187,673698,1196020,1823294,2435924,40000001000_1_3_CTB
31381,376261,667978,1018311,1360465,40000001000_1_3_VRY
51678,670055,1173493,1665437,2283814,40000001000_1_4_SMG
1124,14574,25524,36224,49675,40000001000_1_4_PRS
22012,285408,499845,709387,972782,40000001000_1_4_AC1
1126,14592,25556,36269,49735,40000001000_1_4_WTF
30366,393731,689556,978627,1341992,40000001000_1_4_CV1
23958,310640,544035,772102,1058783,40000001000_1_4_GYR
54518,706882,1237988,1756969,2409333,40000001000_1_4_CTR
54989,712987,1248681,1772144,2430143,40000001000_1_4_CTB
30676,397740,696576,988590,1355654,40000001000_1_4_VRY
64302,647176,1158911,1771617,2290236,40000001000_1_5_SMG
1417,14117,25268,38618,49917,40000001000_1_5_PRS
27719,276154,494267,755416,976464,40000001000_1_5_AC1
1417,14117,25268,38618,49917,40000001000_1_5_WTF
37781,380245,680913,1040906,1345619,40000001000_1_5_CV1
30193,300795,538371,822823,1063595,40000001000_1_5_GYR
68600,683426,1223214,1869507,2416557,40000001000_1_5_CTR
69163,689038,1233260,1884861,2436404,40000001000_1_5_CTB
38178,384249,688082,1051865,1359785,40000001000_1_5_VRY
47921,607906,1183956,1760006,2381957,40000001000_2_1_SMG
1044,13244,25794,38344,51894,40000001000_2_1_PRS
20445,259359,505128,750896,1016247,40000001000_2_1_AC1
1044,13244,25794,38344,51894,40000001000_2_1_WTF
28170,357358,695989,1034620,1400234,40000001000_2_1_CV1
22245,282196,549604,817012,1105727,40000001000_2_1_GYR
50589,641757,1249884,1858011,2514595,40000001000_2_1_CTR
50978,646688,1259488,1872288,2533917,40000001000_2_1_CTB
28444,360828,702748,1044668,1413832,40000001000_2_1_VRY
58891,669374,1142153,1759520,2305741,40000001000_2_2_SMG
1283,14583,24883,38333,50233,40000001000_2_2_PRS
25101,285306,486818,749957,982772,40000001000_2_2_AC1
1283,14583,24883,38333,50233,40000001000_2_2_WTF
34680,394177,672585,1036137,1357792,40000001000_2_2_CV1
27321,310537,529869,816279,1069683,40000001000_2_2_GYR
62187,706827,1206060,1857971,2434755,40000001000_2_2_CTR
62665,712261,1215332,1872255,2453473,40000001000_2_2_CTB
34989,397693,678584,1045378,1369903,40000001000_2_2_VRY
27117,600657,1132902,1828032,2305217,40000001000_2_3_SMG
591,13091,24691,39841,50241,40000001000_2_3_PRS
11568,256221,483259,779778,983330,40000001000_2_3_AC1
591,13091,24691,39841,50241,40000001000_2_3_WTF
15977,353891,667475,1077027,1358172,40000001000_2_3_CV1
12580,278641,525545,848011,1069373,40000001000_2_3_GYR
28626,634081,1195943,1929754,2433492,40000001000_2_3_CTR
28889,639905,1206927,1947478,2455843,40000001000_2_3_CTB
16118,357021,673378,1086552,1370183,40000001000_2_3_VRY
20975,668104,1195904,1769599,2345590,40000001000_2_4_SMG
457,14557,26057,38557,51107,40000001000_2_4_PRS
8935,284607,509446,753836,999204,40000001000_2_4_AC1
457,14556,26054,38552,51101,40000001000_2_4_WTF
12332,392796,703103,1040394,1379034,40000001000_2_4_CV1
9723,309704,554369,820309,1087314,40000001000_2_4_GYR
22118,704525,1261098,1866069,2473459,40000001000_2_4_CTR
22309,710610,1271990,1882186,2494823,40000001000_2_4_CTB
12445,396400,709555,1049941,1391688,40000001000_2_4_VRY
111826,703819,1289059,1894557,2297472,40000001000_2_5_SMG
2484,15635,28634,42084,51034,40000001000_2_5_PRS
48743,306779,561872,825795,1001417,40000001000_2_5_AC1
2485,15636,28638,42089,51040,40000001000_2_5_WTF
67010,421748,772440,1135271,1376709,40000001000_2_5_CV1
52897,332926,609760,896177,1086767,40000001000_2_5_GYR
120364,757556,1387479,2039207,2472884,40000001000_2_5_CTR
121406,764109,1399482,2056848,2494278,40000001000_2_5_CTB
67710,426158,780516,1147141,1391103,40000001000_2_5_VRY
56467,627550,1152764,1785772,2322453,40000001000_3_1_SMG
1231,13681,25131,38931,50631,40000001000_3_1_PRS
24101,267843,492008,762180,991239,40000001000_3_1_AC1
1231,13679,25128,38926,50624,40000001000_3_1_WTF
33213,369117,678040,1050367,1366035,40000001000_3_1_CV1
26190,291067,534669,828267,1077187,40000001000_3_1_GYR
59610,662479,1216925,1885166,2451719,40000001000_3_1_CTR
60092,667845,1226782,1900435,2471576,40000001000_3_1_CTB
33537,372716,684652,1060609,1379355,40000001000_3_1_VRY
93239,694628,1220270,1764274,2335823,40000001000_3_2_SMG
2031,15131,26581,38431,50881,40000001000_3_2_PRS
39736,296028,520040,751877,995452,40000001000_3_2_AC1
2031,15131,26581,38431,50881,40000001000_3_2_WTF
54812,408345,717349,1037148,1373139,40000001000_3_2_CV1
43205,321873,565441,817519,1082359,40000001000_3_2_GYR
98364,732808,1287341,1861247,2464212,40000001000_3_2_CTR
99171,738824,1297910,1876527,2484442,40000001000_3_2_CTB
55351,412365,724411,1047359,1386658,40000001000_3_2_VRY
81511,726691,1224927,1725458,2363750,40000001000_3_3_SMG
1791,15841,26692,37591,51491,40000001000_3_3_PRS
35045,309962,522264,735544,1007526,40000001000_3_3_AC1
1792,15844,26695,37597,51499,40000001000_3_3_WTF
47905,427086,719906,1014074,1389207,40000001000_3_3_CV1
38188,337757,569097,801503,1097874,40000001000_3_3_GYR
86895,768567,1294983,1823825,2498219,40000001000_3_3_CTR
86721,773140,1303221,1835745,2514835,40000001000_3_3_CTB
48389,431397,727173,1024311,1403230,40000001000_3_3_VRY
83991,605195,1091957,1709594,2269831,40000001000_3_4_SMG
1844,13194,23794,37244,49444,40000001000_3_4_PRS
36127,258486,466152,729652,968664,40000001000_3_4_AC1
1844,13194,23794,37244,49444,40000001000_3_4_WTF
49362,355671,641740,1004723,1333972,40000001000_3_4_CV1
39265,280941,506648,793040,1052815,40000001000_3_4_GYR
89342,639250,1152821,1804474,2395565,40000001000_3_4_CTR
90078,644514,1162314,1819333,2415291,40000001000_3_4_CTB
49882,359421,648505,1015315,1348035,40000001000_3_4_VRY
94420,681963,1205244,1772130,2343608,40000001000_3_5_SMG
2057,14858,26257,38607,51057,40000001000_3_5_PRS
40256,290750,513846,755534,999179,40000001000_3_5_AC1
2057,14858,26257,38607,51057,40000001000_3_5_WTF
55450,400496,707802,1040716,1376327,40000001000_3_5_CV1
43818,316477,559313,822387,1087590,40000001000_3_5_GYR
99622,719534,1271644,1869762,2472723,40000001000_3_5_CTR
100467,725638,1282431,1885623,2493699,40000001000_3_5_CTB
56038,404741,715305,1051749,1390917,40000001000_3_5_VRY
41823,590427,1171168,1731249,2284444,10100000000_1_1_SMG
911,12861,25511,37711,49761,10100000000_1_1_PRS
17842,256050,508212,751404,991606,10100000000_1_1_AC1
911,12860,25508,37707,49755,10100000000_1_1_WTF
24164,346776,688286,1017648,1342960,10100000000_1_1_CV1
19380,273586,542683,802207,1058541,10100000000_1_1_GYR
44108,622691,1235166,1825853,2409277,10100000000_1_1_CTR
44477,627902,1245502,1841132,2429439,10100000000_1_1_CTB
24433,350642,695960,1028994,1357933,10100000000_1_1_VRY
32012,640547,1235305,1786432,2296224,10100000000_1_2_SMG
697,13947,26897,38897,49997,10100000000_1_2_PRS
13907,278264,536637,776055,997517,10100000000_1_2_AC1
697,13947,26897,38897,49997,10100000000_1_2_WTF
18788,375943,725010,1048471,1347672,10100000000_1_2_CV1
14832,296771,572326,827667,1063858,10100000000_1_2_GYR
33761,675546,1302799,1884038,2421684,10100000000_1_2_CTR
34034,681017,1313351,1899297,2441298,10100000000_1_2_CTB
19014,380466,733734,1061087,1363888,10100000000_1_2_VRY
33056,608330,1121968,1713222,2272516,10100000000_1_3_SMG
725,13324,24574,37524,49774,10100000000_1_3_PRS
14249,262213,483611,738463,979540,10100000000_1_3_AC1
725,13324,24574,37524,49774,10100000000_1_3_WTF
19539,359570,663169,1012645,1343231,10100000000_1_3_CV1
15016,276334,509653,778230,1032289,10100000000_1_3_GYR
35064,645286,1190128,1817301,2410572,10100000000_1_3_CTR
35348,650506,1199755,1832002,2430073,10100000000_1_3_CTB
19738,363241,669940,1022985,1356946,10100000000_1_3_VRY
62627,650320,1173735,1736177,2312392,10100000000_1_4_SMG
1364,14164,25564,37814,50364,10100000000_1_4_PRS
27190,282340,509583,753769,1003936,10100000000_1_4_AC1
1364,14164,25564,37814,50364,10100000000_1_4_WTF
36805,382181,689783,1020319,1358950,10100000000_1_4_CV1
29060,301754,544623,805600,1072968,10100000000_1_4_GYR
66059,685963,1238065,1831333,2439129,10100000000_1_4_CTR
66603,691609,1248254,1846405,2459203,10100000000_1_4_CTB
37189,386176,696993,1030984,1373155,10100000000_1_4_VRY
37473,567857,1201563,1922517,2356468,10100000000_1_5_SMG
831,12381,26181,41881,51331,10100000000_1_5_PRS
16272,246571,521733,834780,1023206,10100000000_1_5_AC1
831,12381,26181,41881,51331,10100000000_1_5_WTF
22007,333490,705651,1129052,1383901,10100000000_1_5_CV1
17678,263377,556939,890919,1091945,10100000000_1_5_GYR
40251,599695,1268121,2028578,2486304,10100000000_1_5_CTR
39879,604308,1278690,2045923,2507728,10100000000_1_5_CTB
22267,337429,713987,1142389,1400249,10100000000_1_5_VRY
79011,645982,1201476,1768447,2349191,10100000000_2_1_SMG
1738,14087,26187,38537,51187,10100000000_2_1_PRS
34617,280741,521882,768005,1020107,10100000000_2_1_AC1
1738,14087,26187,38537,51187,10100000000_2_1_WTF
46425,379559,705950,1039084,1380311,10100000000_2_1_CV1
36937,299557,556860,819479,1088478,10100000000_2_1_GYR
84066,681772,1267378,1865084,2477309,10100000000_2_1_CTR
84047,687158,1278060,1881171,2498932,10100000000_2_1_CTB
46931,383702,713655,1050426,1395377,10100000000_2_1_VRY
80948,672909,1202922,1769645,2329484,10100000000_2_2_SMG
1764,14664,26214,38564,50764,10100000000_2_2_PRS
35215,292737,523308,769850,1013398,10100000000_2_2_AC1
1764,14664,26214,38564,50764,10100000000_2_2_WTF
47203,395543,707428,1040916,1370354,10100000000_2_2_CV1
37516,311864,557502,820153,1079614,10100000000_2_2_GYR
85373,709693,1268677,1866378,2456821,10100000000_2_2_CTR
86134,716019,1279987,1883017,2478723,10100000000_2_2_CTB
48107,399909,714894,1051696,1384407,10100000000_2_2_VRY
69316,671047,1213064,1761971,2320065,10100000000_2_3_SMG
1524,14624,26424,38374,50525,10100000000_2_3_PRS
30448,292165,527911,766653,1009391,10100000000_2_3_AC1
1510,14610,26410,38360,50510,10100000000_2_3_WTF
40770,394689,713486,1036336,1364589,10100000000_2_3_CV1
32038,310157,560677,814381,1072332,10100000000_2_3_GYR
73142,708091,1280030,1859240,2448143,10100000000_2_3_CTR
73764,714111,1290911,1875044,2468953,10100000000_2_3_CTB
41182,398685,720711,1046830,1378407,10100000000_2_3_VRY
80950,633918,1196065,1778862,2354776,10100000000_2_4_SMG
1764,13814,26064,38764,51315,10100000000_2_4_PRS
35452,277620,523807,779039,1031255,10100000000_2_4_AC1
1764,13814,26064,38764,51315,10100000000_2_4_WTF
47534,372239,702333,1044554,1382732,10100000000_2_4_CV1
37532,293910,554544,824751,1091768,10100000000_2_4_GYR
85420,668924,1262114,1877094,2484810,10100000000_2_4_CTR
86157,674696,1273004,1893291,2506251,10100000000_2_4_CTB
48070,376435,710251,1056329,1398320,10100000000_2_4_VRY
47928,614888,1145122,1806193,2301996,10100000000_2_5_SMG
1044,13394,24944,39344,50144,10100000000_2_5_PRS
20625,268152,499645,788259,1004719,10100000000_2_5_AC1
1045,13400,24955,39360,50165,10100000000_2_5_WTF
27754,360836,672342,1060713,1351991,10100000000_2_5_CV1
22209,284921,530615,836936,1066676,10100000000_2_5_GYR
50575,648847,1208364,1905944,2429129,10100000000_2_5_CTR
51005,654358,1218627,1922132,2449761,10100000000_2_5_CTB
28095,365265,680595,1073733,1368587,10100000000_2_5_VRY
25904,595410,1153435,1711459,2173035,10100000000_3_1_SMG
564,12964,25114,37265,47314,10100000000_3_1_PRS
11353,260958,505531,750103,952404,10100000000_3_1_AC1
564,12964,25114,37265,47314,10100000000_3_1_WTF
15201,349391,676844,1004296,1275152,10100000000_3_1_CV1
12000,275815,534311,792808,1006626,10100000000_3_1_GYR
27319,627938,1216448,1804958,2291750,10100000000_3_1_CTR
27536,632936,1226130,1819323,2309990,10100000000_3_1_CTB
15384,353605,685007,1016409,1290532,10100000000_3_1_VRY
82166,637280,1199275,1763564,2314090,10100000000_3_2_SMG
1791,13892,26141,38441,50441,10100000000_3_2_PRS
35763,277371,521975,767578,1007190,10100000000_3_2_AC1
1791,13890,26138,38436,50434,10100000000_3_2_WTF
47875,374226,704623,1036368,1360022,10100000000_3_2_CV1
38152,295900,556844,818853,1074471,10100000000_3_2_GYR
86692,672380,1265329,1860697,2441545,10100000000_3_2_CTR
87441,678188,1276259,1876770,2462635,10100000000_3_2_CTB
48851,378887,713015,1048506,1375815,10100000000_3_2_VRY
43027,598652,1154276,1723677,2274709,10100000000_3_3_SMG
937,13037,25137,37537,49537,10100000000_3_3_PRS
18748,260842,502936,751032,991125,10100000000_3_3_AC1
937,13034,25131,37527,49524,10100000000_3_3_WTF
25267,351544,677820,1012187,1335767,10100000000_3_3_CV1
19946,277516,535085,799041,1054481,10100000000_3_3_GYR
45374,631314,1217253,1817720,2398817,10100000000_3_3_CTR
45778,636926,1228075,1833880,2420143,10100000000_3_3_CTB
25548,355458,685369,1023459,1350643,10100000000_3_3_VRY
72317,645530,1225622,1769029,2339949,10100000000_3_4_SMG
1577,14077,26727,38577,51027,10100000000_3_4_PRS
31552,281647,534743,771833,1020928,10100000000_3_4_AC1
1577,14077,26727,38577,51027,10100000000_3_4_WTF
42562,379925,721336,1041155,1377168,10100000000_3_4_CV1
33521,299219,568105,819987,1084622,10100000000_3_4_GYR
76314,681204,1293354,1866790,2469261,10100000000_3_4_CTR
76940,686796,1303971,1882115,2489532,10100000000_3_4_CTB
42956,383441,728012,1050792,1389915,10100000000_3_4_VRY
55235,667683,1192966,1777888,2305464,10100000000_3_5_SMG
1204,14554,26004,38754,50254,10100000000_3_5_PRS
23854,288344,515191,767793,995631,10100000000_3_5_AC1
1204,14554,26004,38754,50254,10100000000_3_5_WTF
32465,392429,701163,1044949,1355031,10100000000_3_5_CV1
25602,309475,552946,824061,1068596,10100000000_3_5_GYR
58296,704673,1259057,1876384,2433188,10100000000_3_5_CTR
58743,710083,1268723,1890790,2451869,10100000000_3_5_CTB
32784,396291,708063,1055233,1368367,10100000000_3_5_VRY
41812,643048,1163967,1703244,2283827,20100000000_1_1_SMG
911,14011,25361,37111,49761,20100000000_1_1_PRS
18336,281997,510436,746926,1001531,20100000000_1_1_AC1
911,14011,25361,37111,49761,20100000000_1_1_WTF
24584,378094,684379,1001459,1342825,20100000000_1_1_CV1
19401,298379,540088,790316,1059710,20100000000_1_1_GYR
44085,678012,1227253,1795852,2408002,20100000000_1_1_CTR
44490,684238,1238523,1812342,2430114,20100000000_1_1_CTB
24813,381617,690757,1010791,1355338,20100000000_1_1_VRY
110302,661121,1179809,1723743,2336529,20100000000_1_2_SMG
2403,14403,25703,37553,50903,20100000000_1_2_PRS
48391,290043,517598,756229,1025067,20100000000_1_2_AC1
2403,14403,25703,37553,50903,20100000000_1_2_WTF
64808,388441,693195,1012783,1372825,20100000000_1_2_CV1
51189,306810,547520,799946,1084324,20100000000_1_2_GYR
116331,697260,1244301,1817968,2464251,20100000000_1_2_CTR
117368,703474,1255391,1834171,2486214,20100000000_1_2_CTB
65491,392534,700499,1023454,1387289,20100000000_1_2_VRY
107930,693255,1189061,1772091,2355121,20100000000_1_3_SMG
2351,15101,25901,38601,51301,20100000000_1_3_PRS
47325,303975,521373,777017,1032662,20100000000_1_3_AC1
2352,15106,25908,38612,51315,20100000000_1_3_WTF
63390,407168,698367,1040797,1383226,20100000000_1_3_CV1
50101,321805,551955,822594,1093232,20100000000_1_3_GYR
113859,731341,1254384,1869444,2484504,20100000000_1_3_CTR
114858,737757,1265390,1885846,2506302,20100000000_1_3_CTB
64126,411891,706468,1052870,1399271,20100000000_1_3_VRY
90098,680178,1189896,1750127,2340207,20100000000_1_4_SMG
1977,14828,25927,38127,50977,20100000000_1_4_PRS
39807,298537,522031,767674,1026404,20100000000_1_4_AC1
1977,14828,25927,38127,50977,20100000000_1_4_WTF
52872,399144,698259,1027016,1373288,20100000000_1_4_CV1
42119,315878,552355,812267,1086026,20100000000_1_4_GYR
95746,718070,1255642,1846487,2468811,20100000000_1_4_CTR
96573,724271,1266484,1862430,2490128,20100000000_1_4_CTB
53530,404113,706952,1039801,1390384,20100000000_1_4_VRY
72369,645996,1171438,1763421,2307219,20100000000_1_5_SMG
1577,14077,25527,38427,50277,20100000000_1_5_PRS
31727,283206,513562,773088,1011491,20100000000_1_5_AC1
1577,14077,25527,38427,50277,20100000000_1_5_WTF
42574,380030,689139,1037393,1357301,20100000000_1_5_CV1
33588,299822,543691,818444,1070833,20100000000_1_5_GYR
76459,682506,1237646,1863086,2437619,20100000000_1_5_CTR
77110,688312,1248173,1878933,2458353,20100000000_1_5_CTB
43028,384083,696490,1048459,1371780,20100000000_1_5_VRY
22229,566473,1156643,1703183,2318614,20100000000_2_1_SMG
485,12334,25184,37084,50484,20100000000_2_1_PRS
9763,248780,507967,747992,1018273,20100000000_2_1_AC1
484,12326,25167,37059,50450,20100000000_2_1_WTF
13061,332829,679583,1000700,1362295,20100000000_2_1_CV1
10310,262733,536457,789945,1075385,20100000000_2_1_GYR
23438,597258,1219503,1795745,2444623,20100000000_2_1_CTR
23646,602577,1230364,1811738,2466394,20100000000_2_1_CTB
13193,336179,686423,1010772,1376007,20100000000_2_1_VRY
71225,638358,1212379,1754255,2300723,20100000000_2_2_SMG
1551,13901,26401,38201,50101,20100000000_2_2_PRS
30892,276870,525835,760858,997873,20100000000_2_2_AC1
1551,13900,26398,38197,50095,20100000000_2_2_WTF
41407,374537,711713,1030008,1350999,20100000000_2_2_CV1
32981,295593,561395,812311,1065355,20100000000_2_2_GYR
75096,673051,1278268,1849593,2425760,20100000000_2_2_CTR
75765,679049,1289660,1866077,2447379,20100000000_2_2_CTB
42257,378726,719282,1040768,1364977,20100000000_2_2_VRY
66346,677427,1228778,1738778,2319993,20100000000_2_3_SMG
1444,14744,26744,37845,50494,20100000000_2_3_PRS
29146,297588,539792,763831,1019154,20100000000_2_3_AC1
1445,14747,26748,37850,50502,20100000000_2_3_WTF
38963,397824,721608,1021109,1362432,20100000000_2_3_CV1
30764,314110,569761,806239,1075738,20100000000_2_3_GYR
69999,714725,1296432,1834511,2447727,20100000000_2_3_CTR
70585,720702,1307273,1849852,2468196,20100000000_2_3_CTB
39402,402313,729751,1032631,1377806,20100000000_2_3_VRY
41847,866368,1350976,1936639,2501632,20100000000_2_4_SMG
911,18861,29411,42161,54461,20100000000_2_4_PRS
18381,380536,593391,850633,1098795,20100000000_2_4_AC1
911,18861,29411,42161,54461,20100000000_2_4_WTF
24613,509560,794585,1139046,1471350,20100000000_2_4_CV1
19393,401503,626086,897501,1159337,20100000000_2_4_GYR
44157,914191,1425548,2043539,2639718,20100000000_2_4_CTR
44543,922202,1438040,2061446,2662850,20100000000_2_4_CTB
24859,514661,802539,1150448,1486078,20100000000_2_4_VRY
106785,738578,1248608,1804586,2351374,20100000000_2_5_SMG
2324,16074,27174,39274,51174,20100000000_2_5_PRS
46856,324080,547875,791832,1031756,20100000000_2_5_AC1
2324,16074,27174,39274,51174,20100000000_2_5_WTF
62776,434192,734025,1060870,1382313,20100000000_2_5_CV1
49491,342303,578681,836355,1089771,20100000000_2_5_GYR
307781,950605,1469540,2035226,2591561,20100000000_2_5_CTR
113583,785594,1328091,1919461,2501057,20100000000_2_5_CTB
63405,438540,741377,1071496,1396158,20100000000_2_5_VRY
101836,721944,1201954,1796799,2350303,20100000000_3_1_SMG
2217,15717,26167,39117,51167,20100000000_3_1_PRS
44603,316203,526441,786975,1029403,20100000000_3_1_AC1
2217,15715,26164,39112,51161,20100000000_3_1_WTF
59851,424300,706410,1056011,1381315,20100000000_3_1_CV1
47213,334707,557248,833029,1089644,20100000000_3_1_GYR
107414,761490,1267793,1895221,2479044,20100000000_3_1_CTR
108327,767957,1278560,1911317,2500099,20100000000_3_1_CTB
60487,428811,713920,1067238,1396000,20100000000_3_1_VRY
25882,585725,1118034,1735238,2292786,20100000000_3_2_SMG
564,12764,24365,37814,49964,20100000000_3_2_PRS
11353,256928,490426,761162,1005731,20100000000_3_2_AC1
564,12764,24365,37814,49964,20100000000_3_2_WTF
15202,344025,656677,1019192,1346667,20100000000_3_2_CV1
12001,271590,518413,804600,1063125,20100000000_3_2_GYR
27304,617919,1179486,1830614,2418808,20100000000_3_2_CTR
27536,623157,1189485,1846133,2439313,20100000000_3_2_CTB
15369,347811,663903,1030406,1361486,20100000000_3_2_VRY
101778,726127,1251773,1791191,2358154,20100000000_3_3_SMG
2217,15818,27267,39017,51368,20100000000_3_3_PRS
44627,318385,548865,785384,1033980,20100000000_3_3_AC1
2217,15818,27267,39017,51368,20100000000_3_3_WTF
59778,426476,735203,1052019,1385013,20100000000_3_3_CV1
47161,336465,580033,829983,1092697,20100000000_3_3_GYR
107371,766024,1320553,1889610,2487726,20100000000_3_3_CTR
108297,772630,1331941,1905906,2509179,20100000000_3_3_CTB
60402,430930,742882,1063007,1399480,20100000000_3_3_VRY
85906,685087,1206213,1766367,2340295,20100000000_3_4_SMG
1871,14921,26271,38471,50971,20100000000_3_4_PRS
37657,300308,528743,774286,1025867,20100000000_3_4_AC1
1871,14921,26271,38471,50971,20100000000_3_4_WTF
50454,402358,708420,1037404,1374477,20100000000_3_4_CV1
39839,317709,559382,819153,1085312,20100000000_3_4_GYR
90625,722724,1272480,1863407,2468865,20100000000_3_4_CTR
91383,728768,1283121,1878990,2489511,20100000000_3_4_CTB
50969,406468,715658,1048002,1388518,20100000000_3_4_VRY
55267,635930,1166101,1714633,2297591,20100000000_3_5_SMG
1204,13854,25404,37354,50054,20100000000_3_5_PRS
24233,278835,511298,751812,1007420,20100000000_3_5_AC1
1204,13854,25404,37354,50054,20100000000_3_5_WTF
32457,373461,684813,1006947,1349299,20100000000_3_5_CV1
25609,294668,540331,794501,1064624,20100000000_3_5_GYR
58312,670965,1230345,1809097,2424172,20100000000_3_5_CTR
58790,676472,1240443,1823945,2444069,20100000000_3_5_CTB
32794,377341,691928,1017410,1363320,20100000000_3_5_VRY
69203,658879,1216432,1723508,2285650,30100000000_1_1_SMG
1524,14374,26524,37574,49824,30100000000_1_1_PRS
30690,289457,534127,756646,1003330,30100000000_1_1_AC1
1524,14374,26524,37574,49824,30100000000_1_1_WTF
40674,387257,714960,1012994,1343393,30100000000_1_1_CV1
32412,305699,564099,799104,1059631,30100000000_1_1_GYR
73769,695771,1283889,1818762,2411720,30100000000_1_1_CTR
74425,701955,1295300,1834927,2433155,30100000000_1_1_CTB
41098,391291,722408,1023546,1357388,30100000000_1_1_VRY
90798,471991,945037,1553568,2104690,30100000000_1_2_SMG
1977,10277,20578,33828,45828,30100000000_1_2_PRS
39807,206925,414312,681096,922713,30100000000_1_2_AC1
1977,10277,20578,33828,45828,30100000000_1_2_WTF
52972,277173,555399,913310,1237455,30100000000_1_2_CV1
42067,218674,437838,719771,975107,30100000000_1_2_GYR
95747,497716,996545,1638243,2219403,30100000000_1_2_CTR
96572,502008,1005140,1652372,2238544,30100000000_1_2_CTB
53961,280502,561631,923278,1250808,30100000000_1_2_VRY
52840,615211,1122492,1726180,2288550,30100000000_1_3_SMG
1151,13401,24451,37601,49851,30100000000_1_3_PRS
23160,269641,491977,756567,1003048,30100000000_1_3_AC1
1151,13401,24451,37601,49851,30100000000_1_3_WTF
31049,361499,659577,1014305,1344754,30100000000_1_3_CV1
24515,285420,520768,800842,1061747,30100000000_1_3_GYR
55699,648488,1183209,1819551,2412341,30100000000_1_3_CTR
56217,654522,1194218,1836480,2434785,30100000000_1_3_CTB
31353,365036,666031,1024230,1357912,30100000000_1_3_VRY
95673,669524,1167627,1803454,2322215,30100000000_1_4_SMG
2084,14584,25434,39284,50584,30100000000_1_4_PRS
41938,293485,511827,790540,1017938,30100000000_1_4_AC1
2084,14584,25434,39284,50584,30100000000_1_4_WTF
56201,393298,685898,1059401,1364137,30100000000_1_4_CV1
44320,310154,540897,835441,1075754,30100000000_1_4_GYR
100927,706296,1231755,1902503,2449756,30100000000_1_4_CTR
101786,712303,1242231,1918684,2470591,30100000000_1_4_CTB
56835,397734,693634,1071350,1379523,30100000000_1_4_VRY
34477,617507,1175287,1710114,2286257,30100000000_1_5_SMG
751,13451,25601,37251,49801,30100000000_1_5_PRS
15120,270795,515397,749933,1002589,30100000000_1_5_AC1
751,13451,25601,37251,49801,30100000000_1_5_WTF
20272,363073,691029,1005488,1344241,30100000000_1_5_CV1
15993,286446,545186,793279,1060537,30100000000_1_5_GYR
36352,651077,1239180,1803082,2410547,30100000000_1_5_CTR
36690,657146,1250731,1819889,2433017,30100000000_1_5_CTB
20461,366460,697475,1014868,1356780,30100000000_1_5_VRY
19052,618075,1129884,1868908,2408259,30100000000_2_1_SMG
431,13481,24631,40731,52481,30100000000_2_1_PRS
8628,269869,493075,815373,1050590,30100000000_2_1_AC1
431,13481,24631,40731,52481,30100000000_2_1_WTF
11190,363036,663655,1097732,1414527,30100000000_2_1_CV1
9164,286630,523699,866014,1115840,30100000000_2_1_GYR
20857,652353,1191908,1970995,2539584,30100000000_2_1_CTR
21037,657988,1202202,1988019,2561519,30100000000_2_1_CTB
11302,366654,670269,1108673,1428626,30100000000_2_1_VRY
98715,691267,1226401,1786799,2372460,30100000000_2_2_SMG
2164,15064,26715,38914,51664,30100000000_2_2_PRS
43332,301641,534920,779212,1034517,30100000000_2_2_AC1
2164,15064,26715,38914,51664,30100000000_2_2_WTF
57965,405911,720140,1049205,1393104,30100000000_2_2_CV1
46078,320757,568820,828593,1100078,30100000000_2_2_GYR
104747,729158,1293064,1883592,2500743,30100000000_2_2_CTR
104963,735022,1304029,1899899,2522632,30100000000_2_2_CTB
58609,410416,728134,1060852,1408569,30100000000_2_2_VRY
99373,689458,1208364,1757120,2342612,30100000000_2_3_SMG
2164,15014,26314,38264,51014,30100000000_2_3_PRS
43479,301656,528691,768786,1024954,30100000000_2_3_AC1
2164,15014,26314,38264,51014,30100000000_2_3_WTF
57887,404178,708699,1030736,1374332,30100000000_2_3_CV1
46103,319865,560606,815194,1086825,30100000000_2_3_GYR
104804,727134,1274397,1853140,2470628,30100000000_2_3_CTR
105695,733319,1285237,1868902,2491641,30100000000_2_3_CTB
58551,408810,716821,1042549,1390083,30100000000_2_3_VRY
120126,629638,1175871,1738170,2300469,30100000000_2_4_SMG
2617,13717,25617,37867,50118,30100000000_2_4_PRS
52551,275445,514404,760390,1006377,30100000000_2_4_AC1
2618,13718,25618,37868,50118,30100000000_2_4_WTF
70642,370270,691492,1022162,1352832,30100000000_2_4_CV1
55670,291792,544932,805518,1066103,30100000000_2_4_GYR
126691,664050,1240138,1833169,2426200,30100000000_2_4_CTR
127750,669601,1250504,1848492,2446480,30100000000_2_4_CTB
71289,373661,697826,1031525,1365223,30100000000_2_4_VRY
100531,694718,1192550,1809678,2355688,30100000000_2_5_SMG
2191,15141,25991,39441,51341,30100000000_2_5_PRS
44074,304570,522824,793378,1032753,30100000000_2_5_AC1
2192,15148,26002,39458,51362,30100000000_2_5_WTF
59084,408298,700883,1063580,1384480,30100000000_2_5_CV1
46572,321836,552462,838353,1091298,30100000000_2_5_GYR
105381,732806,1258487,1910137,2486690,30100000000_2_5_CTR
106911,738811,1268241,1924539,2505204,30100000000_2_5_CTB
59681,412423,707964,1074326,1398467,30100000000_2_5_VRY
55811,648351,1181178,1741565,2272095,30100000000_3_1_SMG
1231,14131,25731,37931,49481,30100000000_3_1_PRS
24750,284104,517321,762602,994814,30100000000_3_1_AC1
1231,14131,25731,37931,49481,30100000000_3_1_WTF
32818,381240,694550,1024065,1336024,30100000000_3_1_CV1
26198,300724,547586,807216,1053013,30100000000_3_1_GYR
59635,684560,1246508,1837523,2397049,30100000000_3_1_CTR
59386,689876,1256829,1853107,2417616,30100000000_3_1_CTB
33151,385104,701590,1034445,1349566,30100000000_3_1_VRY
91353,660858,1184435,1790683,2328038,30100000000_3_2_SMG
2004,14404,25804,39004,50704,30100000000_3_2_PRS
40389,290296,520049,786079,1021879,30100000000_3_2_AC1
2004,14404,25804,39004,50704,30100000000_3_2_WTF
53703,388497,696291,1052683,1368577,30100000000_3_2_CV1
42689,306827,549665,830844,1080072,30100000000_3_2_GYR
97002,697210,1249015,1887946,2454272,30100000000_3_2_CTR
97866,703418,1260135,1904756,2476124,30100000000_3_2_CTB
54238,392363,703219,1063159,1382196,30100000000_3_2_VRY
50362,672418,1184294,1728306,2306749,30100000000_3_3_SMG
1097,14647,25798,37647,50247,30100000000_3_3_PRS
22073,294716,519068,757505,1011032,30100000000_3_3_AC1
1097,14647,25798,37647,50247,30100000000_3_3_WTF
29600,395207,696057,1015794,1355768,30100000000_3_3_CV1
23339,311620,548839,800951,1069020,30100000000_3_3_GYR
53128,709353,1249346,1823240,2433457,30100000000_3_3_CTR
53572,715287,1259797,1838491,2453812,30100000000_3_3_CTB
29885,399012,702759,1025576,1368824,30100000000_3_3_VRY
89532,702166,1227608,1847124,2363388,30100000000_3_4_SMG
1951,15302,26751,40251,51501,30100000000_3_4_PRS
39300,308211,538851,810784,1037395,30100000000_3_4_AC1
1951,15302,26751,40251,51501,30100000000_3_4_WTF
52563,412232,720712,1084422,1387514,30100000000_3_4_CV1
41549,325851,569691,857187,1096767,30100000000_3_4_GYR
94387,740238,1294170,1947278,2491534,30100000000_3_4_CTR
95202,746632,1305349,1964098,2513056,30100000000_3_4_CTB
53259,417688,730252,1098776,1405879,30100000000_3_4_VRY
87052,644606,1183803,1750534,2340210,30100000000_3_5_SMG
1897,14048,25797,38147,50998,30100000000_3_5_PRS
38222,283025,519769,768603,1027510,30100000000_3_5_AC1
1897,14048,25797,38147,50998,30100000000_3_5_WTF
50791,378858,696125,1029592,1376560,30100000000_3_5_CV1
40344,298735,548619,811263,1084541,30100000000_3_5_GYR
91785,679654,1248169,1845715,2467453,30100000000_3_5_CTR
92591,685619,1259123,1861913,2489107,30100000000_3_5_CTB
51764,383298,703918,1040909,1391545,30100000000_3_5_VRY
52864,643041,1173511,1715463,2280380,40100000000_1_1_SMG
1151,14001,25551,37352,49651,40100000000_1_1_PRS
22516,273887,499826,730657,971268,40100000000_1_1_AC1
1152,14003,25555,37357,49658,40100000000_1_1_WTF
31077,378017,689859,1008450,1340542,40100000000_1_1_CV1
24519,298243,544275,795632,1057641,40100000000_1_1_GYR
55751,678160,1237602,1809152,2404921,40100000000_1_1_CTR
56209,683738,1247781,1824033,2424703,40100000000_1_1_CTB
31382,381732,696638,1018360,1353715,40100000000_1_1_VRY
36891,617317,1133506,1741462,2271416,40100000000_1_2_SMG
804,13454,24704,37954,49504,40100000000_1_2_PRS
15730,263220,483320,742549,968518,40100000000_1_2_AC1
804,13454,24704,37954,49504,40100000000_1_2_WTF
21687,362906,666362,1023765,1335313,40100000000_1_2_CV1
17099,286123,525374,807159,1052790,40100000000_1_2_GYR
38912,651137,1195605,1836868,2395856,40100000000_1_2_CTR
39254,656856,1206108,1853004,2416902,40100000000_1_2_CTB
21930,366967,673819,1035222,1350256,40100000000_1_2_VRY
95674,690191,1211254,1755271,2342902,40100000000_1_3_SMG
2084,15035,26384,38234,51034,40100000000_1_3_PRS
40789,294252,516400,748333,998860,40100000000_1_3_AC1
2086,15049,26410,38271,51083,40100000000_1_3_WTF
56308,406201,712864,1033037,1378878,40100000000_1_3_CV1
44351,319948,561494,813681,1086085,40100000000_1_3_GYR
101054,729000,1279363,1853970,2474643,40100000000_1_3_CTR
101939,735384,1290566,1870205,2496313,40100000000_1_3_CTB
56824,409927,719404,1042514,1391527,40100000000_1_3_VRY
96887,773850,1501299,1955668,2490354,40100000000_1_4_SMG
2111,16861,32711,42611,54261,40100000000_1_4_PRS
41301,329877,639973,833661,1061587,40100000000_1_4_AC1
2111,16861,32711,42611,54261,40100000000_1_4_WTF
57038,455570,883824,1151314,1466087,40100000000_1_4_CV1
44968,359166,696797,907682,1155846,40100000000_1_4_GYR
102338,817388,1585763,2065695,2630464,40100000000_1_4_CTR
103231,824528,1599616,2083741,2653443,40100000000_1_4_CTB
57603,460083,892579,1162718,1480609,40100000000_1_4_VRY
57724,636334,1164430,1777481,2303281,40100000000_1_5_SMG
1257,13857,25358,38707,50157,40100000000_1_5_PRS
24593,271108,496101,757289,981304,40100000000_1_5_AC1
1257,13857,25358,38707,50157,40100000000_1_5_WTF
33927,373997,684378,1044691,1353723,40100000000_1_5_CV1
26747,294853,539553,823617,1067253,40100000000_1_5_GYR
60836,670648,1227223,1873333,2427488,40100000000_1_5_CTR
61412,676989,1238825,1891043,2450437,40100000000_1_5_CTB
34261,377683,691125,1054989,1367067,40100000000_1_5_VRY
88341,689830,1240812,1768837,2322115,40100000000_2_1_SMG
1924,15025,27024,38524,50574,40100000000_2_1_PRS
37642,293936,528710,753700,989452,40100000000_2_1_AC1
1924,15025,27024,38524,50574,40100000000_2_1_WTF
51941,405594,729550,1040008,1365314,40100000000_2_1_CV1
40928,319595,574863,819494,1075825,40100000000_2_1_GYR
93181,727623,1308790,1865743,2449332,40100000000_2_1_CTR
93959,733696,1319714,1881315,2469776,40100000000_2_1_CTB
52424,409364,736331,1049674,1378004,40100000000_2_1_VRY
103088,688815,1196445,1775281,2374790,40100000000_2_2_SMG
2244,14994,26044,38645,51694,40100000000_2_2_PRS
43921,293470,509745,756358,1011778,40100000000_2_2_AC1
2244,14994,26044,38645,51694,40100000000_2_2_WTF
60155,404393,702733,1042921,1395259,40100000000_2_2_CV1
47775,319224,554479,822734,1100570,40100000000_2_2_GYR
108736,726551,1261991,1872538,2504890,40100000000_2_2_CTR
109676,732831,1272899,1888723,2526541,40100000000_2_2_CTB
60772,408538,709934,1053609,1409557,40100000000_2_2_VRY
98699,700342,1242280,1820960,2358306,40100000000_2_3_SMG
2164,15264,27064,39664,51364,40100000000_2_3_PRS
42361,298795,529782,776429,1005458,40100000000_2_3_AC1
2164,15264,27064,39664,51364,40100000000_2_3_WTF
58031,411771,730406,1070644,1386580,40100000000_2_3_CV1
45761,324706,575970,844268,1093402,40100000000_2_3_GYR
104152,739031,1310908,1921556,2488586,40100000000_2_3_CTR
105063,745497,1322376,1938366,2510356,40100000000_2_3_CTB
58615,415917,737762,1081426,1400544,40100000000_2_3_VRY
82189,671870,1195010,1752569,2319305,40100000000_2_4_SMG
1792,14641,26041,38191,50541,40100000000_2_4_PRS
35055,286560,509686,747490,989210,40100000000_2_4_AC1
1792,14641,26041,38191,50541,40100000000_2_4_WTF
48320,395000,702560,1030355,1363545,40100000000_2_4_CV1
38156,311916,554785,813631,1076739,40100000000_2_4_GYR
86670,708504,1260169,1848129,2445767,40100000000_2_4_CTR
87417,714611,1271032,1864060,2466850,40100000000_2_4_CTB
48796,398890,709480,1040503,1376975,40100000000_2_4_VRY
28326,586114,1125539,1720055,2264070,40100000000_2_5_SMG
617,12767,24518,37467,49317,40100000000_2_5_PRS
12080,249949,479986,733517,965513,40100000000_2_5_AC1
617,12767,24518,37467,49317,40100000000_2_5_WTF
16652,344550,661654,1011143,1330945,40100000000_2_5_CV1
13142,271919,522177,797993,1050381,40100000000_2_5_GYR
29890,618475,1187683,1815022,2389074,40100000000_2_5_CTR
30128,623397,1197134,1829465,2408085,40100000000_2_5_CTB
16829,348226,668712,1021929,1345142,40100000000_2_5_VRY
52849,762238,1287967,1917005,2424368,40100000000_3_1_SMG
1151,16601,28051,41751,52801,40100000000_3_1_PRS
22541,325100,549327,817615,1034009,40100000000_3_1_AC1
1151,16597,28044,41740,52787,40100000000_3_1_WTF
31064,448038,757057,1126801,1425025,40100000000_3_1_CV1
24485,353142,596709,888140,1123198,40100000000_3_1_GYR
55728,803770,1358143,2021455,2556462,40100000000_3_1_CTR
56180,810281,1369146,2037831,2577172,40100000000_3_1_CTB
31361,452311,764278,1137548,1438616,40100000000_3_1_VRY
41817,691328,1207723,1776906,2318548,40100000000_3_2_SMG
911,15061,26311,38711,50511,40100000000_3_2_PRS
17833,294819,515037,757767,988752,40100000000_3_2_AC1
911,15061,26311,38711,50511,40100000000_3_2_WTF
24586,406464,710077,1044726,1363183,40100000000_3_2_CV1
19401,320735,560311,824377,1075666,40100000000_3_2_GYR
44091,728917,1273391,1873522,2444614,40100000000_3_2_CTR
44471,735200,1284367,1889671,2465686,40100000000_3_2_CTB
24818,410293,716766,1054567,1376023,40100000000_3_2_VRY
45502,630909,1181881,1725965,2302189,40100000000_3_3_SMG
991,13741,25741,37591,50141,40100000000_3_3_PRS
19405,269055,504020,736048,981782,40100000000_3_3_AC1
991,13741,25741,37591,50141,40100000000_3_3_WTF
26344,370470,694354,1014189,1352917,40100000000_3_3_CV1
21087,292384,547722,799869,1066910,40100000000_3_3_GYR
47988,665391,1246475,1820296,2428014,40100000000_3_3_CTR
48409,671229,1257412,1836268,2449317,40100000000_3_3_CTB
27011,374518,701584,1024561,1366617,40100000000_3_3_VRY
18507,604002,1134391,1738254,2275532,40100000000_3_4_SMG
403,13153,24704,37853,49553,40100000000_3_4_PRS
7896,257682,483960,741583,970799,40100000000_3_4_AC1
403,13153,24704,37853,49553,40100000000_3_4_WTF
10878,355030,666790,1021739,1337548,40100000000_3_4_CV1
8584,280141,526139,806216,1055409,40100000000_3_4_GYR
19520,637082,1196521,1833457,2400161,40100000000_3_4_CTR
19681,642330,1206376,1848558,2419930,40100000000_3_4_CTB
10982,358428,673172,1031518,1350350,40100000000_3_4_VRY
55290,636198,1173481,1765870,2293968,40100000000_3_5_SMG
1204,13854,25554,38455,49954,40100000000_3_5_PRS
23566,271159,500159,752645,977730,40100000000_3_5_AC1
1204,13853,25551,38449,49948,40100000000_3_5_WTF
32498,373941,689742,1037932,1348335,40100000000_3_5_CV1
25616,294748,543669,818120,1062785,40100000000_3_5_GYR
58295,670775,1237258,1861842,2418642,40100000000_3_5_CTR
58822,676840,1248446,1878679,2440513,40100000000_3_5_CTB
32818,377625,696537,1048158,1361618,40100000000_3_5_VRY
79765,683623,1214008,1822458,2311514,10000100000_1_1_SMG
1737,14887,26437,39687,50337,10000100000_1_1_PRS
34621,299145,531483,798018,1012253,10000100000_1_1_AC1
1737,14887,26437,39687,50337,10000100000_1_1_WTF
46403,400956,712370,1069619,1356767,10000100000_1_1_CV1
37006,317160,563226,845510,1072402,10000100000_1_1_GYR
84147,721178,1280699,1922575,2438497,10000100000_1_1_CTR
84840,727119,1291250,1938413,2458585,10000100000_1_1_CTB
46956,405730,720851,1082354,1372920,10000100000_1_1_VRY
70012,662630,1227683,1739907,2288882,10000100000_1_2_SMG
1524,14424,26724,37874,49824,10000100000_1_2_PRS
30384,290122,537778,762280,1002889,10000100000_1_2_AC1
1524,14424,26724,37874,49824,10000100000_1_2_WTF
40716,388773,720642,1021482,1343907,10000100000_1_2_CV1
32460,307212,569185,806664,1061183,10000100000_1_2_GYR
73838,698840,1294772,1834986,2413961,10000100000_1_2_CTR
74436,704501,1305261,1849852,2433517,10000100000_1_2_CTB
41182,393224,728892,1033176,1359293,10000100000_1_2_VRY
95577,694076,1212316,1792471,2335935,10000100000_1_3_SMG
2084,15134,26434,39084,50935,10000100000_1_3_PRS
41939,304555,531955,786523,1024991,10000100000_1_3_AC1
2084,15134,26434,39084,50935,10000100000_1_3_WTF
55766,407494,712056,1053004,1372389,10000100000_1_3_CV1
44332,321935,562312,831406,1083483,10000100000_1_3_GYR
100874,732546,1279511,1891822,2465409,10000100000_1_3_CTR
101760,738976,1290741,1908425,2487046,10000100000_1_3_CTB
56793,412430,720376,1065112,1388047,10000100000_1_3_VRY
23450,636066,1152315,1725926,2278887,10000100000_1_4_SMG
511,13861,25111,37611,49661,10000100000_1_4_PRS
9987,278747,505231,756879,999468,10000100000_1_4_AC1
511,13861,25111,37611,49661,10000100000_1_4_WTF
13368,373132,676304,1013161,1337892,10000100000_1_4_CV1
10866,294736,533952,799747,1055974,10000100000_1_4_GYR
24722,670568,1214821,1819546,2402501,10000100000_1_4_CTR
24942,676536,1225632,1835739,2423881,10000100000_1_4_CTB
13512,377158,683602,1024094,1352329,10000100000_1_4_VRY
104186,698287,1221279,1813085,2354428,10000100000_1_5_SMG
2271,15221,26621,39521,51321,10000100000_1_5_PRS
45413,306085,535557,795222,1032746,10000100000_1_5_AC1
2271,15221,26621,39521,51321,10000100000_1_5_WTF
60980,411011,719146,1067826,1386773,10000100000_1_5_CV1
48377,324237,567079,841874,1093237,10000100000_1_5_GYR
110120,738061,1290843,1916359,2488537,10000100000_1_5_CTR
110877,743132,1299712,1929525,2505634,10000100000_1_5_CTB
61577,415032,726182,1078273,1400341,10000100000_1_5_VRY
69250,661622,1210370,1738454,2310162,10000100000_2_1_SMG
1524,14424,26374,37874,50324,10000100000_2_1_PRS
30328,289751,530070,761340,1011714,10000100000_2_1_AC1
1509,14412,26366,37869,50322,10000100000_2_1_WTF
40758,389407,712380,1023190,1359677,10000100000_2_1_CV1
32089,306578,560854,805554,1070468,10000100000_2_1_GYR
73045,697879,1276698,1833721,2436759,10000100000_2_1_CTR
73626,703435,1286862,1848319,2456158,10000100000_2_1_CTB
41151,393162,719249,1033057,1372788,10000100000_2_1_VRY
78561,675456,1237915,1791191,2337580,10000100000_2_2_SMG
1711,14711,26961,39011,50911,10000100000_2_2_PRS
34020,292497,536061,775649,1012255,10000100000_2_2_AC1
1711,14711,26961,39011,50911,10000100000_2_2_WTF
46179,397036,727651,1052868,1374037,10000100000_2_2_CV1
36390,312870,573400,829677,1082763,10000100000_2_2_GYR
82865,712459,1305730,1889316,2465636,10000100000_2_2_CTR
83558,718420,1316655,1905123,2486266,10000100000_2_2_CTB
46720,401690,736181,1065211,1390146,10000100000_2_2_VRY
51630,660247,1273457,1771834,2334518,10000100000_2_3_SMG
1124,14374,27724,38574,50825,10000100000_2_3_PRS
22632,289416,558214,776675,1023325,10000100000_2_3_AC1
1124,14374,27724,38574,50825,10000100000_2_3_WTF
30349,388107,748565,1041521,1372278,10000100000_2_3_CV1
23934,306074,590344,821379,1082225,10000100000_2_3_GYR
54482,696724,1343812,1869723,2463494,10000100000_2_3_CTR
54899,702060,1354104,1884043,2482361,10000100000_2_3_CTB
30675,392274,756602,1052704,1387013,10000100000_2_3_VRY
87088,628805,1184294,1783396,2352657,10000100000_2_4_SMG
1897,13697,25797,38847,51247,10000100000_2_4_PRS
38180,275673,519203,781854,1031422,10000100000_2_4_AC1
1897,13697,25797,38847,51247,10000100000_2_4_WTF
51189,369598,696102,1048241,1382841,10000100000_2_4_CV1
40398,291687,549364,827273,1091339,10000100000_2_4_GYR
91847,663167,1249012,1880853,2481223,10000100000_2_4_CTR
92616,668715,1259462,1896589,2501982,10000100000_2_4_CTB
51735,373544,703534,1059432,1397603,10000100000_2_4_VRY
25185,575623,1137528,1733835,2286567,10000100000_2_5_SMG
564,12564,24815,37815,49864,10000100000_2_5_PRS
11355,252940,499558,761275,1003866,10000100000_2_5_AC1
564,12561,24808,37804,49851,10000100000_2_5_WTF
14825,338838,669601,1020615,1345978,10000100000_2_5_CV1
12004,267390,528096,804764,1061214,10000100000_2_5_GYR
27308,608308,1201413,1830830,2414251,10000100000_2_5_CTR
27548,613657,1211977,1846929,2435481,10000100000_2_5_CTB
14976,342296,676434,1031030,1359713,10000100000_2_5_VRY
66299,653990,1230202,1749022,2316051,10000100000_3_1_SMG
1444,14244,26794,38094,50444,10000100000_3_1_PRS
29055,286605,539125,766494,1014989,10000100000_3_1_AC1
1444,14244,26794,38094,50444,10000100000_3_1_WTF
38601,384354,723353,1028587,1362184,10000100000_3_1_CV1
30764,303458,570827,811565,1074673,10000100000_3_1_GYR
69982,690315,1298532,1846170,2444694,10000100000_3_1_CTR
70528,695701,1308664,1860575,2463769,10000100000_3_1_CTB
39393,388583,730953,1039223,1376136,10000100000_3_1_VRY
98133,706581,1243852,1797195,2355130,10000100000_3_2_SMG
2138,15387,27087,39137,51287,10000100000_3_2_PRS
43005,309647,545096,787589,1032094,10000100000_3_2_AC1
2138,15390,27091,39143,51294,10000100000_3_2_WTF
57672,415252,731002,1056198,1384092,10000100000_3_2_CV1
45472,327406,576359,832760,1091288,10000100000_3_2_GYR
103495,745193,1311823,1895405,2483829,10000100000_3_2_CTR
104403,751730,1323332,1912033,2505619,10000100000_3_2_CTB
58235,419302,738131,1066498,1397591,10000100000_3_2_VRY
23917,648182,1189823,1742940,2279991,10000100000_3_3_SMG
537,14137,25937,37987,49688,10000100000_3_3_PRS
10811,284605,522162,764751,1000294,10000100000_3_3_AC1
537,14137,25937,37987,49688,10000100000_3_3_WTF
14047,380690,698807,1023664,1339085,10000100000_3_3_CV1
11441,301180,552571,809288,1058548,10000100000_3_3_GYR
26011,684746,1256296,1839955,2406662,10000100000_3_3_CTR
26214,690101,1266121,1854344,2425482,10000100000_3_3_CTB
14220,385368,707394,1036243,1355540,10000100000_3_3_VRY
41793,599184,1179513,1732316,2308057,10000100000_3_4_SMG
911,13061,25712,37761,50311,10000100000_3_4_PRS
18318,262621,516978,759271,1011617,10000100000_3_4_AC1
911,13061,25712,37761,50311,10000100000_3_4_WTF
24128,351665,692681,1017522,1355842,10000100000_3_4_CV1
19385,277913,547081,803482,1070522,10000100000_3_4_GYR
44116,632479,1245055,1828576,2436309,10000100000_3_4_CTR
44465,637487,1254914,1843056,2455601,10000100000_3_4_CTB
24814,355758,700321,1028541,1370381,10000100000_3_4_VRY
61371,658091,1199729,1782679,2312842,10000100000_3_5_SMG
1337,14338,26137,38837,50387,10000100000_3_5_PRS
26899,288439,525837,781342,1013711,10000100000_3_5_AC1
1337,14338,26137,38837,50387,10000100000_3_5_WTF
36049,386557,704710,1047129,1358541,10000100000_3_5_CV1
28473,305316,556605,827059,1073024,10000100000_3_5_GYR
64725,694058,1265299,1880110,2439248,10000100000_3_5_CTR
65275,699956,1276052,1896086,2459976,10000100000_3_5_CTB
36421,390545,711981,1057934,1372560,10000100000_3_5_VRY
106721,687621,1199639,1817276,2354551,20000100000_1_1_SMG
2324,14974,26124,39574,51274,20000100000_1_1_PRS
46927,302356,527497,799080,1035327,20000100000_1_1_AC1
2324,14974,26124,39574,51274,20000100000_1_1_WTF
62694,403949,704738,1067574,1383201,20000100000_1_1_CV1
49485,318840,556256,842645,1091771,20000100000_1_1_GYR
112598,725492,1265710,1917364,2484230,20000100000_1_1_CTR
113539,731554,1276286,1933385,2504987,20000100000_1_1_CTB
63342,408121,712017,1078600,1397487,20000100000_1_1_VRY
93181,756462,1252202,1858106,2319419,20000100000_1_2_SMG
2030,16480,27280,40480,50531,20000100000_1_2_PRS
40984,332717,550759,817255,1020155,20000100000_1_2_AC1
2030,16480,27280,40480,50531,20000100000_1_2_WTF
54797,444854,736384,1092699,1363984,20000100000_1_2_CV1
43260,351189,581336,862628,1076793,20000100000_1_2_GYR
98449,799228,1322993,1963151,2450544,20000100000_1_2_CTR
99135,804799,1332216,1976836,2467626,20000100000_1_2_CTB
55347,449318,743773,1103663,1377670,20000100000_1_2_VRY
79765,656068,1232371,1776530,2322985,20000100000_1_3_SMG
1737,14287,26837,38687,50587,20000100000_1_3_PRS
35050,288287,541524,780636,1020757,20000100000_1_3_AC1
1737,14286,26834,38682,50581,20000100000_1_3_WTF
46843,385284,723725,1043289,1364202,20000100000_1_3_CV1
36981,304170,571359,823645,1076996,20000100000_1_3_GYR
84112,691829,1299546,1873367,2449608,20000100000_1_3_CTR
84828,697713,1310599,1889300,2470443,20000100000_1_3_CTB
47336,389341,731347,1054276,1378568,20000100000_1_3_VRY
105437,683801,1243805,1790038,2345451,20000100000_1_4_SMG
2297,14897,27097,38997,51097,20000100000_1_4_PRS
46344,300557,546699,786789,1030914,20000100000_1_4_AC1
2297,14897,27097,38997,51097,20000100000_1_4_WTF
61951,401778,730816,1051763,1378105,20000100000_1_4_CV1
48856,316850,576336,829442,1086801,20000100000_1_4_GYR
111184,721075,1311604,1887611,2473300,20000100000_1_4_CTR
112205,727695,1323645,1904940,2496006,20000100000_1_4_CTB
62579,405850,738223,1062423,1392072,20000100000_1_4_VRY
28326,629729,1162269,1720058,2277848,20000100000_1_5_SMG
617,13717,25317,37468,49617,20000100000_1_5_PRS
12434,276411,510162,754996,999830,20000100000_1_5_AC1
618,13719,25321,37473,49624,20000100000_1_5_WTF
16638,369877,682670,1010293,1337915,20000100000_1_5_CV1
13133,291955,538851,797453,1056055,20000100000_1_5_GYR
29875,664165,1225827,1814119,2402412,20000100000_1_5_CTR
30121,669631,1235915,1829049,2422182,20000100000_1_5_CTB
16814,373798,689905,1021001,1352096,20000100000_1_5_VRY
91282,711138,1280488,1817696,2377863,20000100000_2_1_SMG
2004,15504,27904,39604,51804,20000100000_2_1_PRS
40040,311934,561673,797314,1043025,20000100000_2_1_AC1
1989,15493,27896,39599,51803,20000100000_2_1_WTF
53717,418481,753524,1069653,1399292,20000100000_2_1_CV1
42331,329782,593810,842934,1102704,20000100000_2_1_GYR
96308,750291,1350986,1917772,2508779,20000100000_2_1_CTR
97153,756878,1362848,1934609,2530805,20000100000_2_1_CTB
54229,422476,760718,1079865,1412651,20000100000_2_1_VRY
89542,667825,1170380,1760136,2324650,20000100000_2_2_SMG
1951,14551,25501,38351,50651,20000100000_2_2_PRS
39267,292861,513245,771870,1019426,20000100000_2_2_AC1
1951,14551,25501,38351,50651,20000100000_2_2_WTF
52626,392493,687854,1034465,1366240,20000100000_2_2_CV1
41548,309873,543060,816709,1078645,20000100000_2_2_GYR
94436,704326,1234348,1856338,2451706,20000100000_2_2_CTR
95264,710499,1245168,1872610,2473196,20000100000_2_2_CTB
53210,396847,695485,1045941,1381397,20000100000_2_2_VRY
41823,679949,1201009,1763386,2325763,20000100000_2_3_SMG
911,14811,26161,38411,50661,20000100000_2_3_PRS
18341,298177,526676,773294,1019912,20000100000_2_3_AC1
911,14811,26161,38411,50661,20000100000_2_3_WTF
24581,399625,705866,1036390,1366914,20000100000_2_3_CV1
19404,315458,557199,818110,1079021,20000100000_2_3_GYR
44097,716913,1266299,1859248,2452198,20000100000_2_3_CTR
44502,723496,1277927,1876321,2474716,20000100000_2_3_CTB
24820,403523,712751,1046499,1380248,20000100000_2_3_VRY
44250,647860,1164257,1758687,2674430,20000100000_2_4_SMG
964,14114,25364,38314,58265,20000100000_2_4_PRS
19411,284184,510702,771448,1173139,20000100000_2_4_AC1
964,14114,25364,38314,58265,20000100000_2_4_WTF
26025,381032,684745,1034353,1572938,20000100000_2_4_CV1
20534,300628,540252,816086,1241020,20000100000_2_4_GYR
46751,684478,1230063,1858091,2825594,20000100000_2_4_CTR
47123,689922,1239845,1872867,2848064,20000100000_2_4_CTB
26306,385138,692125,1045500,1589888,20000100000_2_4_VRY
92517,679911,1212237,1776686,2338840,20000100000_2_5_SMG
2031,14831,26431,38731,50981,20000100000_2_5_PRS
40878,298499,531968,779526,1026077,20000100000_2_5_AC1
2031,14831,26431,38731,50981,20000100000_2_5_WTF
54317,399179,711711,1043102,1373145,20000100000_2_5_CV1
43252,315839,562871,824810,1085684,20000100000_2_5_GYR
98310,717886,1279376,1874750,2467704,20000100000_2_5_CTR
98480,723739,1290380,1891215,2489607,20000100000_2_5_CTB
54924,403640,719664,1054758,1388490,20000100000_2_5_VRY
55274,652080,1196092,1721740,2334615,20000100000_3_1_SMG
1204,14204,26054,37504,50854,20000100000_3_1_PRS
24099,284304,521491,750672,1017882,20000100000_3_1_AC1
1204,14199,26044,37489,50834,20000100000_3_1_WTF
32455,382876,702298,1010938,1370794,20000100000_3_1_CV1
25644,302524,554912,798780,1083115,20000100000_3_1_GYR
58303,687815,1261639,1816094,2462554,20000100000_3_1_CTR
58805,693740,1272507,1831738,2483766,20000100000_3_1_CTB
32810,387071,709993,1022014,1385812,20000100000_3_1_VRY
74835,710312,1318258,1843616,2426327,20000100000_3_2_SMG
1631,15481,28731,40181,52881,20000100000_3_2_PRS
32840,311706,578490,809032,1064743,20000100000_3_2_AC1
1631,15481,28731,40181,52881,20000100000_3_2_WTF
44012,417743,775284,1084253,1426952,20000100000_3_2_CV1
34722,329566,611637,855390,1125752,20000100000_3_2_GYR
77483,748162,1389786,1944246,2559237,20000100000_3_2_CTR
79629,755813,1402703,1961714,2581753,20000100000_3_2_CTB
44479,422177,783513,1095762,1442099,20000100000_3_2_VRY
76080,757908,1304288,1852964,2422301,20000100000_3_3_SMG
1657,16507,28407,40357,52757,20000100000_3_3_PRS
33377,332495,572193,812898,1062667,20000100000_3_3_AC1
1657,16507,28407,40357,52757,20000100000_3_3_WTF
44652,444814,765482,1087498,1421640,20000100000_3_3_CV1
35263,351282,604523,858829,1122710,20000100000_3_3_GYR
80271,799649,1376120,1955013,2555706,20000100000_3_3_CTR
80942,806337,1387630,1971365,2577082,20000100000_3_3_CTB
45151,449788,774042,1099659,1437538,20000100000_3_3_VRY
105537,684449,1205930,1794031,2434969,20000100000_3_4_SMG
2297,14898,26247,39047,52997,20000100000_3_4_PRS
46244,299908,528407,786097,1066939,20000100000_3_4_AC1
2297,14898,26247,39047,52997,20000100000_3_4_WTF
61984,401990,708265,1053668,1430103,20000100000_3_4_CV1
48910,317202,558877,831426,1128463,20000100000_3_4_GYR
111276,721670,1271509,1891591,2567384,20000100000_3_4_CTR
112114,727106,1281086,1905840,2586723,20000100000_3_4_CTB
62653,406326,715905,1065034,1445530,20000100000_3_4_VRY
98079,690132,1231700,1754909,2310245,20000100000_3_5_SMG
2137,15037,26837,38237,50337,20000100000_3_5_PRS
43040,302849,540504,770103,1013800,20000100000_3_5_AC1
2137,15037,26837,38237,50337,20000100000_3_5_WTF
57612,405386,723505,1030840,1357046,20000100000_3_5_CV1
45455,319841,570829,813310,1070679,20000100000_3_5_GYR
103425,727750,1298837,1850566,2436173,20000100000_3_5_CTR
104320,734042,1310067,1866566,2457235,20000100000_3_5_CTB
58211,409601,731026,1041557,1371154,20000100000_3_5_VRY
96807,743408,1220334,1841713,2348446,30000100000_1_1_SMG
2111,16211,26611,40161,51211,30000100000_1_1_PRS
41285,317033,520423,785415,1001516,30000100000_1_1_AC1
2111,16211,26611,40161,51211,30000100000_1_1_WTF
56937,437237,717741,1083206,1381242,30000100000_1_1_CV1
44909,344864,566108,854363,1089434,30000100000_1_1_GYR
102240,785127,1288817,1945067,2480238,30000100000_1_1_CTR
103107,791786,1299747,1961562,2501271,30000100000_1_1_CTB
57549,441935,725454,1094846,1396084,30000100000_1_1_VRY
93201,680578,1167000,1749789,2330283,30000100000_1_2_SMG
2031,14831,25431,38132,50781,30000100000_1_2_PRS
39741,290201,497613,746116,993640,30000100000_1_2_AC1
2031,14831,25431,38132,50781,30000100000_1_2_WTF
54836,400428,686622,1029514,1371056,30000100000_1_2_CV1
43310,316261,542299,813118,1082870,30000100000_1_2_GYR
98459,718978,1232845,1848516,2461764,30000100000_1_2_CTR
99334,725367,1243801,1864943,2483639,30000100000_1_2_CTB
55416,404663,693883,1040401,1385556,30000100000_1_2_VRY
161737,698719,1235700,1813987,2376211,30000100000_1_3_SMG
3524,15224,26924,39524,51774,30000100000_1_3_PRS
68927,297769,526612,773057,1012657,30000100000_1_3_AC1
3524,15224,26924,39524,51774,30000100000_1_3_WTF
95012,410461,725909,1065622,1395899,30000100000_1_3_CV1
75087,324381,573675,842146,1103159,30000100000_1_3_GYR
170624,737112,1303599,1913662,2506778,30000100000_1_3_CTR
172025,743162,1314299,1929370,2527355,30000100000_1_3_CTB
96120,415245,734371,1078044,1412171,30000100000_1_3_VRY
98641,693318,1209930,1818383,2394692,30000100000_1_4_SMG
2164,15115,26364,39614,52164,30000100000_1_4_PRS
42332,295657,515727,774920,1020420,30000100000_1_4_AC1
2164,15115,26364,39614,52164,30000100000_1_4_WTF
57938,407230,710669,1068053,1406556,30000100000_1_4_CV1
45764,321657,561333,843618,1110990,30000100000_1_4_GYR
104045,731301,1276214,1918001,2525882,30000100000_1_4_CTR
104943,737614,1287231,1934559,2547688,30000100000_1_4_CTB
58590,411811,718663,1080067,1422378,30000100000_1_4_VRY
32003,605931,1122467,1700987,2268029,30000100000_1_5_SMG
697,13197,24447,37047,49397,30000100000_1_5_PRS
13628,258018,477969,724314,965771,30000100000_1_5_AC1
697,13197,24447,37047,49397,30000100000_1_5_WTF
18353,355210,658381,997932,1330746,30000100000_1_5_CV1
14844,281042,520620,788948,1051952,30000100000_1_5_GYR
33770,639390,1184448,1794912,2393265,30000100000_1_5_CTR
34048,644651,1194194,1809682,2412958,30000100000_1_5_CTB
18560,359203,665782,1009151,1345706,30000100000_1_5_VRY
57652,626369,1172155,1775271,2428837,30000100000_2_1_SMG
1257,13657,25557,38707,52957,30000100000_2_1_PRS
24626,267554,500686,758307,1037478,30000100000_2_1_AC1
1257,13657,25557,38707,52957,30000100000_2_1_WTF
33886,368155,688945,1043432,1427572,30000100000_2_1_CV1
26747,290597,543807,823615,1126830,30000100000_2_1_GYR
60885,661496,1237888,1874826,2565044,30000100000_2_1_CTR
61344,666479,1247214,1888950,2584368,30000100000_2_1_CTB
34258,372198,696512,1054893,1443252,30000100000_2_1_VRY
103159,677794,1275414,1781092,2387907,30000100000_2_2_SMG
2244,14744,27744,38744,51945,30000100000_2_2_PRS
43657,288580,543300,758832,1017471,30000100000_2_2_AC1
2244,14744,27744,38744,51945,30000100000_2_2_WTF
60210,398005,749312,1046572,1403283,30000100000_2_2_CV1
47846,314367,591548,826086,1107532,30000100000_2_2_GYR
108904,715542,1346445,1880287,2520896,30000100000_2_2_CTR
109766,721208,1357107,1895176,2540858,30000100000_2_2_CTB
60841,402174,757160,1057533,1417981,30000100000_2_2_VRY
78528,652228,1182326,1762909,2327429,30000100000_2_3_SMG
1711,14211,25761,38411,50711,30000100000_2_3_PRS
33471,277992,503930,751386,991995,30000100000_2_3_AC1
1711,14211,25761,38411,50711,30000100000_2_3_WTF
46120,383050,694374,1035348,1366888,30000100000_2_3_CV1
36452,302755,548819,818318,1080361,30000100000_2_3_GYR
82797,687679,1246591,1858732,2453936,30000100000_2_3_CTR
83557,693994,1258038,1875801,2476471,30000100000_2_3_CTB
46607,387101,701716,1046296,1381341,30000100000_2_3_VRY
71134,651300,1176430,1749716,2336762,30000100000_2_4_SMG
1551,14201,25651,38151,50951,30000100000_2_4_PRS
30349,277874,501918,746507,996967,30000100000_2_4_AC1
1551,14201,25651,38151,50951,30000100000_2_4_WTF
41858,383250,692257,1029601,1375041,30000100000_2_4_CV1
33039,302504,546407,812677,1085337,30000100000_2_4_GYR
75125,687846,1242443,1847899,2467885,30000100000_2_4_CTR
75723,693313,1252318,1862586,2487500,30000100000_2_4_CTB
42313,387417,699784,1040795,1389991,30000100000_2_4_VRY
84609,632909,1133032,1713450,2282398,30000100000_2_5_SMG
1844,13794,24694,37344,49745,30000100000_2_5_PRS
36072,269835,483057,730513,973078,30000100000_2_5_AC1
1844,13794,24694,37344,49745,30000100000_2_5_WTF
49717,371907,665787,1006850,1341172,30000100000_2_5_CV1
39216,293351,525156,794178,1057883,30000100000_2_5_GYR
89221,667412,1194800,1806860,2406825,30000100000_2_5_CTR
90040,673541,1205772,1823452,2428926,30000100000_2_5_CTB
50208,375573,672350,1016775,1354393,30000100000_2_5_VRY
71184,768788,1282813,1863385,2434779,30000100000_3_1_SMG
1551,16751,27951,40601,53051,30000100000_3_1_PRS
30373,328032,547359,795081,1038887,30000100000_3_1_AC1
1551,16751,27951,40601,53051,30000100000_3_1_WTF
41785,451278,753009,1093804,1429211,30000100000_3_1_CV1
33025,356671,595147,864497,1129588,30000100000_3_1_GYR
75054,810583,1352552,1964686,2567143,30000100000_3_1_CTR
75722,817801,1364596,1982181,2590003,30000100000_3_1_CTB
42265,456464,761663,1106374,1445635,30000100000_3_1_VRY
82188,722342,1291367,1832859,2436301,30000100000_3_2_SMG
1791,15741,28141,39941,53091,30000100000_3_2_PRS
35054,308087,550783,781736,1039111,30000100000_3_2_AC1
1791,15741,28141,39941,53091,30000100000_3_2_WTF
48331,424771,759384,1077807,1432659,30000100000_3_2_CV1
38127,335089,599055,850249,1130181,30000100000_3_2_GYR
86824,763090,1364216,1936254,2573738,30000100000_3_2_CTR
87547,769440,1375567,1952366,2595154,30000100000_3_2_CTB
48848,429319,767515,1089347,1447999,30000100000_3_2_VRY
110379,654465,1171003,1731160,2302795,30000100000_3_3_SMG
2404,14254,25504,37704,50154,30000100000_3_3_PRS
47020,278794,498833,737453,980962,30000100000_3_3_AC1
2404,14254,25504,37704,50154,30000100000_3_3_WTF
64826,384368,687731,1016711,1352432,30000100000_3_3_CV1
51209,303630,543269,803146,1068347,30000100000_3_3_GYR
116426,690321,1235158,1826003,2428956,30000100000_3_3_CTR
117431,696280,1245820,1841766,2449924,30000100000_3_3_CTB
65515,388457,695046,1027526,1366819,30000100000_3_3_VRY
63886,647166,1168444,1731057,2300558,30000100000_3_4_SMG
1392,14091,25441,37691,50091,30000100000_3_4_PRS
27204,275573,497541,737110,979612,30000100000_3_4_AC1
1392,14091,25441,37691,50091,30000100000_3_4_WTF
37535,380233,686503,1017058,1351661,30000100000_3_4_CV1
29615,300000,541643,802448,1066446,30000100000_3_4_GYR
67368,682439,1232129,1825407,2425949,30000100000_3_4_CTR
67967,688507,1243085,1841637,2447519,30000100000_3_4_CTB
37895,383878,693082,1026806,1364615,30000100000_3_4_VRY
99346,691562,1217211,1804836,2367212,30000100000_3_5_SMG
2164,15064,26514,39315,51564,30000100000_3_5_PRS
42321,294599,518521,768843,1008410,30000100000_3_5_AC1
2165,15066,26518,39320,51571,30000100000_3_5_WTF
58342,406126,714817,1059905,1390165,30000100000_3_5_CV1
46027,320403,563937,836186,1096736,30000100000_3_5_GYR
104016,728682,1283133,1902956,2496146,30000100000_3_5_CTR
105694,735753,1294992,1920167,2518479,30000100000_3_5_CTB
58986,410611,722712,1071610,1405517,30000100000_3_5_VRY
87031,662802,1183518,1761582,2314413,40000100000_1_1_SMG
1897,14447,25797,38397,50448,40000100000_1_1_PRS
37114,282648,504704,751215,986967,40000100000_1_1_AC1
1896,14434,25773,38361,50400,40000100000_1_1_WTF
50665,388692,694398,1033772,1358332,40000100000_1_1_CV1
40365,307408,548916,817023,1073426,40000100000_1_1_GYR
91848,699481,1249014,1859068,2442493,40000100000_1_1_CTR
92578,705045,1258949,1873855,2461921,40000100000_1_1_CTB
51714,393836,703245,1046730,1375222,40000100000_1_1_VRY
76092,691438,1208054,1795847,2323943,40000100000_1_2_SMG
1657,15057,26307,39107,50607,40000100000_1_2_PRS
32415,294546,514620,765014,989978,40000100000_1_2_AC1
1657,15057,26307,39107,50607,40000100000_1_2_WTF
44724,406397,710040,1055518,1365909,40000100000_1_2_CV1
35280,320586,560114,832645,1077496,40000100000_1_2_GYR
80337,730007,1275439,1896020,2453572,40000100000_1_2_CTR
80979,735845,1285638,1911181,2473193,40000100000_1_2_CTB
45192,410650,717471,1066565,1380204,40000100000_1_2_VRY
87054,681328,1209061,1807924,2337953,40000100000_1_3_SMG
1897,14847,26347,39397,50947,40000100000_1_3_PRS
37099,290358,515259,770473,996353,40000100000_1_3_AC1
1897,14847,26347,39397,50947,40000100000_1_3_WTF
51208,400777,711206,1063475,1375253,40000100000_1_3_CV1
40409,316264,561231,839216,1085248,40000100000_1_3_GYR
91873,719045,1275993,1908008,2467378,40000100000_1_3_CTR
92628,724959,1286489,1923703,2487674,40000100000_1_3_CTB
51715,404746,718248,1074005,1388870,40000100000_1_3_VRY
43075,635465,1154380,1739881,2270276,40000100000_1_4_SMG
938,13838,25138,37888,49438,40000100000_1_4_PRS
18347,270663,491683,741065,966975,40000100000_1_4_AC1
938,13838,25138,37888,49438,40000100000_1_4_WTF
25312,373406,678326,1022373,1334039,40000100000_1_4_CV1
19981,294771,535478,807072,1053105,40000100000_1_4_GYR
45441,670365,1217780,1835438,2394963,40000100000_1_4_CTR
45827,676058,1228121,1851025,2415302,40000100000_1_4_CTB
25560,377071,684983,1032407,1347132,40000100000_1_4_VRY
46670,606522,1148019,1703282,2270018,40000100000_1_5_SMG
1017,13217,25017,37117,49467,40000100000_1_5_PRS
19900,258622,489516,726281,967937,40000100000_1_5_AC1
1017,13217,25017,37117,49467,40000100000_1_5_WTF
27409,356200,674212,1000309,1333143,40000100000_1_5_CV1
21661,281507,532833,790548,1053588,40000100000_1_5_GYR
49229,639777,1210962,1796669,2394477,40000100000_1_5_CTR
49653,645290,1221397,1812152,2415112,40000100000_1_5_CTB
27699,359978,681363,1010918,1347282,40000100000_1_5_VRY
102961,681084,1215619,1791448,2364982,40000100000_2_1_SMG
2244,14844,26495,39044,51544,40000100000_2_1_PRS
43909,290453,518408,763973,1008561,40000100000_2_1_AC1
2244,14840,26487,39034,51530,40000100000_2_1_WTF
60483,400090,714092,1052352,1389264,40000100000_2_1_CV1
47807,316240,564434,831801,1098104,40000100000_2_1_GYR
108619,718510,1282416,1889886,2494937,40000100000_2_1_CTR
109556,724710,1293483,1906195,2516467,40000100000_2_1_CTB
61123,404327,721655,1063497,1403977,40000100000_2_1_VRY
30750,602142,1164355,1705915,2284191,40000100000_2_2_SMG
670,13120,25370,37170,49770,40000100000_2_2_PRS
13110,256722,496419,727312,973858,40000100000_2_2_AC1
670,13115,25360,37155,49750,40000100000_2_2_WTF
18089,354220,684951,1003532,1343713,40000100000_2_2_CV1
14255,279131,539753,790800,1058868,40000100000_2_2_GYR
32435,635145,1228173,1799416,2409388,40000100000_2_2_CTR
32729,640887,1239275,1815682,2431167,40000100000_2_2_CTB
18267,357705,691691,1013407,1356934,40000100000_2_2_VRY
33749,605386,1137996,1707337,2276678,40000100000_2_3_SMG
751,13201,24801,37201,49601,40000100000_2_3_PRS
14685,258132,484957,727426,969894,40000100000_2_3_AC1
736,13186,24786,37186,49586,40000100000_2_3_WTF
19823,355568,668390,1002787,1337184,40000100000_2_3_CV1
15660,280900,528032,792207,1056382,40000100000_2_3_GYR
35594,638469,1200185,1800639,2401094,40000100000_2_3_CTR
35915,644240,1211033,1816915,2422797,40000100000_2_3_CTB
20024,359187,675195,1012996,1350797,40000100000_2_3_VRY
91289,669573,1181309,1798604,2360825,40000100000_2_4_SMG
2004,14604,25755,39204,51455,40000100000_2_4_PRS
39234,285913,504205,767525,1007352,40000100000_2_4_AC1
2004,14604,25755,39204,51455,40000100000_2_4_WTF
53662,393594,694406,1057269,1387758,40000100000_2_4_CV1
42393,310935,548574,835232,1096315,40000100000_2_4_GYR
96265,706071,1245700,1896644,2489511,40000100000_2_4_CTR
97148,712547,1257126,1914040,2512344,40000100000_2_4_CTB
54170,397315,700971,1067265,1400879,40000100000_2_4_VRY
52797,642231,1153685,1782108,2302736,40000100000_2_5_SMG
1151,14001,25151,38851,50201,40000100000_2_5_PRS
22507,273775,491801,759689,981626,40000100000_2_5_AC1
1152,14002,25152,38852,50202,40000100000_2_5_WTF
31087,378147,679293,1049310,1355857,40000100000_2_5_CV1
24512,298163,535611,827364,1069071,40000100000_2_5_GYR
55698,677517,1217072,1880024,2429257,40000100000_2_5_CTR
56210,683748,1228265,1897313,2451597,40000100000_2_5_CTB
31363,381498,685312,1058609,1367872,40000100000_2_5_VRY
73663,743738,1289894,1973738,2455641,40000100000_3_1_SMG
1605,16205,28105,43006,53506,40000100000_3_1_PRS
31389,316916,549639,841033,1046378,40000100000_3_1_AC1
1605,16205,28105,43006,53506,40000100000_3_1_WTF
43291,437091,758065,1159956,1443168,40000100000_3_1_CV1
34194,345239,598762,916198,1139895,40000100000_3_1_GYR
77733,784828,1361159,2082784,2591312,40000100000_3_1_CTR
78371,791278,1372346,2099902,2612609,40000100000_3_1_CTB
43796,442182,766895,1173467,1459978,40000100000_3_1_VRY
71175,651674,1188579,1732367,2299099,40000100000_3_2_SMG
1551,14202,25902,37751,50101,40000100000_3_2_PRS
30370,278062,507153,739181,980999,40000100000_3_2_AC1
1553,14217,25930,37793,50156,40000100000_3_2_WTF
41912,383745,699907,1020122,1353848,40000100000_3_2_CV1
33079,302871,552403,805133,1068527,40000100000_3_2_GYR
75198,688509,1255761,1830285,2429052,40000100000_3_2_CTR
75693,693043,1264031,1842339,2445048,40000100000_3_2_CTB
42351,387764,707236,1030804,1368025,40000100000_3_2_VRY
55191,644228,1150754,1739791,2269237,40000100000_3_3_SMG
1204,14054,25104,37954,49504,40000100000_3_3_PRS
23553,274921,491079,742447,968385,40000100000_3_3_AC1
1204,14047,25091,37934,49478,40000100000_3_3_WTF
32437,378628,676325,1022515,1333682,40000100000_3_3_CV1
25577,298554,533293,806269,1051629,40000100000_3_3_GYR
58279,680266,1215126,1837113,2396176,40000100000_3_3_CTR
58702,685211,1223960,1850469,2413596,40000100000_3_3_CTB
32802,382886,683930,1034014,1348681,40000100000_3_3_VRY
105408,713440,1195277,1768892,2319563,40000100000_3_4_SMG
2297,15547,26047,38547,50547,40000100000_3_4_PRS
44964,304333,509871,754558,989458,40000100000_3_4_AC1
2301,15573,26090,38611,50630,40000100000_3_4_WTF
61934,419193,702304,1039340,1362895,40000100000_3_4_CV1
48970,331444,555292,821777,1077603,40000100000_3_4_GYR
111200,752641,1260954,1866087,2447016,40000100000_3_4_CTR
112160,759143,1271846,1882207,2468153,40000100000_3_4_CTB
62674,424198,710689,1051750,1379168,40000100000_3_4_VRY
123877,670460,1221636,1795778,2358436,10000000010_1_1_SMG
2697,14597,26598,39097,51347,10000000010_1_1_PRS
52773,285620,520424,765011,1004707,10000000010_1_1_AC1
2697,14597,26598,39097,51347,10000000010_1_1_WTF
72824,394145,718165,1055686,1386457,10000000010_1_1_CV1
57481,311104,566857,833267,1094349,10000000010_1_1_GYR
130084,707254,1289274,1895544,2489690,10000000010_1_1_CTR
131833,713519,1300093,1911107,2509901,10000000010_1_1_CTB
73545,398044,725270,1066130,1400174,10000000010_1_1_VRY
82243,626393,1172840,1739950,2311652,10000000010_1_2_SMG
1791,13641,25542,37891,50341,10000000010_1_2_PRS
35026,266770,499492,741014,984492,10000000010_1_2_AC1
1791,13640,25538,37886,50335,10000000010_1_2_WTF
48330,368095,689210,1022468,1358424,10000000010_1_2_CV1
38141,290494,543912,806913,1072043,10000000010_1_2_GYR
86750,660720,1237111,1835299,2438331,10000000010_1_2_CTR
87522,666602,1248125,1851638,2460038,10000000010_1_2_CTB
48821,371840,696222,1032870,1372245,10000000010_1_2_VRY
81003,620564,1183084,1770861,2328789,10000000010_1_3_SMG
1764,13514,25764,38564,50714,10000000010_1_3_PRS
34498,264287,503854,754177,991788,10000000010_1_3_AC1
1764,13514,25764,38564,50714,10000000010_1_3_WTF
47121,363855,694068,1039106,1366623,10000000010_1_3_CV1
37487,287181,547502,819510,1077705,10000000010_1_3_GYR
85376,654062,1246947,1866452,2454498,10000000010_1_3_CTR
86099,659600,1257505,1882254,2475279,10000000010_1_3_CTB
47605,367596,701203,1049788,1380672,10000000010_1_3_VRY
60203,647997,1150837,1690413,2275911,10000000010_1_4_SMG
1311,14111,25061,36811,49561,10000000010_1_4_PRS
25639,275964,490109,719900,969247,10000000010_1_4_AC1
1312,14112,25062,36812,49562,10000000010_1_4_WTF
35378,380785,676269,993342,1337400,10000000010_1_4_CV1
27923,300547,533768,784029,1055588,10000000010_1_4_GYR
63519,683681,1214210,1783500,2401239,10000000010_1_4_CTR
64076,689676,1224858,1799140,2422297,10000000010_1_4_CTB
35774,385047,683840,1004462,1352371,10000000010_1_4_VRY
119975,695320,1261496,1788704,2359464,10000000010_1_5_SMG
2618,15167,27517,39017,51467,10000000010_1_5_PRS
51194,296696,538285,763247,1006792,10000000010_1_5_AC1
2618,15167,27517,39017,51467,10000000010_1_5_WTF
70521,408706,741502,1051393,1386884,10000000010_1_5_CV1
55565,322031,584249,828421,1092763,10000000010_1_5_GYR
126707,734336,1332282,1889074,2491861,10000000010_1_5_CTR
127731,740274,1343055,1904349,2512010,10000000010_1_5_CTB
71270,413050,749383,1062568,1401624,10000000010_1_5_VRY
52827,672422,1218583,1762450,2320085,10000000010_2_1_SMG
1151,14651,26551,38401,50551,10000000010_2_1_PRS
22541,286913,519952,752012,989947,10000000010_2_1_AC1
1151,14651,26551,38401,50551,10000000010_2_1_WTF
31079,395602,716921,1036891,1364961,10000000010_2_1_CV1
24529,312216,565807,818333,1077252,10000000010_2_1_GYR
55790,710147,1286951,1861331,2450252,10000000010_2_1_CTR
56287,716464,1298398,1877888,2472047,10000000010_2_1_CTB
31404,399728,724398,1047705,1379197,10000000010_2_1_VRY
98026,682874,1237907,1781472,2352559,10000000010_2_2_SMG
2137,14888,26987,38838,51287,10000000010_2_2_PRS
41764,290941,527414,759001,1002315,10000000010_2_2_AC1
2138,14889,26991,38843,51294,10000000010_2_2_WTF
57197,400853,726991,1046389,1381960,10000000010_2_2_CV1
45509,317028,574704,827057,1092187,10000000010_2_2_GYR
101984,719389,1305319,1879142,2482020,10000000010_2_2_CTR
104332,726803,1317540,1896072,2503897,10000000010_2_2_CTB
57810,405153,734789,1057614,1396784,10000000010_2_2_VRY
78516,679660,1193616,1723632,2315598,10000000010_2_3_SMG
1711,14812,26011,37561,50461,10000000010_2_3_PRS
33489,289888,509099,735160,987644,10000000010_2_3_AC1
1711,14812,26011,37561,50461,10000000010_2_3_WTF
45819,399928,702677,1014887,1363589,10000000010_2_3_CV1
36457,315582,554223,800322,1075186,10000000010_2_3_GYR
82886,717486,1260045,1819558,2444470,10000000010_2_3_CTR
83568,723387,1270408,1834523,2464574,10000000010_2_3_CTB
46682,404089,709659,1024778,1376729,10000000010_2_3_VRY
27132,665258,1181727,1746400,2308777,10000000010_2_4_SMG
591,14491,25742,38041,50291,10000000010_2_4_PRS
11566,283590,503754,744465,984199,10000000010_2_4_AC1
591,14491,25742,38041,50291,10000000010_2_4_WTF
15955,391193,694893,1026938,1357634,10000000010_2_4_CV1
12571,308230,547523,809149,1069712,10000000010_2_4_GYR
28635,702103,1247175,1843122,2436645,10000000010_2_4_CTR
28870,707864,1257410,1858247,2456642,10000000010_2_4_CTB
16131,395523,702585,1038306,1372662,10000000010_2_4_VRY
80972,709829,1228522,1781641,2327875,10000000010_2_5_SMG
1764,15464,26764,38814,50714,10000000010_2_5_PRS
34517,302585,523692,759475,992323,10000000010_2_5_AC1
1764,15464,26764,38814,50714,10000000010_2_5_WTF
47601,417288,722213,1047376,1368491,10000000010_2_5_CV1
37540,329090,569565,826001,1079245,10000000010_2_5_GYR
85466,749227,1296708,1880527,2457078,10000000010_2_5_CTR
86170,755397,1307388,1896015,2477315,10000000010_2_5_CTB
48147,422074,730496,1059388,1384186,10000000010_2_5_VRY
127250,650901,1172305,1792595,2318494,10000000010_3_1_SMG
2831,14481,26081,39881,51581,10000000010_3_1_PRS
55565,284219,511893,782745,1012381,10000000010_3_1_AC1
2831,14481,26081,39881,51581,10000000010_3_1_WTF
76421,390901,704031,1076549,1392379,10000000010_3_1_CV1
60267,308274,555217,848994,1098065,10000000010_3_1_GYR
137240,702001,1264338,1933326,2500511,10000000010_3_1_CTR
138398,707923,1275005,1949636,2521606,10000000010_3_1_CTB
77201,394891,711218,1087539,1406593,10000000010_3_1_VRY
79823,660807,1191271,1751588,2318794,10000000010_3_2_SMG
1738,14388,25938,38138,50489,10000000010_3_2_PRS
34068,282027,508425,747564,989642,10000000010_3_2_AC1
1739,14392,25946,38149,50502,10000000010_3_2_WTF
46910,388338,700077,1029359,1362690,10000000010_3_2_CV1
37032,306567,552664,812610,1075753,10000000010_3_2_GYR
84173,696823,1256198,1847054,2445175,10000000010_3_2_CTR
84887,702731,1266849,1862714,2465906,10000000010_3_2_CTB
47375,392191,707022,1039571,1376209,10000000010_3_2_VRY
106736,690016,1206701,1829020,2336520,10000000010_3_3_SMG
2324,15024,26274,39824,50874,10000000010_3_3_PRS
45567,294576,515154,780828,997485,10000000010_3_3_AC1
2324,15024,26274,39824,50874,10000000010_3_3_WTF
62738,405579,709277,1075065,1373364,10000000010_3_3_CV1
49485,319906,559451,847970,1083257,10000000010_3_3_GYR
112567,727713,1272626,1928943,2464168,10000000010_3_3_CTR
113478,733600,1282921,1944547,2484102,10000000010_3_3_CTB
63322,409357,715884,1085078,1386155,10000000010_3_3_VRY
39360,611156,1221989,1715708,2282910,10000000010_3_4_SMG
857,13307,26607,37357,49707,10000000010_3_4_PRS
16801,260874,521611,732357,974470,10000000010_3_4_AC1
857,13307,26607,37357,49707,10000000010_3_4_WTF
23132,359173,718156,1008312,1341654,10000000010_3_4_CV1
18258,283498,566847,795869,1058978,10000000010_3_4_GYR
41500,644376,1288413,1808969,2407003,10000000010_3_4_CTR
41869,650113,1299883,1825073,2428431,10000000010_3_4_CTB
23354,362625,725059,1018003,1354548,10000000010_3_4_VRY
44569,647210,1159905,1740060,2248257,10000000010_3_5_SMG
991,14391,25791,38691,49991,10000000010_3_5_PRS
19400,281716,504880,757408,978615,10000000010_3_5_AC1
991,14391,25791,38691,49991,10000000010_3_5_WTF
26730,388165,695653,1043601,1348392,10000000010_3_5_CV1
21102,306423,549160,823835,1064442,10000000010_3_5_GYR
48025,697394,1249843,1874982,2422584,10000000010_3_5_CTR
48430,703273,1260378,1890787,2443005,10000000010_3_5_CTB
27024,392427,703291,1055060,1363198,10000000010_3_5_VRY
77412,628091,1136064,1733943,2271136,20000000010_1_1_SMG
1737,13987,25288,38587,50537,20000000010_1_1_PRS
33779,274065,495717,756599,991001,20000000010_1_1_AC1
1737,13987,25288,38587,50537,20000000010_1_1_WTF
46491,377208,682277,1041341,1363959,20000000010_1_1_CV1
36981,297785,538363,821521,1075938,20000000010_1_1_GYR
84196,677973,1225703,1870375,2449612,20000000010_1_1_CTR
84885,683523,1235736,1885685,2469662,20000000010_1_1_CTB
46975,381140,689389,1052196,1378176,20000000010_1_1_VRY
59393,571541,1121876,1753076,2271963,20000000010_1_2_SMG
1337,12737,24987,39037,50587,20000000010_1_2_PRS
25887,249113,488983,764100,990263,20000000010_1_2_AC1
1337,12737,24987,39037,50587,20000000010_1_2_WTF
35688,343424,674106,1053378,1365163,20000000010_1_2_CV1
28468,271200,532029,831185,1077111,20000000010_1_2_GYR
64762,616958,1210327,1890884,2450346,20000000010_1_2_CTR
64539,621058,1219072,1904957,2468799,20000000010_1_2_CTB
36037,346783,680699,1063680,1378515,20000000010_1_2_VRY
134880,685449,1197815,1824789,2350639,20000000010_1_3_SMG
3017,15267,26667,40617,52317,20000000010_1_3_PRS
58790,298762,522083,795357,1024555,20000000010_1_3_AC1
3017,15267,26667,40617,52317,20000000010_1_3_WTF
81004,411655,719363,1095900,1411706,20000000010_1_3_CV1
64220,324971,567630,864567,1113611,20000000010_1_3_GYR
146165,739640,1291935,1967770,2534599,20000000010_1_3_CTR
146672,745373,1302531,1984317,2556137,20000000010_1_3_CTB
81821,415806,726617,1106951,1425941,20000000010_1_3_VRY
71359,585862,1129574,1763155,2241711,20000000010_1_4_SMG
1604,13054,25154,39254,49904,20000000010_1_4_PRS
31103,255356,492339,768493,977078,20000000010_1_4_AC1
1604,13054,25154,39254,49904,20000000010_1_4_WTF
42851,351810,678308,1058772,1346144,20000000010_1_4_CV1
34147,277901,535493,835662,1062385,20000000010_1_4_GYR
77759,632829,1219410,1902947,2419235,20000000010_1_4_CTR
77573,636881,1227941,1916697,2436927,20000000010_1_4_CTB
43313,355600,685616,1070179,1360648,20000000010_1_4_VRY
40584,648874,1137802,1801183,2315361,20000000010_1_5_SMG
884,14134,24784,39234,50435,20000000010_1_5_PRS
17317,276865,485484,768538,987930,20000000010_1_5_AC1
884,14127,24771,39214,50408,20000000010_1_5_WTF
23440,381235,668821,1059019,1361457,20000000010_1_5_CV1
18834,301118,528010,835859,1074469,20000000010_1_5_GYR
42842,684983,1201119,1901417,2444208,20000000010_1_5_CTR
43177,690341,1210513,1916288,2463324,20000000010_1_5_CTB
23647,384590,674706,1068339,1373438,20000000010_1_5_VRY
74563,661795,1159029,1802509,2353741,20000000010_2_1_SMG
1657,14708,25757,40057,52308,20000000010_2_1_PRS
32176,288045,504699,785077,1025260,20000000010_2_1_AC1
1657,14708,25757,40057,52308,20000000010_2_1_WTF
44285,396445,694635,1080527,1411099,20000000010_2_1_CV1
35252,312877,547955,852174,1112781,20000000010_2_1_GYR
80337,713043,1248782,1942092,2536011,20000000010_2_1_CTR
81024,719138,1259457,1958693,2557689,20000000010_2_1_CTB
44745,400569,701860,1091766,1425776,20000000010_2_1_VRY
103350,654520,1185442,1810851,2294530,20000000010_2_2_SMG
2297,14547,26347,40247,50998,20000000010_2_2_PRS
45059,285359,516832,789499,1000375,20000000010_2_2_AC1
2297,14547,26347,40247,50998,20000000010_2_2_WTF
61964,392420,710736,1085702,1375694,20000000010_2_2_CV1
48921,309813,561122,857155,1086102,20000000010_2_2_GYR
111302,704878,1276650,1950177,2471071,20000000010_2_2_CTR
112254,710908,1287570,1966858,2492207,20000000010_2_2_CTB
62637,396681,718453,1097490,1390631,20000000010_2_2_VRY
60176,627280,1142624,1792992,2333091,20000000010_2_3_SMG
1337,13937,25387,39837,51837,20000000010_2_3_PRS
26213,273245,497731,781033,1016301,20000000010_2_3_AC1
1337,13937,25387,39837,51837,20000000010_2_3_WTF
36071,376007,684917,1074764,1398513,20000000010_2_3_CV1
28469,296754,540554,848230,1103741,20000000010_2_3_GYR
64786,675333,1230155,1930345,2511818,20000000010_2_3_CTR
65317,680869,1240239,1946170,2532409,20000000010_2_3_CTB
36441,379857,691931,1085769,1412833,20000000010_2_3_VRY
78190,609355,1194537,1790972,2254616,20000000010_2_4_SMG
1737,13537,26538,39787,50087,20000000010_2_4_PRS
34033,265226,519931,779533,981338,20000000010_2_4_AC1
1737,13537,26538,39787,50087,20000000010_2_4_WTF
46909,365575,716647,1074471,1352629,20000000010_2_4_CV1
36990,288275,565113,847276,1066617,20000000010_2_4_GYR
84215,656309,1286583,1928977,2428347,20000000010_2_4_CTR
84934,661918,1297578,1945463,2449101,20000000010_2_4_CTB
47388,369308,723965,1085442,1366439,20000000010_2_4_VRY
72454,623784,1179707,1765495,2305338,20000000010_2_5_SMG
1577,13577,25677,38427,50177,20000000010_2_5_PRS
30900,266024,503107,752926,983152,20000000010_2_5_AC1
1578,13583,25688,38443,50198,20000000010_2_5_WTF
42235,366690,693849,1038583,1356279,20000000010_2_5_CV1
33611,289367,547255,818996,1069424,20000000010_2_5_GYR
76488,658514,1245390,1863792,2433692,20000000010_2_5_CTR
77118,663931,1255635,1879124,2453712,20000000010_2_5_CTB
43018,370355,700420,1048216,1368733,20000000010_2_5_VRY
61862,699725,1234338,1764361,2328801,20000000010_3_1_SMG
1364,15264,26914,38464,50764,20000000010_3_1_PRS
26766,299523,528129,754772,996132,20000000010_3_1_AC1
1364,15258,26903,38449,50744,20000000010_3_1_WTF
36441,412188,727112,1039333,1371828,20000000010_3_1_CV1
29008,324610,572363,817989,1079565,20000000010_3_1_GYR
66077,739438,1303803,1863322,2459174,20000000010_3_1_CTR
65841,744733,1313732,1877847,2478594,20000000010_3_1_CTB
36765,415855,733581,1048580,1384033,20000000010_3_1_VRY
107979,651467,1370128,1965270,2466087,20000000010_3_2_SMG
2404,14504,30504,43754,54904,20000000010_3_2_PRS
47091,284113,597530,857079,1075492,20000000010_3_2_AC1
2404,14504,30504,43754,54904,20000000010_3_2_WTF
64896,391530,823444,1181123,1482112,20000000010_3_2_CV1
51146,308574,648975,930869,1168086,20000000010_3_2_GYR
116539,703107,1478735,2121052,2661568,20000000010_3_2_CTR
117517,709008,1491145,2138853,2683905,20000000010_3_2_CTB
65583,395680,832172,1193642,1497822,20000000010_3_2_VRY
60178,679852,1196247,1685101,2307070,20000000010_3_3_SMG
1311,14811,26061,36711,50261,20000000010_3_3_PRS
25674,290049,510361,718924,984278,20000000010_3_3_AC1
1311,14809,26058,36706,50254,20000000010_3_3_WTF
35346,399321,702633,989768,1355090,20000000010_3_3_CV1
27893,315111,554460,781043,1069325,20000000010_3_3_GYR
63476,717112,1261808,1777454,2433511,20000000010_3_3_CTR
64042,723504,1273056,1793298,2455203,20000000010_3_3_CTB
35714,403470,709934,1000053,1369172,20000000010_3_3_VRY
50319,651210,1192470,1745197,2396544,20000000010_3_4_SMG
1098,14197,25997,38048,52247,20000000010_3_4_PRS
21480,277981,509028,744969,1023008,20000000010_3_4_AC1
1097,14194,25990,38037,52233,20000000010_3_4_WTF
29560,382553,700516,1025216,1407849,20000000010_3_4_CV1
23330,301921,552866,809128,1111113,20000000010_3_4_GYR
53135,687645,1259189,1842841,2530631,20000000010_3_4_CTR
53565,693211,1269382,1857759,2551116,20000000010_3_4_CTB
29887,386782,708260,1036548,1423411,20000000010_3_4_VRY
128405,758066,1264084,1806737,2351680,20000000010_3_5_SMG
2805,16554,27604,39454,51354,20000000010_3_5_PRS
54909,324166,540551,772601,1005631,20000000010_3_5_AC1
2805,16554,27604,39454,51354,20000000010_3_5_WTF
75627,446477,744506,1064112,1385066,20000000010_3_5_CV1
59244,349756,583222,833590,1085015,20000000010_3_5_GYR
136034,803101,1339181,1914072,2491389,20000000010_3_5_CTR
137044,809063,1349123,1928282,2509884,20000000010_3_5_CTB
76428,451204,752388,1075378,1399730,20000000010_3_5_VRY
25882,682099,1237360,1723787,2322642,30000000010_1_1_SMG
564,14864,26964,37564,50614,30000000010_1_1_PRS
11050,291203,528256,735922,991587,30000000010_1_1_AC1
564,14864,26964,37564,50614,30000000010_1_1_WTF
15230,401357,728080,1014300,1366675,30000000010_1_1_CV1
12016,316671,574456,800284,1078308,30000000010_1_1_GYR
27330,720262,1306590,1820232,2452593,30000000010_1_1_CTR
27551,726086,1317155,1834950,2472424,30000000010_1_1_CTB
15380,405319,735267,1024313,1380166,30000000010_1_1_VRY
28310,659205,1145567,1696166,2253647,30000000010_1_2_SMG
618,14367,24967,36967,49118,30000000010_1_2_PRS
12085,281391,489001,724031,962000,30000000010_1_2_AC1
617,14366,24964,36962,49111,30000000010_1_2_WTF
16657,387851,674008,997959,1325960,30000000010_1_2_CV1
13158,306372,532414,788310,1047405,30000000010_1_2_GYR
29874,695614,1208840,1789849,2378122,30000000010_1_2_CTR
30144,701899,1219761,1806019,2399606,30000000010_1_2_CTB
16821,391662,680630,1007764,1338987,30000000010_1_2_VRY
115226,650007,1184788,1813943,2301538,30000000010_1_3_SMG
2564,14464,26364,40364,51214,30000000010_1_3_PRS
50273,283598,516923,791423,1004161,30000000010_1_3_AC1
2564,14464,26364,40364,51214,30000000010_1_3_WTF
68784,390020,711255,1089180,1382071,30000000010_1_3_CV1
54601,308015,561428,859561,1090614,30000000010_1_3_GYR
124283,701098,1277914,1956521,2482442,30000000010_1_3_CTR
125286,706757,1288229,1972313,2502479,30000000010_1_3_CTB
69505,394110,718714,1100602,1396565,30000000010_1_3_VRY
151919,849338,1367815,1867938,2475886,30000000010_1_4_SMG
3311,18511,29812,40711,53961,30000000010_1_4_PRS
64770,362111,583160,796385,1055580,30000000010_1_4_AC1
3310,18504,29799,40695,53939,30000000010_1_4_WTF
88926,499141,804103,1098271,1455859,30000000010_1_4_CV1
70520,394259,634934,867089,1149295,30000000010_1_4_GYR
160293,896159,1443218,1970911,2612373,30000000010_1_4_CTR
161672,903865,1455627,1987858,2634836,30000000010_1_4_CTB
90298,504831,813004,1110268,1471621,30000000010_1_4_VRY
65044,664064,1224068,1728989,2318829,30000000010_1_5_SMG
1417,14467,26667,37667,50517,30000000010_1_5_PRS
27753,283347,522292,737735,989411,30000000010_1_5_AC1
1417,14465,26664,37662,50510,30000000010_1_5_WTF
38224,390244,719335,1016057,1362682,30000000010_1_5_CV1
30221,308542,568734,803333,1077388,30000000010_1_5_GYR
68637,700751,1291693,1824510,2446936,30000000010_1_5_CTR
69191,706406,1302116,1839232,2466682,30000000010_1_5_CTB
38613,394214,726653,1026394,1376545,30000000010_1_5_VRY
82179,612354,1140282,1778289,2299477,30000000010_2_1_SMG
1844,13644,25394,39594,51194,30000000010_2_1_PRS
35883,267382,497900,776483,1004058,30000000010_2_1_AC1
1844,13644,25394,39594,51194,30000000010_2_1_WTF
49379,367948,685166,1068528,1381696,30000000010_2_1_CV1
39245,290373,540436,842641,1089513,30000000010_2_1_GYR
89374,661286,1230775,1919008,2481227,30000000010_2_1_CTR
89410,666232,1240610,1934753,2501798,30000000010_2_1_CTB
49877,371654,692068,1079292,1395616,30000000010_2_1_VRY
57621,662705,1203614,1712434,2292307,30000000010_2_2_SMG
1257,14457,26258,37357,50007,30000000010_2_2_PRS
24603,282961,513917,731173,978766,30000000010_2_2_AC1
1255,14434,26215,37297,49926,30000000010_2_2_WTF
33429,388993,706845,1005841,1346589,30000000010_2_2_CV1
26748,307623,558709,794900,1064072,30000000010_2_2_GYR
60880,700182,1271680,1809276,2421941,30000000010_2_2_CTR
61387,706014,1282272,1824345,2442112,30000000010_2_2_CTB
33772,392977,714085,1016145,1360383,30000000010_2_2_VRY
13637,683986,1267097,1932854,2375927,30000000010_2_3_SMG
297,14897,27597,42097,51747,30000000010_2_3_PRS
5817,291728,540431,824384,1013359,30000000010_2_3_AC1
297,14889,27582,42074,51719,30000000010_2_3_WTF
8007,401613,743996,1134906,1395063,30000000010_2_3_CV1
6315,316748,586782,895089,1100272,30000000010_2_3_GYR
14384,721457,1336513,2038743,2506089,30000000010_2_3_CTR
14511,727804,1348271,2056678,2528136,30000000010_2_3_CTB
8096,406081,752273,1147531,1410583,30000000010_2_3_VRY
102975,743127,1238728,1787102,2383659,30000000010_2_4_SMG
2244,16194,26994,38944,51944,30000000010_2_4_PRS
43927,316997,528407,762327,1016801,30000000010_2_4_AC1
2243,16185,26979,38923,51916,30000000010_2_4_WTF
60472,436397,727435,1049464,1399788,30000000010_2_4_CV1
47737,344493,574239,828450,1104996,30000000010_2_4_GYR
299528,951678,1456569,2015221,2622960,30000000010_2_4_CTR
109585,790822,1318232,1901801,2536646,30000000010_2_4_CTB
61184,441536,736001,1061822,1416272,30000000010_2_4_VRY
85916,682872,1233908,1782648,2301540,30000000010_2_5_SMG
1871,14871,26871,38821,50121,30000000010_2_5_PRS
36630,291140,526072,760026,981254,30000000010_2_5_AC1
1870,14857,26846,38785,50074,30000000010_2_5_WTF
50496,401349,725212,1047726,1352698,30000000010_2_5_CV1
39850,316733,572317,826836,1067510,30000000010_2_5_GYR
90662,720591,1302064,1881114,2428668,30000000010_2_5_CTR
91470,727015,1313672,1897884,2450320,30000000010_2_5_CTB
51037,405647,732979,1058947,1367185,30000000010_2_5_VRY
81701,607494,1131041,1784912,2382609,30000000010_3_1_SMG
1818,13518,25168,39718,53018,30000000010_3_1_PRS
35596,264679,492783,777668,1038079,30000000010_3_1_AC1
1818,13518,25168,39718,53018,30000000010_3_1_WTF
48661,364597,679182,1072076,1431217,30000000010_3_1_CV1
38687,287657,535563,845180,1128198,30000000010_3_1_GYR
88114,655180,1219823,1925020,2569634,30000000010_3_1_CTR
88843,660603,1229919,1940953,2590902,30000000010_3_1_CTB
49120,368039,685595,1082199,1444730,30000000010_3_1_VRY
93239,706106,1277656,1851501,2377143,30000000010_3_2_SMG
2031,15382,27831,40331,51781,30000000010_3_2_PRS
39752,301041,544716,789369,1013472,30000000010_3_2_AC1
2031,15377,27824,40320,51767,30000000010_3_2_WTF
54787,414903,750742,1087930,1396794,30000000010_3_2_CV1
43205,327190,592031,857935,1101503,30000000010_3_2_GYR
98361,744896,1347844,1953213,2507731,30000000010_3_2_CTR
99184,751127,1359118,1969552,2528709,30000000010_3_2_CTB
55364,419271,758646,1099383,1411498,30000000010_3_2_VRY
48489,687307,1312338,1776516,2325716,30000000010_3_3_SMG
1071,14971,28571,38671,50622,30000000010_3_3_PRS
20974,293180,559510,757300,991318,30000000010_3_3_AC1
1055,14953,28552,38650,50598,30000000010_3_3_WTF
28499,403959,771315,1044131,1366919,30000000010_3_3_CV1
22482,318674,608473,823692,1078332,30000000010_3_3_GYR
51194,725653,1385556,1875631,2455472,30000000010_3_3_CTR
51622,731717,1397134,1891304,2475990,30000000010_3_3_CTB
28793,408130,779280,1054913,1381033,30000000010_3_3_VRY
82287,679569,1251580,1796025,2381820,30000000010_3_4_SMG
1791,14791,27242,39091,51841,30000000010_3_4_PRS
35083,289730,533603,765724,1015474,30000000010_3_4_AC1
1793,14803,27263,39123,51883,30000000010_3_4_WTF
48344,399246,735302,1055162,1399316,30000000010_3_4_CV1
38187,315366,580819,833478,1105327,30000000010_3_4_GYR
86890,717581,1321589,1896487,2515049,30000000010_3_4_CTR
87581,723289,1332102,1911574,2535056,30000000010_3_4_CTB
48879,403666,743443,1066845,1414809,30000000010_3_4_VRY
22220,602960,1188291,1718532,2358953,30000000010_3_5_SMG
484,13134,25884,37434,51384,30000000010_3_5_PRS
9465,256822,506134,731982,1004759,30000000010_3_5_AC1
484,13127,25870,37414,51356,30000000010_3_5_WTF
13042,353911,697474,1008701,1384599,30000000010_3_5_CV1
10298,279432,550694,796425,1093218,30000000010_3_5_GYR
23435,635914,1253236,1812457,2487879,30000000010_3_5_CTR
23634,641324,1263897,1827874,2509042,30000000010_3_5_CTB
13192,357979,705491,1020295,1400514,30000000010_3_5_VRY
71380,621996,1116427,1707496,2244628,40000000010_1_1_SMG
1604,13854,24854,38005,49954,40000000010_1_1_PRS
31428,271449,486977,744632,978774,40000000010_1_1_AC1
1604,13854,24854,38005,49954,40000000010_1_1_WTF
42844,373336,670103,1024876,1347274,40000000010_1_1_CV1
34200,295386,529920,810295,1065084,40000000010_1_1_GYR
76245,669987,1203142,1840506,2419707,40000000010_1_1_CTR
78342,676651,1213909,1856175,2439832,40000000010_1_1_CTB
43255,376921,676540,1034720,1360214,40000000010_1_1_VRY
62522,613122,1136754,1689602,2258181,40000000010_1_2_SMG
1391,13641,25291,37591,50241,40000000010_1_2_PRS
27225,266985,495002,735740,983329,40000000010_1_2_AC1
1391,13641,25291,37591,50241,40000000010_1_2_WTF
37536,368101,682474,1014387,1355745,40000000010_1_2_CV1
29610,290372,538362,800189,1069465,40000000010_1_2_GYR
67457,661525,1226495,1822988,2436454,40000000010_1_2_CTR
67985,666696,1236082,1837237,2455498,40000000010_1_2_CTB
37922,371886,689493,1024820,1369689,40000000010_1_2_VRY
55283,641339,1151050,1698934,2219873,40000000010_1_3_SMG
1231,14281,25631,37831,49431,40000000010_1_3_PRS
24104,279626,501861,740740,967871,40000000010_1_3_AC1
1231,14281,25631,37831,49431,40000000010_1_3_WTF
33200,385150,691253,1020279,1333124,40000000010_1_3_CV1
26194,303872,545377,804969,1051793,40000000010_1_3_GYR
59666,692184,1242305,1833625,2395863,40000000010_1_3_CTR
60140,697690,1252188,1848212,2414923,40000000010_1_3_CTB
33533,389013,698186,1030513,1346496,40000000010_1_3_VRY
50449,622701,1123142,1677442,2256427,40000000010_1_4_SMG
1124,13874,25024,37374,50274,40000000010_1_4_PRS
22021,271805,490244,732192,984916,40000000010_1_4_AC1
1124,13871,25018,37364,50261,40000000010_1_4_WTF
29924,373937,674780,1008001,1356062,40000000010_1_4_CV1
23907,295093,532248,794926,1069302,40000000010_1_4_GYR
54502,672735,1213386,1812224,2437731,40000000010_1_4_CTR
54920,677901,1222703,1826139,2456449,40000000010_1_4_CTB
30625,378015,681810,1018301,1369777,40000000010_1_4_VRY
78562,736974,1262805,1815601,2388622,40000000010_1_5_SMG
1764,16415,28114,40415,53164,40000000010_1_5_PRS
34531,321307,550336,791110,1040693,40000000010_1_5_AC1
1764,16415,28114,40415,53164,40000000010_1_5_WTF
47209,442857,758835,1091017,1435353,40000000010_1_5_CV1
37557,349467,598569,860445,1131902,40000000010_1_5_GYR
85582,796333,1363964,1960705,2579277,40000000010_1_5_CTR
86232,802382,1374325,1975598,2598869,40000000010_1_5_CTB
47672,447203,766282,1101724,1449438,40000000010_1_5_VRY
118142,659844,1127370,1709530,2282700,40000000010_2_1_SMG
2644,14695,25094,38044,50794,40000000010_2_1_PRS
51875,288290,492333,746406,996555,40000000010_2_1_AC1
2644,14695,25094,38044,50794,40000000010_2_1_WTF
70874,395844,676315,1025556,1369403,40000000010_2_1_CV1
56307,312922,534399,810180,1081702,40000000010_2_1_GYR
128190,712410,1216633,1844488,2462646,40000000010_2_1_CTR
129139,717688,1225647,1858153,2480891,40000000010_2_1_CTB
71616,399987,683394,1036290,1383736,40000000010_2_1_VRY
97226,753183,1272108,1777554,2327929,40000000010_2_2_SMG
2164,16764,28314,39564,51814,40000000010_2_2_PRS
42378,328292,554477,774787,1014680,40000000010_2_2_AC1
2164,16764,28314,39564,51814,40000000010_2_2_WTF
58463,452899,764935,1068867,1399814,40000000010_2_2_CV1
46116,357244,603376,843115,1104164,40000000010_2_2_GYR
104988,813314,1373669,1919468,2513783,40000000010_2_2_CTR
105839,819905,1384800,1935022,2534152,40000000010_2_2_CTB
59025,457247,772279,1079129,1413254,40000000010_2_2_VRY
102034,647921,1175837,1757667,2341744,40000000010_2_3_SMG
2271,14421,26171,39121,52121,40000000010_2_3_PRS
44468,282369,512439,766005,1020550,40000000010_2_3_AC1
2271,14416,26161,39106,52100,40000000010_2_3_WTF
61246,388912,705791,1055032,1405621,40000000010_2_3_CV1
48336,306936,557022,832649,1109339,40000000010_2_3_GYR
110105,699170,1268841,1896693,2526968,40000000010_2_3_CTR
110980,704727,1278928,1911770,2547055,40000000010_2_3_CTB
61908,393118,713423,1066441,1420821,40000000010_2_3_VRY
85221,678212,1199326,1747393,2295461,40000000010_2_4_SMG
1897,15097,26697,38897,51098,40000000010_2_4_PRS
37155,295688,522884,761831,1000778,40000000010_2_4_AC1
1897,15097,26697,38897,51098,40000000010_2_4_WTF
50775,407080,720196,1049508,1378820,40000000010_2_4_CV1
40378,321343,568251,827930,1087609,40000000010_2_4_GYR
91910,731447,1293464,1884551,2475638,40000000010_2_4_CTR
92630,737182,1303607,1899329,2495052,40000000010_2_4_CTB
51700,411446,727586,1060078,1392571,40000000010_2_4_VRY
57746,682874,1164088,1759983,2295165,40000000010_2_5_SMG
1284,15184,25884,39134,51034,40000000010_2_5_PRS
25145,297351,506890,766366,999406,40000000010_2_5_AC1
1284,15184,25884,39134,51034,40000000010_2_5_WTF
34653,409785,698555,1056145,1377301,40000000010_2_5_CV1
27352,323444,551371,833617,1087105,40000000010_2_5_GYR
62295,736667,1255788,1898624,2475964,40000000010_2_5_CTR
62777,742364,1265500,1913308,2495112,40000000010_2_5_CTB
35024,414176,706041,1067463,1392060,40000000010_2_5_VRY
46913,583895,1093915,1693807,2233035,40000000010_3_1_SMG
1044,12994,24344,37694,49694,40000000010_3_1_PRS
20479,254877,477507,739367,974747,40000000010_3_1_AC1
1045,12996,24348,37699,49701,40000000010_3_1_WTF
28197,350944,657485,1018043,1342140,40000000010_3_1_CV1
22234,276726,518439,802746,1058302,40000000010_3_1_GYR
50589,629645,1179626,1826521,2408000,40000000010_3_1_CTR
51005,634817,1189317,1841527,2427782,40000000010_3_1_CTB
28467,354302,663778,1027787,1354986,40000000010_3_1_VRY
62532,660427,1145935,1705619,2267550,40000000010_3_2_SMG
1391,14692,25491,37941,50441,40000000010_3_2_PRS
27233,287616,499055,742797,987518,40000000010_3_2_AC1
1391,14692,25491,37941,50441,40000000010_3_2_WTF
37520,396262,687571,1023386,1360549,40000000010_3_2_CV1
29631,312941,542997,808201,1074470,40000000010_3_2_GYR
67440,712260,1235873,1839483,2445517,40000000010_3_2_CTR
67952,717665,1245251,1853441,2464073,40000000010_3_2_CTB
37936,400652,695189,1034724,1375623,40000000010_3_2_VRY
90618,650225,1164883,1769438,2299829,40000000010_3_3_SMG
2031,14482,25931,39381,51181,40000000010_3_3_PRS
39747,283390,507463,770677,1001599,40000000010_3_3_AC1
2031,14482,25931,39381,51181,40000000010_3_3_WTF
54397,390322,699265,1062172,1380558,40000000010_3_3_CV1
43276,308551,552519,839102,1090528,40000000010_3_3_GYR
97689,700965,1255786,1907517,2479297,40000000010_3_3_CTR
98506,706827,1266287,1923468,2500029,40000000010_3_3_CTB
54962,394376,706528,1073205,1394898,40000000010_3_3_VRY
62505,651152,1179136,1718355,2277794,40000000010_3_4_SMG
1391,14491,26242,38241,50691,40000000010_3_4_PRS
27240,283777,513877,748872,992680,40000000010_3_4_AC1
1391,14491,26242,38241,50691,40000000010_3_4_WTF
37522,390887,707836,1031529,1367360,40000000010_3_4_CV1
29627,308638,558897,814480,1079647,40000000010_3_4_GYR
67403,702180,1271540,1853015,2456295,40000000010_3_4_CTR
67957,707954,1281997,1868254,2476495,40000000010_3_4_CTB
37900,394825,714967,1041921,1381136,40000000010_3_4_VRY
94834,651887,1159523,1759253,2284859,40000000010_3_5_SMG
2111,14511,25811,39161,50861,40000000010_3_5_PRS
41346,284208,505526,766995,996147,40000000010_3_5_AC1
2111,14511,25811,39161,50861,40000000010_3_5_WTF
57001,391820,696938,1057408,1373327,40000000010_3_5_CV1
44974,309147,549885,834297,1083556,40000000010_3_5_GYR
102277,703051,1250530,1897331,2464190,40000000010_3_5_CTR
103119,708839,1260825,1912951,2484476,40000000010_3_5_CTB
57518,395373,703257,1066996,1385778,40000000010_3_5_VRY
61380,623759,1220570,1734745,2281057,10000000001_1_1_SMG
1337,13587,26588,37787,49687,10000000001_1_1_PRS
26226,266509,521503,741191,974609,10000000001_1_1_AC1
1337,13587,26588,37787,49687,10000000001_1_1_WTF
36056,366409,716988,1019026,1339940,10000000001_1_1_CV1
28438,288987,565487,803704,1056808,10000000001_1_1_GYR
64760,658110,1287788,1830279,2406676,10000000001_1_1_CTR
65293,663520,1298373,1845324,2426459,10000000001_1_1_CTB
36443,370340,724679,1029956,1354313,10000000001_1_1_VRY
39407,607288,1138383,1729255,2278743,10000000001_1_2_SMG
857,13207,24757,37607,49558,10000000001_1_2_PRS
16826,259301,486068,738359,972980,10000000001_1_2_AC1
857,13207,24757,37607,49558,10000000001_1_2_WTF
23150,356753,668746,1015855,1338653,10000000001_1_2_CV1
18261,281401,527496,801289,1055907,10000000001_1_2_GYR
41573,640659,1200938,1824279,2403962,10000000001_1_2_CTR
41932,646191,1211308,1840031,2424719,10000000001_1_2_CTB
23384,360359,675506,1026123,1352184,10000000001_1_2_VRY
52870,627044,1155284,1738644,2289850,10000000001_1_3_SMG
1151,13651,25151,37851,49851,10000000001_1_3_PRS
22568,267653,493131,742138,977419,10000000001_1_3_AC1
1151,13651,25151,37851,49851,10000000001_1_3_WTF
31060,368365,678686,1021389,1345203,10000000001_1_3_CV1
24505,290627,535460,805840,1061318,10000000001_1_3_GYR
55790,661666,1219073,1834644,2416286,10000000001_1_3_CTR
56240,667004,1228907,1849444,2435777,10000000001_1_3_CTB
31373,372087,685543,1031708,1358793,10000000001_1_3_VRY
76101,654777,1228860,1832795,2390803,10000000001_1_4_SMG
1657,14258,26757,39907,52057,10000000001_1_4_PRS
32467,279346,524265,781920,1019981,10000000001_1_4_AC1
1657,14258,26757,39907,52057,10000000001_1_4_WTF
44711,384691,721974,1076795,1404634,10000000001_1_4_CV1
35239,303195,569025,848678,1107065,10000000001_1_4_GYR
80272,690665,1296214,1933252,2521845,10000000001_1_4_CTR
80953,696520,1307203,1949641,2543224,10000000001_1_4_CTB
45161,388566,729246,1087642,1418782,10000000001_1_4_VRY
89594,693468,1175648,1745080,2316808,10000000001_1_5_SMG
1951,15101,25601,38001,50451,10000000001_1_5_PRS
38238,295967,501758,744788,988797,10000000001_1_5_AC1
1951,15101,25601,38001,50451,10000000001_1_5_WTF
52641,407443,690746,1025313,1361228,10000000001_1_5_CV1
41571,321762,545488,809699,1074974,10000000001_1_5_GYR
94515,731557,1240221,1840930,2444060,10000000001_1_5_CTR
95304,737661,1250569,1856289,2464452,10000000001_1_5_CTB
53152,411401,697456,1035273,1374452,10000000001_1_5_VRY
23470,599865,1114257,1679170,2250972,10000000001_2_1_SMG
511,13061,24261,36562,49011,10000000001_2_1_PRS
10016,255982,475491,716558,960565,10000000001_2_1_AC1
511,13061,24261,36562,49011,10000000001_2_1_WTF
13800,352700,655144,987293,1323493,10000000001_2_1_CV1
10884,278179,516721,778691,1043855,10000000001_2_1_GYR
24748,632543,1174958,1770646,2373598,10000000001_2_1_CTR
24969,638179,1185426,1786420,2394744,10000000001_2_1_CTB
13931,356054,661375,996684,1336081,10000000001_2_1_VRY
36886,596586,1133349,1697637,2273395,10000000001_2_2_SMG
804,13004,24704,37004,49554,10000000001_2_2_PRS
15777,255166,484745,726096,972354,10000000001_2_2_AC1
804,13004,24704,37004,49554,10000000001_2_2_WTF
21699,350948,666703,998651,1337345,10000000001_2_2_CV1
17125,276968,526162,788135,1055432,10000000001_2_2_GYR
38945,629887,1196610,1792396,2400292,10000000001_2_2_CTR
39280,635314,1206920,1807840,2420973,10000000001_2_2_CTB
21939,354838,674093,1009720,1352169,10000000001_2_2_VRY
17322,616913,1120019,1698934,2259472,10000000001_2_3_SMG
377,13427,24377,36977,49177,10000000001_2_3_PRS
7400,263538,478458,725764,965219,10000000001_2_3_AC1
377,13427,24377,36977,49177,10000000001_2_3_WTF
10183,362649,658396,998707,1328215,10000000001_2_3_CV1
8023,285711,518714,786827,1046428,10000000001_2_3_GYR
18261,650368,1180756,1791066,2382001,10000000001_2_3_CTR
18426,656238,1191413,1807232,2403500,10000000001_2_3_CTB
10279,366067,664603,1008123,1340737,10000000001_2_3_VRY
36945,627409,1165030,1725626,2279329,10000000001_2_4_SMG
804,13654,25354,37554,49604,10000000001_2_4_PRS
15789,268129,497887,737462,974093,10000000001_2_4_AC1
804,13654,25354,37554,49604,10000000001_2_4_WTF
21745,369274,685702,1015652,1341545,10000000001_2_4_CV1
17127,290847,540070,799944,1056623,10000000001_2_4_GYR
39002,662342,1229897,1821707,2406240,10000000001_2_4_CTR
39328,667877,1240174,1836929,2426346,10000000001_2_4_CTB
21935,372503,691697,1024531,1353274,10000000001_2_4_VRY
89519,688297,1174660,1791792,2333215,10000000001_2_5_SMG
1951,15001,25601,39051,50851,10000000001_2_5_PRS
38238,294004,501753,765359,996627,10000000001_2_5_AC1
1951,15001,25601,39051,50851,10000000001_2_5_WTF
52663,404917,691038,1054089,1372601,10000000001_2_5_CV1
41548,319457,545191,831617,1082906,10000000001_2_5_GYR
94489,726509,1239873,1891265,2462747,10000000001_2_5_CTR
95278,732574,1250225,1907055,2483308,10000000001_2_5_CTB
53215,409159,698279,1065134,1386984,10000000001_2_5_VRY
95699,694959,1206972,1785568,2320540,10000000001_3_1_SMG
2084,15134,26284,38884,50534,10000000001_3_1_PRS
40867,296773,515421,762503,990956,10000000001_3_1_AC1
2085,15137,26288,38890,50542,10000000001_3_1_WTF
56288,408760,709914,1050231,1364890,10000000001_3_1_CV1
44399,322422,559967,828404,1076601,10000000001_3_1_GYR
100971,733245,1273464,1883935,2448379,10000000001_3_1_CTR
101828,739474,1284282,1899940,2469179,10000000001_3_1_CTB
56808,412538,716476,1059939,1377507,10000000001_3_1_VRY
104015,676110,1212167,1784262,2345095,10000000001_3_2_SMG
2324,15024,26924,39624,52074,10000000001_3_2_PRS
45187,293719,526595,775126,1018766,10000000001_3_2_AC1
2324,15024,26924,39624,52074,10000000001_3_2_WTF
62355,405316,726673,1069634,1405844,10000000001_3_2_CV1
49375,319195,572017,841837,1106344,10000000001_3_2_GYR
111754,726413,1302353,1917012,2519571,10000000001_3_2_CTR
112769,733011,1314183,1934425,2542457,10000000001_3_2_CTB
62880,408724,732783,1078627,1417663,10000000001_3_2_VRY
157485,695642,1211283,1828250,2350646,10000000001_3_3_SMG
3497,15447,26897,40597,52197,10000000001_3_3_PRS
68623,303122,527810,796649,1024280,10000000001_3_3_AC1
3497,15447,26897,40597,52197,10000000001_3_3_WTF
94413,417043,726173,1096050,1409230,10000000001_3_3_CV1
74428,328762,572454,864033,1110918,10000000001_3_3_GYR
169437,748437,1303211,1967002,2529044,10000000001_3_3_CTR
170850,754681,1314084,1983412,2550143,10000000001_3_3_CTB
95269,420823,732755,1105984,1422003,10000000001_3_3_VRY
105276,623756,1176049,1791462,2289654,10000000001_3_4_SMG
2351,13851,26101,39751,50801,10000000001_3_4_PRS
45845,271626,512133,780126,997072,10000000001_3_4_AC1
2351,13851,26101,39751,50801,10000000001_3_4_WTF
63050,373566,704334,1072903,1371269,10000000001_3_4_CV1
50045,294841,555601,846163,1081379,10000000001_3_4_GYR
113071,669936,1263119,1924094,2459169,10000000001_3_4_CTR
114067,675839,1274249,1941049,2480839,10000000001_3_4_CTB
63658,377167,711123,1083245,1384487,10000000001_3_4_VRY
106357,635653,1164950,1795601,2360935,10000000001_3_5_SMG
2377,14127,25877,39877,52427,10000000001_3_5_PRS
46343,276976,507608,782403,1028738,10000000001_3_5_AC1
2377,14127,25877,39877,52427,10000000001_3_5_WTF
63722,380838,697954,1075794,1414501,10000000001_3_5_CV1
50611,300789,550967,849051,1116263,10000000001_3_5_GYR
114993,683424,1251855,1929135,2536268,10000000001_3_5_CTR
115268,688909,1262551,1946039,2558737,10000000001_3_5_CTB
64290,384234,704178,1085388,1427115,10000000001_3_5_VRY
116891,649431,1188711,1763944,2307718,20000000001_1_1_SMG
2617,14467,26467,39267,51367,20000000001_1_1_PRS
50990,283290,518532,769456,1006657,20000000001_1_1_AC1
2617,14467,26467,39267,51367,20000000001_1_1_WTF
70205,390049,713941,1059425,1386017,20000000001_1_1_CV1
55739,308125,563706,836326,1094037,20000000001_1_1_GYR
126872,701356,1283111,1903651,2490255,20000000001_1_1_CTR
127919,707147,1293707,1919371,2510819,20000000001_1_1_CTB
70899,393902,720994,1069892,1399709,20000000001_1_1_VRY
18560,647929,1190013,1743581,2290259,20000000001_1_2_SMG
404,14104,25904,37954,49854,20000000001_1_2_PRS
7906,275973,506863,742645,975492,20000000001_1_2_AC1
404,14099,25894,37939,49834,20000000001_1_2_WTF
10502,380329,698865,1024150,1345387,20000000001_1_2_CV1
8604,300354,551643,808256,1061674,20000000001_1_2_GYR
19588,683809,1255912,1840136,2417087,20000000001_1_2_CTR
19751,689515,1266392,1855491,2437256,20000000001_1_2_CTB
10613,384335,706227,1034938,1359558,20000000001_1_2_VRY
54091,676801,1200705,1724609,2326639,20000000001_1_3_SMG
1177,14727,26127,37527,50627,20000000001_1_3_PRS
23062,288554,511920,735286,991961,20000000001_1_3_AC1
1177,14719,26113,37507,50599,20000000001_1_3_WTF
31781,397652,705470,1013287,1367008,20000000001_1_3_CV1
25069,313671,556479,799287,1078304,20000000001_1_3_GYR
57087,714288,1267209,1820130,2455505,20000000001_1_3_CTR
57580,720455,1278151,1835846,2476707,20000000001_1_3_CTB
32112,401784,712801,1023817,1381213,20000000001_1_3_VRY
114729,645826,1226431,1845294,2320131,20000000001_1_4_SMG
2564,14364,27265,41014,51564,20000000001_1_4_PRS
50047,281720,534990,804949,1012081,20000000001_1_4_AC1
2567,14379,27292,41056,51617,20000000001_1_4_WTF
68919,387952,736725,1108480,1393718,20000000001_1_4_CV1
54686,306358,581491,874753,1099765,20000000001_1_4_GYR
123812,696957,1323530,1991389,2503819,20000000001_1_4_CTR
124787,702447,1333955,2007075,2523541,20000000001_1_4_CTB
69599,391780,743996,1119420,1407472,20000000001_1_4_VRY
101073,711817,1288120,1818502,2387917,20000000001_1_5_SMG
2217,15517,28067,39617,52017,20000000001_1_5_PRS
43405,303790,549492,775616,1018382,20000000001_1_5_AC1
2217,15513,28060,39607,52003,20000000001_1_5_WTF
59355,418012,756444,1067910,1402297,20000000001_1_5_CV1
47162,330086,597056,842753,1106532,20000000001_1_5_GYR
107357,751398,1359120,1918419,2518878,20000000001_1_5_CTR
107546,757405,1370617,1934968,2540851,20000000001_1_5_CTB
59980,422411,764404,1079147,1417053,20000000001_1_5_VRY
61398,674451,1220919,1790347,2398808,20000000001_2_1_SMG
1337,14687,26588,38987,52237,20000000001_2_1_PRS
26205,287853,521083,764112,1023801,20000000001_2_1_AC1
1337,14686,26584,38982,52231,20000000001_2_1_WTF
35632,395714,716685,1051142,1408527,20000000001_2_1_CV1
28485,312901,566425,830602,1112888,20000000001_2_1_GYR
64726,711016,1287109,1887408,2528856,20000000001_2_1_CTR
65302,717345,1298567,1904210,2551368,20000000001_2_1_CTB
36430,400181,724423,1062289,1423316,20000000001_2_1_VRY
51602,692025,1219973,1842033,2392935,20000000001_2_2_SMG
1124,15074,26574,40124,52124,20000000001_2_2_PRS
22334,295627,520923,786381,1021472,20000000001_2_2_AC1
1124,15068,26564,40108,52103,20000000001_2_2_WTF
30325,406684,716944,1082512,1406261,20000000001_2_2_CV1
23959,321314,566446,855274,1111063,20000000001_2_2_GYR
54465,730430,1287676,1944258,2525733,20000000001_2_2_CTR
54899,736242,1297922,1959728,2545830,20000000001_2_2_CTB
30654,411097,724724,1094258,1421521,20000000001_2_2_VRY
86498,670941,1158726,1806108,2352338,20000000001_2_3_SMG
1924,14924,25774,40174,52324,20000000001_2_3_PRS
37779,293037,506079,788827,1027395,20000000001_2_3_AC1
1924,14924,25774,40174,52324,20000000001_2_3_WTF
51909,402642,695369,1083873,1411673,20000000001_2_3_CV1
40994,317979,549155,855970,1114844,20000000001_2_3_GYR
93287,723605,1249677,1947875,2536979,20000000001_2_3_CTR
94069,729669,1260151,1964200,2558241,20000000001_2_3_CTB
52430,406685,702351,1094757,1425849,20000000001_2_3_VRY
83630,651670,1188151,1799018,2288163,20000000001_2_4_SMG
1871,14471,26371,39921,50771,20000000001_2_4_PRS
36410,283718,517285,783238,996197,20000000001_2_4_AC1
1871,14471,26371,39921,50771,20000000001_2_4_WTF
50068,390138,711315,1077025,1369863,20000000001_2_4_CV1
39895,308560,562299,851221,1082571,20000000001_2_4_GYR
90668,701257,1277925,1934551,2460336,20000000001_2_4_CTR
90583,705846,1286927,1948578,2478388,20000000001_2_4_CTB
50598,394270,718849,1088432,1384372,20000000001_2_4_VRY
110586,632684,1159283,1773649,2352008,20000000001_2_5_SMG
2457,14057,25757,39407,52257,20000000001_2_5_PRS
48189,275697,505166,772880,1024903,20000000001_2_5_AC1
2459,14068,25777,39438,52297,20000000001_2_5_WTF
65931,379237,695244,1063918,1410986,20000000001_2_5_CV1
52331,299393,548585,839309,1112994,20000000001_2_5_GYR
119129,681561,1248841,1910669,2533707,20000000001_2_5_CTR
120175,687542,1259800,1927434,2555940,20000000001_2_5_CTB
66612,383157,702430,1074915,1425570,20000000001_2_5_VRY
60153,656629,1172810,1732579,2338232,20000000001_3_1_SMG
1311,14311,25561,37761,50961,20000000001_3_1_PRS
25688,280403,500830,739871,998505,20000000001_3_1_AC1
1311,14308,25554,37751,50947,20000000001_3_1_WTF
34992,385982,689724,1019114,1375504,20000000001_3_1_CV1
27878,304317,543543,802969,1083661,20000000001_3_1_GYR
63458,692714,1237262,1827794,2466730,20000000001_3_1_CTR
64022,698869,1248255,1844034,2488648,20000000001_3_1_CTB
35783,390603,697658,1030643,1390921,20000000001_3_1_VRY
30792,689308,1180326,1680522,2302326,20000000001_3_2_SMG
671,15021,25721,36621,50172,20000000001_3_2_PRS
13141,294156,503694,717148,982497,20000000001_3_2_AC1
671,15015,25711,36606,50151,20000000001_3_2_WTF
18139,406057,695306,989961,1356252,20000000001_3_2_CV1
14280,319664,547372,779336,1067694,20000000001_3_2_GYR
32510,727759,1246168,1774267,2430757,20000000001_3_2_CTR
32769,733549,1256082,1788382,2450095,20000000001_3_2_CTB
18317,410038,702123,999668,1369551,20000000001_3_2_VRY
38166,667368,1190937,1705321,2329930,20000000001_3_3_SMG
831,14532,25931,37132,50731,20000000001_3_3_PRS
16274,284558,507801,727128,993454,20000000001_3_3_AC1
831,14527,25924,37121,50717,20000000001_3_3_WTF
22444,392451,700339,1002827,1370133,20000000001_3_3_CV1
17699,309487,552289,790831,1080489,20000000001_3_3_GYR
40273,704203,1256671,1799447,2458531,20000000001_3_3_CTR
40598,709902,1266841,1814009,2478427,20000000001_3_3_CTB
22669,396391,707371,1012896,1383890,20000000001_3_3_VRY
107840,738546,1245405,1759144,2360036,20000000001_3_4_SMG
2351,16101,27151,38351,51451,20000000001_3_4_PRS
46034,315267,531632,750935,1007440,20000000001_3_4_AC1
2351,16097,27144,38341,51437,20000000001_3_4_WTF
63471,434683,733002,1035371,1389035,20000000001_3_4_CV1
50114,343209,578750,817489,1096728,20000000001_3_4_GYR
113814,779460,1314397,1856596,2490775,20000000001_3_4_CTR
114812,786297,1325927,1872883,2512625,20000000001_3_4_CTB
64034,438540,739506,1044557,1401359,20000000001_3_4_VRY
63781,659856,1223835,1748840,2308234,20000000001_3_5_SMG
1391,14392,26692,38141,50341,20000000001_3_5_PRS
27189,281283,521695,745494,983952,20000000001_3_5_AC1
1391,14382,26673,38115,50307,20000000001_3_5_WTF
37504,388005,719633,1028343,1357275,20000000001_3_5_CV1
29586,306088,567700,811234,1070720,20000000001_3_5_GYR
67276,696023,1290913,1844694,2434748,20000000001_3_5_CTR
67856,702020,1302036,1860588,2455727,20000000001_3_5_CTB
37866,391746,726572,1038259,1370362,20000000001_3_5_VRY
67250,727613,1235239,1792280,2284183,30000000001_1_1_SMG
1497,16197,27497,39897,50848,30000000001_1_1_PRS
29305,317061,538262,780996,995345,30000000001_1_1_AC1
1497,16197,27497,39897,50848,30000000001_1_1_WTF
40467,437836,743296,1078492,1374491,30000000001_1_1_CV1
31881,344932,585576,849647,1082838,30000000001_1_1_GYR
72638,785911,1334209,1935882,2467197,30000000001_1_1_CTR
73157,791522,1343735,1949704,2484813,30000000001_1_1_CTB
40811,441560,749619,1087666,1386183,30000000001_1_1_VRY
52919,630659,1122975,1718699,2262720,30000000001_1_2_SMG
1177,14028,24977,38227,50327,30000000001_1_2_PRS
23078,275025,489719,749509,986751,30000000001_1_2_AC1
1178,14029,24981,38232,50334,30000000001_1_2_WTF
31823,379248,675302,1033541,1360688,30000000001_1_2_CV1
25082,298915,532259,814616,1072467,30000000001_1_2_GYR
57119,680712,1212102,1855107,2442304,30000000001_1_2_CTR
57526,685570,1220752,1868346,2459734,30000000001_1_2_CTB
32097,382509,681110,1042430,1372391,30000000001_1_2_VRY
26537,623713,1113129,1665405,2210946,30000000001_1_3_SMG
591,13891,24791,37091,49241,30000000001_1_3_PRS
11593,272470,486271,727533,965853,30000000001_1_3_AC1
591,13891,24791,37091,49241,30000000001_1_3_WTF
15547,374505,668688,1000657,1328577,30000000001_1_3_CV1
12581,295704,527738,789573,1048216,30000000001_1_3_GYR
28646,673280,1201589,1797755,2386650,30000000001_1_3_CTR
28889,679003,1211803,1813036,2406938,30000000001_1_3_CTB
16114,378736,675922,1011278,1342546,30000000001_1_3_VRY
34915,616827,1106621,1713248,2218769,30000000001_1_4_SMG
777,13727,24627,38127,49377,30000000001_1_4_PRS
15227,268998,482597,747146,967603,30000000001_1_4_AC1
777,13720,24614,38107,49350,30000000001_1_4_WTF
20972,370496,664691,1029060,1332700,30000000001_1_4_CV1
16552,292403,524587,812154,1051793,30000000001_1_4_GYR
37666,665427,1193813,1848236,2393588,30000000001_1_4_CTR
37960,670626,1203140,1862676,2412290,30000000001_1_4_CTB
21178,374133,671215,1039160,1345781,30000000001_1_4_VRY
61293,645462,1101563,1701460,2348539,30000000001_1_5_SMG
1364,14364,24514,37865,52264,30000000001_1_5_PRS
26712,281292,480061,741495,1023492,30000000001_1_5_AC1
1364,14364,24514,37865,52264,30000000001_1_5_WTF
36788,387399,661146,1021197,1409567,30000000001_1_5_CV1
29012,305516,521401,805349,1111630,30000000001_1_5_GYR
66104,696126,1188028,1835012,2532882,30000000001_1_5_CTR
66621,701567,1197313,1849353,2552678,30000000001_1_5_CTB
37171,391432,668028,1031827,1424240,30000000001_1_5_VRY
84550,635165,1181286,1738643,2307238,30000000001_2_1_SMG
1897,14147,26297,38697,51347,30000000001_2_1_PRS
37205,277457,515748,758942,1007039,30000000001_2_1_AC1
1897,14147,26297,38697,51347,30000000001_2_1_WTF
50837,381906,710272,1045394,1387273,30000000001_2_1_CV1
40397,301259,559992,824048,1093428,30000000001_2_1_GYR
92021,686248,1275624,1877128,2490758,30000000001_2_1_CTR
92730,691536,1285455,1891594,2509953,30000000001_2_1_CTB
51309,385449,716862,1055094,1400145,30000000001_2_1_VRY
63674,638845,1155601,1688084,2265502,30000000001_2_2_SMG
1417,14217,25718,37567,50417,30000000001_2_2_PRS
27780,278714,504162,736473,988387,30000000001_2_2_AC1
1417,14217,25718,37567,50417,30000000001_2_2_WTF
38215,383415,693556,1013135,1359683,30000000001_2_2_CV1
30156,302561,547299,799485,1072953,30000000001_2_2_GYR
68681,689081,1246471,1820826,2443650,30000000001_2_2_CTR
69227,694562,1256387,1835310,2463088,30000000001_2_2_CTB
38625,387530,700999,1024008,1374275,30000000001_2_2_VRY
32513,620787,1117004,1669353,2271100,30000000001_2_3_SMG
724,13824,24874,37174,50574,30000000001_2_3_PRS
14192,270976,487577,728679,991344,30000000001_2_3_AC1
724,13824,24874,37174,50574,30000000001_2_3_WTF
19529,372879,670934,1002705,1364147,30000000001_2_3_CV1
15425,294515,529931,791977,1077459,30000000001_2_3_GYR
35083,669870,1205320,1801341,2450664,30000000001_2_3_CTR
35339,674756,1214111,1814479,2468539,30000000001_2_3_CTB
19721,376533,677509,1012532,1377516,30000000001_2_3_VRY
47447,564136,1083071,1673892,2199567,30000000001_2_4_SMG
1071,12571,24121,37271,48971,30000000001_2_4_PRS
20992,246394,472776,730519,959841,30000000001_2_4_AC1
1071,12571,24121,37271,48971,30000000001_2_4_WTF
28483,338648,650162,1004829,1320389,30000000001_2_4_CV1
22775,267319,512926,792556,1041353,30000000001_2_4_GYR
51855,608653,1167872,1804558,2371039,30000000001_2_4_CTR
52296,613829,1177803,1819904,2391202,30000000001_2_4_CTB
28782,342207,656995,1015390,1334266,30000000001_2_4_VRY
107877,722645,1202793,1736789,2279760,30000000001_2_5_SMG
2404,16104,26805,38704,50804,30000000001_2_5_PRS
47139,315772,525580,758918,996178,30000000001_2_5_AC1
2404,16104,26805,38704,50804,30000000001_2_5_WTF
64772,433894,722186,1042810,1368822,30000000001_2_5_CV1
51105,342340,569801,822771,1079993,30000000001_2_5_GYR
116378,779593,1297579,1873657,2459417,30000000001_2_5_CTR
117384,786331,1308794,1889851,2480673,30000000001_2_5_CTB
65473,438587,729997,1054089,1383628,30000000001_2_5_VRY
91301,725148,1230877,1763578,2343480,30000000001_3_1_SMG
2031,16131,27381,39231,52131,30000000001_3_1_PRS
39833,316366,537003,769408,1022406,30000000001_3_1_AC1
2031,16131,27381,39231,52131,30000000001_3_1_WTF
54808,435300,738884,1058659,1406769,30000000001_3_1_CV1
43246,343474,583017,835336,1110012,30000000001_3_1_GYR
98454,781960,1327311,1901747,2527082,30000000001_3_1_CTR
99214,787990,1337546,1916412,2546569,30000000001_3_1_CTB
55357,439665,746294,1069276,1420877,30000000001_3_1_VRY
70883,657454,1133901,1700245,2255352,30000000001_3_2_SMG
1577,14628,25227,37827,50177,30000000001_3_2_PRS
30929,286872,494764,741881,984095,30000000001_3_2_AC1
1577,14628,25227,37827,50177,30000000001_3_2_WTF
42570,394844,680982,1021108,1354486,30000000001_3_2_CV1
33602,311662,537520,805992,1069137,30000000001_3_2_GYR
76416,708773,1222411,1832962,2431398,30000000001_3_2_CTR
77045,714607,1232473,1848050,2451413,30000000001_3_2_CTB
42979,398639,687527,1030923,1367505,30000000001_3_2_VRY
51721,631391,1127930,1743548,2260308,30000000001_3_3_SMG
1151,14051,25101,38802,50301,30000000001_3_3_PRS
22578,275613,492360,761087,986662,30000000001_3_3_AC1
1151,14051,25101,38802,50301,30000000001_3_3_WTF
31076,379359,677694,1047576,1358061,30000000001_3_3_CV1
24510,299209,534512,826246,1071132,30000000001_3_3_GYR
55827,681508,1217460,1881943,2439720,30000000001_3_3_CTR
56278,687018,1227303,1897158,2459446,30000000001_3_3_CTB
31378,383050,684289,1057770,1371276,30000000001_3_3_VRY
68491,657226,1187536,1749305,2259392,30000000001_3_4_SMG
1524,14624,26424,38924,50274,30000000001_3_4_PRS
29841,286344,517393,762148,984386,30000000001_3_4_AC1
1526,14635,26443,38951,50309,30000000001_3_4_WTF
41143,394797,713355,1050811,1357221,30000000001_3_4_CV1
32443,311314,562510,828608,1070225,30000000001_3_4_GYR
73948,709588,1282149,1888676,2439402,30000000001_3_4_CTR
74516,715036,1291993,1903176,2458130,30000000001_3_4_CTB
41538,398590,720209,1060907,1370261,30000000001_3_4_VRY
64178,657401,1104565,1673070,2255057,30000000001_3_5_SMG
1444,14644,24594,37244,50194,30000000001_3_5_PRS
28274,286733,481557,729247,982811,30000000001_3_5_AC1
1444,14644,24594,37244,50194,30000000001_3_5_WTF
38551,394889,663492,1004982,1354571,30000000001_3_5_CV1
30742,311763,523594,792905,1068604,30000000001_3_5_GYR
69282,709680,1192405,1806120,2434389,30000000001_3_5_CTR
69814,715134,1201569,1820000,2453098,30000000001_3_5_CTB
38939,398861,670166,1015092,1368198,30000000001_3_5_VRY
19371,587897,1136199,1664277,2217074,40000000001_1_1_SMG
431,13081,25281,37032,49331,40000000001_1_1_PRS
8451,256479,495683,726065,967230,40000000001_1_1_AC1
431,13081,25281,37032,49331,40000000001_1_1_WTF
11630,352969,682166,999220,1331115,40000000001_1_1_CV1
9173,278400,538049,788122,1049899,40000000001_1_1_GYR
20899,634279,1225839,1795579,2391988,40000000001_1_1_CTR
21071,639494,1235918,1810342,2411655,40000000001_1_1_CTB
11758,356831,689630,1010153,1345679,40000000001_1_1_VRY
42634,635620,1123037,1675593,2275317,40000000001_1_2_SMG
964,14165,25014,37314,50664,40000000001_1_2_PRS
18873,277299,489717,730522,991884,40000000001_1_2_AC1
950,14150,25000,37300,50650,40000000001_1_2_WTF
25637,382206,675296,1007554,1368176,40000000001_1_2_CV1
20241,301756,533154,795476,1080191,40000000001_1_2_GYR
45974,685417,1211020,1806865,2453574,40000000001_1_2_CTR
46334,690779,1220493,1820998,2472767,40000000001_1_2_CTB
25889,385972,681948,1017480,1381654,40000000001_1_2_VRY
74457,629402,1202321,1723565,2242561,40000000001_1_3_SMG
1657,14007,26758,38357,49907,40000000001_1_3_PRS
32436,274189,523772,750844,976936,40000000001_1_3_AC1
1657,14007,26758,38357,49907,40000000001_1_3_WTF
44709,377934,721951,1034939,1346578,40000000001_1_3_CV1
35258,298042,569337,816163,1061924,40000000001_1_3_GYR
80314,678909,1296893,1859136,2418956,40000000001_1_3_CTR
80943,684222,1307041,1873684,2437885,40000000001_1_3_CTB
45156,381712,729168,1045284,1360039,40000000001_1_3_VRY
102031,753484,1276892,1773344,2395593,40000000001_1_4_SMG
2271,16772,28421,39471,53322,40000000001_1_4_PRS
44413,327979,555810,771906,1042761,40000000001_1_4_AC1
2271,16772,28421,39471,53322,40000000001_1_4_WTF
61226,452145,766228,1064135,1437530,40000000001_1_4_CV1
48323,356854,604743,839865,1134566,40000000001_1_4_GYR
110058,812758,1377342,1912848,2584048,40000000001_1_4_CTR
110949,819336,1388488,1928328,2604960,40000000001_1_4_CTB
61936,457386,775109,1076468,1454191,40000000001_1_4_VRY
75536,690048,1210364,1746380,2239784,40000000001_1_5_SMG
1685,15384,26984,38934,49934,40000000001_1_5_PRS
32943,300944,527864,761631,976814,40000000001_1_5_AC1
1685,15384,26984,38934,49934,40000000001_1_5_WTF
45428,414994,727912,1050272,1347004,40000000001_1_5_CV1
35873,327706,574806,829362,1063681,40000000001_1_5_GYR
81635,745762,1308089,1887383,2420624,40000000001_1_5_CTR
82295,751794,1318668,1902647,2440200,40000000001_1_5_CTB
45906,419365,735578,1061332,1361189,40000000001_1_5_VRY
27759,677859,1188492,1645137,2214255,40000000001_2_1_SMG
617,15067,26417,36567,49217,40000000001_2_1_PRS
12093,295298,517746,716675,964602,40000000001_2_1_AC1
618,15069,26421,36572,49224,40000000001_2_1_WTF
16655,406688,713047,987015,1328463,40000000001_2_1_CV1
13140,320862,562568,778719,1048109,40000000001_2_1_GYR
29914,730483,1280757,1772852,2386152,40000000001_2_1_CTR
30156,736398,1291128,1787208,2405476,40000000001_2_1_CTB
16834,411073,720735,997657,1342787,40000000001_2_1_VRY
14576,585918,1150512,1694861,2209968,40000000001_2_2_SMG
324,13024,25574,37674,49124,40000000001_2_2_PRS
6354,255395,501494,738769,963298,40000000001_2_2_AC1
324,13024,25574,37674,49124,40000000001_2_2_WTF
8745,351526,690258,1016845,1325887,40000000001_2_2_CV1
6898,277277,544462,802067,1045833,40000000001_2_2_GYR
15709,631441,1239900,1826542,2381670,40000000001_2_2_CTR
15832,636385,1249609,1840845,2400321,40000000001_2_2_CTB
8849,355670,698394,1028830,1341515,40000000001_2_2_VRY
45772,648862,1170940,1684017,2230849,40000000001_2_3_SMG
1017,14418,26017,37417,49567,40000000001_2_3_PRS
19933,282561,509911,733341,971470,40000000001_2_3_AC1
1017,14418,26017,37417,49567,40000000001_2_3_WTF
27422,388726,701497,1008876,1336476,40000000001_2_3_CV1
21661,307065,554131,796937,1055717,40000000001_2_3_GYR
49267,698406,1260347,1812600,2401185,40000000001_2_3_CTR
49653,703881,1270228,1826810,2420009,40000000001_2_3_CTB
27710,392817,708879,1019491,1350539,40000000001_2_3_VRY
62472,660217,1170323,1770315,2287163,40000000001_2_4_SMG
1390,14690,26040,39390,50890,40000000001_2_4_PRS
27228,287754,510082,771588,996854,40000000001_2_4_AC1
1390,14690,26040,39390,50890,40000000001_2_4_WTF
37488,396180,702281,1062322,1372469,40000000001_2_4_CV1
29606,312877,554617,838953,1083888,40000000001_2_4_GYR
67346,711729,1261635,1908441,2465614,40000000001_2_4_CTR
67863,717195,1271324,1923097,2484549,40000000001_2_4_CTB
37854,400050,709142,1072699,1385876,40000000001_2_4_VRY
67260,727722,1212960,1761098,2306991,40000000001_2_5_SMG
1497,16197,26997,39198,51347,40000000001_2_5_PRS
29325,317277,528833,767814,1005815,40000000001_2_5_AC1
1497,16197,26997,39198,51347,40000000001_2_5_WTF
40366,436741,727955,1056919,1384535,40000000001_2_5_CV1
31911,345255,575468,835523,1094512,40000000001_2_5_GYR
72511,784533,1307652,1898582,2487090,40000000001_2_5_CTR
73097,790878,1318227,1913936,2507204,40000000001_2_5_CTB
40849,441968,736668,1069569,1401106,40000000001_2_5_VRY
92584,713405,1309483,1795343,2326190,40000000001_3_1_SMG
2058,15858,29109,39908,51708,40000000001_3_1_PRS
40308,310590,570100,781625,1012735,40000000001_3_1_AC1
2058,15858,29109,39908,51708,40000000001_3_1_WTF
55543,427986,785586,1077063,1395529,40000000001_3_1_CV1
43851,337890,620209,850327,1101751,40000000001_3_1_GYR
99818,769151,1411808,1935634,2507962,40000000001_3_1_CTR
100573,774966,1422480,1950266,2526921,40000000001_3_1_CTB
56232,433298,795335,1090430,1412848,40000000001_3_1_VRY
102511,706958,1199054,1722608,2286609,40000000001_3_2_SMG
2297,15747,26697,38347,50897,40000000001_3_2_PRS
44971,308291,522667,750747,996447,40000000001_3_2_AC1
2298,15748,26698,38348,50898,40000000001_3_2_WTF
61562,424557,720081,1034496,1373201,40000000001_3_2_CV1
48539,334742,567748,815650,1082702,40000000001_3_2_GYR
110576,762578,1293391,1858136,2466510,40000000001_3_2_CTR
111399,768255,1303018,1871967,2484870,40000000001_3_2_CTB
62310,429714,728828,1047063,1389883,40000000001_3_2_VRY
45700,647832,1144367,1676849,2240787,40000000001_3_3_SMG
1017,14417,25467,37317,49867,40000000001_3_3_PRS
19898,282061,498248,730086,975620,40000000001_3_3_AC1
1017,14417,25467,37317,49867,40000000001_3_3_WTF
27432,388870,686921,1006550,1345061,40000000001_3_3_CV1
21643,306808,541963,794143,1061220,40000000001_3_3_GYR
49301,698879,1234539,1808980,2417354,40000000001_3_3_CTR
49699,704530,1244522,1823608,2436901,40000000001_3_3_CTB
27751,393394,694912,1018260,1360709,40000000001_3_3_VRY
72627,625403,1155708,1737696,2279237,40000000001_3_4_SMG
1631,13931,25731,38681,50732,40000000001_3_4_PRS
31923,272661,503614,757074,992920,40000000001_3_4_AC1
1631,13931,25731,38681,50732,40000000001_3_4_WTF
43624,375653,694185,1043760,1369040,40000000001_3_4_CV1
34711,296477,547601,823200,1079645,40000000001_3_4_GYR
79064,675315,1247328,1875087,2459219,40000000001_3_4_CTR
79736,681056,1257932,1891028,2480126,40000000001_3_4_CTB
44126,379977,702175,1055774,1384798,40000000001_3_4_VRY
33765,604756,1182491,1683794,2308736,40000000001_3_5_SMG
751,13451,26301,37451,51351,40000000001_3_5_PRS
14697,263232,514703,732905,1004924,40000000001_3_5_AC1
751,13451,26301,37451,51351,40000000001_3_5_WTF
20274,363119,710013,1011014,1386253,40000000001_3_5_CV1
15981,286224,559659,796920,1092698,40000000001_3_5_GYR
36411,652136,1275134,1815712,2489616,40000000001_3_5_CTR
36715,657589,1285797,1830895,2510435,40000000001_3_5_CTB
20512,367378,718340,1022872,1402512,40000000001_3_5_VRY
