id,indices,key,state
AC1_00000000000_@1@1@air,35707#221439#465122,AC1,air
GYR_00000000000_@1@1@air,38744#240273#504682,GYR,air
CTB_00000000000_@1@1@air,88966#551730#1158884,CTB,air
CTR_00000000000_@1@1@air,88123#546504#1147907,CTR,air
CV1_00000000000_@1@1@air,49146#304781#640179,CV1,air
VRY_00000000000_@1@1@air,49600#307600#646100,VRY,air
SMG_00000000000_@1@1@air,82827#513661#1078922,SMG,air
AC1_00000000000_@1@1@water,94300#362696#734545#1012701#1319159,AC1,water
GYR_00000000000_@1@1@water,102754#395209#800394#1103484#1437415,GYR,water
CTB_00000000000_@1@1@water,235809#906967#1836825#2532389#3298729,CTB,water
CTR_00000000000_@1@1@water,234050#900203#1823128#2513505#3274131,CTR,water
CV1_00000000000_@1@1@water,130319#501231#1015113#1399513#1823027,CV1,water
VRY_00000000000_@1@1@water,131610#506196#1025168#1413376#1841085,VRY,water
PRS_00000000000_@1@1@water,4831#18581#37631#51881#67581,PRS,water
SMG_00000000000_@1@1@water,221575#852222#1725954#2379534#3099618,SMG,water
WTF_00000000000_@1@1@water,4831#18581#37631#51881#67581,WTF,water
AC1_00000000000_@1@4@air,68306#309511#586715,AC1,air
GYR_00000000000_@1@4@air,74392#337090#638994,GYR,air
CTB_00000000000_@1@4@air,171124#775411#1469885,CTB,air
CTR_00000000000_@1@4@air,169958#770127#1459870,CTR,air
CV1_00000000000_@1@4@air,93096#423351#802895,CV1,air
VRY_00000000000_@1@4@air,94300#427300#809990,VRY,air
SMG_00000000000_@1@4@air,160792#728591#1381132,SMG,air
AC1_00000000000_@1@4@water,51750#443736#835722#1176876#1564952,AC1,water
GYR_00000000000_@1@4@water,56350#483171#909993#1281467#1704031,GYR,water
CTB_00000000000_@1@4@water,128942#1105624#2082306#2932336#3899275,CTB,water
CTR_00000000000_@1@4@water,128391#1100902#2073413#2919813#3882623,CTR,water
CV1_00000000000_@1@4@water,71490#612999#1154508#1625796#2161903,CV1,water
VRY_00000000000_@1@4@water,72122#618415#1164707#1640159#2181002,VRY,water
PRS_00000000000_@1@4@water,2647#22697#42747#60197#80047,PRS,water
SMG_00000000000_@1@4@water,121546#1042206#1962866#2764138#3675615,SMG,water
WTF_00000000000_@1@4@water,2646#22686#42726#60168#80008,WTF,water
AC1_00000000000_@2@1@air,64168#291111#514937,AC1,air
GYR_00000000000_@2@1@air,69980#317477#561573,GYR,air
CTB_00000000000_@2@1@air,160680#728958#1289429,CTB,air
CTR_00000000000_@2@1@air,159584#723988#1280638,CTR,air
CV1_00000000000_@2@1@air,87681#397784#703627,CV1,air
VRY_00000000000_@2@1@air,88500#401500#710200,VRY,air
SMG_00000000000_@2@1@air,150984#684971#1211621,SMG,air
AC1_00000000000_@2@1@water,50783#347028#739089#1021647#1413708,AC1,water
GYR_00000000000_@2@1@water,55259#377616#804234#1111696#1538314,GYR,water
CTB_00000000000_@2@1@water,126827#866691#1845851#2551530#3530690,CTB,water
CTR_00000000000_@2@1@water,125967#860812#1833329#2534220#3506737,CTR,water
CV1_00000000000_@2@1@water,70120#479172#1020526#1410678#1952031,CV1,water
VRY_00000000000_@2@1@water,70794#483780#1030339#1424243#1970802,VRY,water
PRS_00000000000_@2@1@water,2597#17747#37797#52247#72297,PRS,water
SMG_00000000000_@2@1@water,119228#814760#1735250#2398646#3319135,SMG,water
WTF_00000000000_@2@1@water,2597#17747#37797#52247#72297,WTF,water
AC1_00000000000_@2@2@air,89168#276506#451064,AC1,air
GYR_00000000000_@2@2@air,96881#300424#490081,GYR,air
CTB_00000000000_@2@2@air,222954#691373#1127838,CTB,air
CTR_00000000000_@2@2@air,218762#678376#1106637,CTR,air
CV1_00000000000_@2@2@air,121600#377079#615130,CV1,air
VRY_00000000000_@2@2@air,122800#380800#621200,VRY,air
SMG_00000000000_@2@2@air,209498#649648#1059772,SMG,air
AC1_00000000000_@2@2@water,40361#339542#731606#1024921#1416007,AC1,water
GYR_00000000000_@2@2@water,43952#369754#796704#1116117#1542002,GYR,water
CTB_00000000000_@2@2@water,100729#847410#1825903#2557943#3533996,CTB,water
CTR_00000000000_@2@2@water,100066#841828#1813876#2541094#3510718,CTR,water
CV1_00000000000_@2@2@water,55702#468603#1009693#1414499#1954240,CV1,water
VRY_00000000000_@2@2@water,56292#473569#1020393#1429488#1974948,VRY,water
PRS_00000000000_@2@2@water,2064#17364#37414#52415#72414,PRS,water
SMG_00000000000_@2@2@water,94786#797411#1718170#2407018#3325482,SMG,water
WTF_00000000000_@2@2@water,2064#17364#37414#52415#72414,WTF,water
AC1_00000000000_@2@3@air,34116#208275#400854,AC1,air
GYR_00000000000_@2@3@air,37073#226327#435597,GYR,air
CTB_00000000000_@2@3@air,85118#519647#1000131,CTB,air
CTR_00000000000_@2@3@air,84485#515783#992695,CTR,air
CV1_00000000000_@2@3@air,47042#287191#552738,CV1,air
VRY_00000000000_@2@3@air,47600#290600#559300,VRY,air
SMG_00000000000_@2@3@air,78623#479991#923810,SMG,air
AC1_00000000000_@2@3@water,87759#376631#740904#1054256#1441051,AC1,water
GYR_00000000000_@2@3@water,95475#409747#806050#1146955#1567760,GYR,water
CTB_00000000000_@2@3@water,218963#939715#1848596#2630428#3595503,CTB,water
CTR_00000000000_@2@3@water,217307#932609#1834618#2610539#3568317,CTR,water
CV1_00000000000_@2@3@water,121035#519441#1021839#1454008#1987468,CV1,water
VRY_00000000000_@2@3@water,122210#524485#1031761#1468127#2006767,VRY,water
PRS_00000000000_@2@3@water,4481#19232#37831#53831#73581,PRS,water
SMG_00000000000_@2@3@water,205841#883402#1737817#2472798#3380040,SMG,water
WTF_00000000000_@2@3@water,4483#19237#37842#53847#73603,WTF,water
AC1_00000000000_@2@4@air,37731#215626#469627,AC1,air
GYR_00000000000_@2@4@air,41333#234605#510562,GYR,air
CTB_00000000000_@2@4@air,95078#539663#1174452,CTB,air
CTR_00000000000_@2@4@air,93290#529518#1152374,CTR,air
CV1_00000000000_@2@4@air,51350#293455#639138,CV1,air
VRY_00000000000_@2@4@air,52600#300600#654700,VRY,air
SMG_00000000000_@2@4@air,88650#506618#1103401,SMG,air
AC1_00000000000_@2@4@water,69500#341857#645564#924779#1240243,AC1,water
GYR_00000000000_@2@4@water,75524#371484#701512#1004925#1347729,GYR,water
CTB_00000000000_@2@4@water,173289#852370#1609620#2305801#3092363,CTB,water
CTR_00000000000_@2@4@water,171779#844945#1595599#2285715#3065426,CTR,water
CV1_00000000000_@2@4@water,95714#470796#889054#1273581#1708028,CV1,water
VRY_00000000000_@2@4@water,96700#475648#898215#1286704#1725629,VRY,water
PRS_00000000000_@2@4@water,3547#17447#32947#47197#63297,PRS,water
SMG_00000000000_@2@4@water,162905#801296#1513171#2167637#2907068,SMG,water
WTF_00000000000_@2@4@water,3548#17449#32951#47202#63303,WTF,water
AC1_00000000000_@2@5@air,89183#276248#497100,AC1,air
GYR_00000000000_@2@5@air,96901#300157#540125,GYR,air
CTB_00000000000_@2@5@air,223205#691391#1244141,CTB,air
CTR_00000000000_@2@5@air,221581#686360#1235088,CTR,air
CV1_00000000000_@2@5@air,121239#375544#675782,CV1,air
VRY_00000000000_@2@5@air,123000#381000#685600,VRY,air
SMG_00000000000_@2@5@air,209942#650308#1170213,SMG,air
AC1_00000000000_@2@5@water,62576#344428#669342#909112#1208581,AC1,water
GYR_00000000000_@2@5@water,68058#374604#727983#988759#1314464,GYR,water
CTB_00000000000_@2@5@water,155855#857860#1667114#2264306#3010185,CTB,water
CTR_00000000000_@2@5@water,154949#852870#1657418#2251135#2992677,CTR,water
CV1_00000000000_@2@5@water,86320#475122#923325#1254077#1667180,CV1,water
VRY_00000000000_@2@5@water,87150#479689#932200#1266131#1683204,VRY,water
PRS_00000000000_@2@5@water,3197#17597#34197#46447#61747,PRS,water
SMG_00000000000_@2@5@water,146872#808413#1571024#2133794#2836681,SMG,water
WTF_00000000000_@2@5@water,3197#17597#34197#46447#61747,WTF,water
AC1_00000000000_@3@3@air,93671#271138#532901,AC1,air
GYR_00000000000_@3@3@air,102064#295430#580646,GYR,air
CTB_00000000000_@3@3@air,234556#678939#1334405,CTB,air
CTR_00000000000_@3@3@air,232849#673999#1324694,CTR,air
CV1_00000000000_@3@3@air,127794#369908#727027,CV1,air
VRY_00000000000_@3@3@air,130900#378900#744700,VRY,air
SMG_00000000000_@3@3@air,220400#637965#1253873,SMG,air
AC1_00000000000_@3@3@water,38061#304895#575640#805332#1146450,AC1,water
GYR_00000000000_@3@3@water,41471#332215#627218#877491#1249174,GYR,water
CTB_00000000000_@3@3@water,94741#758943#1432878#2004627#2853736,CTB,water
CTR_00000000000_@3@3@water,94219#754761#1424982#1993581#2838011,CTR,water
CV1_00000000000_@3@3@water,52542#420899#794654#1111738#1582642,CV1,water
VRY_00000000000_@3@3@water,53006#424616#801671#1121556#1596618,VRY,water
PRS_00000000000_@3@3@water,1947#15597#29447#41197#58647,PRS,water
SMG_00000000000_@3@3@water,89387#716056#1351906#1891346#2692472,SMG,water
WTF_00000000000_@3@3@water,1948#15599#29450#41202#58653,WTF,water
AC1_00000000000_@3@4@air,87181#276047#532489,AC1,air
GYR_00000000000_@3@4@air,94849#300328#579326,GYR,air
CTB_00000000000_@3@4@air,217761#689515#1330060,CTB,air
CTR_00000000000_@3@4@air,215703#683000#1317492,CTR,air
CV1_00000000000_@3@4@air,120231#380698#734359,CV1,air
VRY_00000000000_@3@4@air,121400#384400#741500,VRY,air
SMG_00000000000_@3@4@air,204048#646094#1246302,SMG,air
AC1_00000000000_@3@4@water,47798#285123#649412#925803#1190474,AC1,water
GYR_00000000000_@3@4@water,51757#310428#707483#1008735#1297212,GYR,water
CTB_00000000000_@3@4@water,118305#709577#1617168#2305768#2965170,CTB,water
CTR_00000000000_@3@4@water,116824#704554#1606708#2291184#2946636,CTR,water
CV1_00000000000_@3@4@water,65699#394053#898069#1280473#1646662,CV1,water
VRY_00000000000_@3@4@water,66164#396842#904425#1289534#1658315,VRY,water
PRS_00000000000_@3@4@water,2447#14597#33247#47397#60947,PRS,water
SMG_00000000000_@3@4@water,111404#668184#1522831#2171262#2792198,SMG,water
WTF_00000000000_@3@4@water,2432#14583#33235#47386#60938,WTF,water
AC1_00000000000_@3@5@air,67172#292276#512273,AC1,air
GYR_00000000000_@3@5@air,72842#316946#555513,GYR,air
CTB_00000000000_@3@5@air,167616#729327#1278295,CTB,air
CTR_00000000000_@3@5@air,166111#722778#1266818,CTR,air
CV1_00000000000_@3@5@air,92546#402683#705785,CV1,air
VRY_00000000000_@3@5@air,93400#406400#712301,VRY,air
SMG_00000000000_@3@5@air,156989#683087#1197251,SMG,air
AC1_00000000000_@3@5@water,62214#320376#712508#989250#1267947,AC1,water
GYR_00000000000_@3@5@water,67710#348680#775456#1076648#1379968,GYR,water
CTB_00000000000_@3@5@water,154937#797868#1774440#2463643#3157715,CTB,water
CTR_00000000000_@3@5@water,154007#793078#1763789#2448854#3138760,CTR,water
CV1_00000000000_@3@5@water,85950#442609#984353#1366681#1751711,CV1,water
VRY_00000000000_@3@5@water,86634#446132#992187#1377558#1765652,VRY,water
PRS_00000000000_@3@5@water,3181#16381#36431#50581#64831,PRS,water
SMG_00000000000_@3@5@water,145898#751318#1670916#2319908#2973488,SMG,water
WTF_00000000000_@3@5@water,3181#16381#36431#50581#64831,WTF,water
AC1_00000000001_@1@1@air,28424#211518#399558,AC1,air
GYR_00000000001_@1@1@air,30058#223675#422522,GYR,air
CTB_00000000001_@1@1@air,69048#513822#970612,CTB,air
CTR_00000000001_@1@1@air,68446#509342#962149,CTR,air
CV1_00000000001_@1@1@air,38217#284394#537221,CV1,air
VRY_00000000001_@1@1@air,38500#286500#541200,VRY,air
SMG_00000000001_@1@1@air,64850#482585#911606,SMG,air
AC1_00000000001_@1@1@water,37642#304209#563735#791072#1050598,AC1,water
GYR_00000000001_@1@1@water,39839#321967#596643#837250#1111926,GYR,water
CTB_00000000001_@1@1@water,91383#738529#1368582#1920488#2550541,CTB,water
CTR_00000000001_@1@1@water,90625#732403#1357229#1904558#2529384,CTR,water
CV1_00000000001_@1@1@water,50468#407866#755823#1060623#1408580,CV1,water
VRY_00000000001_@1@1@water,51039#412486#764384#1072636#1424535,VRY,water
PRS_00000000001_@1@1@water,1871#15121#28021#39321#52221,PRS,water
SMG_00000000001_@1@1@water,85883#694082#1286216#1804907#2397041,SMG,water
WTF_00000000001_@1@1@water,1871#15121#28021#39321#52221,WTF,water
AC1_00000000001_@1@2@air,40787#242137#427261,AC1,air
GYR_00000000001_@1@2@air,43052#255583#450988,GYR,air
CTB_00000000001_@1@2@air,98877#587000#1035787,CTB,air
CTR_00000000001_@1@2@air,98020#581913#1026811,CTR,air
CV1_00000000001_@1@2@air,54604#324164#572002,CV1,air
VRY_00000000001_@1@2@air,55300#328300#579300,VRY,air
SMG_00000000001_@1@2@air,92870#551339#972863,SMG,air
AC1_00000000001_@1@2@water,17802#275564#513189#754840#1001527,AC1,water
GYR_00000000001_@1@2@water,18816#291250#542400#797808#1058536,GYR,water
CTB_00000000001_@1@2@water,43206#668810#1245539#1832043#2430765,CTB,water
CTR_00000000001_@1@2@water,42831#663004#1234726#1816137#2409662,CTR,water
CV1_00000000001_@1@2@water,23865#369411#687961#1011911#1342609,CV1,water
VRY_00000000001_@1@2@water,24129#373493#695564#1023094#1357447,VRY,water
PRS_00000000001_@1@2@water,884#13684#25484#37484#49734,PRS,water
SMG_00000000001_@1@2@water,40599#628456#1170387#1721503#2284101,SMG,water
WTF_00000000001_@1@2@water,884#13684#25484#37484#49734,WTF,water
AC1_00000000001_@1@3@air,26566#235984#415135,AC1,air
GYR_00000000001_@1@3@air,28105#249654#439185,GYR,air
CTB_00000000001_@1@3@air,64394#572004#1006254,CTB,air
CTR_00000000001_@1@3@air,63920#567794#998847,CTR,air
CV1_00000000001_@1@3@air,35505#315385#554815,CV1,air
VRY_00000000001_@1@3@air,35900#318900#561000,VRY,air
SMG_00000000001_@1@3@air,60510#537508#945568,SMG,air
AC1_00000000001_@1@3@water,11056#275862#506433#741032#1012885,AC1,water
GYR_00000000001_@1@3@water,12011#292049#535884#783978#1071469,GYR,water
CTB_00000000001_@1@3@water,27536#669546#1228559#1797336#2456434,CTB,water
CTR_00000000001_@1@3@water,27311#664077#1218524#1782655#2436369,CTR,water
CV1_00000000001_@1@3@water,14822#369808#678903#993396#1357831,CV1,water
VRY_00000000001_@1@3@water,14984#373848#686319#1004248#1372664,VRY,water
PRS_00000000001_@1@3@water,564#13714#25164#36815#50315,PRS,water
SMG_00000000001_@1@3@water,25893#629590#1155243#1690077#2309843,SMG,water
WTF_00000000001_@1@3@water,565#13715#25165#36815#50315,WTF,water
AC1_00000000001_@1@4@air,41940#225378#413994,AC1,air
GYR_00000000001_@1@4@air,44354#238353#437827,GYR,air
CTB_00000000001_@1@4@air,101680#546414#1003701,CTB,air
CTR_00000000001_@1@4@air,101001#542765#996999,CTR,air
CV1_00000000001_@1@4@air,56073#301328#553506,CV1,air
VRY_00000000001_@1@4@air,56700#304700#559700,VRY,air
SMG_00000000001_@1@4@air,95765#514627#945312,SMG,air
AC1_00000000001_@1@4@water,47585#315520#542157#786925#1039751,AC1,water
GYR_00000000001_@1@4@water,50641#333989#573663#832511#1099880,GYR,water
CTB_00000000001_@1@4@water,116113#765797#1315341#1908849#2521896,CTB,water
CTR_00000000001_@1@4@water,115150#759443#1304427#1893010#2500971,CTR,water
CV1_00000000001_@1@4@water,63810#423105#727019#1055247#1394280,CV1,water
VRY_00000000001_@1@4@water,64452#427361#734332#1065861#1408305,VRY,water
PRS_00000000001_@1@4@water,2377#15677#26927#39077#51627,PRS,water
SMG_00000000001_@1@4@water,108465#719202#1235802#1793731#2370027,SMG,water
WTF_00000000001_@1@4@water,2377#15677#26927#39077#51627,WTF,water
AC1_00000000001_@1@5@air,20493#228351#403672,AC1,air
GYR_00000000001_@1@5@air,21743#242282#428299,GYR,air
CTB_00000000001_@1@5@air,49748#554354#979971,CTB,air
CTR_00000000001_@1@5@air,49446#550993#974029,CTR,air
CV1_00000000001_@1@5@air,27471#306118#541147,CV1,air
VRY_00000000001_@1@5@air,27900#310900#549600,VRY,air
SMG_00000000001_@1@5@air,46844#521993#922765,SMG,air
AC1_00000000001_@1@5@water,23699#280416#510959#758615#996205,AC1,water
GYR_00000000001_@1@5@water,25042#296302#539905#801591#1052640,GYR,water
CTB_00000000001_@1@5@water,57487#680222#1239462#1840217#2416552,CTB,water
CTR_00000000001_@1@5@water,56995#674398#1228850#1824462#2395862,CTR,water
CV1_00000000001_@1@5@water,31775#375974#685078#1017129#1335682,CV1,water
VRY_00000000001_@1@5@water,32076#379534#691565#1026759#1348329,VRY,water
PRS_00000000001_@1@5@water,1177#13927#25377#37677#49477,PRS,water
SMG_00000000001_@1@5@water,54041#639445#1165161#1729904#2271690,SMG,water
WTF_00000000001_@1@5@water,1177#13927#25377#37677#49477,WTF,water
AC1_00000000001_@2@1@air,367#196612#379970,AC1,air
GYR_00000000001_@2@1@air,392#210145#406123,GYR,air
CTB_00000000001_@2@1@air,896#481138#929841,CTB,air
CTR_00000000001_@2@1@air,890#477586#922977,CTR,air
CV1_00000000001_@2@1@air,496#266252#514556,CV1,air
VRY_00000000001_@2@1@air,500#268500#518901,VRY,air
SMG_00000000001_@2@1@air,842#452096#873714,SMG,air
AC1_00000000001_@2@1@water,17619#279712#519880#745099#995233,AC1,water
GYR_00000000001_@2@1@water,18846#299181#556067#796964#1064508,GYR,water
CTB_00000000001_@2@1@water,43182#685525#1274137#1826112#2439147,CTB,water
CTR_00000000001_@2@1@water,42795#679384#1262722#1809753#2417296,CTR,water
CV1_00000000001_@2@1@water,23869#378919#704269#1009369#1348219,CV1,water
VRY_00000000001_@2@1@water,24086#382369#710683#1018561#1360497,VRY,water
PRS_00000000001_@2@1@water,884#14034#26084#37384#49934,PRS,water
SMG_00000000001_@2@1@water,40577#644181#1197293#1715979#2292042,SMG,water
WTF_00000000001_@2@1@water,884#14034#26084#37384#49934,WTF,water
AC1_00000000001_@2@2@air,39077#228230#411225,AC1,air
GYR_00000000001_@2@2@air,41731#243730#439153,GYR,air
CTB_00000000001_@2@2@air,95798#559509#1008123,CTB,air
CTR_00000000001_@2@2@air,94717#553193#996742,CTR,air
CV1_00000000001_@2@2@air,52704#307818#554625,CV1,air
VRY_00000000001_@2@2@air,53300#311301#560900,VRY,air
SMG_00000000001_@2@2@air,89905#525092#946110,SMG,air
AC1_00000000001_@2@2@water,22989#302611#518319#755997#1003661,AC1,water
GYR_00000000001_@2@2@water,24512#322654#552649#806070#1070138,GYR,water
CTB_00000000001_@2@2@water,56195#739701#1266978#1847959#2453351,CTB,water
CTR_00000000001_@2@2@water,54231#732068#1254971#1831133#2431503,CTR,water
CV1_00000000001_@2@2@water,31068#408949#700458#1021657#1356352,CV1,water
VRY_00000000001_@2@2@water,31351#412674#706838#1030963#1368707,VRY,water
PRS_00000000001_@2@2@water,1152#15151#25952#37851#50251,PRS,water
SMG_00000000001_@2@2@water,52819#695262#1190862#1736939#2305961,SMG,water
WTF_00000000001_@2@2@water,1152#15151#25952#37851#50251,WTF,water
AC1_00000000001_@2@3@air,22508#208596#384829,AC1,air
GYR_00000000001_@2@3@air,23988#222318#410144,GYR,air
CTB_00000000001_@2@3@air,54912#508920#938882,CTB,air
CTR_00000000001_@2@3@air,54613#506151#933774,CTR,air
CV1_00000000001_@2@3@air,30279#280623#517708,CV1,air
VRY_00000000001_@2@3@air,30600#283600#523200,VRY,air
SMG_00000000001_@2@3@air,51601#478233#882268,SMG,air
AC1_00000000001_@2@3@water,45420#285416#540413#746409#1035405,AC1,water
GYR_00000000001_@2@3@water,48323#303662#574959#794124#1101594,GYR,water
CTB_00000000001_@2@3@water,110935#697114#1319929#1823067#2528924,CTB,water
CTR_00000000001_@2@3@water,110000#691240#1308808#1807706#2507616,CTR,water
CV1_00000000001_@2@3@water,61237#384811#728609#1006344#1395982,CV1,water
VRY_00000000001_@2@3@water,61969#389410#737316#1018370#1412664,VRY,water
PRS_00000000001_@2@3@water,2271#14271#27021#37321#51771,PRS,water
SMG_00000000001_@2@3@water,104257#655148#1240470#1713318#2376683,SMG,water
WTF_00000000001_@2@3@water,2271#14271#27021#37321#51771,WTF,water
AC1_00000000001_@2@4@air,24782#224937#407790,AC1,air
GYR_00000000001_@2@4@air,26383#239473#434143,GYR,air
CTB_00000000001_@2@4@air,60657#550578#998147,CTB,air
CTR_00000000001_@2@4@air,60036#544940#987925,CTR,air
CV1_00000000001_@2@4@air,33417#303320#549891,CV1,air
VRY_00000000001_@2@4@air,33800#306800#556200,VRY,air
SMG_00000000001_@2@4@air,56963#517045#937355,SMG,air
AC1_00000000001_@2@4@water,23073#273638#542245#826888#1042374,AC1,water
GYR_00000000001_@2@4@water,24512#290707#576069#878467#1107395,GYR,water
CTB_00000000001_@2@4@water,56195#666469#1320682#2013954#2538789,CTB,water
CTR_00000000001_@2@4@water,55736#661031#1309907#1997521#2518075,CTR,water
CV1_00000000001_@2@4@water,30602#367619#728900#1111751#1401585,CV1,water
VRY_00000000001_@2@4@water,31403#372440#738032#1125450#1418742,VRY,water
PRS_00000000001_@2@4@water,1151#13651#27051#41251#52001,PRS,water
SMG_00000000001_@2@4@water,52819#626429#1241340#1892962#2386268,SMG,water
WTF_00000000001_@2@4@water,1151#13651#27051#41251#52001,WTF,water
AC1_00000000001_@2@5@air,36906#280264#416047,AC1,air
GYR_00000000001_@2@5@air,39306#298487#443099,GYR,air
CTB_00000000001_@2@5@air,90535#687525#1020621,CTB,air
CTR_00000000001_@2@5@air,88799#679424#1008969,CTR,air
CV1_00000000001_@2@5@air,49943#379269#563018,CV1,air
VRY_00000000001_@2@5@air,50500#383500#569300,VRY,air
SMG_00000000001_@2@5@air,85142#646568#959820,SMG,air
AC1_00000000001_@2@5@water,37566#353792#567620#808554#1058523,AC1,water
GYR_00000000001_@2@5@water,39850#375304#602135#857719#1122887,GYR,water
CTB_00000000001_@2@5@water,90677#860138#1380441#1966697#2574939,CTB,water
CTR_00000000001_@2@5@water,90614#853392#1369175#1950340#2553298,CTR,water
CV1_00000000001_@2@5@water,50038#474648#761765#1085277#1420922,CV1,water
VRY_00000000001_@2@5@water,50632#480280#770805#1098156#1437783,VRY,water
PRS_00000000001_@2@5@water,1871#17621#28271#40271#52721,PRS,water
SMG_00000000001_@2@5@water,85208#808263#1297186#1848086#2419644,SMG,water
WTF_00000000001_@2@5@water,1871#17621#28271#40271#52721,WTF,water
AC1_00000000001_@3@1@air,33921#213109#407709,AC1,air
GYR_00000000001_@3@1@air,35969#225976#432325,GYR,air
CTB_00000000001_@3@1@air,82404#517707#990451,CTB,air
CTR_00000000001_@3@1@air,81865#514325#983980,CTR,air
CV1_00000000001_@3@1@air,45138#285722#546998,CV1,air
VRY_00000000001_@3@1@air,46000#289000#552900,VRY,air
SMG_00000000001_@3@1@air,77347#485938#929672,SMG,air
AC1_00000000001_@3@1@water,12430#268280#501970#756812#1004603,AC1,water
GYR_00000000001_@3@1@water,13143#283671#530767#800230#1062237,GYR,water
CTB_00000000001_@3@1@water,30164#651043#1218144#1836578#2437902,CTB,water
CTR_00000000001_@3@1@water,29919#645748#1208237#1821642#2418074,CTR,water
CV1_00000000001_@3@1@water,16671#359804#673217#1014999#1347324,CV1,water
VRY_00000000001_@3@1@water,16835#363347#679847#1024995#1360593,VRY,water
PRS_00000000001_@3@1@water,617#13317#24918#37568#49867,PRS,water
SMG_00000000001_@3@1@water,28326#611364#1143903#1724645#2289320,SMG,water
WTF_00000000001_@3@1@water,617#13317#24918#37568#49867,WTF,water
AC1_00000000001_@3@2@air,41120#215880#406793,AC1,air
GYR_00000000001_@3@2@air,43565#228713#430975,GYR,air
CTB_00000000001_@3@2@air,100351#526839#992751,CTB,air
CTR_00000000001_@3@2@air,99465#522187#983984,CTR,air
CV1_00000000001_@3@2@air,54569#290162#547532,CV1,air
VRY_00000000001_@3@2@air,56000#294000#554001,VRY,air
SMG_00000000001_@3@2@air,94228#494694#932177,SMG,air
AC1_00000000001_@3@2@water,17788#268297#507741#761269#998699,AC1,water
GYR_00000000001_@3@2@water,18808#283684#536859#804927#1055975,GYR,water
CTB_00000000001_@3@2@water,43182#651340#1232632#1848117#2424524,CTB,water
CTR_00000000001_@3@2@water,42807#645681#1221923#1832061#2403460,CTR,water
CV1_00000000001_@3@2@water,23843#359631#680585#1020419#1338676,CV1,water
VRY_00000000001_@3@2@water,24089#363346#687616#1030960#1352505,VRY,water
PRS_00000000001_@3@2@water,884#13334#25234#37834#49635,PRS,water
SMG_00000000001_@3@2@water,40600#612398#1158936#1737623#2279569,SMG,water
WTF_00000000001_@3@2@water,884#13334#25234#37834#49635,WTF,water
AC1_00000000001_@3@3@air,14484#190295#383613,AC1,air
GYR_00000000001_@3@3@air,15293#200915#405021,GYR,air
CTB_00000000001_@3@3@air,34397#460769#929599,CTB,air
CTR_00000000001_@3@3@air,34825#457530#922329,CTR,air
CV1_00000000001_@3@3@air,18978#254218#512884,CV1,air
VRY_00000000001_@3@3@air,19200#257200#518901,VRY,air
SMG_00000000001_@3@3@air,32374#433667#874921,SMG,air
AC1_00000000001_@3@3@water,27457#366636#595103#850745#1105381,AC1,water
GYR_00000000001_@3@3@water,29012#387405#628815#898939#1167999,GYR,water
CTB_00000000001_@3@3@water,66585#889126#1443181#2063138#2680654,CTB,water
CTR_00000000001_@3@3@water,66050#881991#1431600#2046582#2659142,CTR,water
CV1_00000000001_@3@3@water,36807#491485#797752#1140447#1481793,CV1,water
VRY_00000000001_@3@3@water,37163#496239#805469#1151479#1496128,VRY,water
PRS_00000000001_@3@3@water,1364#18214#29564#42264#54914,PRS,water
SMG_00000000001_@3@3@water,62637#836404#1357607#1940803#2521703,SMG,water
WTF_00000000001_@3@3@water,1364#18212#29560#42259#54907,WTF,water
AC1_00000000001_@3@4@air,25419#201279#396277,AC1,air
GYR_00000000001_@3@4@air,26883#212871#419098,GYR,air
CTB_00000000001_@3@4@air,61627#488000#960771,CTB,air
CTR_00000000001_@3@4@air,61218#484760#954392,CTR,air
CV1_00000000001_@3@4@air,34083#269884#531346,CV1,air
VRY_00000000001_@3@4@air,34400#272400#536300,VRY,air
SMG_00000000001_@3@4@air,58035#459554#904767,SMG,air
AC1_00000000001_@3@4@water,15663#255235#497827#752498#997103,AC1,water
GYR_00000000001_@3@4@water,16573#270062#526747#796212#1055027,GYR,water
CTB_00000000001_@3@4@water,38021#619570#1208450#1826651#2420418,CTB,water
CTR_00000000001_@3@4@water,37726#614763#1199074#1812478#2401638,CTR,water
CV1_00000000001_@3@4@water,20614#342086#667611#1009344#1337571,CV1,water
VRY_00000000001_@3@4@water,20820#345504#674282#1019430#1350935,VRY,water
PRS_00000000001_@3@4@water,778#12678#24728#37378#49528,PRS,water
SMG_00000000001_@3@4@water,35761#582742#1136617#1718072#2276544,SMG,water
WTF_00000000001_@3@4@water,778#12678#24728#37378#49528,WTF,water
AC1_00000000001_@3@5@air,19028#205611#393373,AC1,air
GYR_00000000001_@3@5@air,20119#217406#415941,GYR,air
CTB_00000000001_@3@5@air,46217#499423#955495,CTB,air
CTR_00000000001_@3@5@air,46031#497417#951658,CTR,air
CV1_00000000001_@3@5@air,25517#275736#527538,CV1,air
VRY_00000000001_@3@5@air,25800#278801#533400,VRY,air
SMG_00000000001_@3@5@air,43435#469363#897985,SMG,air
AC1_00000000001_@3@5@water,29627#287422#524071#767768#1009452,AC1,water
GYR_00000000001_@3@5@water,31326#303910#554132#811809#1067356,GYR,water
CTB_00000000001_@3@5@water,71877#697312#1271442#1862673#2449018,CTB,water
CTR_00000000001_@3@5@water,71319#691900#1261574#1848217#2430011,CTR,water
CV1_00000000001_@3@5@water,39695#385103#702177#1028695#1352515,CV1,water
VRY_00000000001_@3@5@water,40110#389128#709515#1039446#1366651,VRY,water
PRS_00000000001_@3@5@water,1471#14272#26021#38121#50121,PRS,water
SMG_00000000001_@3@5@water,67567#655498#1195200#1750979#2302165,SMG,water
WTF_00000000001_@3@5@water,1471#14272#26021#38121#50121,WTF,water
AC1_00000000010_@1@1@air,45026#227481#416852,AC1,air
GYR_00000000010_@1@1@air,47809#241542#442619,GYR,air
CTB_00000000010_@1@1@air,109763#554551#1016198,CTB,air
CTR_00000000010_@1@1@air,108361#547470#1003222,CTR,air
CV1_00000000010_@1@1@air,60654#306438#561539,CV1,air
VRY_00000000010_@1@1@air,61200#309200#566600,VRY,air
SMG_00000000010_@1@1@air,103226#521526#955681,SMG,air
AC1_00000000010_@1@1@water,112322#336883#577557#829307#1076023,AC1,water
GYR_00000000010_@1@1@water,118577#355646#609723#875495#1135951,GYR,water
CTB_00000000010_@1@1@water,272315#816750#1400246#2010599#2608744,CTB,water
CTR_00000000010_@1@1@water,269991#809778#1388294#1993436#2586475,CTR,water
CV1_00000000010_@1@1@water,150365#450986#773176#1110195#1440473,CV1,water
VRY_00000000010_@1@1@water,151952#455747#781339#1121916#1455682,VRY,water
PRS_00000000010_@1@1@water,5577#16727#28677#41177#53427,PRS,water
SMG_00000000010_@1@1@water,255889#767483#1315784#1889319#2451385,SMG,water
WTF_00000000010_@1@1@water,5577#16727#28677#41177#53427,WTF,water
AC1_00000000010_@1@2@air,24877#203726#393467,AC1,air
GYR_00000000010_@1@2@air,26723#216399#417627,GYR,air
CTB_00000000010_@1@2@air,61260#496086#957396,CTB,air
CTR_00000000010_@1@2@air,60811#492443#950364,CTR,air
CV1_00000000010_@1@2@air,33578#274982#531089,CV1,air
VRY_00000000010_@1@2@air,33800#276800#534600,VRY,air
SMG_00000000010_@1@2@air,57155#468059#903988,SMG,air
AC1_00000000010_@1@2@water,45493#306625#545576#781503#1031544,AC1,water
GYR_00000000010_@1@2@water,48359#324113#576443#825580#1089623,GYR,water
CTB_00000000010_@1@2@water,110145#742387#1320926#1892141#2497532,CTB,water
CTR_00000000010_@1@2@water,110048#737578#1311804#1878761#2479639,CTR,water
CV1_00000000010_@1@2@water,60857#410179#729830#1045435#1379921,CV1,water
VRY_00000000010_@1@2@water,61463#414266#737100#1055849#1393668,VRY,water
PRS_00000000010_@1@2@water,2271#15221#27071#38771#51172,PRS,water
SMG_00000000010_@1@2@water,103527#697784#1241563#1778459#2347477,SMG,water
WTF_00000000010_@1@2@water,2271#15221#27071#38771#51172,WTF,water
AC1_00000000010_@1@3@air,28575#214896#404384,AC1,air
GYR_00000000010_@1@3@air,30236#227391#427897,GYR,air
CTB_00000000010_@1@3@air,69315#521289#980945,CTB,air
CTR_00000000010_@1@3@air,68852#517805#974388,CTR,air
CV1_00000000010_@1@3@air,38262#287753#541484,CV1,air
VRY_00000000010_@1@3@air,38800#291800#549101,VRY,air
SMG_00000000010_@1@3@air,65317#491218#924358,SMG,air
AC1_00000000010_@1@3@water,46459#318202#568809#809352#1057946,AC1,water
GYR_00000000010_@1@3@water,49191#336912#602255#856941#1120153,GYR,water
CTB_00000000010_@1@3@water,112652#771565#1379229#1962488#2565272,CTB,water
CTR_00000000010_@1@3@water,112476#765839#1368384#1946731#2544437,CTR,water
CV1_00000000010_@1@3@water,62200#426014#761531#1083573#1416395,CV1,water
VRY_00000000010_@1@3@water,62852#430477#769509#1094926#1431234,VRY,water
PRS_00000000010_@1@3@water,2324#15824#28274#40224#52574,PRS,water
SMG_00000000010_@1@3@water,105913#725408#1296721#1845089#2411813,SMG,water
WTF_00000000010_@1@3@water,2324#15824#28274#40224#52574,WTF,water
AC1_00000000010_@1@4@air,29477#238019#426150,AC1,air
GYR_00000000010_@1@4@air,31305#252785#452587,GYR,air
CTB_00000000010_@1@4@air,71430#576798#1032700,CTB,air
CTR_00000000010_@1@4@air,71677#573353#1025925,CTR,air
CV1_00000000010_@1@4@air,39731#320827#574409,CV1,air
VRY_00000000010_@1@4@air,40000#323000#578300,VRY,air
SMG_00000000010_@1@4@air,67572#545640#976914,SMG,air
AC1_00000000010_@1@4@water,38781#297791#563856#798679#1032493,AC1,water
GYR_00000000010_@1@4@water,40973#314623#595725#843820#1090849,GYR,water
CTB_00000000010_@1@4@water,93958#721481#1366095#1935017#2501496,CTB,water
CTR_00000000010_@1@4@water,93167#715405#1354592#1918722#2480431,CTR,water
CV1_00000000010_@1@4@water,51829#397980#753559#1067384#1379863,CV1,water
VRY_00000000010_@1@4@water,52392#402303#761744#1078979#1394851,VRY,water
PRS_00000000010_@1@4@water,1924#14774#27974#39624#51225,PRS,water
SMG_00000000010_@1@4@water,88291#677963#1283695#1818301#2350611,SMG,water
WTF_00000000010_@1@4@water,1924#14774#27974#39624#51225,WTF,water
AC1_00000000010_@1@5@air,41767#217085#407578,AC1,air
GYR_00000000010_@1@5@air,44247#229971#431771,GYR,air
CTB_00000000010_@1@5@air,101568#527901#991134,CTB,air
CTR_00000000010_@1@5@air,100631#523028#981986,CTR,air
CV1_00000000010_@1@5@air,56164#291912#548065,CV1,air
VRY_00000000010_@1@5@air,56700#294701#553300,VRY,air
SMG_00000000010_@1@5@air,95524#496489#932158,SMG,air
AC1_00000000010_@1@5@water,11898#253479#478954#746706#1001372,AC1,water
GYR_00000000010_@1@5@water,12579#267989#506372#789451#1058696,GYR,water
CTB_00000000010_@1@5@water,28866#614962#1161986#1811576#2429419,CTB,water
CTR_00000000010_@1@5@water,28619#609697#1152037#1796066#2408619,CTR,water
CV1_00000000010_@1@5@water,15937#339524#641539#1000182#1341297,CV1,water
VRY_00000000010_@1@5@water,16099#342980#648069#1010362#1354948,VRY,water
PRS_00000000010_@1@5@water,591#12591#23791#37091#49741,PRS,water
SMG_00000000010_@1@5@water,27136#578106#1092346#1703005#2283819,SMG,water
WTF_00000000010_@1@5@water,591#12591#23791#37091#49741,WTF,water
AC1_00000000010_@2@1@air,21709#208524#427532,AC1,air
GYR_00000000010_@2@1@air,22951#220449#451982,GYR,air
CTB_00000000010_@2@1@air,52648#505703#1036833,CTB,air
CTR_00000000010_@2@1@air,52251#501892#1029021,CTR,air
CV1_00000000010_@2@1@air,29089#279413#572875,CV1,air
VRY_00000000010_@2@1@air,29400#282401#579000,VRY,air
SMG_00000000010_@2@1@air,49477#475248#974392,SMG,air
AC1_00000000010_@2@1@water,49498#351679#595439#860351#1092024,AC1,water
GYR_00000000010_@2@1@water,52338#371857#629603#909715#1154679,GYR,water
CTB_00000000010_@2@1@water,119939#852168#1442832#2084752#2646127,CTB,water
CTR_00000000010_@2@1@water,118944#845097#1430860#2067453#2624170,CTR,water
CV1_00000000010_@2@1@water,66297#471040#797532#1152356#1462659,CV1,water
VRY_00000000010_@2@1@water,66964#475780#805558#1163953#1477378,VRY,water
PRS_00000000010_@2@1@water,2457#17457#29557#42707#54207,PRS,water
SMG_00000000010_@2@1@water,112781#801308#1356720#1960329#2488199,SMG,water
WTF_00000000010_@2@1@water,2457#17457#29557#42707#54207,WTF,water
AC1_00000000010_@2@2@air,25704#223650#405200,AC1,air
GYR_00000000010_@2@2@air,27192#236593#428649,GYR,air
CTB_00000000010_@2@2@air,62330#542339#982586,CTB,air
CTR_00000000010_@2@2@air,61781#537562#973932,CTR,air
CV1_00000000010_@2@2@air,34388#299207#542091,CV1,air
VRY_00000000010_@2@2@air,34800#302800#548600,VRY,air
SMG_00000000010_@2@2@air,58582#509724#923496,SMG,air
AC1_00000000010_@2@2@water,43023#297693#562430#779856#1030500,AC1,water
GYR_00000000010_@2@2@water,45447#314469#594125#823804#1088572,GYR,water
CTB_00000000010_@2@2@water,104347#722029#1364126#1891475#2499392,CTB,water
CTR_00000000010_@2@2@water,103426#715657#1352086#1874780#2477331,CTR,water
CV1_00000000010_@2@2@water,57599#398551#752981#1044071#1379633,CV1,water
VRY_00000000010_@2@2@water,58203#402736#760886#1055032#1394117,VRY,water
PRS_00000000010_@2@2@water,2137#14787#27937#38738#51187,PRS,water
SMG_00000000010_@2@2@water,98065#678559#1281997#1777597#2348913,SMG,water
WTF_00000000010_@2@2@water,2137#14787#27937#38738#51187,WTF,water
AC1_00000000010_@2@3@air,14524#204732#386684,AC1,air
GYR_00000000010_@2@3@air,15383#216832#409537,GYR,air
CTB_00000000010_@2@3@air,35265#497102#938891,CTB,air
CTR_00000000010_@2@3@air,35029#493783#932623,CTR,air
CV1_00000000010_@2@3@air,19492#274761#518949,CV1,air
VRY_00000000010_@2@3@air,19700#277700#524500,VRY,air
SMG_00000000010_@2@3@air,33143#467186#882387,SMG,air
AC1_00000000010_@2@3@water,7086#269775#518374#794147#1009532,AC1,water
GYR_00000000010_@2@3@water,7496#285371#548341#840056#1067892,GYR,water
CTB_00000000010_@2@3@water,17184#654227#1257099#1925872#2448198,CTB,water
CTR_00000000010_@2@3@water,17053#649258#1247551#1911245#2429604,CTR,water
CV1_00000000010_@2@3@water,9067#361168#694381#1064019#1352715,CV1,water
VRY_00000000010_@2@3@water,9597#365390#702098#1075613#1367336,VRY,water
PRS_00000000010_@2@3@water,352#13402#25752#39452#50152,PRS,water
SMG_00000000010_@2@3@water,16160#615247#1182200#1811127#2302333,SMG,water
WTF_00000000010_@2@3@water,352#13402#25752#39452#50152,WTF,water
AC1_00000000010_@2@4@air,39647#215362#410125,AC1,air
GYR_00000000010_@2@4@air,41915#227681#433585,GYR,air
CTB_00000000010_@2@4@air,96213#522632#995276,CTB,air
CTR_00000000010_@2@4@air,256284#613207#1008822,CTR,air
CV1_00000000010_@2@4@air,52999#287892#548248,CV1,air
VRY_00000000010_@2@4@air,53700#291700#555501,VRY,air
SMG_00000000010_@2@4@air,90396#491031#935097,SMG,air
AC1_00000000010_@2@4@water,10288#286094#530697#786371#1038020,AC1,water
GYR_00000000010_@2@4@water,10883#302633#561375#831830#1098026,GYR,water
CTB_00000000010_@2@4@water,24945#693706#1286805#1906752#2516936,CTB,water
CTR_00000000010_@2@4@water,24762#688609#1277349#1892740#2498440,CTR,water
CV1_00000000010_@2@4@water,13385#383059#710908#1053599#1390892,CV1,water
VRY_00000000010_@2@4@water,13525#387071#718354#1064634#1405460,VRY,water
PRS_00000000010_@2@4@water,511#14211#26361#39061#51562,PRS,water
SMG_00000000010_@2@4@water,23459#652381#1210147#1793162#2366996,SMG,water
WTF_00000000010_@2@4@water,511#14211#26361#39061#51562,WTF,water
AC1_00000000010_@2@5@air,20233#221817#414689,AC1,air
GYR_00000000010_@2@5@air,21349#234059#437574,GYR,air
CTB_00000000010_@2@5@air,49176#539137#1007920,CTB,air
CTR_00000000010_@2@5@air,48585#532661#995814,CTR,air
CV1_00000000010_@2@5@air,27108#297197#555611,CV1,air
VRY_00000000010_@2@5@air,27400#300400#561601,VRY,air
SMG_00000000010_@2@5@air,46154#506005#945980,SMG,air
AC1_00000000010_@2@5@water,9193#291821#531199#767560#1018002,AC1,water
GYR_00000000010_@2@5@water,9721#308574#561695#811625#1076445,GYR,water
CTB_00000000010_@2@5@water,22315#708366#1289434#1863178#2471102,CTB,water
CTR_00000000010_@2@5@water,22122#702217#1278240#1847003#2449649,CTR,water
CV1_00000000010_@2@5@water,12321#391109#711933#1028714#1364366,CV1,water
VRY_00000000010_@2@5@water,12452#395271#719509#1039660#1378884,VRY,water
PRS_00000000010_@2@5@water,457#14507#26407#38157#50607,PRS,water
SMG_00000000010_@2@5@water,20975#665809#1211967#1751241#2322641,SMG,water
WTF_00000000010_@2@5@water,457#14507#26407#38157#50607,WTF,water
AC1_00000000010_@3@1@air,13632#204432#392495,AC1,air
GYR_00000000010_@3@1@air,14427#216354#415386,GYR,air
CTB_00000000010_@3@1@air,32319#495554#952146,CTB,air
CTR_00000000010_@3@1@air,32833#492372#945321,CTR,air
CV1_00000000010_@3@1@air,17942#275100#528571,CV1,air
VRY_00000000010_@3@1@air,18000#276000#530301,VRY,air
SMG_00000000010_@3@1@air,30552#468464#900096,SMG,air
AC1_00000000010_@3@1@water,33908#298680#525197#772855#1020513,AC1,water
GYR_00000000010_@3@1@water,35848#315775#555256#817089#1078922,GYR,water
CTB_00000000010_@3@1@water,82194#724030#1273128#1873476#2473824,CTB,water
CTR_00000000010_@3@1@water,81545#718313#1263076#1858683#2454291,CTR,water
CV1_00000000010_@3@1@water,45444#400303#703890#1035811#1367733,CV1,water
VRY_00000000010_@3@1@water,45939#404663#711557#1047094#1382630,VRY,water
PRS_00000000010_@3@1@water,1684#14835#26085#38384#50684,PRS,water
SMG_00000000010_@3@1@water,77268#680636#1196825#1761191#2325557,SMG,water
WTF_00000000010_@3@1@water,1684#14835#26085#38384#50684,WTF,water
AC1_00000000010_@3@2@air,45249#228309#427535,AC1,air
GYR_00000000010_@3@2@air,47819#241277#451818,GYR,air
CTB_00000000010_@3@2@air,109769#553856#1037159,CTB,air
CTR_00000000010_@3@2@air,109045#550204#1030321,CTR,air
CV1_00000000010_@3@2@air,60723#306386#573744,CV1,air
VRY_00000000010_@3@2@air,61300#309300#579200,VRY,air
SMG_00000000010_@3@2@air,103379#521614#976782,SMG,air
AC1_00000000010_@3@2@water,22109#291160#524943#770817#1020723,AC1,water
GYR_00000000010_@3@2@water,23365#307699#554760#814601#1078702,GYR,water
CTB_00000000010_@3@2@water,53565#705423#1271832#1867538#2473009,CTB,water
CTR_00000000010_@3@2@water,53113#699475#1261107#1851789#2452155,CTR,water
CV1_00000000010_@3@2@water,29561#389296#701874#1030621#1364757,CV1,water
VRY_00000000010_@3@2@water,29883#393539#709524#1041853#1379631,VRY,water
PRS_00000000010_@3@2@water,1097#14447#26047#38247#50647,PRS,water
SMG_00000000010_@3@2@water,50347#663044#1195424#1755341#2324438,SMG,water
WTF_00000000010_@3@2@water,1097#14447#26047#38247#50647,WTF,water
AC1_00000000010_@3@3@air,47559#252224#446951,AC1,air
GYR_00000000010_@3@3@air,50506#267852#474644,GYR,air
CTB_00000000010_@3@3@air,115783#614041#1088104,CTB,air
CTR_00000000010_@3@3@air,114390#606656#1075016,CTR,air
CV1_00000000010_@3@3@air,64016#339499#601605,CV1,air
VRY_00000000010_@3@3@air,64600#342600#607100,VRY,air
SMG_00000000010_@3@3@air,108968#577900#1024059,SMG,air
AC1_00000000010_@3@3@water,33418#284500#528523#759438#1020604,AC1,water
GYR_00000000010_@3@3@water,35283#300377#558019#801821#1077562,GYR,water
CTB_00000000010_@3@3@water,80952#689191#1280331#1839715#2472381,CTB,water
CTR_00000000010_@3@3@water,80249#683202#1269204#1823727#2450895,CTR,water
CV1_00000000010_@3@3@water,44726#380775#707377#1016434#1365979,CV1,water
VRY_00000000010_@3@3@water,45220#384981#715191#1027662#1381068,VRY,water
PRS_00000000010_@3@3@water,1657#14108#26207#37657#50607,PRS,water
SMG_00000000010_@3@3@water,76080#647713#1203276#1728995#2323585,SMG,water
WTF_00000000010_@3@3@water,1657#14108#26207#37657#50607,WTF,water
AC1_00000000010_@3@4@air,24720#207719#396179,AC1,air
GYR_00000000010_@3@4@air,26160#219816#419251,GYR,air
CTB_00000000010_@3@4@air,60055#504635#962481,CTB,air
CTR_00000000010_@3@4@air,59574#500599#954784,CTR,air
CV1_00000000010_@3@4@air,33115#278257#530714,CV1,air
VRY_00000000010_@3@4@air,33500#281500#536901,VRY,air
SMG_00000000010_@3@4@air,56476#474566#905131,SMG,air
AC1_00000000010_@3@4@water,25889#296062#538008#768865#1015852,AC1,water
GYR_00000000010_@3@4@water,27322#312451#567790#811426#1072085,GYR,water
CTB_00000000010_@3@4@water,62731#717400#1303671#1863071#2461556,CTB,water
CTR_00000000010_@3@4@water,62211#711448#1292854#1847612#2441131,CTR,water
CV1_00000000010_@3@4@water,34625#395973#719569#1028332#1358669,CV1,water
VRY_00000000010_@3@4@water,35032#400627#728026#1040419#1374639,VRY,water
PRS_00000000010_@3@4@water,1284#14684#26684#38134#50384,PRS,water
SMG_00000000010_@3@4@water,58955#674208#1225181#1750901#2313352,SMG,water
WTF_00000000010_@3@4@water,1284#14684#26684#38134#50384,WTF,water
AC1_00000000010_@3@5@air,24256#211144#400395,AC1,air
GYR_00000000010_@3@5@air,25657#223340#423524,GYR,air
CTB_00000000010_@3@5@air,58187#512549#972657,CTB,air
CTR_00000000010_@3@5@air,58415#508499#964276,CTR,air
CV1_00000000010_@3@5@air,32128#283004#537053,CV1,air
VRY_00000000010_@3@5@air,32400#285400#541600,VRY,air
SMG_00000000010_@3@5@air,54686#481701#914118,SMG,air
AC1_00000000010_@3@5@water,42600#321958#573077#801000#1048086,AC1,water
GYR_00000000010_@3@5@water,44977#339925#605059#845703#1106577,GYR,water
CTB_00000000010_@3@5@water,103225#780149#1388647#1940938#2539661,CTB,water
CTR_00000000010_@3@5@water,102314#773264#1376392#1923810#2517250,CTR,water
CV1_00000000010_@3@5@water,56958#430474#766234#1070980#1401346,CV1,water
VRY_00000000010_@3@5@water,57583#435194#774636#1082723#1416711,VRY,water
PRS_00000000010_@3@5@water,2112#15962#28412#39712#51963,PRS,water
SMG_00000000010_@3@5@water,96969#732865#1304483#1823301#2385736,SMG,water
WTF_00000000010_@3@5@water,2113#15965#28416#39718#51970,WTF,water
AC1_00000000100_@1@1@air,34755#210746#406406,AC1,air
GYR_00000000100_@1@1@air,36580#221811#427744,GYR,air
CTB_00000000100_@1@1@air,84142#510218#983914,CTB,air
CTR_00000000100_@1@1@air,83086#503814#971565,CTR,air
CV1_00000000100_@1@1@air,46385#281268#542403,CV1,air
VRY_00000000100_@1@1@air,47000#285000#549600,VRY,air
SMG_00000000100_@1@1@air,79059#479400#924484,SMG,air
AC1_00000000100_@1@1@water,66206#338613#599922#812803#1082184,AC1,water
GYR_00000000100_@1@1@water,69886#357435#633269#857983#1142337,GYR,water
CTB_00000000100_@1@1@water,160408#820420#1453544#1969331#2622010,CTB,water
CTR_00000000100_@1@1@water,159082#813637#1441525#1953047#2600330,CTR,water
CV1_00000000100_@1@1@water,88708#453702#803826#1089062#1450001,CV1,water
VRY_00000000100_@1@1@water,89588#458206#811805#1099873#1464395,VRY,water
PRS_00000000100_@1@1@water,3281#16781#29731#40281#53631,PRS,water
SMG_00000000100_@1@1@water,150671#770618#1365309#1849786#2462845,SMG,water
WTF_00000000100_@1@1@water,3281#16781#29731#40281#53631,WTF,water
AC1_00000000100_@1@2@air,42967#222672#399345,AC1,air
GYR_00000000100_@1@2@air,45248#234492#420544,GYR,air
CTB_00000000100_@1@2@air,104147#539736#967974,CTB,air
CTR_00000000100_@1@2@air,102643#531939#953992,CTR,air
CV1_00000000100_@1@2@air,57020#297303#533532,CV1,air
VRY_00000000100_@1@2@air,58100#301100#540000,VRY,air
SMG_00000000100_@1@2@air,97800#506843#908984,SMG,air
AC1_00000000100_@1@2@water,79977#361430#602531#829509#1084734,AC1,water
GYR_00000000100_@1@2@water,84302#380974#635112#874363#1143388,GYR,water
CTB_00000000100_@1@2@water,193726#875477#1459487#2009287#2627506,CTB,water
CTR_00000000100_@1@2@water,192149#868354#1447612#1992939#2606128,CTR,water
CV1_00000000100_@1@2@water,107006#483578#806162#1109849#1451328,CV1,water
VRY_00000000100_@1@2@water,108224#489081#815334#1122477#1467842,VRY,water
PRS_00000000100_@1@2@water,3964#17914#29864#41114#53764,PRS,water
SMG_00000000100_@1@2@water,182013#822545#1371244#1887802#2468643,SMG,water
WTF_00000000100_@1@2@water,3964#17914#29864#41114#53764,WTF,water
AC1_00000000100_@1@3@air,38581#221522#409480,AC1,air
GYR_00000000100_@1@3@air,41121#234495#433171,GYR,air
CTB_00000000100_@1@3@air,93626#537587#993720,CTB,air
CTR_00000000100_@1@3@air,93340#532276#983247,CTR,air
CV1_00000000100_@1@3@air,51614#296356#547809,CV1,air
VRY_00000000100_@1@3@air,52300#300301#555100,VRY,air
SMG_00000000100_@1@3@air,87494#502376#928635,SMG,air
AC1_00000000100_@1@3@water,43017#277177#506291#752562#1045262,AC1,water
GYR_00000000100_@1@3@water,45403#292548#534366#794294#1103225,GYR,water
CTB_00000000100_@1@3@water,104239#671658#1226849#1823617#2532891,CTB,water
CTR_00000000100_@1@3@water,103364#666021#1216552#1808312#2511633,CTR,water
CV1_00000000100_@1@3@water,57631#371339#678286#1008220#1400354,CV1,water
VRY_00000000100_@1@3@water,58195#374976#684929#1018095#1414071,VRY,water
PRS_00000000100_@1@3@water,2131#13731#25081#37281#51781,PRS,water
SMG_00000000100_@1@3@water,97874#630641#1151926#1712251#2378210,SMG,water
WTF_00000000100_@1@3@water,2131#13731#25081#37281#51781,WTF,water
AC1_00000000100_@1@4@air,43222#230784#424945,AC1,air
GYR_00000000100_@1@4@air,45689#243961#449208,GYR,air
CTB_00000000100_@1@4@air,104832#559762#1030696,CTB,air
CTR_00000000100_@1@4@air,103578#553066#1018367,CTR,air
CV1_00000000100_@1@4@air,57611#307618#566420,CV1,air
VRY_00000000100_@1@4@air,58300#311300#573200,VRY,air
SMG_00000000100_@1@4@air,98553#526233#968959,SMG,air
AC1_00000000100_@1@4@water,11726#266010#508185#745315#985472,AC1,water
GYR_00000000100_@1@4@water,12375#280740#536325#786586#1040042,GYR,water
CTB_00000000100_@1@4@water,28408#644477#1231209#1805717#2387560,CTB,water
CTR_00000000100_@1@4@water,28167#639007#1220760#1790392#2367297,CTR,water
CV1_00000000100_@1@4@water,15699#356158#680405#997896#1319441,CV1,water
VRY_00000000100_@1@4@water,15850#359575#686932#1007469#1332097,VRY,water
PRS_00000000100_@1@4@water,581#13181#25181#36931#48831,PRS,water
SMG_00000000100_@1@4@water,26685#605375#1156509#1696161#2242702,SMG,water
WTF_00000000100_@1@4@water,581#13181#25181#36931#48831,WTF,water
AC1_00000000100_@1@5@air,27508#207196#388955,AC1,air
GYR_00000000100_@1@5@air,28953#218075#409376,GYR,air
CTB_00000000100_@1@5@air,66641#501952#942279,CTB,air
CTR_00000000100_@1@5@air,66091#497812#934507,CTR,air
CV1_00000000100_@1@5@air,36737#276708#519444,CV1,air
VRY_00000000100_@1@5@air,37200#280200#526000,VRY,air
SMG_00000000100_@1@5@air,62611#471596#885295,SMG,air
AC1_00000000100_@1@5@water,34568#273554#550859#774720#1029841,AC1,water
GYR_00000000100_@1@5@water,36526#289054#582071#818615#1088191,GYR,water
CTB_00000000100_@1@5@water,83805#663203#1335500#1878227#2496741,CTB,water
CTR_00000000100_@1@5@water,83094#657575#1324166#1862287#2475551,CTR,water
CV1_00000000100_@1@5@water,46314#366507#738040#1037968#1379778,CV1,water
VRY_00000000100_@1@5@water,46758#370020#745113#1047915#1393001,VRY,water
PRS_00000000100_@1@5@water,1714#13564#27314#38414#51064,PRS,water
SMG_00000000100_@1@5@water,78721#622966#1254473#1764272#2345259,SMG,water
WTF_00000000100_@1@5@water,1714#13564#27314#38414#51064,WTF,water
AC1_00000000100_@2@1@air,28084#203978#400417,AC1,air
GYR_00000000100_@2@1@air,29669#215485#423007,GYR,air
CTB_00000000100_@2@1@air,68115#494725#971167,CTB,air
CTR_00000000100_@2@1@air,67556#490667#963201,CTR,air
CV1_00000000100_@2@1@air,37645#273415#536726,CV1,air
VRY_00000000100_@2@1@air,38000#276000#541800,VRY,air
SMG_00000000100_@2@1@air,63524#461379#905706,SMG,air
AC1_00000000100_@2@1@water,40226#282822#533472#772042#1018665,AC1,water
GYR_00000000100_@2@1@water,42568#299291#564535#816997#1077981,GYR,water
CTB_00000000100_@2@1@water,97654#686601#1295097#1874269#2472991,CTB,water
CTR_00000000100_@2@1@water,96837#680857#1284264#1858590#2452304,CTR,water
CV1_00000000100_@2@1@water,53996#379639#716092#1036331#1367379,CV1,water
VRY_00000000100_@2@1@water,54499#383178#722768#1045993#1380127,VRY,water
PRS_00000000100_@2@1@water,2014#14064#26514#38365#50614,PRS,water
SMG_00000000100_@2@1@water,91838#645708#1217964#1762641#2325704,SMG,water
WTF_00000000100_@2@1@water,2014#14063#26511#38360#50608,WTF,water
AC1_00000000100_@2@2@air,31299#214365#405182,AC1,air
GYR_00000000100_@2@2@air,33020#226150#427458,GYR,air
CTB_00000000100_@2@2@air,76002#520537#983893,CTB,air
CTR_00000000100_@2@2@air,75378#516268#975823,CTR,air
CV1_00000000100_@2@2@air,41743#285895#540385,CV1,air
VRY_00000000100_@2@2@air,42400#290400#548900,VRY,air
SMG_00000000100_@2@2@air,71024#486444#919451,SMG,air
AC1_00000000100_@2@2@water,32214#277992#523769#765518#1009281,AC1,water
GYR_00000000100_@2@2@water,34058#293901#553744#809328#1067041,GYR,water
CTB_00000000100_@2@2@water,78163#674510#1270858#1857430#2448890,CTB,water
CTR_00000000100_@2@2@water,78246#669694#1261142#1842894#2429494,CTR,water
CV1_00000000100_@2@2@water,43189#372705#702220#1026334#1353148,CV1,water
VRY_00000000100_@2@2@water,43645#376634#709623#1037153#1367412,VRY,water
PRS_00000000100_@2@2@water,1614#13814#26014#38014#50114,PRS,water
SMG_00000000100_@2@2@water,73450#633840#1194231#1745434#2301231,SMG,water
WTF_00000000100_@2@2@water,1614#13814#26014#38014#50114,WTF,water
AC1_00000000100_@2@3@air,30753#233538#438625,AC1,air
GYR_00000000100_@2@3@air,32404#246076#462175,GYR,air
CTB_00000000100_@2@3@air,74678#567114#1065141,CTB,air
CTR_00000000100_@2@3@air,73601#558934#1049779,CTR,air
CV1_00000000100_@2@3@air,41194#312830#587550,CV1,air
VRY_00000000100_@2@3@air,41400#314400#590500,VRY,air
SMG_00000000100_@2@3@air,69741#529623#994727,SMG,air
AC1_00000000100_@2@3@water,47214#297555#540859#782152#1029478,AC1,water
GYR_00000000100_@2@3@water,50010#315180#572896#828481#1090456,GYR,water
CTB_00000000100_@2@3@water,114774#723347#1314811#1901388#2502629,CTB,water
CTR_00000000100_@2@3@water,113830#717398#1303999#1885751#2482047,CTR,water
CV1_00000000100_@2@3@water,63428#399745#726606#1050767#1383032,CV1,water
VRY_00000000100_@2@3@water,64088#403902#734164#1061697#1397417,VRY,water
PRS_00000000100_@2@3@water,2348#14798#26898#38898#51198,PRS,water
SMG_00000000100_@2@3@water,107839#679640#1235367#1786501#2351413,SMG,water
WTF_00000000100_@2@3@water,2348#14798#26898#38898#51198,WTF,water
AC1_00000000100_@2@4@air,29468#221452#400637,AC1,air
GYR_00000000100_@2@4@air,31133#233969#423282,GYR,air
CTB_00000000100_@2@4@air,71478#537165#971807,CTB,air
CTR_00000000100_@2@4@air,233143#625730#992143,CTR,air
CV1_00000000100_@2@4@air,39377#295923#535366,CV1,air
VRY_00000000100_@2@4@air,39600#297600#538400,VRY,air
SMG_00000000100_@2@4@air,66991#503445#910802,SMG,air
AC1_00000000100_@2@4@water,46580#289140#526667#785330#1026884,AC1,water
GYR_00000000100_@2@4@water,49266#305813#557037#830616#1086098,GYR,water
CTB_00000000100_@2@4@water,113126#702222#1279096#1907302#2493953,CTB,water
CTR_00000000100_@2@4@water,112211#696542#1268749#1891874#2473780,CTR,water
CV1_00000000100_@2@4@water,62053#387434#706063#1053045#1377076,CV1,water
VRY_00000000100_@2@4@water,63091#391633#713358#1063711#1390889,VRY,water
PRS_00000000100_@2@4@water,2314#14364#26165#39014#51015,PRS,water
SMG_00000000100_@2@4@water,106306#659882#1201973#1792301#2343581,SMG,water
WTF_00000000100_@2@4@water,2314#14364#26165#39014#51015,WTF,water
AC1_00000000100_@2@5@air,11027#194551#383848,AC1,air
GYR_00000000100_@2@5@air,11596#204602#403678,GYR,air
CTB_00000000100_@2@5@air,26775#472424#932089,CTB,air
CTR_00000000100_@2@5@air,26389#465615#918654,CTR,air
CV1_00000000100_@2@5@air,14742#260112#513199,CV1,air
VRY_00000000100_@2@5@air,14900#262900#518700,VRY,air
SMG_00000000100_@2@5@air,25004#441175#870435,SMG,air
AC1_00000000100_@2@5@water,14390#257244#527305#824574#1109750,AC1,water
GYR_00000000100_@2@5@water,15204#271783#557109#871179#1172474,GYR,water
CTB_00000000100_@2@5@water,34897#623837#1278757#1999658#2691234,CTB,water
CTR_00000000100_@2@5@water,34610#618708#1268243#1983217#2669108,CTR,water
CV1_00000000100_@2@5@water,18856#343886#705330#1103188#1484862,CV1,water
VRY_00000000100_@2@5@water,19059#347598#712944#1115097#1500891,VRY,water
PRS_00000000100_@2@5@water,714#12764#26165#40914#55064,PRS,water
SMG_00000000100_@2@5@water,32797#586298#1201810#1879332#2529294,SMG,water
WTF_00000000100_@2@5@water,714#12764#26165#40914#55064,WTF,water
AC1_00000000100_@3@1@air,10421#215877#364721,AC1,air
GYR_00000000100_@3@1@air,10988#227622#384564,GYR,air
CTB_00000000100_@3@1@air,25306#524246#885708,CTB,air
CTR_00000000100_@3@1@air,25051#518954#876768,CTR,air
CV1_00000000100_@3@1@air,13779#285435#482239,CV1,air
VRY_00000000100_@3@1@air,14100#292100#493500,VRY,air
SMG_00000000100_@3@1@air,23748#491959#831159,SMG,air
AC1_00000000100_@3@1@water,46967#295802#523482#772317#1034250,AC1,water
GYR_00000000100_@3@1@water,49642#312648#553293#816299#1093148,GYR,water
CTB_00000000100_@3@1@water,113927#717530#1269813#1873416#2508786,CTB,water
CTR_00000000100_@3@1@water,112280#711001#1258817#1857538#2487769,CTR,water
CV1_00000000100_@3@1@water,62952#396479#701649#1035176#1386257,CV1,water
VRY_00000000100_@3@1@water,63512#400007#707893#1044388#1398593,VRY,water
PRS_00000000100_@3@1@water,2331#14681#25981#38331#51331,PRS,water
SMG_00000000100_@3@1@water,107058#674267#1193251#1760460#2357522,SMG,water
WTF_00000000100_@3@1@water,2331#14681#25981#38331#51331,WTF,water
AC1_00000000100_@3@2@air,30527#221687#361574,AC1,air
GYR_00000000100_@3@2@air,32228#234041#381725,GYR,air
CTB_00000000100_@3@2@air,74087#538027#877530,CTB,air
CTR_00000000100_@3@2@air,73201#531591#867032,CTR,air
CV1_00000000100_@3@2@air,40313#292758#477493,CV1,air
VRY_00000000100_@3@2@air,41200#299200#488000,VRY,air
SMG_00000000100_@3@2@air,69442#504292#822508,SMG,air
AC1_00000000100_@3@2@water,0#300650#509797#748105#985407,AC1,water
GYR_00000000100_@3@2@water,0#318160#539489#791676#1042799,GYR,water
CTB_00000000100_@3@2@water,0#730770#1239132#1818371#2395166,CTB,water
CTR_00000000100_@3@2@water,0#724768#1228953#1803434#2375491,CTR,water
CV1_00000000100_@3@2@water,0#404009#685059#1005294#1324177,CV1,water
VRY_00000000100_@3@2@water,0#407445#690884#1013841#1335436,VRY,water
PRS_00000000100_@3@2@water,0#14950#25350#37200#49000,PRS,water
SMG_00000000100_@3@2@water,0#686529#1164114#1708285#2250160,SMG,water
WTF_00000000100_@3@2@water,0#14950#25350#37200#49000,WTF,water
AC1_00000000100_@3@3@air,17790#197166#393224,AC1,air
GYR_00000000100_@3@3@air,18745#207745#414323,GYR,air
CTB_00000000100_@3@3@air,43227#479084#955478,CTB,air
CTR_00000000100_@3@3@air,42630#472459#942264,CTR,air
CV1_00000000100_@3@3@air,23830#264102#526720,CV1,air
VRY_00000000100_@3@3@air,24100#267100#532700,VRY,air
SMG_00000000100_@3@3@air,40314#446792#891075,SMG,air
AC1_00000000100_@3@3@water,15377#279039#510497#756045#1006624,AC1,water
GYR_00000000100_@3@3@water,16273#295287#540223#800068#1065237,GYR,water
CTB_00000000100_@3@3@water,37346#677691#1239827#1836179#2444752,CTB,water
CTR_00000000100_@3@3@water,37044#672210#1229799#1821328#2424979,CTR,water
CV1_00000000100_@3@3@water,20170#373386#683462#1012411#1348101,CV1,water
VRY_00000000100_@3@3@water,20401#377669#691302#1024025#1363566,VRY,water
PRS_00000000100_@3@3@water,764#13864#25364#37564#50014,PRS,water
SMG_00000000100_@3@3@water,35094#636831#1165073#1725469#2297348,SMG,water
WTF_00000000100_@3@3@water,764#13864#25364#37564#50014,WTF,water
AC1_00000000100_@3@4@air,22175#223733#429573,AC1,air
GYR_00000000100_@3@4@air,23241#237592#456497,GYR,air
CTB_00000000100_@3@4@air,53326#545149#1047421,CTB,air
CTR_00000000100_@3@4@air,52623#537956#1033601,CTR,air
CV1_00000000100_@3@4@air,29161#298104#572760,CV1,air
VRY_00000000100_@3@4@air,29600#302600#581400,VRY,air
SMG_00000000100_@3@4@air,50073#511887#983514,SMG,air
AC1_00000000100_@3@4@water,28425#295787#535006#769199#1027515,AC1,water
GYR_00000000100_@3@4@water,30133#313558#567149#815413#1089248,GYR,water
CTB_00000000100_@3@4@water,69118#719235#1300919#1870382#2498502,CTB,water
CTR_00000000100_@3@4@water,68550#713325#1290230#1855014#2477973,CTR,water
CV1_00000000100_@3@4@water,38197#397472#718929#1033632#1380751,CV1,water
VRY_00000000100_@3@4@water,38563#401284#725824#1043546#1393994,VRY,water
PRS_00000000100_@3@4@water,1415#14714#26614#38264#51114,PRS,water
SMG_00000000100_@3@4@water,64951#675868#1222478#1757605#2347853,SMG,water
WTF_00000000100_@3@4@water,1415#14714#26614#38264#51114,WTF,water
AC1_00000000100_@3@5@air,30657#210598#406903,AC1,air
GYR_00000000100_@3@5@air,32487#223169#431193,GYR,air
CTB_00000000100_@3@5@air,74443#511389#988073,CTB,air
CTR_00000000100_@3@5@air,73370#504017#973831,CTR,air
CV1_00000000100_@3@5@air,40835#280514#541991,CV1,air
VRY_00000000100_@3@5@air,41400#284401#549500,VRY,air
SMG_00000000100_@3@5@air,70030#481071#929494,SMG,air
AC1_00000000100_@3@5@water,42497#298802#540030#783269#1026507,AC1,water
GYR_00000000100_@3@5@water,45032#316629#572249#830000#1087751,GYR,water
CTB_00000000100_@3@5@water,103350#726672#1313329#1904874#2496419,CTB,water
CTR_00000000100_@3@5@water,102514#720794#1302705#1889465#2476225,CTR,water
CV1_00000000100_@3@5@water,57084#401366#725396#1052126#1378857,CV1,water
VRY_00000000100_@3@5@water,57685#405594#733038#1063211#1393384,VRY,water
PRS_00000000100_@3@5@water,2114#14865#26864#38964#51064,PRS,water
SMG_00000000100_@3@5@water,97118#682858#1234142#1790020#2345898,SMG,water
WTF_00000000100_@3@5@water,2115#14867#26868#38970#51071,WTF,water
AC1_00000000200_@1@1@air,33151#236591#427516,AC1,air
GYR_00000000200_@1@1@air,35570#253856#458714,GYR,air
CTB_00000000200_@1@1@air,81611#582441#1052465,CTB,air
CTR_00000000200_@1@1@air,80534#574756#1038579,CTR,air
CV1_00000000200_@1@1@air,44601#318307#575177,CV1,air
VRY_00000000200_@1@1@air,45300#323300#584201,VRY,air
SMG_00000000200_@1@1@air,76634#546926#988290,SMG,air
AC1_00000000200_@1@1@water,33809#294792#512943#756992#1019968,AC1,water
GYR_00000000200_@1@1@water,36159#315286#548601#809617#1090874,GYR,water
CTB_00000000200_@1@1@water,82955#723319#1258585#1857399#2502651,CTB,water
CTR_00000000200_@1@1@water,82245#717131#1247818#1841509#2481241,CTR,water
CV1_00000000200_@1@1@water,45751#398919#694124#1024377#1380241,CV1,water
VRY_00000000200_@1@1@water,46344#404095#703130#1037668#1398149,VRY,water
PRS_00000000200_@1@1@water,1697#14798#25748#37997#51197,PRS,water
SMG_00000000200_@1@1@water,77951#679687#1182666#1745358#2351688,SMG,water
WTF_00000000200_@1@1@water,1697#14798#25748#37997#51197,WTF,water
AC1_00000000200_@1@2@air,34110#223365#428903,AC1,air
GYR_00000000200_@1@2@air,36190#236986#455060,GYR,air
CTB_00000000200_@1@2@air,83826#548925#1054044,CTB,air
CTR_00000000200_@1@2@air,82617#541008#1038841,CTR,air
CV1_00000000200_@1@2@air,45521#300315#577033,CV1,air
VRY_00000000200_@1@2@air,46500#304500#584701,VRY,air
SMG_00000000200_@1@2@air,78667#515137#989165,SMG,air
AC1_00000000200_@1@2@water,30244#293571#514007#753396#994779,AC1,water
GYR_00000000200_@1@2@water,32609#313752#549104#804689#1062404,GYR,water
CTB_00000000200_@1@2@water,74137#719640#1260005#1846826#2438537,CTB,water
CTR_00000000200_@1@2@water,74229#714215#1249960#1831765#2418418,CTR,water
CV1_00000000200_@1@2@water,40904#397051#695189#1018959#1345427,CV1,water
VRY_00000000200_@1@2@water,41396#401824#703545#1031207#1361599,VRY,water
PRS_00000000200_@1@2@water,1531#14731#25781#37781#49881,PRS,water
SMG_00000000200_@1@2@water,69656#676141#1183842#1735192#2291136,SMG,water
WTF_00000000200_@1@2@water,1531#14731#25781#37781#49881,WTF,water
AC1_00000000200_@1@3@air,32717#206885#393127,AC1,air
GYR_00000000200_@1@3@air,34785#221662#421496,GYR,air
CTB_00000000200_@1@3@air,79809#508578#967072,CTB,air
CTR_00000000200_@1@3@air,78937#499158#948512,CTR,air
CV1_00000000200_@1@3@air,43942#280014#532453,CV1,air
VRY_00000000200_@1@3@air,44300#282300#536800,VRY,air
SMG_00000000200_@1@3@air,74943#477567#908103,SMG,air
AC1_00000000200_@1@3@water,17918#284984#486279#736404#981546,AC1,water
GYR_00000000200_@1@3@water,19462#304787#519846#787072#1048975,GYR,water
CTB_00000000200_@1@3@water,44673#699614#1193263#1806659#2407836,CTB,water
CTR_00000000200_@1@3@water,44315#693998#1183685#1792157#2388508,CTR,water
CV1_00000000200_@1@3@water,24263#385899#658475#997171#1329121,CV1,water
VRY_00000000200_@1@3@water,24535#390225#665858#1008351#1344022,VRY,water
PRS_00000000200_@1@3@water,914#14315#24414#36964#49264,PRS,water
SMG_00000000200_@1@3@water,41979#657412#1121283#1697678#2262590,SMG,water
WTF_00000000200_@1@3@water,914#14315#24414#36964#49264,WTF,water
AC1_00000000200_@1@4@air,40389#215159#416439,AC1,air
GYR_00000000200_@1@4@air,42806#228036#441363,GYR,air
CTB_00000000200_@1@4@air,99027#527540#1021051,CTB,air
CTR_00000000200_@1@4@air,97778#520890#1008179,CTR,air
CV1_00000000200_@1@4@air,54690#291346#563898,CV1,air
VRY_00000000200_@1@4@air,55000#293000#567100,VRY,air
SMG_00000000200_@1@4@air,92924#495030#958127,SMG,air
AC1_00000000200_@1@4@water,9898#260820#479878#737770#979730,AC1,water
GYR_00000000200_@1@4@water,10585#278912#513167#788948#1047692,GYR,water
CTB_00000000200_@1@4@water,24295#640218#1177928#1810960#2404885,CTB,water
CTR_00000000200_@1@4@water,24084#634653#1167690#1795219#2383983,CTR,water
CV1_00000000200_@1@4@water,13397#353039#649552#998629#1326141,CV1,water
VRY_00000000200_@1@4@water,13568#357524#657802#1011313#1342984,VRY,water
PRS_00000000200_@1@4@water,497#13097#24097#37047#49197,PRS,water
SMG_00000000200_@1@4@water,22830#601599#1106874#1701721#2259820,SMG,water
WTF_00000000200_@1@4@water,497#13097#24097#37047#49197,WTF,water
AC1_00000000200_@1@5@air,33470#237518#420501,AC1,air
GYR_00000000200_@1@5@air,35511#252003#446145,GYR,air
CTB_00000000200_@1@5@air,82150#582972#1032091,CTB,air
CTR_00000000200_@1@5@air,81067#575290#1018490,CTR,air
CV1_00000000200_@1@5@air,44576#318775#564667,CV1,air
VRY_00000000200_@1@5@air,45600#323600#572900,VRY,air
SMG_00000000200_@1@5@air,77191#547780#969786,SMG,air
AC1_00000000200_@1@5@water,41531#279020#507529#791917#1018429,AC1,water
GYR_00000000200_@1@5@water,44323#297779#541650#845158#1086899,GYR,water
CTB_00000000200_@1@5@water,101712#683337#1242968#1939452#2494196,CTB,water
CTR_00000000200_@1@5@water,100882#677766#1232835#1923641#2473862,CTR,water
CV1_00000000200_@1@5@water,56125#377068#685874#1070197#1376306,CV1,water
VRY_00000000200_@1@5@water,56769#381395#693746#1082478#1392101,VRY,water
PRS_00000000200_@1@5@water,2081#13981#25431#39681#51031,PRS,water
SMG_00000000200_@1@5@water,95576#642117#1167991#1822463#2343743,SMG,water
WTF_00000000200_@1@5@water,2081#13981#25431#39681#51031,WTF,water
AC1_00000000200_@2@1@air,40509#225837#420541,AC1,air
GYR_00000000200_@2@1@air,43065#240090#447082,GYR,air
CTB_00000000200_@2@1@air,99378#554037#1031698,CTB,air
CTR_00000000200_@2@1@air,98312#548090#1020623,CTR,air
CV1_00000000200_@2@1@air,53908#300539#559647,CV1,air
VRY_00000000200_@2@1@air,55300#308300#574100,VRY,air
SMG_00000000200_@2@1@air,93368#520531#969305,SMG,air
AC1_00000000200_@2@1@water,41802#295024#520110#826589#1054690,AC1,water
GYR_00000000200_@2@1@water,44290#312583#551066#875786#1117463,GYR,water
CTB_00000000200_@2@1@water,101677#717599#1265086#2010548#2565367,CTB,water
CTR_00000000200_@2@1@water,100847#711743#1254762#1994140#2544432,CTR,water
CV1_00000000200_@2@1@water,56135#396184#698449#1110016#1416329,CV1,water
VRY_00000000200_@2@1@water,56750#400518#706090#1122160#1431824,VRY,water
PRS_00000000200_@2@1@water,2080#14680#25880#41130#52480,PRS,water
SMG_00000000200_@2@1@water,95517#674130#1188452#1888757#2409967,SMG,water
WTF_00000000200_@2@1@water,2080#14680#25880#41130#52480,WTF,water
AC1_00000000200_@2@2@air,43700#231405#431872,AC1,air
GYR_00000000200_@2@2@air,45898#243048#453601,GYR,air
CTB_00000000200_@2@2@air,106179#562260#1049348,CTB,air
CTR_00000000200_@2@2@air,104581#553800#1033558,CTR,air
CV1_00000000200_@2@2@air,58679#310727#579910,CV1,air
VRY_00000000200_@2@2@air,58900#311900#582100,VRY,air
SMG_00000000200_@2@2@air,99766#528299#985965,SMG,air
AC1_00000000200_@2@2@water,10003#261587#497069#750666#985142,AC1,water
GYR_00000000200_@2@2@water,10582#276709#525805#794061#1042092,GYR,water
CTB_00000000200_@2@2@water,24295#635323#1207245#1823162#2392640,CTB,water
CTR_00000000200_@2@2@water,24094#630059#1197242#1808055#2372815,CTR,water
CV1_00000000200_@2@2@water,13414#350763#666523#1006571#1320981,CV1,water
VRY_00000000200_@2@2@water,13560#354598#673810#1017576#1335423,VRY,water
PRS_00000000200_@2@2@water,497#12997#24697#37297#48947,PRS,water
SMG_00000000200_@2@2@water,22824#596843#1134126#1712738#2247725,SMG,water
WTF_00000000200_@2@2@water,497#12997#24697#37297#48947,WTF,water
AC1_00000000200_@2@3@air,19168#195298#409614,AC1,air
GYR_00000000200_@2@3@air,20157#205380#430761,GYR,air
CTB_00000000200_@2@3@air,46572#474527#995265,CTB,air
CTR_00000000200_@2@3@air,46015#468854#983367,CTR,air
CV1_00000000200_@2@3@air,25265#257420#539909,CV1,air
VRY_00000000200_@2@3@air,25900#263901#553500,VRY,air
SMG_00000000200_@2@3@air,43784#446121#935687,SMG,air
AC1_00000000200_@2@3@water,29168#311985#526361#753822#1008457,AC1,water
GYR_00000000200_@2@3@water,31182#330427#557257#797931#1067358,GYR,water
CTB_00000000200_@2@3@water,71555#758265#1278797#1831097#2449381,CTB,water
CTR_00000000200_@2@3@water,70971#752075#1268356#1816148#2429383,CTR,water
CV1_00000000200_@2@3@water,39096#418174#705517#1010397#1351702,CV1,water
VRY_00000000200_@2@3@water,39545#422974#713616#1021996#1367218,VRY,water
PRS_00000000200_@2@3@water,1464#15514#26165#37464#50114,PRS,water
SMG_00000000200_@2@3@water,67247#712616#1201810#1720861#2301922,SMG,water
WTF_00000000200_@2@3@water,1464#15514#26165#37464#50114,WTF,water
AC1_00000000200_@2@4@air,30716#229551#441294,AC1,air
GYR_00000000200_@2@4@air,32467#242633#466445,GYR,air
CTB_00000000200_@2@4@air,74489#556688#1070193,CTB,air
CTR_00000000200_@2@4@air,73601#550045#1057423,CTR,air
CV1_00000000200_@2@4@air,40786#304808#585972,CV1,air
VRY_00000000200_@2@4@air,41400#309400#594801,VRY,air
SMG_00000000200_@2@4@air,70081#523743#1006860,SMG,air
AC1_00000000200_@2@4@water,27781#294317#514586#762012#1012455,AC1,water
GYR_00000000200_@2@4@water,29406#311538#544695#806599#1071696,GYR,water
CTB_00000000200_@2@4@water,67489#715010#1250131#1851226#2459652,CTB,water
CTR_00000000200_@2@4@water,66912#708891#1239432#1835383#2438601,CTR,water
CV1_00000000200_@2@4@water,37266#394808#690286#1022192#1358147,CV1,water
VRY_00000000200_@2@4@water,37699#399396#698308#1034072#1373931,VRY,water
PRS_00000000200_@2@4@water,1381#14631#25581#37881#50331,PRS,water
SMG_00000000200_@2@4@water,63427#671971#1174880#1739792#2311594,SMG,water
WTF_00000000200_@2@4@water,1381#14631#25581#37881#50331,WTF,water
AC1_00000000200_@2@5@air,38798#255737#438692,AC1,air
GYR_00000000200_@2@5@air,41101#269137#461450,GYR,air
CTB_00000000200_@2@5@air,94902#621447#1065505,CTB,air
CTR_00000000200_@2@5@air,93826#614400#1053423,CTR,air
CV1_00000000200_@2@5@air,51268#337937#579697,CV1,air
VRY_00000000200_@2@5@air,52400#345400#592500,VRY,air
SMG_00000000200_@2@5@air,88999#582792#999230,SMG,air
AC1_00000000200_@2@5@water,24488#277421#519269#763132#1014049,AC1,water
GYR_00000000200_@2@5@water,26219#293519#549104#806819#1071989,GYR,water
CTB_00000000200_@2@5@water,59418#673139#1259964#1851680#2460511,CTB,water
CTR_00000000200_@2@5@water,59684#668156#1249962#1836616#2440240,CTR,water
CV1_00000000200_@2@5@water,32814#371742#695816#1022591#1358819,CV1,water
VRY_00000000200_@2@5@water,33173#375808#703428#1033778#1373683,VRY,water
PRS_00000000200_@2@5@water,1231#13781#25782#37881#50332,PRS,water
SMG_00000000200_@2@5@water,55820#632371#1183655#1739533#2311490,SMG,water
WTF_00000000200_@2@5@water,1231#13774#25768#37861#50305,WTF,water
AC1_00000000200_@3@1@air,18404#194308#394160,AC1,air
GYR_00000000200_@3@1@air,19391#204734#415309,GYR,air
CTB_00000000200_@3@1@air,44748#472450#958377,CTB,air
CTR_00000000200_@3@1@air,44239#467077#947478,CTR,air
CV1_00000000200_@3@1@air,24288#256433#520181,CV1,air
VRY_00000000200_@3@1@air,24900#262900#533300,VRY,air
SMG_00000000200_@3@1@air,41839#441745#896091,SMG,air
AC1_00000000200_@3@1@water,11318#271189#499955#738755#976551,AC1,water
GYR_00000000200_@3@1@water,12013#287832#530638#784094#1036484,GYR,water
CTB_00000000200_@3@1@water,27574#660691#1218029#1799812#2379151,CTB,water
CTR_00000000200_@3@1@water,27327#654770#1207113#1783682#2357829,CTR,water
CV1_00000000200_@3@1@water,14797#364435#672224#993512#1313451,CV1,water
VRY_00000000200_@3@1@water,14967#368621#679946#1004925#1328539,VRY,water
PRS_00000000200_@3@1@water,564#13514#24914#36814#48664,PRS,water
SMG_00000000200_@3@1@water,25911#620838#1144558#1691248#2235641,SMG,water
WTF_00000000200_@3@1@water,564#13514#24914#36814#48664,WTF,water
AC1_00000000200_@3@2@air,23607#192332#387105,AC1,air
GYR_00000000200_@3@2@air,24921#203037#408651,GYR,air
CTB_00000000200_@3@2@air,57361#467338#940609,CTB,air
CTR_00000000200_@3@2@air,56287#458589#923001,CTR,air
CV1_00000000200_@3@2@air,31075#256243#516175,CV1,air
VRY_00000000200_@3@2@air,31900#259900#523100,VRY,air
SMG_00000000200_@3@2@air,53701#437518#880591,SMG,air
AC1_00000000200_@3@2@water,24459#285135#513605#767236#1030932,AC1,water
GYR_00000000200_@3@2@water,26209#301917#543561#811817#1090719,GYR,water
CTB_00000000200_@3@2@water,59403#692518#1247411#1863416#2503865,CTB,water
CTR_00000000200_@3@2@water,59668#687367#1237512#1848246#2483215,CTR,water
CV1_00000000200_@3@2@water,32814#382544#689065#1029343#1383125,CV1,water
VRY_00000000200_@3@2@water,33173#386730#696604#1040605#1398257,VRY,water
PRS_00000000200_@3@2@water,1231#14182#25531#38131#51231,PRS,water
SMG_00000000200_@3@2@water,55804#650570#1171851#1750541#2352196,SMG,water
WTF_00000000200_@3@2@water,1231#14182#25531#38131#51231,WTF,water
AC1_00000000200_@3@3@air,25172#204547#400827,AC1,air
GYR_00000000200_@3@3@air,26657#216617#424477,GYR,air
CTB_00000000200_@3@3@air,61124#496697#973318,CTB,air
CTR_00000000200_@3@3@air,60471#491392#962922,CTR,air
CV1_00000000200_@3@3@air,33592#272965#534896,CV1,air
VRY_00000000200_@3@3@air,34100#277100#543000,VRY,air
SMG_00000000200_@3@3@air,57467#466982#915088,SMG,air
AC1_00000000200_@3@3@water,24469#272967#510398#757890#1010413,AC1,water
GYR_00000000200_@3@3@water,26191#288949#540006#801700#1068713,GYR,water
CTB_00000000200_@3@3@water,60183#663965#1240858#1842196#2455756,CTB,water
CTR_00000000200_@3@3@water,59676#658375#1230411#1826686#2435080,CTR,water
CV1_00000000200_@3@3@water,32814#366070#684485#1016391#1355044,CV1,water
VRY_00000000200_@3@3@water,33196#370325#692440#1028204#1370793,VRY,water
PRS_00000000200_@3@3@water,1231#13581#25381#37681#50231,PRS,water
SMG_00000000200_@3@3@water,56545#623831#1165853#1730842#2307314,SMG,water
WTF_00000000200_@3@3@water,1231#13581#25381#37681#50231,WTF,water
AC1_00000000200_@3@4@air,44662#228647#426061,AC1,air
GYR_00000000200_@3@4@air,47239#241842#450648,GYR,air
CTB_00000000200_@3@4@air,108458#555260#1034672,CTB,air
CTR_00000000200_@3@4@air,107023#547912#1020979,CTR,air
CV1_00000000200_@3@4@air,59271#303440#565430,CV1,air
VRY_00000000200_@3@4@air,60200#308200#574300,VRY,air
SMG_00000000200_@3@4@air,101538#519829#968650,SMG,air
AC1_00000000200_@3@4@water,12699#269281#527875#764333#1014878,AC1,water
GYR_00000000200_@3@4@water,13440#285000#558689#808950#1074120,GYR,water
CTB_00000000200_@3@4@water,30849#654182#1282403#1856847#2465513,CTB,water
CTR_00000000200_@3@4@water,30586#648590#1271441#1840975#2444438,CTR,water
CV1_00000000200_@3@4@water,17030#361127#707922#1025031#1361031,CV1,water
VRY_00000000200_@3@4@water,17221#365176#715860#1036524#1376292,VRY,water
PRS_00000000200_@3@4@water,631#13381#26231#37981#50432,PRS,water
SMG_00000000200_@3@4@water,28981#614561#1204733#1744385#2316187,SMG,water
WTF_00000000200_@3@4@water,631#13381#26231#37981#50432,WTF,water
AC1_00000000200_@3@5@air,25175#200882#414463,AC1,air
GYR_00000000200_@3@5@air,26556#211898#437191,GYR,air
CTB_00000000200_@3@5@air,61317#489275#1009478,CTB,air
CTR_00000000200_@3@5@air,60584#483422#997402,CTR,air
CV1_00000000200_@3@5@air,33760#269386#555801,CV1,air
VRY_00000000200_@3@5@air,34100#272100#561400,VRY,air
SMG_00000000200_@3@5@air,57647#459987#949050,SMG,air
AC1_00000000200_@3@5@water,37501#295019#522359#775853#1026329,AC1,water
GYR_00000000200_@3@5@water,39691#312241#552851#821142#1086240,GYR,water
CTB_00000000200_@3@5@water,91105#716718#1269017#1884854#2493360,CTB,water
CTR_00000000200_@3@5@water,90326#710583#1258154#1868720#2472017,CTR,water
CV1_00000000200_@3@5@water,50394#396440#701935#1042575#1379160,CV1,water
VRY_00000000200_@3@5@water,50891#400353#708863#1052865#1392771,VRY,water
PRS_00000000200_@3@5@water,1864#14664#25964#38564#51014,PRS,water
SMG_00000000200_@3@5@water,85621#673571#1192622#1771385#2343259,SMG,water
WTF_00000000200_@3@5@water,1864#14664#25964#38564#51014,WTF,water
AC1_00000001000_@1@1@air,12505#188610#380993,AC1,air
GYR_00000001000_@1@1@air,13173#198685#401344,GYR,air
CTB_00000001000_@1@1@air,30325#457387#923924,CTB,air
CTR_00000001000_@1@1@air,30018#452747#914552,CTR,air
CV1_00000001000_@1@1@air,16715#252102#509248,CV1,air
VRY_00000001000_@1@1@air,16901#254900#514900,VRY,air
SMG_00000001000_@1@1@air,28459#429239#867066,SMG,air
AC1_00000001000_@1@1@water,9205#246861#496602#758427#1003133,AC1,water
GYR_00000001000_@1@1@water,9733#261026#525097#801945#1060692,GYR,water
CTB_00000001000_@1@1@water,22318#598580#1204142#1839006#2432360,CTB,water
CTR_00000001000_@1@1@water,22148#594011#1194952#1824971#2413796,CTR,water
CV1_00000001000_@1@1@water,12342#331009#665879#1016953#1345072,CV1,water
VRY_00000001000_@1@1@water,12471#334457#672816#1027546#1359083,VRY,water
PRS_00000001000_@1@1@water,457#12257#24657#37657#49807,PRS,water
SMG_00000001000_@1@1@water,20989#562935#1132438#1729497#2287518,SMG,water
WTF_00000001000_@1@1@water,458#12259#24661#37663#49814,WTF,water
AC1_00000001000_@1@2@air,37454#212235#410884,AC1,air
GYR_00000001000_@1@2@air,39811#225591#436740,GYR,air
CTB_00000001000_@1@2@air,91388#517866#1002580,CTB,air
CTR_00000001000_@1@2@air,90662#513750#994613,CTR,air
CV1_00000001000_@1@2@air,50432#285778#553262,CV1,air
VRY_00000001000_@1@2@air,51001#289000#559501,VRY,air
SMG_00000001000_@1@2@air,85543#484739#938448,SMG,air
AC1_00000001000_@1@2@water,9731#284164#520397#773720#1000906,AC1,water
GYR_00000001000_@1@2@water,10289#300464#550247#818100#1058318,GYR,water
CTB_00000001000_@1@2@water,22839#688899#1262248#1877073#2428464,CTB,water
CTR_00000001000_@1@2@water,23431#684240#1253068#1863045#2410088,CTR,water
CV1_00000001000_@1@2@water,12632#381037#698161#1038226#1343205,CV1,water
VRY_00000001000_@1@2@water,12772#385236#705856#1049669#1358009,VRY,water
PRS_00000001000_@1@2@water,484#14134#25884#38484#49784,PRS,water
SMG_00000001000_@1@2@water,21476#647795#1186934#1765075#2283567,SMG,water
WTF_00000001000_@1@2@water,484#14134#25884#38484#49784,WTF,water
AC1_00000001000_@1@3@air,41432#223172#408722,AC1,air
GYR_00000001000_@1@3@air,44055#237299#434594,GYR,air
CTB_00000001000_@1@3@air,101038#544233#996721,CTB,air
CTR_00000001000_@1@3@air,100317#540352#989613,CTR,air
CV1_00000001000_@1@3@air,55420#300412#550540,CV1,air
VRY_00000001000_@1@3@air,56100#304100#557300,VRY,air
SMG_00000001000_@1@3@air,95036#511905#937514,SMG,air
AC1_00000001000_@1@3@water,21010#271552#504989#751507#1013118,AC1,water
GYR_00000001000_@1@3@water,22236#287406#534472#795382#1072267,GYR,water
CTB_00000001000_@1@3@water,50991#659072#1225637#1823949#2458892,CTB,water
CTR_00000001000_@1@3@water,50562#653521#1215313#1808586#2438181,CTR,water
CV1_00000001000_@1@3@water,28188#364338#677538#1008287#1359287,CV1,water
VRY_00000001000_@1@3@water,28449#367712#683812#1017624#1371874,VRY,water
PRS_00000001000_@1@3@water,1044#13494#25095#37344#50344,PRS,water
SMG_00000001000_@1@3@water,47942#619657#1152339#1714870#2311842,SMG,water
WTF_00000001000_@1@3@water,1044#13494#25095#37344#50344,WTF,water
AC1_00000001000_@1@4@air,39265#255515#397517,AC1,air
GYR_00000001000_@1@4@air,41625#270873#421411,GYR,air
CTB_00000001000_@1@4@air,95640#622374#968257,CTB,air
CTR_00000001000_@1@4@air,94720#616392#958950,CTR,air
CV1_00000001000_@1@4@air,52625#342458#532778,CV1,air
VRY_00000001000_@1@4@air,53200#346200#538600,VRY,air
SMG_00000001000_@1@4@air,89696#583694#908080,SMG,air
AC1_00000001000_@1@4@water,45701#308316#536720#790279#1027739,AC1,water
GYR_00000001000_@1@4@water,48249#325505#566642#834337#1085035,GYR,water
CTB_00000001000_@1@4@water,110889#748097#1302297#1917532#2493705,CTB,water
CTR_00000001000_@1@4@water,110047#742417#1292409#1902973#2474771,CTR,water
CV1_00000001000_@1@4@water,61287#413465#719764#1059797#1378241,CV1,water
VRY_00000001000_@1@4@water,61948#417919#727519#1071215#1393090,VRY,water
PRS_00000001000_@1@4@water,2271#15321#26671#39271#51071,PRS,water
SMG_00000001000_@1@4@water,104229#703166#1224080#1802364#2343932,SMG,water
WTF_00000001000_@1@4@water,2271#15321#26671#39271#51071,WTF,water
AC1_00000001000_@1@5@air,19861#191245#389404,AC1,air
GYR_00000001000_@1@5@air,21133#203496#414348,GYR,air
CTB_00000001000_@1@5@air,48412#466186#949226,CTB,air
CTR_00000001000_@1@5@air,48122#463389#943530,CTR,air
CV1_00000001000_@1@5@air,26765#257731#524780,CV1,air
VRY_00000001000_@1@5@air,27000#260000#529400,VRY,air
SMG_00000001000_@1@5@air,45627#439365#894614,SMG,air
AC1_00000001000_@1@5@water,36561#288074#547636#775004#1052675,AC1,water
GYR_00000001000_@1@5@water,38684#304809#579450#820027#1113829,GYR,water
CTB_00000001000_@1@5@water,88757#699356#1329494#1881476#2555577,CTB,water
CTR_00000001000_@1@5@water,88045#693747#1318831#1866386#2535081,CTR,water
CV1_00000001000_@1@5@water,49013#386193#734164#1038975#1411222,CV1,water
VRY_00000001000_@1@5@water,49543#390370#742104#1050211#1426484,VRY,water
PRS_00000001000_@1@5@water,1817#14317#27217#38517#52317,PRS,water
SMG_00000001000_@1@5@water,83380#656987#1248949#1767489#2400751,SMG,water
WTF_00000001000_@1@5@water,1817#14316#27214#38512#52310,WTF,water
AC1_00000001000_@2@1@air,46075#216380#414606,AC1,air
GYR_00000001000_@2@1@air,49166#230897#442421,GYR,air
CTB_00000001000_@2@1@air,112173#529685#1015648,CTB,air
CTR_00000001000_@2@1@air,112030#526122#1008104,CTR,air
CV1_00000001000_@2@1@air,61977#292657#561156,CV1,air
VRY_00000001000_@2@1@air,62600#295600#566801,VRY,air
SMG_00000001000_@2@1@air,105204#496775#952543,SMG,air
AC1_00000001000_@2@1@water,20271#280378#508595#741794#1000905,AC1,water
GYR_00000001000_@2@1@water,21664#299647#543547#792773#1069691,GYR,water
CTB_00000001000_@2@1@water,49741#688004#1248012#1820247#2456064,CTB,water
CTR_00000001000_@2@1@water,49329#682311#1237686#1805187#2435743,CTR,water
CV1_00000001000_@2@1@water,27457#379774#688896#1004767#1355734,CV1,water
VRY_00000001000_@2@1@water,27762#383996#696554#1015937#1370806,VRY,water
PRS_00000001000_@2@1@water,1017#14068#25517#37217#50217,PRS,water
SMG_00000001000_@2@1@water,46727#646315#1172390#1709952#2307242,SMG,water
WTF_00000001000_@2@1@water,1017#14068#25517#37217#50217,WTF,water
AC1_00000001000_@2@2@air,27867#229038#403580,AC1,air
GYR_00000001000_@2@2@air,29838#245237#432122,GYR,air
CTB_00000001000_@2@2@air,68318#561512#989420,CTB,air
CTR_00000001000_@2@2@air,68358#561839#989995,CTR,air
CV1_00000001000_@2@2@air,37322#309641#545913,CV1,air
VRY_00000001000_@2@2@air,38100#316100#557300,VRY,air
SMG_00000001000_@2@2@air,63860#529819#934097,SMG,air
AC1_00000001000_@2@2@water,13369#244472#490517#755489#993565,AC1,water
GYR_00000001000_@2@2@water,14294#261389#524460#807768#1062319,GYR,water
CTB_00000001000_@2@2@water,32773#599330#1202518#1852105#2435757,CTB,water
CTR_00000001000_@2@2@water,32484#594043#1191909#1835765#2414268,CTR,water
CV1_00000001000_@2@2@water,18094#330896#663921#1022564#1344803,CV1,water
VRY_00000001000_@2@2@water,18281#334310#670772#1033116#1358680,VRY,water
PRS_00000001000_@2@2@water,671#12271#24621#37921#49871,PRS,water
SMG_00000001000_@2@2@water,30805#563344#1130314#1740896#2289503,SMG,water
WTF_00000001000_@2@2@water,671#12271#24621#37921#49871,WTF,water
AC1_00000001000_@2@3@air,21549#195989#387434,AC1,air
GYR_00000001000_@2@3@air,22996#209154#413457,GYR,air
CTB_00000001000_@2@3@air,52718#479474#947831,CTB,air
CTR_00000001000_@2@3@air,52190#474680#938354,CTR,air
CV1_00000001000_@2@3@air,29135#264982#523819,CV1,air
VRY_00000001000_@2@3@air,29400#267400#528600,VRY,air
SMG_00000001000_@2@3@air,49585#450983#891509,SMG,air
AC1_00000001000_@2@3@water,37986#296294#532576#771861#1017154,AC1,water
GYR_00000001000_@2@3@water,40343#314682#565627#819762#1080278,GYR,water
CTB_00000001000_@2@3@water,92628#722515#1298690#1882190#2480338,CTB,water
CTR_00000001000_@2@3@water,91798#716041#1287054#1865326#2458115,CTR,water
CV1_00000001000_@2@3@water,51201#399372#717854#1040385#1371012,CV1,water
VRY_00000001000_@2@3@water,51678#403094#724545#1050082#1383791,VRY,water
PRS_00000001000_@2@3@water,1897#14797#26598#38547#50797,PRS,water
SMG_00000001000_@2@3@water,87041#678934#1220355#1768659#2330728,SMG,water
WTF_00000001000_@2@3@water,1897#14797#26598#38547#50797,WTF,water
AC1_00000001000_@2@4@air,34859#220523#400904,AC1,air
GYR_00000001000_@2@4@air,37082#234592#426481,GYR,air
CTB_00000001000_@2@4@air,85364#540038#981772,CTB,air
CTR_00000001000_@2@4@air,84782#536358#975082,CTR,air
CV1_00000001000_@2@4@air,47129#298147#542023,CV1,air
VRY_00000001000_@2@4@air,47500#300500#546300,VRY,air
SMG_00000001000_@2@4@air,80271#507818#923197,SMG,air
AC1_00000001000_@2@4@water,18220#263218#501215#751213#989210,AC1,water
GYR_00000001000_@2@4@water,19395#280195#533543#799664#1053012,GYR,water
CTB_00000001000_@2@4@water,44532#643334#1225027#1836049#2417742,CTB,water
CTR_00000001000_@2@4@water,44180#638255#1215355#1821554#2398655,CTR,water
CV1_00000001000_@2@4@water,24572#354974#675937#1013082#1334045,CV1,water
VRY_00000001000_@2@4@water,24838#358817#683253#1024048#1348485,VRY,water
PRS_00000001000_@2@4@water,911#13161#25061#37561#49461,PRS,water
SMG_00000001000_@2@4@water,41839#604425#1150938#1725006#2271519,SMG,water
WTF_00000001000_@2@4@water,911#13161#25061#37561#49461,WTF,water
AC1_00000001000_@2@5@air,38169#212194#403694,AC1,air
GYR_00000001000_@2@5@air,40740#226489#430890,GYR,air
CTB_00000001000_@2@5@air,93524#519932#989160,CTB,air
CTR_00000001000_@2@5@air,92847#516168#981999,CTR,air
CV1_00000001000_@2@5@air,51688#287349#546676,CV1,air
VRY_00000001000_@2@5@air,52200#290200#552100,VRY,air
SMG_00000001000_@2@5@air,87958#488992#930297,SMG,air
AC1_00000001000_@2@5@water,14017#276456#511747#741004#1015509,AC1,water
GYR_00000001000_@2@5@water,14827#292429#541313#783816#1074181,GYR,water
CTB_00000001000_@2@5@water,34025#671062#1242200#1798693#2465020,CTB,water
CTR_00000001000_@2@5@water,33744#665527#1231954#1783857#2444687,CTR,water
CV1_00000001000_@2@5@water,18790#370579#685976#993286#1361249,CV1,water
VRY_00000001000_@2@5@water,18983#374392#693035#1003508#1375258,VRY,water
PRS_00000001000_@2@5@water,697#13747#25447#36847#50497,PRS,water
SMG_00000001000_@2@5@water,31984#630818#1167703#1690821#2317187,SMG,water
WTF_00000001000_@2@5@water,697#13740#25434#36827#50470,WTF,water
AC1_00000001000_@3@1@air,17289#215290#405533,AC1,air
GYR_00000001000_@3@1@air,18266#227459#428456,GYR,air
CTB_00000001000_@3@1@air,41991#522905#984978,CTB,air
CTR_00000001000_@3@1@air,41540#517289#974398,CTR,air
CV1_00000001000_@3@1@air,23155#288342#543140,CV1,air
VRY_00000001000_@3@1@air,23400#291400#548900,VRY,air
SMG_00000001000_@3@1@air,39407#490729#924369,SMG,air
AC1_00000001000_@3@1@water,52643#299061#521339#761722#1021214,AC1,water
GYR_00000001000_@3@1@water,55662#316212#551239#805408#1079783,GYR,water
CTB_00000001000_@3@1@water,127819#726130#1265830#1849489#2479546,CTB,water
CTR_00000001000_@3@1@water,126673#719616#1254475#1832897#2457303,CTR,water
CV1_00000001000_@3@1@water,70623#401201#699396#1021878#1369997,CV1,water
VRY_00000001000_@3@1@water,71288#404982#705987#1031509#1382908,VRY,water
PRS_00000001000_@3@1@water,2618#14867#25918#37867#50767,PRS,water
SMG_00000001000_@3@1@water,120160#682617#1189977#1738660#2330963,SMG,water
WTF_00000001000_@3@1@water,2618#14867#25918#37867#50767,WTF,water
AC1_00000001000_@3@2@air,24716#211377#391546,AC1,air
GYR_00000001000_@3@2@air,26143#223581#414152,GYR,air
CTB_00000001000_@3@2@air,60139#514323#952709,CTB,air
CTR_00000001000_@3@2@air,59454#508460#941848,CTR,air
CV1_00000001000_@3@2@air,33289#284696#527357,CV1,air
VRY_00000001000_@3@2@air,33500#286500#530700,VRY,air
SMG_00000001000_@3@2@air,56403#482365#893511,SMG,air
AC1_00000001000_@3@2@water,28016#279771#508364#723867#991734,AC1,water
GYR_00000001000_@3@2@water,29623#295824#537534#765401#1048638,GYR,water
CTB_00000001000_@3@2@water,67930#678372#1232652#1755190#2404700,CTB,water
CTR_00000001000_@3@2@water,67349#672566#1222103#1740169#2384121,CTR,water
CV1_00000001000_@3@2@water,37538#374862#681152#969901#1328813,CV1,water
VRY_00000001000_@3@2@water,37912#378595#687935#979560#1342047,VRY,water
PRS_00000001000_@3@2@water,1391#13891#25242#35941#49241,PRS,water
SMG_00000001000_@3@2@water,63850#637624#1158610#1649761#2260256,SMG,water
WTF_00000001000_@3@2@water,1391#13891#25242#35941#49241,WTF,water
AC1_00000001000_@3@3@air,38740#215032#413546,AC1,air
GYR_00000001000_@3@3@air,41314#227867#437935,GYR,air
CTB_00000001000_@3@3@air,94784#522781#1004727,CTB,air
CTR_00000001000_@3@3@air,94074#518864#997198,CTR,air
CV1_00000001000_@3@3@air,51944#288322#554495,CV1,air
VRY_00000001000_@3@3@air,52300#290300#558300,VRY,air
SMG_00000001000_@3@3@air,88263#489914#942195,SMG,air
AC1_00000001000_@3@3@water,31753#277399#499889#759629#1006281,AC1,water
GYR_00000001000_@3@3@water,33579#293349#528633#803308#1064143,GYR,water
CTB_00000001000_@3@3@water,77077#673353#1213423#1843911#2442631,CTB,water
CTR_00000001000_@3@3@water,76458#667949#1203686#1829115#2423031,CTR,water
CV1_00000001000_@3@3@water,42616#372298#670903#1019502#1350535,CV1,water
VRY_00000001000_@3@3@water,43007#375716#677062#1028860#1362932,VRY,water
PRS_00000001000_@3@3@water,1577#13777#24827#37727#49977,PRS,water
SMG_00000001000_@3@3@water,72425#632716#1140192#1732631#2295218,SMG,water
WTF_00000001000_@3@3@water,1577#13777#24827#37727#49977,WTF,water
AC1_00000001000_@3@4@air,31589#229851#438988,AC1,air
GYR_00000001000_@3@4@air,33419#243165#464417,GYR,air
CTB_00000001000_@3@4@air,76559#557064#1063925,CTB,air
CTR_00000001000_@3@4@air,76012#553088#1056332,CTR,air
CV1_00000001000_@3@4@air,41734#306199#585171,CV1,air
VRY_00000001000_@3@4@air,42700#310700#593400,VRY,air
SMG_00000001000_@3@4@air,72105#524658#1002034,SMG,air
AC1_00000001000_@3@4@water,25306#285010#487337#767172#1024862,AC1,water
GYR_00000001000_@3@4@water,26725#300989#514659#810183#1082321,GYR,water
CTB_00000001000_@3@4@water,61369#691164#1181818#1860434#2485347,CTB,water
CTR_00000001000_@3@4@water,60836#685160#1171552#1844274#2463758,CTR,water
CV1_00000001000_@3@4@water,33475#381428#652508#1027434#1372689,CV1,water
VRY_00000001000_@3@4@water,34231#385523#659204#1037729#1386298,VRY,water
PRS_00000001000_@3@4@water,1257#14157#24207#38107#50907,PRS,water
SMG_00000001000_@3@4@water,57675#649563#1110685#1748455#2335755,SMG,water
WTF_00000001000_@3@4@water,1257#14155#24204#38102#50900,WTF,water
AC1_00000001000_@3@5@air,47516#230210#442813,AC1,air
GYR_00000001000_@3@5@air,50429#244325#469963,GYR,air
CTB_00000001000_@3@5@air,115454#559367#1075954,CTB,air
CTR_00000001000_@3@5@air,114834#556366#1070182,CTR,air
CV1_00000001000_@3@5@air,63821#309208#594768,CV1,air
VRY_00000001000_@3@5@air,64500#312500#601101,VRY,air
SMG_00000001000_@3@5@air,108633#526322#1012391,SMG,air
AC1_00000001000_@3@5@water,10291#274092#512721#746315#1003068,AC1,water
GYR_00000001000_@3@5@water,10878#289747#542006#788943#1060361,GYR,water
CTB_00000001000_@3@5@water,24963#664892#1243760#1810415#2433247,CTB,water
CTR_00000001000_@3@5@water,24766#659652#1233958#1796148#2414072,CTR,water
CV1_00000001000_@3@5@water,13787#367223#686934#999900#1343893,CV1,water
VRY_00000001000_@3@5@water,13941#371326#694609#1011072#1358908,VRY,water
PRS_00000001000_@3@5@water,511#13611#25461#37061#49811,PRS,water
SMG_00000001000_@3@5@water,23478#625360#1169809#1702773#2288573,SMG,water
WTF_00000001000_@3@5@water,511#13611#25461#37061#49811,WTF,water
AC1_00000010000_@1@1@air,19488#239463#410571,AC1,air
GYR_00000010000_@1@1@air,20546#252465#432863,GYR,air
CTB_00000010000_@1@1@air,47291#581103#996329,CTB,air
CTR_00000010000_@1@1@air,46904#576339#988162,CTR,air
CV1_00000010000_@1@1@air,25941#318759#546529,CV1,air
VRY_00000010000_@1@1@air,26400#324400#556200,VRY,air
SMG_00000010000_@1@1@air,44489#546673#937297,SMG,air
AC1_00000010000_@1@1@water,29803#269266#514765#775357#1008784,AC1,water
GYR_00000010000_@1@1@water,31558#285126#545087#821029#1068205,GYR,water
CTB_00000010000_@1@1@water,72388#654026#1250327#1883287#2450262,CTB,water
CTR_00000010000_@1@1@water,71827#648958#1240639#1868693#2431275,CTR,water
CV1_00000010000_@1@1@water,39990#361306#690722#1040390#1353606,CV1,water
VRY_00000010000_@1@1@water,40403#365041#697862#1051144#1367598,VRY,water
PRS_00000010000_@1@1@water,1481#13381#25581#38531#50131,PRS,water
SMG_00000010000_@1@1@water,68055#614885#1175500#1770579#2303622,SMG,water
WTF_00000010000_@1@1@water,1481#13381#25581#38531#50131,WTF,water
AC1_00000010000_@1@2@air,42565#232890#414289,AC1,air
GYR_00000010000_@1@2@air,44905#245694#437065,GYR,air
CTB_00000010000_@1@2@air,103292#565153#1005352,CTB,air
CTR_00000010000_@1@2@air,102578#561245#998401,CTR,air
CV1_00000010000_@1@2@air,56909#311370#553897,CV1,air
VRY_00000010000_@1@2@air,57700#315700#561600,VRY,air
SMG_00000010000_@1@2@air,96456#527746#938810,SMG,air
AC1_00000010000_@1@2@water,18074#267634#518200#760715#1009269,AC1,water
GYR_00000010000_@1@2@water,19461#283477#548558#805122#1068074,GYR,water
CTB_00000010000_@1@2@water,44645#650330#1258457#1847045#2450287,CTB,water
CTR_00000010000_@1@2@water,44305#645368#1248855#1832953#2431592,CTR,water
CV1_00000010000_@1@2@water,24230#358788#694696#1019811#1353021,CV1,water
VRY_00000010000_@1@2@water,24480#362492#701867#1030339#1366989,VRY,water
PRS_00000010000_@1@2@water,914#13314#25764#37814#50164,PRS,water
SMG_00000010000_@1@2@water,41973#611402#1183127#1736484#2303617,SMG,water
WTF_00000010000_@1@2@water,914#13314#25764#37814#50164,WTF,water
AC1_00000010000_@1@3@air,31041#217576#411410,AC1,air
GYR_00000010000_@1@3@air,32890#230538#435920,GYR,air
CTB_00000010000_@1@3@air,75513#529307#1000857,CTB,air
CTR_00000010000_@1@3@air,74797#524284#991360,CTR,air
CV1_00000010000_@1@3@air,41601#291601#551384,CV1,air
VRY_00000010000_@1@3@air,42100#295100#558000,VRY,air
SMG_00000010000_@1@3@air,70521#494316#934695,SMG,air
AC1_00000010000_@1@3@water,31498#268129#514829#771599#996147,AC1,water
GYR_00000010000_@1@3@water,33309#283552#544444#815984#1053449,GYR,water
CTB_00000010000_@1@3@water,76435#650670#1249341#1872447#2417360,CTB,water
CTR_00000010000_@1@3@water,75078#644933#1239038#1857392#2398149,CTR,water
CV1_00000010000_@1@3@water,42236#359545#690356#1034670#1335776,CV1,water
VRY_00000010000_@1@3@water,42689#363401#697760#1045766#1350101,VRY,water
PRS_00000010000_@1@3@water,1564#13314#25564#38314#49464,PRS,water
SMG_00000010000_@1@3@water,71795#611174#1173505#1758788#2270624,SMG,water
WTF_00000010000_@1@3@water,1565#13316#25568#38320#49471,WTF,water
AC1_00000010000_@1@4@air,48042#231338#408942,AC1,air
GYR_00000010000_@1@4@air,50909#245146#433352,GYR,air
CTB_00000010000_@1@4@air,116810#562483#994318,CTB,air
CTR_00000010000_@1@4@air,115556#556445#983646,CTR,air
CV1_00000010000_@1@4@air,64434#310271#548476,CV1,air
VRY_00000010000_@1@4@air,65000#313000#553300,VRY,air
SMG_00000010000_@1@4@air,108870#524248#926730,SMG,air
AC1_00000010000_@1@4@water,14410#260619#498755#753036#993191,AC1,water
GYR_00000010000_@1@4@water,15213#275139#526543#794992#1048526,GYR,water
CTB_00000010000_@1@4@water,34899#631201#1207952#1823804#2405443,CTB,water
CTR_00000010000_@1@4@water,34615#626065#1198123#1808965#2385871,CTR,water
CV1_00000010000_@1@4@water,19292#348924#667748#1008187#1329714,CV1,water
VRY_00000010000_@1@4@water,19486#352436#674470#1018337#1343100,VRY,water
PRS_00000010000_@1@4@water,714#12914#24714#37314#49214,PRS,water
SMG_00000010000_@1@4@water,32776#592807#1134476#1712869#2259129,SMG,water
WTF_00000010000_@1@4@water,714#12914#24714#37314#49214,WTF,water
AC1_00000010000_@1@5@air,25909#205278#396825,AC1,air
GYR_00000010000_@1@5@air,27335#216572#418658,GYR,air
CTB_00000010000_@1@5@air,62917#498489#963638,CTB,air
CTR_00000010000_@1@5@air,62401#494401#955734,CTR,air
CV1_00000010000_@1@5@air,34705#274968#531544,CV1,air
VRY_00000010000_@1@5@air,35100#278100#537600,VRY,air
SMG_00000010000_@1@5@air,58793#465820#900484,SMG,air
AC1_00000010000_@1@5@water,37102#305811#537696#782519#1028338,AC1,water
GYR_00000010000_@1@5@water,39678#327040#575023#836842#1099725,GYR,water
CTB_00000010000_@1@5@water,91120#751050#1320545#1921815#2525529,CTB,water
CTR_00000010000_@1@5@water,90296#744261#1308609#1904444#2502701,CTR,water
CV1_00000010000_@1@5@water,50390#415339#730276#1062785#1396646,CV1,water
VRY_00000010000_@1@5@water,50864#419244#737142#1072777#1409776,VRY,water
PRS_00000010000_@1@5@water,1864#15364#27014#39314#51664,PRS,water
SMG_00000010000_@1@5@water,85544#705092#1239739#1804216#2370988,SMG,water
WTF_00000010000_@1@5@water,1864#15364#27014#39314#51664,WTF,water
AC1_00000010000_@2@1@air,13895#215661#411589,AC1,air
GYR_00000010000_@2@1@air,14641#227240#433688,GYR,air
CTB_00000010000_@2@1@air,33742#523705#999490,CTB,air
CTR_00000010000_@2@1@air,33423#518756#990046,CTR,air
CV1_00000010000_@2@1@air,18566#288159#549950,CV1,air
VRY_00000010000_@2@1@air,18800#291800#556900,VRY,air
SMG_00000010000_@2@1@air,31702#492053#939082,SMG,air
AC1_00000010000_@2@1@water,46324#302557#553746#792829#1081343,AC1,water
GYR_00000010000_@2@1@water,48586#319095#584279#836684#1141273,GYR,water
CTB_00000010000_@2@1@water,111489#732230#1340751#1919946#2618891,CTB,water
CTR_00000010000_@2@1@water,110596#726362#1330006#1904559#2597902,CTR,water
CV1_00000010000_@2@1@water,61679#405091#741742#1062169#1448845,CV1,water
VRY_00000010000_@2@1@water,62251#408847#748619#1072017#1462278,VRY,water
PRS_00000010000_@2@1@water,2281#14981#27431#39281#53581,PRS,water
SMG_00000010000_@2@1@water,104695#687605#1259041#1802938#2459286,SMG,water
WTF_00000010000_@2@1@water,2281#14981#27431#39281#53581,WTF,water
AC1_00000010000_@2@2@air,26951#232784#399820,AC1,air
GYR_00000010000_@2@2@air,28437#245615#421857,GYR,air
CTB_00000010000_@2@2@air,65289#563921#968566,CTB,air
CTR_00000010000_@2@2@air,64712#558934#960001,CTR,air
CV1_00000010000_@2@2@air,35992#310873#533942,CV1,air
VRY_00000010000_@2@2@air,36400#314400#540001,VRY,air
SMG_00000010000_@2@2@air,60968#526598#904462,SMG,air
AC1_00000010000_@2@2@water,33582#305019#538113#786342#1028516,AC1,water
GYR_00000010000_@2@2@water,35444#321930#567947#829938#1085539,GYR,water
CTB_00000010000_@2@2@water,81333#738737#1303273#1904468#2490999,CTB,water
CTR_00000010000_@2@2@water,80660#732629#1292498#1888722#2470404,CTR,water
CV1_00000010000_@2@2@water,44931#408103#719972#1052092#1376111,CV1,water
VRY_00000010000_@2@2@water,45425#412586#727880#1063648#1391226,VRY,water
PRS_00000010000_@2@2@water,1664#15114#26664#38964#50964,PRS,water
SMG_00000010000_@2@2@water,76396#693894#1224161#1788862#2339790,SMG,water
WTF_00000010000_@2@2@water,1664#15114#26664#38964#50964,WTF,water
AC1_00000010000_@2@3@air,14903#187651#391389,AC1,air
GYR_00000010000_@2@3@air,15733#198109#413202,GYR,air
CTB_00000010000_@2@3@air,36190#455701#950472,CTB,air
CTR_00000010000_@2@3@air,35712#449685#937923,CTR,air
CV1_00000010000_@2@3@air,19988#251681#524941,CV1,air
VRY_00000010000_@2@3@air,20101#253100#527900,VRY,air
SMG_00000010000_@2@3@air,33961#427635#891934,SMG,air
AC1_00000010000_@2@3@water,35604#291936#524047#782397#1033683,AC1,water
GYR_00000010000_@2@3@water,37515#307601#552167#824380#1089149,GYR,water
CTB_00000010000_@2@3@water,86242#707143#1269376#1895166#2503844,CTB,water
CTR_00000010000_@2@3@water,85507#701115#1258556#1879012#2482502,CTR,water
CV1_00000010000_@2@3@water,47619#390448#700883#1046412#1382492,CV1,water
VRY_00000010000_@2@3@water,48105#394432#708035#1057089#1396598,VRY,water
PRS_00000010000_@2@3@water,1764#14464#25964#38764#51214,PRS,water
SMG_00000010000_@2@3@water,81028#664392#1192634#1780591#2352471,SMG,water
WTF_00000010000_@2@3@water,1764#14464#25964#38764#51214,WTF,water
AC1_00000010000_@2@4@air,37981#232696#416602,AC1,air
GYR_00000010000_@2@4@air,39926#244614#437939,GYR,air
CTB_00000010000_@2@4@air,91899#563036#1008019,CTB,air
CTR_00000010000_@2@4@air,90684#555589#994686,CTR,air
CV1_00000010000_@2@4@air,50629#310187#555336,CV1,air
VRY_00000010000_@2@4@air,51300#314300#562701,VRY,air
SMG_00000010000_@2@4@air,86398#529330#947674,SMG,air
AC1_00000010000_@2@4@water,29530#294774#543881#782902#1037052,AC1,water
GYR_00000010000_@2@4@water,31172#311159#574112#826420#1094696,GYR,water
CTB_00000010000_@2@4@water,71566#714388#1318102#1897374#2513310,CTB,water
CTR_00000010000_@2@4@water,70947#708204#1306692#1880950#2491554,CTR,water
CV1_00000010000_@2@4@water,39562#394910#728639#1048858#1389343,CV1,water
VRY_00000010000_@2@4@water,39934#398626#735497#1058729#1402419,VRY,water
PRS_00000010000_@2@4@water,1464#14614#26964#38814#51414,PRS,water
SMG_00000010000_@2@4@water,67161#670417#1236972#1780590#2358615,SMG,water
WTF_00000010000_@2@4@water,1463#14603#26943#38784#51374,WTF,water
AC1_00000010000_@2@5@air,44488#238846#498825,AC1,air
GYR_00000010000_@2@5@air,46881#251694#524990,GYR,air
CTB_00000010000_@2@5@air,107909#579337#1199990,CTB,air
CTR_00000010000_@2@5@air,106954#574207#1199223,CTR,air
CV1_00000010000_@2@5@air,59301#318370#664912,CV1,air
VRY_00000010000_@2@5@air,60200#323200#674990,VRY,air
SMG_00000010000_@2@5@air,101259#543634#1135372,SMG,air
AC1_00000010000_@2@5@water,28540#267718#527079#756165#1017545,AC1,water
GYR_00000010000_@2@5@water,30075#282118#555431#796839#1072278,GYR,water
CTB_00000010000_@2@5@water,69095#648140#1276050#1830663#2463459,CTB,water
CTR_00000010000_@2@5@water,68541#642948#1265827#1815997#2443723,CTR,water
CV1_00000010000_@2@5@water,38201#358336#705486#1012113#1361966,CV1,water
VRY_00000010000_@2@5@water,38595#362036#712772#1022565#1376030,VRY,water
PRS_00000010000_@2@5@water,1414#13264#26114#37464#50414,PRS,water
SMG_00000010000_@2@5@water,64910#608879#1198752#1719769#2314233,SMG,water
WTF_00000010000_@2@5@water,1414#13264#26114#37464#50414,WTF,water
AC1_00000010000_@3@1@air,46992#226818#422925,AC1,air
GYR_00000010000_@3@1@air,49453#238697#445075,GYR,air
CTB_00000010000_@3@1@air,114114#550798#1027018,CTB,air
CTR_00000010000_@3@1@air,112889#544890#1016001,CTR,air
CV1_00000010000_@3@1@air,62423#302844#565031,CV1,air
VRY_00000010000_@3@1@air,63500#306500#571501,VRY,air
SMG_00000010000_@3@1@air,107151#517192#964355,SMG,air
AC1_00000010000_@3@1@water,41893#305607#541139#779690#1036359,AC1,water
GYR_00000010000_@3@1@water,44320#323314#572493#824865#1096405,GYR,water
CTB_00000010000_@3@1@water,101754#742296#1314383#1893805#2517234,CTB,water
CTR_00000010000_@3@1@water,100847#735682#1302672#1876931#2494805,CTR,water
CV1_00000010000_@3@1@water,55774#409587#725588#1045640#1390000,CV1,water
VRY_00000010000_@3@1@water,56815#414466#733894#1057418#1405514,VRY,water
PRS_00000010000_@3@1@water,2081#15181#26881#38731#51482,PRS,water
SMG_00000010000_@3@1@water,95552#697056#1234277#1778385#2363818,SMG,water
WTF_00000010000_@3@1@water,2081#15181#26881#38731#51482,WTF,water
AC1_00000010000_@3@2@air,41925#228664#423448,AC1,air
GYR_00000010000_@3@2@air,44207#241112#446501,GYR,air
CTB_00000010000_@3@2@air,101624#554279#1026436,CTB,air
CTR_00000010000_@3@2@air,100284#546970#1012901,CTR,air
CV1_00000010000_@3@2@air,56092#305937#566545,CV1,air
VRY_00000010000_@3@2@air,56800#309800#573700,VRY,air
SMG_00000010000_@3@2@air,95369#520162#963257,SMG,air
AC1_00000010000_@3@2@water,35270#284603#539991#775191#996259,AC1,water
GYR_00000010000_@3@2@water,37246#300540#570231#818602#1052050,GYR,water
CTB_00000010000_@3@2@water,85490#689837#1308864#1878956#2414794,CTB,water
CTR_00000010000_@3@2@water,84783#684132#1298040#1863417#2394824,CTR,water
CV1_00000010000_@3@2@water,47259#381338#723532#1038676#1334884,CV1,water
VRY_00000010000_@3@2@water,47728#385124#730717#1048990#1348139,VRY,water
PRS_00000010000_@3@2@water,1747#14098#26747#38397#49347,PRS,water
SMG_00000010000_@3@2@water,80279#647789#1229085#1764429#2267606,SMG,water
WTF_00000010000_@3@2@water,1749#14109#26768#38428#49386,WTF,water
AC1_00000010000_@3@3@air,19399#199318#371092,AC1,air
GYR_00000010000_@3@3@air,20391#209505#390059,GYR,air
CTB_00000010000_@3@3@air,47053#483459#900110,CTB,air
CTR_00000010000_@3@3@air,46548#478270#890448,CTR,air
CV1_00000010000_@3@3@air,25857#265671#494629,CV1,air
VRY_00000010000_@3@3@air,26200#269201#501200,VRY,air
SMG_00000010000_@3@3@air,44181#453943#845157,SMG,air
AC1_00000010000_@3@3@water,45672#287750#552017#780982#1030119,AC1,water
GYR_00000010000_@3@3@water,48149#303350#581945#823323#1085968,GYR,water
CTB_00000010000_@3@3@water,110688#697371#1337833#1892737#2496532,CTB,water
CTR_00000010000_@3@3@water,109758#691512#1326594#1876836#2475558,CTR,water
CV1_00000010000_@3@3@water,61196#385554#739645#1046434#1380252,CV1,water
VRY_00000010000_@3@3@water,61740#388981#746219#1055734#1392519,VRY,water
PRS_00000010000_@3@3@water,2264#14264#27365#38714#51064,PRS,water
SMG_00000010000_@3@3@water,103848#654276#1255159#1775772#2342254,SMG,water
WTF_00000010000_@3@3@water,2264#14264#27365#38714#51064,WTF,water
AC1_00000010000_@3@4@air,21919#212961#430957,AC1,air
GYR_00000010000_@3@4@air,23183#225251#455827,GYR,air
CTB_00000010000_@3@4@air,53158#516494#1045199,CTB,air
CTR_00000010000_@3@4@air,52589#510960#1034001,CTR,air
CV1_00000010000_@3@4@air,29379#285449#577647,CV1,air
VRY_00000010000_@3@4@air,29600#287600#582000,VRY,air
SMG_00000010000_@3@4@air,49919#485019#981505,SMG,air
AC1_00000010000_@3@4@water,20141#283503#508521#763811#1014056,AC1,water
GYR_00000010000_@3@4@water,21241#298990#536300#805536#1069450,GYR,water
CTB_00000010000_@3@4@water,48799#686896#1232090#1850628#2456943,CTB,water
CTR_00000010000_@3@4@water,48402#681306#1222064#1835569#2436949,CTR,water
CV1_00000010000_@3@4@water,26951#379366#680472#1022085#1356946,CV1,water
VRY_00000010000_@3@4@water,27251#383585#688038#1033449#1372034,VRY,water
PRS_00000010000_@3@4@water,998#14048#25198#37848#50249,PRS,water
SMG_00000010000_@3@4@water,45831#645119#1157155#1738074#2307512,SMG,water
WTF_00000010000_@3@4@water,998#14048#25198#37848#50249,WTF,water
AC1_00000010000_@3@5@air,36933#220117#416524,AC1,air
GYR_00000010000_@3@5@air,39087#232954#440814,GYR,air
CTB_00000010000_@3@5@air,89682#534505#1011434,CTB,air
CTR_00000010000_@3@5@air,88889#529779#1002490,CTR,air
CV1_00000010000_@3@5@air,49040#294414#557499,CV1,air
VRY_00000010000_@3@5@air,50000#298000#563900,VRY,air
SMG_00000010000_@3@5@air,84314#502509#950887,SMG,air
AC1_00000010000_@3@5@water,20461#267648#499700#756975#1009206,AC1,water
GYR_00000010000_@3@5@water,21582#282304#527063#798427#1064470,GYR,water
CTB_00000010000_@3@5@water,49595#648734#1211192#1834787#2446154,CTB,water
CTR_00000010000_@3@5@water,49178#643284#1201016#1819370#2425601,CTR,water
CV1_00000010000_@3@5@water,27416#358617#669540#1014259#1352220,CV1,water
VRY_00000010000_@3@5@water,27684#362129#676098#1024194#1365465,VRY,water
PRS_00000010000_@3@5@water,1014#13264#24765#37515#50014,PRS,water
SMG_00000010000_@3@5@water,46566#609116#1137224#1722736#2296766,SMG,water
WTF_00000010000_@3@5@water,1015#13275#24784#37544#50054,WTF,water
AC1_00000100000_@1@1@air,14361#196940#358301,AC1,air
GYR_00000100000_@1@1@air,15665#214818#390828,GYR,air
CTB_00000100000_@1@1@air,35943#492894#896746,CTB,air
CTR_00000100000_@1@1@air,35378#485156#882668,CTR,air
CV1_00000100000_@1@1@air,19789#271375#493725,CV1,air
VRY_00000100000_@1@1@air,19900#272900#496500,VRY,air
SMG_00000100000_@1@1@air,33788#463352#842999,SMG,air
AC1_00000100000_@1@1@water,33517#284790#515532#766806#1022968,AC1,water
GYR_00000100000_@1@1@water,36492#310073#561299#834880#1113783,GYR,water
CTB_00000100000_@1@1@water,83759#711704#1288338#1916282#2556444,CTB,water
CTR_00000100000_@1@1@water,83074#705882#1277799#1900607#2535531,CTR,water
CV1_00000100000_@1@1@water,46279#393236#711842#1058799#1412506,CV1,water
VRY_00000100000_@1@1@water,46753#397257#719121#1069626#1426949,VRY,water
PRS_00000100000_@1@1@water,1714#14565#26364#39214#52315,PRS,water
SMG_00000100000_@1@1@water,78715#668844#1210752#1800881#2402491,SMG,water
WTF_00000100000_@1@1@water,1714#14565#26364#39214#52315,WTF,water
AC1_00000100000_@1@2@air,25964#207928#386942,AC1,air
GYR_00000100000_@1@2@air,28113#225137#418969,GYR,air
CTB_00000100000_@1@2@air,64832#519191#966187,CTB,air
CTR_00000100000_@1@2@air,64178#513956#956446,CTR,air
CV1_00000100000_@1@2@air,35474#284083#528663,CV1,air
VRY_00000100000_@1@2@air,36100#289100#538000,VRY,air
SMG_00000100000_@1@2@air,60916#487831#907827,SMG,air
AC1_00000100000_@1@2@water,26024#273357#510914#757269#991893,AC1,water
GYR_00000100000_@1@2@water,28331#297586#556199#824389#1079809,GYR,water
CTB_00000100000_@1@2@water,65043#683220#1276962#1892695#2479108,CTB,water
CTR_00000100000_@1@2@water,64519#677712#1266668#1877437#2459122,CTR,water
CV1_00000100000_@1@2@water,35906#377160#704925#1044829#1368548,CV1,water
VRY_00000100000_@1@2@water,36315#381453#712949#1056723#1384127,VRY,water
PRS_00000100000_@1@2@water,1331#13981#26132#38731#50731,PRS,water
SMG_00000100000_@1@2@water,61134#642155#1200210#1778934#2330100,SMG,water
WTF_00000100000_@1@2@water,1331#13981#26132#38731#50731,WTF,water
AC1_00000100000_@1@3@air,15169#207833#398988,AC1,air
GYR_00000100000_@1@3@air,16432#225137#432207,GYR,air
CTB_00000100000_@1@3@air,37894#519191#996717,CTB,air
CTR_00000100000_@1@3@air,37487#513625#986032,CTR,air
CV1_00000100000_@1@3@air,20786#284794#546732,CV1,air
VRY_00000100000_@1@3@air,21100#289100#555000,VRY,air
SMG_00000100000_@1@3@air,35583#487532#935940,SMG,air
AC1_00000100000_@1@3@water,8097#249625#485286#741482#975187,AC1,water
GYR_00000100000_@1@3@water,8818#271854#528500#807509#1062026,GYR,water
CTB_00000100000_@1@3@water,20211#623115#1211373#1850890#2434266,CTB,water
CTR_00000100000_@1@3@water,20061#618485#1202373#1837138#2416180,CTR,water
CV1_00000100000_@1@3@water,11173#344461#669653#1023181#1345675,CV1,water
VRY_00000100000_@1@3@water,11297#348294#677104#1034566#1360647,VRY,water
PRS_00000100000_@1@3@water,414#12764#24814#37914#49864,PRS,water
SMG_00000100000_@1@3@water,19016#586257#1139720#1741409#2290279,SMG,water
WTF_00000100000_@1@3@water,414#12764#24814#37914#49864,WTF,water
AC1_00000100000_@1@4@air,29183#229007#416755,AC1,air
GYR_00000100000_@1@4@air,31778#249370#453813,GYR,air
CTB_00000100000_@1@4@air,72914#572173#1041261,CTB,air
CTR_00000100000_@1@4@air,71681#562497#1023652,CTR,air
CV1_00000100000_@1@4@air,40120#314827#572934,CV1,air
VRY_00000100000_@1@4@air,40600#318600#579800,VRY,air
SMG_00000100000_@1@4@air,68507#537592#978329,SMG,air
AC1_00000100000_@1@4@water,17921#254182#491424#740430#981593,AC1,water
GYR_00000100000_@1@4@water,19487#276393#534366#805130#1067366,GYR,water
CTB_00000100000_@1@4@water,44694#633922#1225595#1846607#2448059,CTB,water
CTR_00000100000_@1@4@water,44367#629290#1216639#1833113#2430171,CTR,water
CV1_00000100000_@1@4@water,24676#349991#676656#1019519#1351583,CV1,water
VRY_00000100000_@1@4@water,24960#354018#684442#1031251#1367136,VRY,water
PRS_00000100000_@1@4@water,915#12964#25064#37764#50064,PRS,water
SMG_00000100000_@1@4@water,42029#596126#1152522#1736508#2302101,SMG,water
WTF_00000100000_@1@4@water,915#12964#25064#37764#50064,WTF,water
AC1_00000100000_@1@5@air,23110#211653#389084,AC1,air
GYR_00000100000_@1@5@air,25184#230644#423996,GYR,air
CTB_00000100000_@1@5@air,57746#528861#972211,CTB,air
CTR_00000100000_@1@5@air,57273#524526#964242,CTR,air
CV1_00000100000_@1@5@air,31306#290216#533866,CV1,air
VRY_00000100000_@1@5@air,31800#294800#542300,VRY,air
SMG_00000100000_@1@5@air,54293#497241#914083,SMG,air
AC1_00000100000_@1@5@water,7781#254731#495801#732952#975002,AC1,water
GYR_00000100000_@1@5@water,8469#277238#539609#797713#1061150,GYR,water
CTB_00000100000_@1@5@water,19421#635777#1237459#1829357#2433484,CTB,water
CTR_00000100000_@1@5@water,19279#631132#1228417#1815991#2415704,CTR,water
CV1_00000100000_@1@5@water,10727#351150#683468#1010382#1344051,CV1,water
VRY_00000100000_@1@5@water,10846#355055#691069#1021619#1358998,VRY,water
PRS_00000100000_@1@5@water,397#12997#25297#37397#49747,PRS,water
SMG_00000100000_@1@5@water,18263#597870#1163678#1720285#2288393,SMG,water
WTF_00000100000_@1@5@water,398#13017#25336#37455#49823,WTF,water
AC1_00000100000_@2@1@air,10696#278445#423518,AC1,air
GYR_00000100000_@2@1@air,11596#301883#459167,GYR,air
CTB_00000100000_@2@1@air,26742#696179#1058895,CTB,air
CTR_00000100000_@2@1@air,26472#689156#1048213,CTR,air
CV1_00000100000_@2@1@air,14678#382114#581200,CV1,air
VRY_00000100000_@2@1@air,14900#387901#590001,VRY,air
SMG_00000100000_@2@1@air,25140#654479#995469,SMG,air
AC1_00000100000_@2@1@water,11379#256182#487276#748725#976882,AC1,water
GYR_00000100000_@2@1@water,12386#278852#530396#814981#1063327,GYR,water
CTB_00000100000_@2@1@water,28411#639643#1216646#1869441#2439110,CTB,water
CTR_00000100000_@2@1@water,28199#634888#1207601#1855545#2420978,CTR,water
CV1_00000100000_@2@1@water,15692#353281#671966#1032512#1347146,CV1,water
VRY_00000100000_@2@1@water,15866#357214#679446#1044005#1362141,VRY,water
PRS_00000100000_@2@1@water,581#13081#24881#38231#49881,PRS,water
SMG_00000100000_@2@1@water,26716#601500#1144095#1757964#2293662,SMG,water
WTF_00000100000_@2@1@water,581#13081#24881#38231#49881,WTF,water
AC1_00000100000_@2@2@air,42152#272464#449990,AC1,air
GYR_00000100000_@2@2@air,45638#295000#508213,GYR,air
CTB_00000100000_@2@2@air,105179#679863#1171236,CTB,air
CTR_00000100000_@2@2@air,103467#668801#1152179,CTR,air
CV1_00000100000_@2@2@air,57910#374325#644870,CV1,air
VRY_00000100000_@2@2@air,58200#376200#648100,VRY,air
SMG_00000100000_@2@2@air,98886#639189#1101165,SMG,air
AC1_00000100000_@2@2@water,8438#288386#491984#728863#963784,AC1,water
GYR_00000100000_@2@2@water,9184#313865#535452#793259#1048936,GYR,water
CTB_00000100000_@2@2@water,21076#720320#1228861#1820529#2407307,CTB,water
CTR_00000100000_@2@2@water,20919#714970#1219734#1807007#2389427,CTR,water
CV1_00000100000_@2@2@water,11639#397792#678631#1005375#1329420,CV1,water
VRY_00000100000_@2@2@water,11766#402119#686012#1016311#1343880,VRY,water
PRS_00000100000_@2@2@water,431#14731#25131#37231#49231,PRS,water
SMG_00000100000_@2@2@water,19811#677112#1155149#1711327#2262908,SMG,water
WTF_00000100000_@2@2@water,431#14731#25131#37231#49231,WTF,water
AC1_00000100000_@2@3@air,20704#195387#384591,AC1,air
GYR_00000100000_@2@3@air,22414#211528#416363,GYR,air
CTB_00000100000_@2@3@air,51689#487807#960179,CTB,air
CTR_00000100000_@2@3@air,51201#483201#951112,CTR,air
CV1_00000100000_@2@3@air,28406#268079#527676,CV1,air
VRY_00000100000_@2@3@air,28800#271800#535000,VRY,air
SMG_00000100000_@2@3@air,48596#458623#902735,SMG,air
AC1_00000100000_@2@3@water,19852#267500#511232#743219#981079,AC1,water
GYR_00000100000_@2@3@water,21614#291244#556612#809191#1068164,GYR,water
CTB_00000100000_@2@3@water,49578#668069#1276783#1856160#2450206,CTB,water
CTR_00000100000_@2@3@water,49215#663183#1267444#1842583#2432284,CTR,water
CV1_00000100000_@2@3@water,27421#369501#706172#1026618#1355177,CV1,water
VRY_00000100000_@2@3@water,27684#373040#712937#1036453#1368160,VRY,water
PRS_00000100000_@2@3@water,1014#13664#26115#37964#50114,PRS,water
SMG_00000100000_@2@3@water,46634#628397#1200962#1745934#2304702,SMG,water
WTF_00000100000_@2@3@water,1014#13664#26115#37964#50114,WTF,water
AC1_00000100000_@2@4@air,30735#224091#403018,AC1,air
GYR_00000100000_@2@4@air,33386#243417#437773,GYR,air
CTB_00000100000_@2@4@air,76845#560282#1007641,CTB,air
CTR_00000100000_@2@4@air,75734#552179#993068,CTR,air
CV1_00000100000_@2@4@air,42310#308481#554789,CV1,air
VRY_00000100000_@2@4@air,42600#310600#558601,VRY,air
SMG_00000100000_@2@4@air,72201#526419#946741,SMG,air
AC1_00000100000_@2@4@water,22762#272082#488160#742369#987779,AC1,water
GYR_00000100000_@2@4@water,24779#296198#531428#808169#1075330,GYR,water
CTB_00000100000_@2@4@water,56882#679946#1219934#1855214#2468503,CTB,water
CTR_00000100000_@2@4@water,56445#674720#1210558#1840956#2449532,CTR,water
CV1_00000100000_@2@4@water,31425#375640#673960#1024924#1363739,CV1,water
VRY_00000100000_@2@4@water,31751#379530#680939#1035538#1377862,VRY,water
PRS_00000100000_@2@4@water,1164#13914#24964#37964#50514,PRS,water
SMG_00000100000_@2@4@water,53464#639083#1146619#1743720#2320152,SMG,water
WTF_00000100000_@2@4@water,1164#13914#24964#37964#50514,WTF,water
AC1_00000100000_@2@5@air,18637#193940#381218,AC1,air
GYR_00000100000_@2@5@air,19969#211010#415100,GYR,air
CTB_00000100000_@2@5@air,45846#484451#953017,CTB,air
CTR_00000100000_@2@5@air,45897#477620#938836,CTR,air
CV1_00000100000_@2@5@air,25195#266231#523732,CV1,air
VRY_00000100000_@2@5@air,25400#268400#528000,VRY,air
SMG_00000100000_@2@5@air,43075#455171#895418,SMG,air
AC1_00000100000_@2@5@water,40079#285800#522709#782135#990655,AC1,water
GYR_00000100000_@2@5@water,43632#311131#569039#851458#1078459,GYR,water
CTB_00000100000_@2@5@water,100172#714318#1306443#1954845#2476012,CTB,water
CTR_00000100000_@2@5@water,99377#708649#1296075#1939330#2456362,CTR,water
CV1_00000100000_@2@5@water,55313#394427#721383#1079412#1367187,CV1,water
VRY_00000100000_@2@5@water,55907#398664#729130#1091005#1381871,VRY,water
PRS_00000100000_@2@5@water,2047#14597#26697#39947#50597,PRS,water
SMG_00000100000_@2@5@water,94116#671133#1227460#1836662#2326321,SMG,water
WTF_00000100000_@2@5@water,2047#14597#26697#39947#50597,WTF,water
AC1_00000100000_@3@1@air,11890#186983#375191,AC1,air
GYR_00000100000_@3@1@air,12972#204008#409353,GYR,air
CTB_00000100000_@3@1@air,29726#467503#938067,CTB,air
CTR_00000100000_@3@1@air,29334#461334#925690,CTR,air
CV1_00000100000_@3@1@air,16418#258202#518095,CV1,air
VRY_00000100000_@3@1@air,16500#259500#520701,VRY,air
SMG_00000100000_@3@1@air,27946#439500#881878,SMG,air
AC1_00000100000_@3@1@water,43203#303784#534182#807843#1045284,AC1,water
GYR_00000100000_@3@1@water,45734#321585#565484#855180#1106534,GYR,water
CTB_00000100000_@3@1@water,104973#738134#1297955#1962896#2539830,CTB,water
CTR_00000100000_@3@1@water,104127#732182#1287489#1947068#2519350,CTR,water
CV1_00000100000_@3@1@water,58060#408254#717885#1085656#1404751,CV1,water
VRY_00000100000_@3@1@water,58586#411955#724394#1095500#1417489,VRY,water
PRS_00000100000_@3@1@water,2147#15098#26547#40147#51947,PRS,water
SMG_00000100000_@3@1@water,98626#693502#1219474#1844209#2386259,SMG,water
WTF_00000100000_@3@1@water,2147#15098#26547#40147#51947,WTF,water
AC1_00000100000_@3@2@air,31789#206551#393540,AC1,air
GYR_00000100000_@3@2@air,34618#224937#428571,GYR,air
CTB_00000100000_@3@2@air,79478#516427#983944,CTB,air
CTR_00000100000_@3@2@air,78578#510579#972801,CTR,air
CV1_00000100000_@3@2@air,43842#284870#542760,CV1,air
VRY_00000100000_@3@2@air,44200#287200#547200,VRY,air
SMG_00000100000_@3@2@air,74629#484918#923910,SMG,air
AC1_00000100000_@3@2@water,46625#290424#539260#780037#1019807,AC1,water
GYR_00000100000_@3@2@water,49300#307090#570206#824800#1078328,GYR,water
CTB_00000100000_@3@2@water,113101#704509#1308136#1892213#2473846,CTB,water
CTR_00000100000_@3@2@water,112197#698877#1297678#1877085#2454067,CTR,water
CV1_00000100000_@3@2@water,62507#389357#722960#1045758#1367205,CV1,water
VRY_00000100000_@3@2@water,63120#393172#730043#1056004#1380601,VRY,water
PRS_00000100000_@3@2@water,2314#14414#26764#38714#50614,PRS,water
SMG_00000100000_@3@2@water,106196#661500#1228276#1776695#2322820,SMG,water
WTF_00000100000_@3@2@water,2315#14416#26768#38720#50621,WTF,water
AC1_00000100000_@3@3@air,27221#209410#386342,AC1,air
GYR_00000100000_@3@3@air,29643#228042#420716,GYR,air
CTB_00000100000_@3@3@air,68058#523575#965949,CTB,air
CTR_00000100000_@3@3@air,67201#516979#953779,CTR,air
CV1_00000100000_@3@3@air,37611#289345#533815,CV1,air
VRY_00000100000_@3@3@air,37800#290800#536500,VRY,air
SMG_00000100000_@3@3@air,63945#491931#907568,SMG,air
AC1_00000100000_@3@3@water,40975#267937#517091#771289#1007330,AC1,water
GYR_00000100000_@3@3@water,43255#282850#545871#814217#1063395,GYR,water
CTB_00000100000_@3@3@water,99281#649211#1252912#1868833#2440761,CTB,water
CTR_00000100000_@3@3@water,98488#644027#1242908#1853911#2421272,CTR,water
CV1_00000100000_@3@3@water,54425#358277#691839#1032153#1348159,CV1,water
VRY_00000100000_@3@3@water,54929#361599#698254#1041724#1360660,VRY,water
PRS_00000100000_@3@3@water,2031#13281#25631#38231#49931,PRS,water
SMG_00000100000_@3@3@water,93257#609815#1176881#1755427#2292648,SMG,water
WTF_00000100000_@3@3@water,2031#13281#25631#38231#49931,WTF,water
AC1_00000100000_@3@4@air,54731#264012#454066,AC1,air
GYR_00000100000_@3@4@air,57536#278765#479669,GYR,air
CTB_00000100000_@3@4@air,132014#639620#1100590,CTB,air
CTR_00000100000_@3@4@air,129619#628015#1080623,CTR,air
CV1_00000100000_@3@4@air,72548#351499#604822,CV1,air
VRY_00000100000_@3@4@air,73600#356600#613600,VRY,air
SMG_00000100000_@3@4@air,123955#600571#1033400,SMG,air
AC1_00000100000_@3@4@water,17773#280025#529164#763174#995166,AC1,water
GYR_00000100000_@3@4@water,18751#295436#558286#805174#1049933,GYR,water
CTB_00000100000_@3@4@water,43084#678821#1282771#1850044#2412427,CTB,water
CTR_00000100000_@3@4@water,42728#673207#1272163#1834744#2392476,CTR,water
CV1_00000100000_@3@4@water,23795#374907#708463#1021762#1332361,CV1,water
VRY_00000100000_@3@4@water,24050#378928#716061#1032721#1346651,VRY,water
PRS_00000100000_@3@4@water,881#13881#26231#37831#49331,PRS,water
SMG_00000100000_@3@4@water,40458#637450#1204593#1737293#2265401,SMG,water
WTF_00000100000_@3@4@water,882#13889#26245#37851#49357,WTF,water
AC1_00000100000_@3@5@air,48398#228222#401165,AC1,air
GYR_00000100000_@3@5@air,51253#241689#424835,GYR,air
CTB_00000100000_@3@5@air,117599#554548#974774,CTB,air
CTR_00000100000_@3@5@air,116047#547231#961912,CTR,air
CV1_00000100000_@3@5@air,64707#305129#536350,CV1,air
VRY_00000100000_@3@5@air,65400#308400#542101,VRY,air
SMG_00000100000_@3@5@air,109530#516496#907887,SMG,air
AC1_00000100000_@3@5@water,30558#292945#537166#796525#1012489,AC1,water
GYR_00000100000_@3@5@water,32249#309148#566877#840581#1068490,GYR,water
CTB_00000100000_@3@5@water,74010#709499#1300991#1929147#2452202,CTB,water
CTR_00000100000_@3@5@water,73417#703813#1290566#1913688#2432552,CTR,water
CV1_00000100000_@3@5@water,40465#391621#718466#1065570#1354598,CV1,water
VRY_00000100000_@3@5@water,41287#395795#725761#1076179#1367967,VRY,water
PRS_00000100000_@3@5@water,1514#14514#26614#39464#50164,PRS,water
SMG_00000100000_@3@5@water,69518#666430#1222018#1812043#2303348,SMG,water
WTF_00000100000_@3@5@water,1513#14503#26594#39434#50125,WTF,water
AC1_00000200000_@1@1@air,20104#229269#418036,AC1,air
GYR_00000200000_@1@1@air,21263#242491#442143,GYR,air
CTB_00000200000_@1@1@air,48758#556048#1013864,CTB,air
CTR_00000200000_@1@1@air,48356#551468#1005512,CTR,air
CV1_00000200000_@1@1@air,26946#307297#560306,CV1,air
VRY_00000200000_@1@1@air,27200#310200#565601,VRY,air
SMG_00000200000_@1@1@air,45869#523101#953791,SMG,air
AC1_00000200000_@1@1@water,9681#279365#525904#759362#997851,AC1,water
GYR_00000200000_@1@1@water,10227#295126#555575#802204#1054149,GYR,water
CTB_00000200000_@1@1@water,23514#678555#1277381#1844432#2423704,CTB,water
CTR_00000200000_@1@1@water,23325#673117#1267143#1829650#2404279,CTR,water
CV1_00000200000_@1@1@water,12990#374857#705668#1018926#1338936,CV1,water
VRY_00000200000_@1@1@water,13116#378483#712495#1028783#1351888,VRY,water
PRS_00000200000_@1@1@water,481#13881#26131#37731#49581,PRS,water
SMG_00000200000_@1@1@water,22083#637281#1199681#1732240#2276276,SMG,water
WTF_00000200000_@1@1@water,481#13881#26131#37731#49581,WTF,water
AC1_00000200000_@1@2@air,11203#202607#424058,AC1,air
GYR_00000200000_@1@2@air,11857#214439#448821,GYR,air
CTB_00000200000_@1@2@air,27204#492003#1029766,CTB,air
CTR_00000200000_@1@2@air,26862#485825#1016833,CTR,air
CV1_00000200000_@1@2@air,14941#270220#565572,CV1,air
VRY_00000200000_@1@2@air,15100#273100#571600,VRY,air
SMG_00000200000_@1@2@air,25545#462003#966975,SMG,air
AC1_00000200000_@1@2@water,10694#251353#506109#741734#991455,AC1,water
GYR_00000200000_@1@2@water,11290#265361#534314#783069#1046707,GYR,water
CTB_00000200000_@1@2@water,25934#609564#1227382#1798802#2404410,CTB,water
CTR_00000200000_@1@2@water,25747#605153#1218499#1785784#2387009,CTR,water
CV1_00000200000_@1@2@water,14348#337225#679015#995138#1330174,CV1,water
VRY_00000200000_@1@2@water,14470#340091#684787#1003597#1341481,VRY,water
PRS_00000200000_@1@2@water,531#12481#25131#36831#49231,PRS,water
SMG_00000200000_@1@2@water,24376#572935#1153627#1690710#2259926,SMG,water
WTF_00000200000_@1@2@water,531#12481#25131#36831#49231,WTF,water
AC1_00000200000_@1@3@air,10912#186375#386904,AC1,air
GYR_00000200000_@1@3@air,11555#197365#409719,GYR,air
CTB_00000200000_@1@3@air,26529#453142#940700,CTB,air
CTR_00000200000_@1@3@air,26328#449696#933545,CTR,air
CV1_00000200000_@1@3@air,14606#249482#517911,CV1,air
VRY_00000200000_@1@3@air,14800#252800#524800,VRY,air
SMG_00000200000_@1@3@air,24926#425755#883845,SMG,air
AC1_00000200000_@1@3@water,34523#290320#525975#792850#1022463,AC1,water
GYR_00000200000_@1@3@water,36471#306698#555648#837578#1080145,GYR,water
CTB_00000200000_@1@3@water,83787#704610#1276549#1924259#2481533,CTB,water
CTR_00000200000_@1@3@water,83105#698877#1266163#1908602#2461342,CTR,water
CV1_00000200000_@1@3@water,46287#389250#705209#1063025#1370882,CV1,water
VRY_00000200000_@1@3@water,46687#392615#711305#1072214#1382733,VRY,water
PRS_00000200000_@1@3@water,1714#14414#26115#39364#50764,PRS,water
SMG_00000200000_@1@3@water,78681#661670#1198753#1806989#2330302,SMG,water
WTF_00000200000_@1@3@water,1713#14401#26091#39329#50719,WTF,water
AC1_00000200000_@1@4@air,30247#213202#384059,AC1,air
GYR_00000200000_@1@4@air,31931#225069#405436,GYR,air
CTB_00000200000_@1@4@air,73448#517714#932600,CTB,air
CTR_00000200000_@1@4@air,72845#513467#924951,CTR,air
CV1_00000200000_@1@4@air,40313#284153#511868,CV1,air
VRY_00000200000_@1@4@air,41000#289000#520600,VRY,air
SMG_00000200000_@1@4@air,69011#486443#876270,SMG,air
AC1_00000200000_@1@4@water,22444#281330#506973#762837#1013664,AC1,water
GYR_00000200000_@1@4@water,23692#296970#535158#805246#1070018,GYR,water
CTB_00000200000_@1@4@water,54457#682613#1230111#1850934#2459537,CTB,water
CTR_00000200000_@1@4@water,54007#676968#1219938#1835627#2439197,CTR,water
CV1_00000200000_@1@4@water,30096#377247#679822#1022920#1359265,CV1,water
VRY_00000200000_@1@4@water,30383#380846#686309#1032681#1372235,VRY,water
PRS_00000200000_@1@4@water,1114#13964#25164#37864#50314,PRS,water
SMG_00000200000_@1@4@water,51105#640599#1154399#1737011#2308154,SMG,water
WTF_00000200000_@1@4@water,1114#13961#25158#37855#50302,WTF,water
AC1_00000200000_@1@5@air,20669#259090#450491,AC1,air
GYR_00000200000_@1@5@air,21806#273343#475274,GYR,air
CTB_00000200000_@1@5@air,50158#628755#1093244,CTB,air
CTR_00000200000_@1@5@air,49778#624001#1084979,CTR,air
CV1_00000200000_@1@5@air,27668#346836#603059,CV1,air
VRY_00000200000_@1@5@air,28000#351000#610300,VRY,air
SMG_00000200000_@1@5@air,46872#587573#1021640,SMG,air
AC1_00000200000_@1@5@water,35877#285662#528397#788254#1026960,AC1,water
GYR_00000200000_@1@5@water,37970#302332#559231#834252#1086887,GYR,water
CTB_00000200000_@1@5@water,87096#693491#1282770#1913616#2493114,CTB,water
CTR_00000200000_@1@5@water,86398#687934#1272491#1898281#2473136,CTR,water
CV1_00000200000_@1@5@water,48128#383207#708829#1057419#1377636,CV1,water
VRY_00000200000_@1@5@water,48618#387115#716057#1068202#1391684,VRY,water
PRS_00000200000_@1@5@water,1781#14181#26231#39131#50982,PRS,water
SMG_00000200000_@1@5@water,81830#651561#1205211#1797915#2342376,SMG,water
WTF_00000200000_@1@5@water,1781#14181#26231#39131#50982,WTF,water
AC1_00000200000_@2@1@air,25948#207728#393173,AC1,air
GYR_00000200000_@2@1@air,27656#221404#419058,GYR,air
CTB_00000200000_@2@1@air,63534#508628#962695,CTB,air
CTR_00000200000_@2@1@air,62983#504214#954341,CTR,air
CV1_00000200000_@2@1@air,35083#280860#531591,CV1,air
VRY_00000200000_@2@1@air,35400#283400#536400,VRY,air
SMG_00000200000_@2@1@air,59590#477054#902935,SMG,air
AC1_00000200000_@2@1@water,18436#264376#492608#743466#981536,AC1,water
GYR_00000200000_@2@1@water,19963#286268#533399#805030#1062814,GYR,water
CTB_00000200000_@2@1@water,45753#656108#1222518#1845080#2435904,CTB,water
CTR_00000200000_@2@1@water,45343#650230#1211565#1828550#2414080,CTR,water
CV1_00000200000_@2@1@water,25272#362398#675251#1019121#1345459,CV1,water
VRY_00000200000_@2@1@water,25551#366409#682724#1030399#1360349,VRY,water
PRS_00000200000_@2@1@water,937#13437#25037#37787#49887,PRS,water
SMG_00000200000_@2@1@water,43005#616707#1149102#1734278#2289621,SMG,water
WTF_00000200000_@2@1@water,937#13437#25037#37787#49887,WTF,water
AC1_00000200000_@2@2@air,17141#188541#386498,AC1,air
GYR_00000200000_@2@2@air,18229#200516#411045,GYR,air
CTB_00000200000_@2@2@air,41734#459065#941056,CTB,air
CTR_00000200000_@2@2@air,41367#455036#932798,CTR,air
CV1_00000200000_@2@2@air,23031#253337#519326,CV1,air
VRY_00000200000_@2@2@air,23300#256300#525400,VRY,air
SMG_00000200000_@2@2@air,39271#431978#885529,SMG,air
AC1_00000200000_@2@2@water,30033#305884#555655#787370#1037141,AC1,water
GYR_00000200000_@2@2@water,31861#324496#589465#835279#1100248,GYR,water
CTB_00000200000_@2@2@water,73207#745615#1354449#1919272#2528106,CTB,water
CTR_00000200000_@2@2@water,72590#739329#1343030#1903090#2506792,CTR,water
CV1_00000200000_@2@2@water,40437#411844#748137#1060120#1396413,CV1,water
VRY_00000200000_@2@2@water,40866#416217#756081#1071376#1411240,VRY,water
PRS_00000200000_@2@2@water,1497#15247#27697#39247#51697,PRS,water
SMG_00000200000_@2@2@water,68735#700065#1271705#1802022#2373662,SMG,water
WTF_00000200000_@2@2@water,1497#15247#27697#39247#51697,WTF,water
AC1_00000200000_@2@3@air,46275#236382#433047,AC1,air
GYR_00000200000_@2@3@air,49073#250674#459230,GYR,air
CTB_00000200000_@2@3@air,112496#574661#1052769,CTB,air
CTR_00000200000_@2@3@air,111611#570136#1044479,CTR,air
CV1_00000200000_@2@3@air,62099#317219#581140,CV1,air
VRY_00000200000_@2@3@air,62800#320801#587701,VRY,air
SMG_00000200000_@2@3@air,105803#540468#990128,SMG,air
AC1_00000200000_@2@3@water,30661#284157#530610#764993#1014464,AC1,water
GYR_00000200000_@2@3@water,32456#300786#561662#809761#1073832,GYR,water
CTB_00000200000_@2@3@water,74466#690122#1288678#1857916#2463800,CTB,water
CTR_00000200000_@2@3@water,73818#684120#1277469#1841757#2442371,CTR,water
CV1_00000200000_@2@3@water,41085#380764#711006#1025074#1359360,CV1,water
VRY_00000200000_@2@3@water,41529#384874#718681#1036139#1374034,VRY,water
PRS_00000200000_@2@3@water,1524#14124#26374#38024#50424,PRS,water
SMG_00000200000_@2@3@water,69993#648673#1211278#1746327#2315821,SMG,water
WTF_00000200000_@2@3@water,1525#14125#26375#38025#50425,WTF,water
AC1_00000200000_@2@4@air,19704#191413#395252,AC1,air
GYR_00000200000_@2@4@air,20755#201618#416326,GYR,air
CTB_00000200000_@2@4@air,46868#462078#954984,CTB,air
CTR_00000200000_@2@4@air,47232#458839#947466,CTR,air
CV1_00000200000_@2@4@air,25912#255470#527984,CV1,air
VRY_00000200000_@2@4@air,26300#259300#535900,VRY,air
SMG_00000200000_@2@4@air,44111#434899#898813,SMG,air
AC1_00000200000_@2@4@water,34985#286741#520370#789246#1020862,AC1,water
GYR_00000200000_@2@4@water,37006#303309#550439#834851#1079850,GYR,water
CTB_00000200000_@2@4@water,84955#696310#1263649#1916577#2479024,CTB,water
CTR_00000200000_@2@4@water,84263#690641#1253360#1900972#2458840,CTR,water
CV1_00000200000_@2@4@water,46979#385052#698783#1059844#1370871,CV1,water
VRY_00000200000_@2@4@water,47407#388559#705148#1069499#1383359,VRY,water
PRS_00000200000_@2@4@water,1737#14237#25837#39187#50687,PRS,water
SMG_00000200000_@2@4@water,79850#654475#1187727#1801427#2330082,SMG,water
WTF_00000200000_@2@4@water,1737#14237#25837#39187#50687,WTF,water
AC1_00000200000_@2@5@air,41504#216335#410264,AC1,air
GYR_00000200000_@2@5@air,43946#229060#434397,GYR,air
CTB_00000200000_@2@5@air,100882#525836#997212,CTB,air
CTR_00000200000_@2@5@air,100135#521940#989825,CTR,air
CV1_00000200000_@2@5@air,55744#290559#551026,CV1,air
VRY_00000200000_@2@5@air,56501#294500#558500,VRY,air
SMG_00000200000_@2@5@air,94806#494165#937152,SMG,air
AC1_00000200000_@2@5@water,40372#279096#538973#778705#1024480,AC1,water
GYR_00000200000_@2@5@water,42706#295230#570130#823720#1083702,GYR,water
CTB_00000200000_@2@5@water,97986#677388#1308131#1889978#2486494,CTB,water
CTR_00000200000_@2@5@water,97173#671769#1297280#1874301#2465868,CTR,water
CV1_00000200000_@2@5@water,54108#374058#722358#1043658#1373058,CV1,water
VRY_00000200000_@2@5@water,54643#377757#729501#1053978#1386634,VRY,water
PRS_00000200000_@2@5@water,2004#13854#26754#38654#50854,PRS,water
SMG_00000200000_@2@5@water,92061#636427#1229029#1775693#2336139,SMG,water
WTF_00000200000_@2@5@water,2004#13854#26754#38654#50854,WTF,water
AC1_00000200000_@3@1@air,31671#207785#397515,AC1,air
GYR_00000200000_@3@1@air,33480#219650#420213,GYR,air
CTB_00000200000_@3@1@air,76815#503960#964127,CTB,air
CTR_00000200000_@3@1@air,76089#499201#955023,CTR,air
CV1_00000200000_@3@1@air,42241#277132#530183,CV1,air
VRY_00000200000_@3@1@air,42800#280800#537200,VRY,air
SMG_00000200000_@3@1@air,72004#472398#903747,SMG,air
AC1_00000200000_@3@1@water,23166#279667#533139#770453#1010796,AC1,water
GYR_00000200000_@3@1@water,24441#295056#562475#812847#1066415,GYR,water
CTB_00000200000_@3@1@water,56085#677068#1290717#1865248#2447115,CTB,water
CTR_00000200000_@3@1@water,55642#671730#1280542#1850544#2427824,CTR,water
CV1_00000200000_@3@1@water,30975#373938#712851#1030159#1351518,CV1,water
VRY_00000200000_@3@1@water,31328#378193#720961#1041880#1366896,VRY,water
PRS_00000200000_@3@1@water,1147#13847#26397#38147#50047,PRS,water
SMG_00000200000_@3@1@water,52694#636130#1212676#1752470#2299155,SMG,water
WTF_00000200000_@3@1@water,1149#13864#26428#38192#50106,WTF,water
AC1_00000200000_@3@2@air,34315#225112#405557,AC1,air
GYR_00000200000_@3@2@air,36113#236909#426809,GYR,air
CTB_00000200000_@3@2@air,83280#546341#984274,CTB,air
CTR_00000200000_@3@2@air,82440#540829#974344,CTR,air
CV1_00000200000_@3@2@air,45563#301312#543183,CV1,air
VRY_00000200000_@3@2@air,46400#304400#548400,VRY,air
SMG_00000200000_@3@2@air,77562#508830#916695,SMG,air
AC1_00000200000_@3@2@water,17769#265835#508860#763986#1022136,AC1,water
GYR_00000200000_@3@2@water,18763#280721#537353#806764#1079370,GYR,water
CTB_00000200000_@3@2@water,43045#644005#1232751#1850812#2476202,CTB,water
CTR_00000200000_@3@2@water,42716#639090#1223342#1836686#2457302,CTR,water
CV1_00000200000_@3@2@water,23783#355815#681099#1022580#1368110,CV1,water
VRY_00000200000_@3@2@water,24041#359673#688483#1033666#1382942,VRY,water
PRS_00000200000_@3@2@water,881#13181#25231#37881#50681,PRS,water
SMG_00000200000_@3@2@water,40442#605064#1158210#1738898#2326472,SMG,water
WTF_00000200000_@3@2@water,881#13180#25228#37876#50675,WTF,water
AC1_00000200000_@3@3@air,37004#260798#443527,AC1,air
GYR_00000200000_@3@3@air,38991#274800#467339,GYR,air
CTB_00000200000_@3@3@air,89859#633313#1077043,CTB,air
CTR_00000200000_@3@3@air,88730#625359#1063518,CTR,air
CV1_00000200000_@3@3@air,49568#349346#594115,CV1,air
VRY_00000200000_@3@3@air,50100#353100#600500,VRY,air
SMG_00000200000_@3@3@air,84328#594332#1010751,SMG,air
AC1_00000200000_@3@3@water,29904#274223#531667#782043#1022324,AC1,water
GYR_00000200000_@3@3@water,31521#289051#560414#824329#1077602,GYR,water
CTB_00000200000_@3@3@water,72444#664321#1287994#1894545#2476639,CTB,water
CTR_00000200000_@3@3@water,71845#658827#1277341#1878876#2456156,CTR,water
CV1_00000200000_@3@3@water,40058#367331#712186#1047574#1369438,CV1,water
VRY_00000200000_@3@3@water,40466#371072#719439#1058242#1383384,VRY,water
PRS_00000200000_@3@3@water,1481#13581#26331#38731#50631,PRS,water
SMG_00000200000_@3@3@water,68056#624076#1209965#1779771#2326600,SMG,water
WTF_00000200000_@3@3@water,1481#13581#26331#38731#50631,WTF,water
AC1_00000200000_@3@4@air,15103#191229#386892,AC1,air
GYR_00000200000_@3@4@air,15655#201937#408884,GYR,air
CTB_00000200000_@3@4@air,35942#463641#938783,CTB,air
CTR_00000200000_@3@4@air,35556#458667#928712,CTR,air
CV1_00000200000_@3@4@air,19825#255742#517827,CV1,air
VRY_00000200000_@3@4@air,20000#258000#522400,VRY,air
SMG_00000200000_@3@4@air,33519#432390#875505,SMG,air
AC1_00000200000_@3@4@water,7348#272798#486772#746166#996476,AC1,water
GYR_00000200000_@3@4@water,7757#287961#513828#787640#1051862,GYR,water
CTB_00000200000_@3@4@water,17794#660615#1178782#1806938#2413096,CTB,water
CTR_00000200000_@3@4@water,17652#655321#1169336#1792458#2393758,CTR,water
CV1_00000200000_@3@4@water,9843#365422#652048#999515#1334814,CV1,water
VRY_00000200000_@3@4@water,9940#369003#658439#1009311#1347895,VRY,water
PRS_00000200000_@3@4@water,364#13514#24115#36964#49364,PRS,water
SMG_00000200000_@3@4@water,16721#620755#1107657#1697911#2267495,SMG,water
WTF_00000200000_@3@4@water,364#13514#24115#36964#49364,WTF,water
AC1_00000200000_@3@5@air,7489#224725#397847,AC1,air
GYR_00000200000_@3@5@air,7931#237985#421322,GYR,air
CTB_00000200000_@3@5@air,18196#546050#966712,CTB,air
CTR_00000200000_@3@5@air,17956#538845#953957,CTR,air
CV1_00000200000_@3@5@air,9994#299892#530919,CV1,air
VRY_00000200000_@3@5@air,10100#303100#536600,VRY,air
SMG_00000200000_@3@5@air,17096#513047#908285,SMG,air
AC1_00000200000_@3@5@water,22148#280568#509713#756019#993241,AC1,water
GYR_00000200000_@3@5@water,23354#295853#537482#797207#1047352,GYR,water
CTB_00000200000_@3@5@water,53626#679338#1234168#1830550#2404934,CTB,water
CTR_00000200000_@3@5@water,53190#673809#1224124#1815652#2385361,CTR,water
CV1_00000200000_@3@5@water,29606#375045#681352#1010599#1327701,CV1,water
VRY_00000200000_@3@5@water,29931#379166#688839#1021704#1342291,VRY,water
PRS_00000200000_@3@5@water,1097#13898#25248#37448#49197,PRS,water
SMG_00000200000_@3@5@water,50338#637688#1158502#1718320#2257489,SMG,water
WTF_00000200000_@3@5@water,1097#13898#25248#37448#49197,WTF,water
AC1_00001000000_@1@1@air,15296#188973#336848,AC1,air
GYR_00001000000_@1@1@air,16741#206828#368675,GYR,air
CTB_00001000000_@1@1@air,38400#474429#845682,CTB,air
CTR_00001000000_@1@1@air,38026#469812#837452,CTR,air
CV1_00001000000_@1@1@air,21192#261829#466716,CV1,air
VRY_00001000000_@1@1@air,21400#264400#471300,VRY,air
SMG_00001000000_@1@1@air,36037#445234#793640,SMG,air
AC1_00001000000_@1@1@water,17232#252913#518909#728186#955066,AC1,water
GYR_00001000000_@1@1@water,18763#275393#565033#792911#1039957,GYR,water
CTB_00001000000_@1@1@water,43036#631661#1296002#1818682#2385325,CTB,water
CTR_00001000000_@1@1@water,42711#626887#1286206#1804935#2367295,CTR,water
CV1_00001000000_@1@1@water,23755#348656#715350#1003852#1316620,CV1,water
VRY_00001000000_@1@1@water,24031#352709#723666#1015522#1331926,VRY,water
PRS_00001000000_@1@1@water,881#12931#26531#37231#48831,PRS,water
SMG_00001000000_@1@1@water,40428#593385#1217469#1708476#2240782,SMG,water
WTF_00001000000_@1@1@water,881#12931#26531#37231#48831,WTF,water
AC1_00001000000_@1@2@air,8930#178946#367393,AC1,air
GYR_00001000000_@1@2@air,9757#195516#401412,GYR,air
CTB_00001000000_@1@2@air,22405#448988#921814,CTB,air
CTR_00001000000_@1@2@air,22139#443659#910874,CTR,air
CV1_00001000000_@1@2@air,12385#248195#509567,CV1,air
VRY_00001000000_@1@2@air,12500#250500#514300,VRY,air
SMG_00001000000_@1@2@air,21050#421829#866053,SMG,air
AC1_00001000000_@1@2@water,59269#291960#537363#758322#991014,AC1,water
GYR_00001000000_@1@2@water,64537#317911#585126#825726#1079101,GYR,water
CTB_00001000000_@1@2@water,148079#729448#1342572#1894628#2475997,CTB,water
CTR_00001000000_@1@2@water,146907#723676#1331949#1879638#2456407,CTR,water
CV1_00001000000_@1@2@water,81362#402486#741151#1046084#1367209,CV1,water
VRY_00001000000_@1@2@water,82674#407259#749573#1057792#1382376,VRY,water
PRS_00001000000_@1@2@water,3031#14932#27481#38781#50681,PRS,water
SMG_00001000000_@1@2@water,139006#684754#1260312#1778544#2324292,SMG,water
WTF_00001000000_@1@2@water,3031#14932#27481#38781#50681,WTF,water
AC1_00001000000_@1@3@air,25249#210117#379507,AC1,air
GYR_00001000000_@1@3@air,27176#228653#413262,GYR,air
CTB_00001000000_@1@3@air,62305#524220#947462,CTB,air
CTR_00001000000_@1@3@air,61666#518845#937748,CTR,air
CV1_00001000000_@1@3@air,34427#289660#523524,CV1,air
VRY_00001000000_@1@3@air,34800#292801#529200,VRY,air
SMG_00001000000_@1@3@air,58481#492043#889306,SMG,air
AC1_00001000000_@1@3@water,13621#252037#473842#712257#978032,AC1,water
GYR_00001000000_@1@3@water,14850#274767#516575#776493#1066236,GYR,water
CTB_00001000000_@1@3@water,34048#630000#1184431#1780383#2444723,CTB,water
CTR_00001000000_@1@3@water,33787#625168#1175346#1766727#2425971,CTR,water
CV1_00001000000_@1@3@water,18802#347904#654076#983177#1350044,CV1,water
VRY_00001000000_@1@3@water,19010#351739#661287#994017#1364929,VRY,water
PRS_00001000000_@1@3@water,697#12897#24247#36447#50047,PRS,water
SMG_00001000000_@1@3@water,31939#590976#1111064#1670101#2293290,SMG,water
WTF_00001000000_@1@3@water,697#12897#24247#36447#50047,WTF,water
AC1_00001000000_@1@4@air,40638#210916#398866,AC1,air
GYR_00001000000_@1@4@air,44159#229189#433423,GYR,air
CTB_00001000000_@1@4@air,101857#528651#999738,CTB,air
CTR_00001000000_@1@4@air,100648#522377#987873,CTR,air
CV1_00001000000_@1@4@air,56278#292089#552372,CV1,air
VRY_00001000000_@1@4@air,56800#294800#557500,VRY,air
SMG_00001000000_@1@4@air,95696#496674#939265,SMG,air
AC1_00001000000_@1@4@water,39389#282875#511693#752246#986932,AC1,water
GYR_00001000000_@1@4@water,42848#307720#556636#818317#1073615,GYR,water
CTB_00001000000_@1@4@water,98391#706616#1278201#1879097#2465338,CTB,water
CTR_00001000000_@1@4@water,97576#700764#1267615#1863535#2444921,CTR,water
CV1_00001000000_@1@4@water,54343#390273#705967#1037849#1361638,CV1,water
VRY_00001000000_@1@4@water,54928#394478#713572#1049031#1376307,VRY,water
PRS_00001000000_@1@4@water,2014#14464#26165#38464#50464,PRS,water
SMG_00001000000_@1@4@water,92501#664316#1201685#1766610#2317758,SMG,water
WTF_00001000000_@1@4@water,2014#14464#26165#38464#50464,WTF,water
AC1_00001000000_@1@5@air,36922#214717#380396,AC1,air
GYR_00001000000_@1@5@air,40241#234018#414590,GYR,air
CTB_00001000000_@1@5@air,92208#536234#950002,CTB,air
CTR_00001000000_@1@5@air,91262#530736#940261,CTR,air
CV1_00001000000_@1@5@air,50818#295534#523573,CV1,air
VRY_00001000000_@1@5@air,51500#299500#530600,VRY,air
SMG_00001000000_@1@5@air,86724#504342#893501,SMG,air
AC1_00001000000_@1@5@water,44294#276131#519706#745673#991205,AC1,water
GYR_00001000000_@1@5@water,48249#300789#566116#812262#1079720,GYR,water
CTB_00001000000_@1@5@water,110645#689767#1298211#1862672#2476004,CTB,water
CTR_00001000000_@1@5@water,109795#684471#1288245#1848372#2456995,CTR,water
CV1_00001000000_@1@5@water,61104#380923#716935#1028658#1367369,CV1,water
VRY_00001000000_@1@5@water,61776#385117#724829#1039984#1382425,VRY,water
PRS_00001000000_@1@5@water,2264#14115#26564#38114#50664,PRS,water
SMG_00001000000_@1@5@water,104022#648478#1220502#1751174#2327793,SMG,water
WTF_00001000000_@1@5@water,2264#14115#26564#38114#50664,WTF,water
AC1_00001000000_@2@1@air,35093#213798#378452,AC1,air
GYR_00001000000_@2@1@air,37926#231055#409000,GYR,air
CTB_00001000000_@2@1@air,87683#534198#945603,CTB,air
CTR_00001000000_@2@1@air,86578#527468#933690,CTR,air
CV1_00001000000_@2@1@air,48246#293932#520300,CV1,air
VRY_00001000000_@2@1@air,48700#296701#525200,VRY,air
SMG_00001000000_@2@1@air,82380#501892#888418,SMG,air
AC1_00001000000_@2@1@water,34441#275560#497156#743156#1033085,AC1,water
GYR_00001000000_@2@1@water,37539#300352#541884#810016#1126030,GYR,water
CTB_00001000000_@2@1@water,86189#689608#1244168#1859802#2585370,CTB,water
CTR_00001000000_@2@1@water,85513#684195#1234401#1845203#2565076,CTR,water
CV1_00001000000_@2@1@water,47601#380862#687138#1027145#1427867,CV1,water
VRY_00001000000_@2@1@water,48073#384638#693950#1037327#1442022,VRY,water
PRS_00001000000_@2@1@water,1764#14114#25464#38064#52914,PRS,water
SMG_00001000000_@2@1@water,81009#648164#1169395#1748030#2429993,SMG,water
WTF_00001000000_@2@1@water,1764#14114#25464#38064#52914,WTF,water
AC1_00001000000_@2@2@air,34933#209593#388494,AC1,air
GYR_00001000000_@2@2@air,37992#227952#422523,GYR,air
CTB_00001000000_@2@2@air,87168#523008#969429,CTB,air
CTR_00001000000_@2@2@air,86401#518401#960890,CTR,air
CV1_00001000000_@2@2@air,47904#287420#532751,CV1,air
VRY_00001000000_@2@2@air,48600#291600#540500,VRY,air
SMG_00001000000_@2@2@air,81900#491399#910840,SMG,air
AC1_00001000000_@2@2@water,29681#270813#516845#736412#975583,AC1,water
GYR_00001000000_@2@2@water,32217#293945#560993#799315#1058916,GYR,water
CTB_00001000000_@2@2@water,73978#674985#1288207#1835465#2431585,CTB,water
CTR_00001000000_@2@2@water,73401#669718#1278155#1821143#2412611,CTR,water
CV1_00001000000_@2@2@water,40853#372743#711379#1013588#1342780,CV1,water
VRY_00001000000_@2@2@water,41251#376381#718322#1023480#1355885,VRY,water
PRS_00001000000_@2@2@water,1514#13814#26364#37564#49764,PRS,water
SMG_00001000000_@2@2@water,69538#634476#1210896#1725311#2285655,SMG,water
WTF_00001000000_@2@2@water,1514#13814#26364#37564#49764,WTF,water
AC1_00001000000_@2@3@air,31522#217193#388832,AC1,air
GYR_00001000000_@2@3@air,34240#235925#422366,GYR,air
CTB_00001000000_@2@3@air,78610#541652#969697,CTB,air
CTR_00001000000_@2@3@air,77187#536132#960389,CTR,air
CV1_00001000000_@2@3@air,43389#298964#535222,CV1,air
VRY_00001000000_@2@3@air,43800#301800#540301,VRY,air
SMG_00001000000_@2@3@air,73859#508915#911090,SMG,air
AC1_00001000000_@2@3@water,39508#302366#548550#766291#998744,AC1,water
GYR_00001000000_@2@3@water,42909#328394#595771#832255#1084718,GYR,water
CTB_00001000000_@2@3@water,98433#753349#1366721#1909225#2488385,CTB,water
CTR_00001000000_@2@3@water,97641#747283#1355716#1893853#2468350,CTR,water
CV1_00001000000_@2@3@water,54405#416380#755395#1055240#1375345,CV1,water
VRY_00001000000_@2@3@water,54861#419873#761730#1064091#1386880,VRY,water
PRS_00001000000_@2@3@water,2014#15414#27964#39064#50915,PRS,water
SMG_00001000000_@2@3@water,92514#708048#1284536#1794419#2338753,SMG,water
WTF_00001000000_@2@3@water,2014#15414#27964#39064#50915,WTF,water
AC1_00001000000_@2@4@air,28861#204191#394168,AC1,air
GYR_00001000000_@2@4@air,31152#220395#425448,GYR,air
CTB_00001000000_@2@4@air,72019#509531#983593,CTB,air
CTR_00001000000_@2@4@air,71069#502808#970615,CTR,air
CV1_00001000000_@2@4@air,39627#280360#541203,CV1,air
VRY_00001000000_@2@4@air,40000#283000#546300,VRY,air
SMG_00001000000_@2@4@air,67705#479011#924677,SMG,air
AC1_00001000000_@2@4@water,38479#278483#539058#743795#960288,AC1,water
GYR_00001000000_@2@4@water,41792#302457#585464#807827#1042957,GYR,water
CTB_00001000000_@2@4@water,95954#694442#1344229#1854776#2394637,CTB,water
CTR_00001000000_@2@4@water,95205#689024#1333742#1840305#2375954,CTR,water
CV1_00001000000_@2@4@water,53048#383919#743150#1025404#1323863,CV1,water
VRY_00001000000_@2@4@water,53572#387710#750489#1035530#1336936,VRY,water
PRS_00001000000_@2@4@water,1964#14214#27514#37965#49014,PRS,water
SMG_00001000000_@2@4@water,90195#652765#1263556#1743462#2250923,SMG,water
WTF_00001000000_@2@4@water,1964#14214#27514#37965#49014,WTF,water
AC1_00001000000_@2@5@air,22626#212134#402938,AC1,air
GYR_00001000000_@2@5@air,24453#229265#435478,GYR,air
CTB_00001000000_@2@5@air,56463#529378#1005529,CTB,air
CTR_00001000000_@2@5@air,55823#523379#994134,CTR,air
CV1_00001000000_@2@5@air,30837#289119#549168,CV1,air
VRY_00001000000_@2@5@air,31400#294400#559200,VRY,air
SMG_00001000000_@2@5@air,52985#496774#943600,SMG,air
AC1_00001000000_@2@5@water,15319#273240#501741#728281#988163,AC1,water
GYR_00001000000_@2@5@water,16617#296397#544264#790002#1071910,GYR,water
CTB_00001000000_@2@5@water,38157#680616#1249790#1814079#2461423,CTB,water
CTR_00001000000_@2@5@water,37855#675221#1239885#1799701#2441914,CTR,water
CV1_00001000000_@2@5@water,21069#375807#690081#1001657#1359092,CV1,water
VRY_00001000000_@2@5@water,21277#379521#696900#1011555#1372523,VRY,water
PRS_00001000000_@2@5@water,781#13931#25581#37131#50381,PRS,water
SMG_00001000000_@2@5@water,35867#639769#1174784#1705208#2313702,SMG,water
WTF_00001000000_@2@5@water,781#13931#25581#37131#50381,WTF,water
AC1_00001000000_@3@1@air,25461#211021#383779,AC1,air
GYR_00001000000_@3@1@air,27568#228486#415542,GYR,air
CTB_00001000000_@3@1@air,63575#526913#958285,CTB,air
CTR_00001000000_@3@1@air,62934#521601#948623,CTR,air
CV1_00001000000_@3@1@air,35068#290646#528591,CV1,air
VRY_00001000000_@3@1@air,35400#293400#533601,VRY,air
SMG_00001000000_@3@1@air,59732#495067#900366,SMG,air
AC1_00001000000_@3@1@water,21470#265889#503464#735172#957104,AC1,water
GYR_00001000000_@3@1@water,23359#289276#547747#799837#1041290,GYR,water
CTB_00001000000_@3@1@water,53638#664263#1257790#1836662#2391109,CTB,water
CTR_00001000000_@3@1@water,53219#659080#1247977#1822332#2372454,CTR,water
CV1_00001000000_@3@1@water,29639#367053#695019#1014887#1321259,CV1,water
VRY_00001000000_@3@1@water,29935#370723#701969#1025036#1334472,VRY,water
PRS_00001000000_@3@1@water,1098#13598#25748#37598#48948,PRS,water
SMG_00001000000_@3@1@water,50432#624555#1182603#1726872#2248176,SMG,water
WTF_00001000000_@3@1@water,1098#13598#25748#37598#48948,WTF,water
AC1_00001000000_@3@2@air,20093#198691#381825,AC1,air
GYR_00001000000_@3@2@air,21894#216499#416048,GYR,air
CTB_00001000000_@3@2@air,50232#496732#954575,CTB,air
CTR_00001000000_@3@2@air,49601#490490#942579,CTR,air
CV1_00001000000_@3@2@air,27743#274342#527206,CV1,air
VRY_00001000000_@3@2@air,27900#275901#530200,VRY,air
SMG_00001000000_@3@2@air,47167#466425#896333,SMG,air
AC1_00001000000_@3@2@water,42949#269714#512119#735952#987153,AC1,water
GYR_00001000000_@3@2@water,46773#293727#557712#801473#1075038,GYR,water
CTB_00001000000_@3@2@water,107272#673657#1279102#1838163#2465581,CTB,water
CTR_00001000000_@3@2@water,106488#668733#1269754#1824729#2447561,CTR,water
CV1_00001000000_@3@2@water,59290#372331#706962#1015956#1362731,CV1,water
VRY_00001000000_@3@2@water,59883#376057#714037#1026122#1376367,VRY,water
PRS_00001000000_@3@2@water,2197#13797#26197#37647#50497,PRS,water
SMG_00001000000_@3@2@water,100908#633695#1203226#1729123#2319323,SMG,water
WTF_00001000000_@3@2@water,2197#13797#26197#37647#50497,WTF,water
AC1_00001000000_@3@3@air,45785#216848#397543,AC1,air
GYR_00001000000_@3@3@air,49607#234950#430728,GYR,air
CTB_00001000000_@3@3@air,114473#542172#993952,CTB,air
CTR_00001000000_@3@3@air,113245#536356#983290,CTR,air
CV1_00001000000_@3@3@air,62712#297017#544515,CV1,air
VRY_00001000000_@3@3@air,63700#301700#553100,VRY,air
SMG_00001000000_@3@3@air,107550#509385#933843,SMG,air
AC1_00001000000_@3@3@water,12002#253398#494794#734236#965859,AC1,water
GYR_00001000000_@3@3@water,13070#275958#538846#799605#1051849,GYR,water
CTB_00001000000_@3@3@water,29987#633133#1236279#1834541#2413268,CTB,water
CTR_00001000000_@3@3@water,29760#628352#1226943#1820688#2395045,CTR,water
CV1_00001000000_@3@3@water,16562#349676#682791#1013208#1332836,CV1,water
VRY_00001000000_@3@3@water,16732#353263#689795#1023601#1346508,VRY,water
PRS_00001000000_@3@3@water,614#12964#25314#37564#49414,PRS,water
SMG_00001000000_@3@3@water,28205#595506#1162808#1725515#2269849,SMG,water
WTF_00001000000_@3@3@water,614#12964#25314#37564#49414,WTF,water
AC1_00001000000_@3@4@air,32532#250608#392034,AC1,air
GYR_00001000000_@3@4@air,35200#271162#424186,GYR,air
CTB_00001000000_@3@4@air,81174#625328#978219,CTB,air
CTR_00001000000_@3@4@air,80356#619023#968357,CTR,air
CV1_00001000000_@3@4@air,44390#341954#534928,CV1,air
VRY_00001000000_@3@4@air,45200#348200#544700,VRY,air
SMG_00001000000_@3@4@air,76315#587894#919661,SMG,air
AC1_00001000000_@3@4@water,37749#275266#508873#748345#982930,AC1,water
GYR_00001000000_@3@4@water,41125#299884#554383#815271#1070835,GYR,water
CTB_00001000000_@3@4@water,94296#687609#1271156#1869352#2455341,CTB,water
CTR_00001000000_@3@4@water,93617#682662#1262011#1855904#2437676,CTR,water
CV1_00001000000_@3@4@water,52098#379902#702310#1032811#1356568,CV1,water
VRY_00001000000_@3@4@water,52639#383846#709601#1043534#1370652,VRY,water
PRS_00001000000_@3@4@water,1931#14081#26031#38281#50281,PRS,water
SMG_00001000000_@3@4@water,88713#646898#1195894#1758673#2309967,SMG,water
WTF_00001000000_@3@4@water,1932#14083#26035#38286#50288,WTF,water
AC1_00001000000_@3@5@air,10070#188448#370349,AC1,air
GYR_00001000000_@3@5@air,10903#204033#400980,GYR,air
CTB_00001000000_@3@5@air,25158#470813#925273,CTB,air
CTR_00001000000_@3@5@air,194110#571261#955863,CTR,air
CV1_00001000000_@3@5@air,13861#259384#509758,CV1,air
VRY_00001000000_@3@5@air,14000#262000#514900,VRY,air
SMG_00001000000_@3@5@air,23637#442342#869319,SMG,air
AC1_00001000000_@3@5@water,30552#277660#497421#732808#976010,AC1,water
GYR_00001000000_@3@5@water,33272#302381#541706#798051#1062904,GYR,water
CTB_00001000000_@3@5@water,76336#693755#1242843#1830977#2438634,CTB,water
CTR_00001000000_@3@5@water,75824#689105#1234512#1818704#2422288,CTR,water
CV1_00001000000_@3@5@water,42207#383582#687177#1012360#1348338,CV1,water
VRY_00001000000_@3@5@water,42624#387374#693970#1022368#1361667,VRY,water
PRS_00001000000_@3@5@water,1564#14214#25464#37514#49964,PRS,water
SMG_00001000000_@3@5@water,71843#652925#1169698#1723219#2295113,SMG,water
WTF_00001000000_@3@5@water,1564#14214#25464#37514#49964,WTF,water
AC1_00002000000_@1@1@air,16523#191852#378868,AC1,air
GYR_00002000000_@1@1@air,17992#208911#412558,GYR,air
CTB_00002000000_@1@1@air,41283#479341#946603,CTB,air
CTR_00002000000_@1@1@air,40712#472712#933512,CTR,air
CV1_00002000000_@1@1@air,22518#261465#516341,CV1,air
VRY_00002000000_@1@1@air,22900#265900#525100,VRY,air
SMG_00002000000_@1@1@air,38810#450629#889903,SMG,air
AC1_00002000000_@1@1@water,41684#282281#536571#764454#981578,AC1,water
GYR_00002000000_@1@1@water,45379#307299#584125#832203#1068570,GYR,water
CTB_00002000000_@1@1@water,104087#704866#1339836#1908866#2451033,CTB,water
CTR_00002000000_@1@1@water,103301#699542#1329716#1894448#2432520,CTR,water
CV1_00002000000_@1@1@water,57472#389196#739799#1053992#1353353,CV1,water
VRY_00002000000_@1@1@water,58098#393433#747853#1065467#1368087,VRY,water
PRS_00002000000_@1@1@water,2131#14431#27432#39081#50181,PRS,water
SMG_00002000000_@1@1@water,97889#662893#1260052#1795199#2305081,SMG,water
WTF_00002000000_@1@1@water,2131#14431#27432#39081#50181,WTF,water
AC1_00002000000_@1@2@air,10127#188235#370940,AC1,air
GYR_00002000000_@1@2@air,10981#204119#402241,GYR,air
CTB_00002000000_@1@2@air,25387#471902#929939,CTB,air
CTR_00002000000_@1@2@air,25036#465376#917079,CTR,air
CV1_00002000000_@1@2@air,13969#259655#511681,CV1,air
VRY_00002000000_@1@2@air,14100#262100#516500,VRY,air
SMG_00002000000_@1@2@air,23853#443380#873735,SMG,air
AC1_00002000000_@1@2@water,43905#285211#512841#751217#994477,AC1,water
GYR_00002000000_@1@2@water,47831#310719#558705#818400#1083416,GYR,water
CTB_00002000000_@1@2@water,109740#712890#1281854#1877678#2485712,CTB,water
CTR_00002000000_@1@2@water,108923#707583#1272311#1863701#2467208,CTR,water
CV1_00002000000_@1@2@water,60609#393723#707957#1037026#1372838,CV1,water
VRY_00002000000_@1@2@water,61207#397614#714953#1047274#1386405,VRY,water
PRS_00002000000_@1@2@water,2247#14597#26247#38447#50898,PRS,water
SMG_00002000000_@1@2@water,103192#670354#1205370#1765643#2337398,SMG,water
WTF_00002000000_@1@2@water,2247#14597#26247#38447#50898,WTF,water
AC1_00002000000_@1@3@air,21776#189223#389728,AC1,air
GYR_00002000000_@1@3@air,23597#205047#422320,GYR,air
CTB_00002000000_@1@3@air,54487#473479#975190,CTB,air
CTR_00002000000_@1@3@air,223241#576250#998952,CTR,air
CV1_00002000000_@1@3@air,29978#260494#536520,CV1,air
VRY_00002000000_@1@3@air,30300#263300#542300,VRY,air
SMG_00002000000_@1@3@air,51149#444469#915441,SMG,air
AC1_00002000000_@1@3@water,12336#260602#503005#757136#968260,AC1,water
GYR_00002000000_@1@3@water,13424#283596#547386#823940#1053693,GYR,water
CTB_00002000000_@1@3@water,30795#650581#1255726#1890153#2417215,CTB,water
CTR_00002000000_@1@3@water,30588#646221#1247310#1877485#2401015,CTR,water
CV1_00002000000_@1@3@water,17029#359753#694382#1045202#1336653,CV1,water
VRY_00002000000_@1@3@water,17197#363310#701246#1055535#1349867,VRY,water
PRS_00002000000_@1@3@water,631#13331#25731#38731#49531,PRS,water
SMG_00002000000_@1@3@water,28979#612214#1181673#1778686#2274666,SMG,water
WTF_00002000000_@1@3@water,631#13331#25731#38731#49531,WTF,water
AC1_00002000000_@1@4@air,31367#274333#441894,AC1,air
GYR_00002000000_@1@4@air,33960#297008#478418,GYR,air
CTB_00002000000_@1@4@air,77533#684150#1102501,CTB,air
CTR_00002000000_@1@4@air,77475#677590#1091455,CTR,air
CV1_00002000000_@1@4@air,42584#375757#605528,CV1,air
VRY_00002000000_@1@4@air,43200#381200#614301,VRY,air
SMG_00002000000_@1@4@air,72939#643614#1037178,SMG,air
AC1_00002000000_@1@4@water,8740#246299#483859#742925#966798,AC1,water
GYR_00002000000_@1@4@water,9515#268128#526740#808766#1052479,GYR,water
CTB_00002000000_@1@4@water,21844#615587#1209329#1856826#2416362,CTB,water
CTR_00002000000_@1@4@water,21668#610624#1199580#1841858#2396882,CTR,water
CV1_00002000000_@1@4@water,12070#340134#668198#1025963#1335126,CV1,water
VRY_00002000000_@1@4@water,12190#343521#674851#1036179#1348420,VRY,water
PRS_00002000000_@1@4@water,447#12597#24747#37998#49447,PRS,water
SMG_00002000000_@1@4@water,20530#578536#1136542#1745068#2270926,SMG,water
WTF_00002000000_@1@4@water,447#12596#24744#37993#49441,WTF,water
AC1_00002000000_@1@5@air,34179#202185#397592,AC1,air
GYR_00002000000_@1@5@air,36937#218503#429680,GYR,air
CTB_00002000000_@1@5@air,85232#504196#991489,CTB,air
CTR_00002000000_@1@5@air,84213#498169#979636,CTR,air
CV1_00002000000_@1@5@air,46928#277605#545904,CV1,air
VRY_00002000000_@1@5@air,47400#280400#551400,VRY,air
SMG_00002000000_@1@5@air,80084#473742#931602,SMG,air
AC1_00002000000_@1@5@water,44339#295013#534917#779717#1012766,AC1,water
GYR_00002000000_@1@5@water,48238#320960#581964#848294#1101840,GYR,water
CTB_00002000000_@1@5@water,110763#736980#1336289#1947829#2530015,CTB,water
CTR_00002000000_@1@5@water,109884#731133#1325687#1932376#2509943,CTR,water
CV1_00002000000_@1@5@water,61269#407667#739179#1077458#1399499,CV1,water
VRY_00002000000_@1@5@water,61825#411365#745886#1087233#1412196,VRY,water
PRS_00002000000_@1@5@water,2264#15064#27314#39815#51715,PRS,water
SMG_00002000000_@1@5@water,104109#692710#1256019#1830824#2378039,SMG,water
WTF_00002000000_@1@5@water,2264#15064#27314#39815#51715,WTF,water
AC1_00002000000_@2@1@air,15647#194468#383384,AC1,air
GYR_00002000000_@2@1@air,16889#209902#413811,GYR,air
CTB_00002000000_@2@1@air,39070#485581#957299,CTB,air
CTR_00002000000_@2@1@air,38433#477661#941685,CTR,air
CV1_00002000000_@2@1@air,21578#268179#528702,CV1,air
VRY_00002000000_@2@1@air,21700#269700#531700,VRY,air
SMG_00002000000_@2@1@air,36709#456233#899440,SMG,air
AC1_00002000000_@2@1@water,29655#306806#518343#746528#997237,AC1,water
GYR_00002000000_@2@1@water,32258#333744#563852#812072#1084793,GYR,water
CTB_00002000000_@2@1@water,73995#765557#1293392#1862770#2488353,CTB,water
CTR_00002000000_@2@1@water,73371#759099#1282481#1847056#2467361,CTR,water
CV1_00002000000_@2@1@water,40496#422746#714500#1029215#1374996,CV1,water
VRY_00002000000_@2@1@water,40899#426960#721622#1039474#1388702,VRY,water
PRS_00002000000_@2@1@water,1514#15664#26464#38115#50914,PRS,water
SMG_00002000000_@2@1@water,68869#718943#1215113#1750334#2338387,SMG,water
WTF_00002000000_@2@1@water,1514#15664#26464#38115#50914,WTF,water
AC1_00002000000_@2@2@air,30934#213360#399031,AC1,air
GYR_00002000000_@2@2@air,33684#232332#434513,GYR,air
CTB_00002000000_@2@2@air,77287#533079#996978,CTB,air
CTR_00002000000_@2@2@air,76267#526045#983823,CTR,air
CV1_00002000000_@2@2@air,42499#293129#548218,CV1,air
VRY_00002000000_@2@2@air,42900#295900#553400,VRY,air
SMG_00002000000_@2@2@air,72571#500554#936148,SMG,air
AC1_00002000000_@2@2@water,38151#276100#516007#750039#977216,AC1,water
GYR_00002000000_@2@2@water,41521#300495#561599#816310#1063560,GYR,water
CTB_00002000000_@2@2@water,95219#689110#1287889#1872005#2439012,CTB,water
CTR_00002000000_@2@2@water,94487#683816#1277995#1857623#2420274,CTR,water
CV1_00002000000_@2@2@water,52591#380606#711321#1033937#1347104,CV1,water
VRY_00002000000_@2@2@water,53190#384938#719418#1045705#1362437,VRY,water
PRS_00002000000_@2@2@water,1948#14099#26348#38298#49898,PRS,water
SMG_00002000000_@2@2@water,89541#648023#1211102#1760390#2293591,SMG,water
WTF_00002000000_@2@2@water,1948#14099#26348#38298#49898,WTF,water
AC1_00002000000_@2@3@air,46424#229658#411370,AC1,air
GYR_00002000000_@2@3@air,50267#248665#445417,GYR,air
CTB_00002000000_@2@3@air,115769#572702#1025843,CTB,air
CTR_00002000000_@2@3@air,113956#563734#1009779,CTR,air
CV1_00002000000_@2@3@air,63781#315521#565171,CV1,air
VRY_00002000000_@2@3@air,64100#317101#568000,VRY,air
SMG_00002000000_@2@3@air,108851#538480#964544,SMG,air
AC1_00002000000_@2@3@water,16257#252957#494548#724402#961102,AC1,water
GYR_00002000000_@2@3@water,17706#275515#538651#789003#1046812,GYR,water
CTB_00002000000_@2@3@water,40625#632150#1235897#1810312#2401837,CTB,water
CTR_00002000000_@2@3@water,40277#626734#1225307#1794801#2381257,CTR,water
CV1_00002000000_@2@3@water,22418#348834#681995#998969#1325385,CV1,water
VRY_00002000000_@2@3@water,22673#352805#689758#1010341#1340473,VRY,water
PRS_00002000000_@2@3@water,831#12931#25281#37031#49131,PRS,water
SMG_00002000000_@2@3@water,38169#593928#1161169#1700853#2256612,SMG,water
WTF_00002000000_@2@3@water,832#12938#25294#37050#49157,WTF,water
AC1_00002000000_@2@4@air,24123#191901#377538,AC1,air
GYR_00002000000_@2@4@air,26321#209384#411932,GYR,air
CTB_00002000000_@2@4@air,60276#479507#943360,CTB,air
CTR_00002000000_@2@4@air,59556#473779#932090,CTR,air
CV1_00002000000_@2@4@air,33229#264342#520054,CV1,air
VRY_00002000000_@2@4@air,33500#266500#524301,VRY,air
SMG_00002000000_@2@4@air,56705#451097#887467,SMG,air
AC1_00002000000_@2@4@water,37770#283239#526753#760486#989330,AC1,water
GYR_00002000000_@2@4@water,41096#308188#573152#827475#1076477,GYR,water
CTB_00002000000_@2@4@water,94388#707832#1316388#1900505#2472401,CTB,water
CTR_00002000000_@2@4@water,93602#701943#1305436#1884692#2451830,CTR,water
CV1_00002000000_@2@4@water,52105#390747#726690#1049142#1364847,CV1,water
VRY_00002000000_@2@4@water,52672#394993#734586#1060541#1379677,VRY,water
PRS_00002000000_@2@4@water,1931#14482#26931#38881#50582,PRS,water
SMG_00002000000_@2@4@water,88669#664947#1236632#1785358#2322605,SMG,water
WTF_00002000000_@2@4@water,1931#14482#26931#38881#50582,WTF,water
AC1_00002000000_@2@5@air,38479#216847#388957,AC1,air
GYR_00002000000_@2@5@air,41664#234794#421149,GYR,air
CTB_00002000000_@2@5@air,96139#541791#971809,CTB,air
CTR_00002000000_@2@5@air,95050#535655#960803,CTR,air
CV1_00002000000_@2@5@air,52998#298670#535723,CV1,air
VRY_00002000000_@2@5@air,53500#301500#540800,VRY,air
SMG_00002000000_@2@5@air,90329#509046#913074,SMG,air
AC1_00002000000_@2@5@water,20505#273142#516966#736309#973279,AC1,water
GYR_00002000000_@2@5@water,22328#297426#562927#801771#1059808,GYR,water
CTB_00002000000_@2@5@water,51204#682072#1290934#1838664#2430409,CTB,water
CTR_00002000000_@2@5@water,50804#676744#1280849#1824301#2411424,CTR,water
CV1_00002000000_@2@5@water,28263#376480#712549#1014877#1341499,CV1,water
VRY_00002000000_@2@5@water,28588#380813#720751#1026559#1356940,VRY,water
PRS_00002000000_@2@5@water,1047#13947#26397#37597#49697,PRS,water
SMG_00002000000_@2@5@water,48132#641159#1213498#1728374#2284624,SMG,water
WTF_00002000000_@2@5@water,1047#13947#26397#37597#49697,WTF,water
AC1_00002000000_@3@1@air,45011#216963#413191,AC1,air
GYR_00002000000_@3@1@air,48854#235486#448467,GYR,air
CTB_00002000000_@3@1@air,112307#541345#1030952,CTB,air
CTR_00002000000_@3@1@air,110756#533868#1016712,CTR,air
CV1_00002000000_@3@1@air,61836#298063#567639,CV1,air
VRY_00002000000_@3@1@air,62300#300300#571900,VRY,air
SMG_00002000000_@3@1@air,105588#508957#969272,SMG,air
AC1_00002000000_@3@1@water,18865#261525#499293#731190#974828,AC1,water
GYR_00002000000_@3@1@water,20527#284559#543268#795589#1060686,GYR,water
CTB_00002000000_@3@1@water,47109#653063#1246801#1825879#2434277,CTB,water
CTR_00002000000_@3@1@water,46723#647720#1236599#1810939#2414359,CTR,water
CV1_00002000000_@3@1@water,25999#360421#688101#1007690#1343460,CV1,water
VRY_00002000000_@3@1@water,26302#364619#696115#1019426#1359107,VRY,water
PRS_00002000000_@3@1@water,964#13364#25514#37364#49814,PRS,water
SMG_00002000000_@3@1@water,44278#613816#1171872#1716149#2287985,SMG,water
WTF_00002000000_@3@1@water,964#13364#25514#37364#49814,WTF,water
AC1_00002000000_@3@2@air,30517#241394#418732,AC1,air
GYR_00002000000_@3@2@air,33021#261204#453096,GYR,air
CTB_00002000000_@3@2@air,76245#603122#1046202,CTB,air
CTR_00002000000_@3@2@air,75378#596268#1034312,CTR,air
CV1_00002000000_@3@2@air,41978#332055#575997,CV1,air
VRY_00002000000_@3@2@air,42400#335400#581800,VRY,air
SMG_00002000000_@3@2@air,71637#566670#982971,SMG,air
AC1_00002000000_@3@2@water,14295#252860#488493#734880#982245,AC1,water
GYR_00002000000_@3@2@water,15226#275001#531583#799876#1069234,GYR,water
CTB_00002000000_@3@2@water,34952#631293#1220302#1836195#2454532,CTB,water
CTR_00002000000_@3@2@water,34661#626041#1210149#1820919#2434112,CTR,water
CV1_00002000000_@3@2@water,19292#348449#673559#1013508#1354805,CV1,water
VRY_00002000000_@3@2@water,19509#352370#681137#1024911#1370049,VRY,water
PRS_00002000000_@3@2@water,731#12931#24981#37581#50231,PRS,water
SMG_00002000000_@3@2@water,32843#593199#1146666#1725395#2306421,SMG,water
WTF_00002000000_@3@2@water,716#12917#24969#37570#50222,WTF,water
AC1_00002000000_@3@3@air,44765#212453#403674,AC1,air
GYR_00002000000_@3@3@air,48439#229888#436802,GYR,air
CTB_00002000000_@3@3@air,111772#530466#1007922,CTB,air
CTR_00002000000_@3@3@air,110090#522484#992755,CTR,air
CV1_00002000000_@3@3@air,61311#290979#552879,CV1,air
VRY_00002000000_@3@3@air,62200#295201#560901,VRY,air
SMG_00002000000_@3@3@air,105021#498425#947041,SMG,air
AC1_00002000000_@3@3@water,19521#247389#500684#717794#965222,AC1,water
GYR_00002000000_@3@3@water,21248#269283#544995#781319#1050644,GYR,water
CTB_00002000000_@3@3@water,48715#617377#1249494#1791309#2408783,CTB,water
CTR_00002000000_@3@3@water,48377#613096#1240831#1778889#2392081,CTR,water
CV1_00002000000_@3@3@water,26923#341200#690547#989986#1331240,CV1,water
VRY_00002000000_@3@3@water,27226#345042#698322#1001134#1346230,VRY,water
PRS_00002000000_@3@3@water,998#12648#25598#36698#49349,PRS,water
SMG_00002000000_@3@3@water,45834#580859#1175586#1685353#2266303,SMG,water
WTF_00002000000_@3@3@water,998#12648#25598#36698#49349,WTF,water
AC1_00002000000_@3@4@air,30265#205367#394665,AC1,air
GYR_00002000000_@3@4@air,32958#223638#429778,GYR,air
CTB_00002000000_@3@4@air,75666#513446#986717,CTB,air
CTR_00002000000_@3@4@air,74667#506667#973690,CTR,air
CV1_00002000000_@3@4@air,41582#282161#542244,CV1,air
VRY_00002000000_@3@4@air,42000#285000#547700,VRY,air
SMG_00002000000_@3@4@air,71047#482101#926479,SMG,air
AC1_00002000000_@3@4@water,16565#254182#512333#736260#970943,AC1,water
GYR_00002000000_@3@4@water,18040#276816#557956#801823#1057404,GYR,water
CTB_00002000000_@3@4@water,41407#635376#1280676#1840425#2427061,CTB,water
CTR_00002000000_@3@4@water,41073#630253#1270350#1825585#2407491,CTR,water
CV1_00002000000_@3@4@water,22852#350657#706791#1015710#1339468,CV1,water
VRY_00002000000_@3@4@water,23113#354649#714837#1027273#1354716,VRY,water
PRS_00002000000_@3@4@water,847#12997#26197#37647#49647,PRS,water
SMG_00002000000_@3@4@water,38898#596880#1203083#1728918#2280011,SMG,water
WTF_00002000000_@3@4@water,847#12997#26197#37647#49647,WTF,water
AC1_00002000000_@3@5@air,43627#225462#403273,AC1,air
GYR_00002000000_@3@5@air,47541#245692#439458,GYR,air
CTB_00002000000_@3@5@air,109081#563733#1008322,CTB,air
CTR_00002000000_@3@5@air,107912#557690#997512,CTR,air
CV1_00002000000_@3@5@air,60021#310188#554817,CV1,air
VRY_00002000000_@3@5@air,60700#313700#561100,VRY,air
SMG_00002000000_@3@5@air,102492#529683#947417,SMG,air
AC1_00002000000_@3@5@water,39741#289220#534785#778393#1001456,AC1,water
GYR_00002000000_@3@5@water,43247#314734#581962#847061#1089802,GYR,water
CTB_00002000000_@3@5@water,99289#722590#1336114#1944749#2502053,CTB,water
CTR_00002000000_@3@5@water,98488#716763#1325340#1929067#2481878,CTR,water
CV1_00002000000_@3@5@water,54804#398841#737482#1073425#1381035,CV1,water
VRY_00002000000_@3@5@water,55421#403332#745786#1085512#1396586,VRY,water
PRS_00002000000_@3@5@water,2031#14781#27331#39782#51181,PRS,water
SMG_00002000000_@3@5@water,93297#678987#1255490#1827399#2351074,SMG,water
WTF_00002000000_@3@5@water,2032#14785#27338#39792#51194,WTF,water
AC1_00010000000_@1@2@air,38780#231238#410699,AC1,air
GYR_00010000000_@1@2@air,42227#251798#447215,GYR,air
CTB_00010000000_@1@2@air,96965#578195#1026924,CTB,air
CTR_00010000000_@1@2@air,95866#571644#1015290,CTR,air
CV1_00010000000_@1@2@air,53506#319051#566662,CV1,air
VRY_00010000000_@1@2@air,54000#322000#571900,VRY,air
SMG_00010000000_@1@2@air,91096#543202#964774,SMG,air
AC1_00010000000_@1@2@water,10057#237981#476666#713394#975556,AC1,water
GYR_00010000000_@1@2@water,10939#258869#518504#776011#1061184,GYR,water
CTB_00010000000_@1@2@water,25121#594492#1190743#1782106#2437005,CTB,water
CTR_00010000000_@1@2@water,24930#589965#1181675#1768536#2418447,CTR,water
CV1_00010000000_@1@2@water,13876#328378#657727#984377#1346121,CV1,water
VRY_00010000000_@1@2@water,14021#331803#664588#994645#1360163,VRY,water
PRS_00010000000_@1@2@water,514#12164#24364#36464#49864,PRS,water
SMG_00010000000_@1@2@water,23598#558455#1118562#1674078#2289278,SMG,water
WTF_00010000000_@1@2@water,514#12164#24364#36464#49864,WTF,water
AC1_00010000000_@1@3@air,18340#211082#388074,AC1,air
GYR_00010000000_@1@3@air,19942#229519#421971,GYR,air
CTB_00010000000_@1@3@air,45765#526743#968417,CTB,air
CTR_00010000000_@1@3@air,45222#520491#956923,CTR,air
CV1_00010000000_@1@3@air,25255#290677#534410,CV1,air
VRY_00010000000_@1@3@air,25500#293500#539600,VRY,air
SMG_00010000000_@1@3@air,42997#494880#909837,SMG,air
AC1_00010000000_@1@3@water,31018#297832#554837#802033#1040401,AC1,water
GYR_00010000000_@1@3@water,33680#323396#602461#870874#1129702,GYR,water
CTB_00010000000_@1@3@water,77295#742191#1382643#1998650#2592656,CTB,water
CTR_00010000000_@1@3@water,76714#736620#1372264#1983647#2573195,CTR,water
CV1_00010000000_@1@3@water,42691#409919#763647#1103873#1431949,CV1,water
VRY_00010000000_@1@3@water,43141#414238#771692#1115502#1447034,VRY,water
PRS_00010000000_@1@3@water,1581#15181#28281#40881#53031,PRS,water
SMG_00010000000_@1@3@water,72696#698035#1300383#1879741#2438407,SMG,water
WTF_00010000000_@1@3@water,1581#15180#28278#40877#53026,WTF,water
AC1_00010000000_@1@4@air,35349#231492#425982,AC1,air
GYR_00010000000_@1@4@air,38172#249974#459992,GYR,air
CTB_00010000000_@1@4@air,88162#577352#1062421,CTB,air
CTR_00010000000_@1@4@air,86485#570389#1050217,CTR,air
CV1_00010000000_@1@4@air,48701#318931#586884,CV1,air
VRY_00010000000_@1@4@air,49200#322200#592900,VRY,air
SMG_00010000000_@1@4@air,82876#542731#998712,SMG,air
AC1_00010000000_@1@4@water,15643#249879#506656#735012#1004530,AC1,water
GYR_00010000000_@1@4@water,17299#271247#549633#797206#1089405,GYR,water
CTB_00010000000_@1@4@water,39775#623682#1263782#1833030#2504890,CTB,water
CTR_00010000000_@1@4@water,39450#618585#1253454#1818050#2484420,CTR,water
CV1_00010000000_@1@4@water,21533#343961#697418#1011752#1382747,CV1,water
VRY_00010000000_@1@4@water,21769#347735#705069#1022852#1397917,VRY,water
PRS_00010000000_@1@4@water,814#12764#25865#37514#51264,PRS,water
SMG_00010000000_@1@4@water,37392#586320#1188074#1723221#2354833,SMG,water
WTF_00010000000_@1@4@water,814#12764#25865#37514#51264,WTF,water
AC1_00010000000_@1@5@air,29112#233037#412462,AC1,air
GYR_00010000000_@1@5@air,31390#251270#444734,GYR,air
CTB_00010000000_@1@5@air,72576#580964#1028274,CTB,air
CTR_00010000000_@1@5@air,71675#573752#1015510,CTR,air
CV1_00010000000_@1@5@air,39722#320807#568123,CV1,air
VRY_00010000000_@1@5@air,40400#323400#572400,VRY,air
SMG_00010000000_@1@5@air,68186#545822#966073,SMG,air
AC1_00010000000_@1@5@water,37459#273151#516602#698948#984106,AC1,water
GYR_00010000000_@1@5@water,41122#299864#567123#767302#1080347,GYR,water
CTB_00010000000_@1@5@water,94364#688105#1301393#1760748#2479101,CTB,water
CTR_00010000000_@1@5@water,93624#682713#1291195#1746951#2459675,CTR,water
CV1_00010000000_@1@5@water,52124#380087#718847#972579#1369374,CV1,water
VRY_00010000000_@1@5@water,52667#384048#726339#982716#1383647,VRY,water
PRS_00010000000_@1@5@water,1931#14082#26631#36031#50731,PRS,water
SMG_00010000000_@1@5@water,88691#646739#1223159#1654900#2330069,SMG,water
WTF_00010000000_@1@5@water,1931#14082#26631#36031#50731,WTF,water
AC1_00010000000_@2@2@air,11015#207543#403998,AC1,air
GYR_00010000000_@2@2@air,12226#224337#436370,GYR,air
CTB_00010000000_@2@2@air,28283#518964#1009465,CTB,air
CTR_00010000000_@2@2@air,27932#512536#996962,CTR,air
CV1_00010000000_@2@2@air,15190#286218#557146,CV1,air
VRY_00010000000_@2@2@air,15300#288300#561200,VRY,air
SMG_00010000000_@2@2@air,25823#486581#947170,SMG,air
AC1_00010000000_@2@2@water,15306#249488#487590#729612#1004948,AC1,water
GYR_00010000000_@2@2@water,16596#270517#528687#791108#1089651,GYR,water
CTB_00010000000_@2@2@water,38179#622337#1216273#1819985#2506799,CTB,water
CTR_00010000000_@2@2@water,37854#617052#1205944#1804529#2485510,CTR,water
CV1_00010000000_@2@2@water,21089#343761#671833#1005306#1384682,CV1,water
VRY_00010000000_@2@2@water,21297#347155#678466#1015232#1398353,VRY,water
PRS_00010000000_@2@2@water,781#12731#24881#37231#51281,PRS,water
SMG_00010000000_@2@2@water,35888#584994#1143290#1710776#2356378,SMG,water
WTF_00010000000_@2@2@water,781#12731#24881#37231#51281,WTF,water
AC1_00010000000_@2@3@air,19149#208475#381244,AC1,air
GYR_00010000000_@2@3@air,20873#227248#415575,GYR,air
CTB_00010000000_@2@3@air,47877#521246#953218,CTB,air
CTR_00010000000_@2@3@air,47386#515897#943435,CTR,air
CV1_00010000000_@2@3@air,26396#287371#525523,CV1,air
VRY_00010000000_@2@3@air,26600#289600#529600,VRY,air
SMG_00010000000_@2@3@air,44936#489219#894649,SMG,air
AC1_00010000000_@2@3@water,14165#266070#504410#705933#932647,AC1,water
GYR_00010000000_@2@3@water,15240#286265#542695#759515#1003436,GYR,water
CTB_00010000000_@2@3@water,35727#671077#1272216#1780497#2352312,CTB,water
CTR_00010000000_@2@3@water,35423#665373#1261403#1765364#2332319,CTR,water
CV1_00010000000_@2@3@water,19745#370882#703112#984021#1300044,CV1,water
VRY_00010000000_@2@3@water,19921#374177#709358#992763#1311593,VRY,water
PRS_00010000000_@2@3@water,731#13731#26032#36431#48131,PRS,water
SMG_00010000000_@2@3@water,33429#627908#1190377#1665961#2200992,SMG,water
WTF_00010000000_@2@3@water,731#13731#26032#36431#48131,WTF,water
AC1_00010000000_@2@4@air,42953#227960#406512,AC1,air
GYR_00010000000_@2@4@air,46747#248090#442410,GYR,air
CTB_00010000000_@2@4@air,107339#569665#1015863,CTB,air
CTR_00010000000_@2@4@air,105952#562306#1002741,CTR,air
CV1_00010000000_@2@4@air,59209#314229#560353,CV1,air
VRY_00010000000_@2@4@air,59900#317900#566900,VRY,air
SMG_00010000000_@2@4@air,100849#535223#954445,SMG,air
AC1_00010000000_@2@4@water,19197#254021#481995#734431#957513,AC1,water
GYR_00010000000_@2@4@water,20887#276378#524417#799069#1041786,GYR,water
CTB_00010000000_@2@4@water,47950#634487#1203918#1834446#2391656,CTB,water
CTR_00010000000_@2@4@water,47559#629308#1194090#1819470#2372132,CTR,water
CV1_00010000000_@2@4@water,26466#350205#664501#1012519#1320071,CV1,water
VRY_00010000000_@2@4@water,26757#354049#671796#1023635#1334563,VRY,water
PRS_00010000000_@2@4@water,981#12981#24631#37531#48932,PRS,water
SMG_00010000000_@2@4@water,45029#595831#1130569#1722682#2245945,SMG,water
WTF_00010000000_@2@4@water,981#12981#24631#37531#48932,WTF,water
AC1_00010000000_@2@5@air,24743#212814#398096,AC1,air
GYR_00010000000_@2@5@air,26991#232146#434259,GYR,air
CTB_00010000000_@2@5@air,61982#533111#997253,CTB,air
CTR_00010000000_@2@5@air,61280#527078#985968,CTR,air
CV1_00010000000_@2@5@air,34229#294408#550729,CV1,air
VRY_00010000000_@2@5@air,34600#297600#556700,VRY,air
SMG_00010000000_@2@5@air,58265#501142#937452,SMG,air
AC1_00010000000_@2@5@water,38418#253586#512766#735758#976356,AC1,water
GYR_00010000000_@2@5@water,41805#275942#557970#800622#1062429,GYR,water
CTB_00010000000_@2@5@water,95951#633351#1280673#1837615#2438525,CTB,water
CTR_00010000000_@2@5@water,95225#628563#1270992#1823723#2420091,CTR,water
CV1_00010000000_@2@5@water,52908#349231#706167#1013266#1344610,CV1,water
VRY_00010000000_@2@5@water,53570#353600#715001#1025942#1361430,VRY,water
PRS_00010000000_@2@5@water,1964#12964#26214#37614#49914,PRS,water
SMG_00010000000_@2@5@water,90223#595540#1204218#1727910#2292947,SMG,water
WTF_00010000000_@2@5@water,1964#12964#26214#37614#49914,WTF,water
AC1_00010000000_@3@1@air,36401#210521#389871,AC1,air
GYR_00010000000_@3@1@air,39671#229434#424897,GYR,air
CTB_00010000000_@3@1@air,91050#526579#975193,CTB,air
CTR_00010000000_@3@1@air,89922#520061#963121,CTR,air
CV1_00010000000_@3@1@air,50331#291087#539075,CV1,air
VRY_00010000000_@3@1@air,50800#293800#544100,VRY,air
SMG_00010000000_@3@1@air,85632#495247#917167,SMG,air
AC1_00010000000_@3@1@water,12008#236904#463755#695496#946793,AC1,water
GYR_00010000000_@3@1@water,13074#257929#504915#757222#1030822,GYR,water
CTB_00010000000_@3@1@water,30011#592103#1159083#1738282#2366359,CTB,water
CTR_00010000000_@3@1@water,29767#587279#1149640#1724120#2347080,CTR,water
CV1_00010000000_@3@1@water,16196#327118#640742#961127#1308547,CV1,water
VRY_00010000000_@3@1@water,16344#330091#646567#969864#1320443,VRY,water
PRS_00010000000_@3@1@water,614#12114#23714#35564#48414,PRS,water
SMG_00010000000_@3@1@water,28183#556025#1088457#1632364#2222170,SMG,water
WTF_00010000000_@3@1@water,615#12116#23717#35569#48420,WTF,water
AC1_00010000000_@3@2@air,22617#186321#385206,AC1,air
GYR_00010000000_@3@2@air,24598#202641#418946,GYR,air
CTB_00010000000_@3@2@air,56395#464587#960504,CTB,air
CTR_00010000000_@3@2@air,55818#459826#950662,CTR,air
CV1_00010000000_@3@2@air,31194#256979#531287,CV1,air
VRY_00010000000_@3@2@air,31501#259500#536500,VRY,air
SMG_00010000000_@3@2@air,52963#436313#902050,SMG,air
AC1_00010000000_@3@2@water,16873#276599#486527#707196#944465,AC1,water
GYR_00010000000_@3@2@water,18401#301652#530595#771252#1030011,GYR,water
CTB_00010000000_@3@2@water,42216#692060#1217311#1769434#2363089,CTB,water
CTR_00010000000_@3@2@water,41877#686501#1207532#1755220#2344106,CTR,water
CV1_00010000000_@3@2@water,23324#382357#672552#977595#1305583,CV1,water
VRY_00010000000_@3@2@water,23567#386341#679560#987782#1319188,VRY,water
PRS_00010000000_@3@2@water,864#14164#24914#36215#48364,PRS,water
SMG_00010000000_@3@2@water,39643#649886#1143127#1661604#2219081,SMG,water
WTF_00010000000_@3@2@water,864#14164#24914#36215#48364,WTF,water
AC1_00010000000_@3@3@air,8948#186470#357406,AC1,air
GYR_00010000000_@3@3@air,9757#203328#389719,GYR,air
CTB_00010000000_@3@3@air,22393#466664#894454,CTB,air
CTR_00010000000_@3@3@air,22140#461380#884326,CTR,air
CV1_00010000000_@3@3@air,12373#257840#494201,CV1,air
VRY_00010000000_@3@3@air,12500#260500#499300,VRY,air
SMG_00010000000_@3@3@air,21050#438666#840791,SMG,air
AC1_00010000000_@3@3@water,26390#244835#481891#723845#968738,AC1,water
GYR_00010000000_@3@3@water,28667#265958#523467#786297#1052319,GYR,water
CTB_00010000000_@3@3@water,65839#610829#1202252#1805896#2416870,CTB,water
CTR_00010000000_@3@3@water,65295#605778#1192312#1790964#2396887,CTR,water
CV1_00010000000_@3@3@water,36411#337800#664869#998695#1336576,CV1,water
VRY_00010000000_@3@3@water,36742#340871#670914#1007775#1348728,VRY,water
PRS_00010000000_@3@3@water,1347#12497#24598#36947#49447,PRS,water
SMG_00010000000_@3@3@water,61842#573745#1129263#1696259#2270141,SMG,water
WTF_00010000000_@3@3@water,1347#12497#24598#36947#49447,WTF,water
AC1_00010000000_@3@4@air,9311#251372#389662,AC1,air
GYR_00010000000_@3@4@air,10462#274151#424796,GYR,air
CTB_00010000000_@3@4@air,24011#629209#974961,CTB,air
CTR_00010000000_@3@4@air,23713#621399#962858,CTR,air
CV1_00010000000_@3@4@air,12834#346517#537150,CV1,air
VRY_00010000000_@3@4@air,13000#351000#544100,VRY,air
SMG_00010000000_@3@4@air,22570#591459#916466,SMG,air
AC1_00010000000_@3@4@water,14001#229688#464984#695377#973810,AC1,water
GYR_00010000000_@3@4@water,15205#249446#504981#755193#1057576,GYR,water
CTB_00010000000_@3@4@water,34887#572352#1158678#1732789#2426608,CTB,water
CTR_00010000000_@3@4@water,34619#567956#1149779#1719480#2407970,CTR,water
CV1_00010000000_@3@4@water,18839#315713#639576#956691#1339928,CV1,water
VRY_00010000000_@3@4@water,19473#319476#646751#967208#1354483,VRY,water
PRS_00010000000_@3@4@water,714#11714#23714#35464#49665,PRS,water
SMG_00010000000_@3@4@water,32769#537604#1088333#1627589#2279286,SMG,water
WTF_00010000000_@3@4@water,714#11714#23714#35464#49665,WTF,water
AC1_00010000000_@3@5@air,40598#247170#413720,AC1,air
GYR_00010000000_@3@5@air,44078#268361#449190,GYR,air
CTB_00010000000_@3@5@air,101445#617628#1033801,CTB,air
CTR_00010000000_@3@5@air,100404#611289#1023191,CTR,air
CV1_00010000000_@3@5@air,55851#340037#569162,CV1,air
VRY_00010000000_@3@5@air,56600#344600#576800,VRY,air
SMG_00010000000_@3@5@air,95309#580269#971268,SMG,air
AC1_00010000000_@3@5@water,19504#253032#474836#711296#950688,AC1,water
GYR_00010000000_@3@5@water,21252#275721#517414#775077#1035935,GYR,water
CTB_00010000000_@3@5@water,48728#632194#1186364#1777153#2375267,CTB,water
CTR_00010000000_@3@5@water,48377#627640#1177818#1764352#2358156,CTR,water
CV1_00010000000_@3@5@water,26890#348865#654673#980690#1310747,CV1,water
VRY_00010000000_@3@5@water,27216#353088#662598#992560#1326613,VRY,water
PRS_00010000000_@3@5@water,998#12948#24298#36398#48648,PRS,water
SMG_00010000000_@3@5@water,45770#593812#1114337#1669259#2231059,SMG,water
WTF_00010000000_@3@5@water,998#12947#24296#36394#48643,WTF,water
AC1_00100000000_@1@1@air,60242#271376#444103,AC1,air
GYR_00100000000_@1@1@air,65250#292823#478998,GYR,air
CTB_00100000000_@1@1@air,150704#676317#1106315,CTB,air
CTR_00100000000_@1@1@air,149079#669025#1094387,CTR,air
CV1_00100000000_@1@1@air,82793#372963#610348,CV1,air
VRY_00100000000_@1@1@air,83600#376600#616300,VRY,air
SMG_00100000000_@1@1@air,140894#634697#1038671,SMG,air
AC1_00100000000_@1@1@water,27975#267614#605065#961101#1353326,AC1,water
GYR_00100000000_@1@1@water,30434#291136#658249#1045578#1472280,GYR,water
CTB_00100000000_@1@1@water,69905#668736#1511989#2401681#3381809,CTB,water
CTR_00100000000_@1@1@water,69304#662988#1498991#2381036#3352739,CTR,water
CV1_00100000000_@1@1@water,38614#369390#835178#1326617#1868011,CV1,water
VRY_00100000000_@1@1@water,38995#373038#843425#1339717#1886456,VRY,water
PRS_00100000000_@1@1@water,1430#13680#30930#49130#69180,PRS,water
SMG_00100000000_@1@1@water,65667#628198#1420333#2256093#3176807,SMG,water
WTF_00100000000_@1@1@water,1430#13680#30930#49130#69180,WTF,water
AC1_00100000000_@1@2@air,40785#237499#444086,AC1,air
GYR_00100000000_@1@2@air,44152#257109#480752,GYR,air
CTB_00100000000_@1@2@air,101868#593207#1109203,CTB,air
CTR_00100000000_@1@2@air,100715#586494#1096651,CTR,air
CV1_00100000000_@1@2@air,56110#326742#610956,CV1,air
VRY_00100000000_@1@2@air,56600#329600#616300,VRY,air
SMG_00100000000_@1@2@air,95806#557910#1043202,SMG,air
AC1_00100000000_@1@2@water,21902#300754#574765#846839#1156675,AC1,water
GYR_00100000000_@1@2@water,24078#330637#631874#930982#1271603,GYR,water
CTB_00100000000_@1@2@water,55277#759059#1450622#2137299#2919279,CTB,water
CTR_00100000000_@1@2@water,54813#752695#1438460#2119379#2894803,CTR,water
CV1_00100000000_@1@2@water,30530#419235#801192#1180450#1612345,CV1,water
VRY_00100000000_@1@2@water,30815#423142#808657#1191449#1627367,VRY,water
PRS_00100000000_@1@2@water,1131#15531#29681#43731#59731,PRS,water
SMG_00100000000_@1@2@water,51914#712888#1362386#2007294#2741709,SMG,water
WTF_00100000000_@1@2@water,1131#15531#29681#43731#59731,WTF,water
AC1_00100000000_@1@3@air,44906#255423#471329,AC1,air
GYR_00100000000_@1@3@air,48640#276662#510521,GYR,air
CTB_00100000000_@1@3@air,112221#638310#1177865,CTB,air
CTR_00100000000_@1@3@air,111069#631758#1165776,CTR,air
CV1_00100000000_@1@3@air,61987#352583#650616,CV1,air
VRY_00100000000_@1@3@air,62500#355500#656000,VRY,air
SMG_00100000000_@1@3@air,105544#600329#1107780,SMG,air
AC1_00100000000_@1@3@water,104210#373044#650676#907779#1246021,AC1,water
GYR_00100000000_@1@3@water,113382#405877#707945#987676#1355688,GYR,water
CTB_00100000000_@1@3@water,260496#932507#1626511#2269198#3114709,CTB,water
CTR_00100000000_@1@3@water,258341#924792#1613053#2250423#3088939,CTR,water
CV1_00100000000_@1@3@water,143828#514864#898043#1252889#1719720,CV1,water
VRY_00100000000_@1@3@water,145343#520288#907505#1266089#1737838,VRY,water
PRS_00100000000_@1@3@water,5331#19080#33280#46430#63730,PRS,water
SMG_00100000000_@1@3@water,244705#875980#1527914#2131641#2925899,SMG,water
WTF_00100000000_@1@3@water,5331#19080#33280#46430#63730,WTF,water
AC1_00100000000_@1@4@air,37075#230006#458716,AC1,air
GYR_00100000000_@1@4@air,39957#247887#494377,GYR,air
CTB_00100000000_@1@4@air,92386#573152#1143074,CTB,air
CTR_00100000000_@1@4@air,91390#566972#1130750,CTR,air
CV1_00100000000_@1@4@air,50979#316268#630754,CV1,air
VRY_00100000000_@1@4@air,51500#319500#637201,VRY,air
SMG_00100000000_@1@4@air,86795#538465#1073895,SMG,air
AC1_00100000000_@1@4@water,33179#285395#576713#838704#1172058,AC1,water
GYR_00100000000_@1@4@water,36104#310546#627538#912618#1275351,GYR,water
CTB_00100000000_@1@4@water,82912#713175#1441154#2095846#2928869,CTB,water
CTR_00100000000_@1@4@water,82271#707661#1430010#2079640#2906222,CTR,water
CV1_00100000000_@1@4@water,45808#394020#796218#1157926#1618160,CV1,water
VRY_00100000000_@1@4@water,46275#398040#804343#1169742#1634672,VRY,water
PRS_00100000000_@1@4@water,1697#14597#29497#42897#59947,PRS,water
SMG_00100000000_@1@4@water,77945#670452#1354820#1970292#2753411,SMG,water
WTF_00100000000_@1@4@water,1697#14597#29497#42897#59947,WTF,water
AC1_00100000000_@1@5@air,46414#224594#439488,AC1,air
GYR_00100000000_@1@5@air,50199#242910#475329,GYR,air
CTB_00100000000_@1@5@air,115880#560742#1097268,CTB,air
CTR_00100000000_@1@5@air,114627#554680#1085406,CTR,air
CV1_00100000000_@1@5@air,63664#309627#606269,CV1,air
VRY_00100000000_@1@5@air,64600#312601#611700,VRY,air
SMG_00100000000_@1@5@air,108981#527359#1031943,SMG,air
AC1_00100000000_@1@5@water,44251#292473#579785#859279#1185682,AC1,water
GYR_00100000000_@1@5@water,48124#318073#630534#934493#1289465,GYR,water
CTB_00100000000_@1@5@water,110650#731342#1449782#2148671#2964857,CTB,water
CTR_00100000000_@1@5@water,109771#725536#1438271#2131611#2941317,CTR,water
CV1_00100000000_@1@5@water,61113#403927#800728#1186731#1637518,CV1,water
VRY_00100000000_@1@5@water,61744#408094#808989#1198974#1654412,VRY,water
PRS_00100000000_@1@5@water,2264#14964#29664#43964#60664,PRS,water
SMG_00100000000_@1@5@water,103976#687234#1362343#2019082#2786042,SMG,water
WTF_00100000000_@1@5@water,2264#14964#29664#43964#60664,WTF,water
AC1_00100000000_@2@1@air,36426#204157#416520,AC1,air
GYR_00100000000_@2@1@air,39644#222195#453321,GYR,air
CTB_00100000000_@2@1@air,91080#510479#1041477,CTB,air
CTR_00100000000_@2@1@air,90048#504696#1029678,CTR,air
CV1_00100000000_@2@1@air,50235#281555#574426,CV1,air
VRY_00100000000_@2@1@air,50600#283600#578600,VRY,air
SMG_00100000000_@2@1@air,85526#479348#977965,SMG,air
AC1_00100000000_@2@1@water,49823#311842#581683#830992#1222065,AC1,water
GYR_00100000000_@2@1@water,53911#339213#633032#904495#1330320,GYR,water
CTB_00100000000_@2@1@water,123751#778659#1453117#2076257#3053732,CTB,water
CTR_00100000000_@2@1@water,122767#772471#1441569#2059758#3029465,CTR,water
CV1_00100000000_@2@1@water,68319#429872#802219#1146234#1685866,CV1,water
VRY_00100000000_@2@1@water,69061#434543#810935#1158689#1704184,VRY,water
PRS_00100000000_@2@1@water,2548#15948#29748#42499#62498,PRS,water
SMG_00100000000_@2@1@water,116248#731453#1365022#1950385#2868601,SMG,water
WTF_00100000000_@2@1@water,2533#15934#29736#42487#62490,WTF,water
AC1_00100000000_@2@2@air,27173#191069#407585,AC1,air
GYR_00100000000_@2@2@air,29604#208162#444047,GYR,air
CTB_00100000000_@2@2@air,67939#477728#1019080,CTB,air
CTR_00100000000_@2@2@air,67096#471798#1006430,CTR,air
CV1_00100000000_@2@2@air,37528#263881#562906,CV1,air
VRY_00100000000_@2@2@air,37800#265800#567000,VRY,air
SMG_00100000000_@2@2@air,63863#449066#957938,SMG,air
AC1_00100000000_@2@2@water,55019#328740#607350#851745#1186076,AC1,water
GYR_00100000000_@2@2@water,59887#357831#661096#927117#1291034,GYR,water
CTB_00100000000_@2@2@water,137531#821762#1518211#2129131#2964870,CTB,water
CTR_00100000000_@2@2@water,136378#814874#1505486#2111285#2940019,CTR,water
CV1_00100000000_@2@2@water,75951#453816#838429#1175808#1637343,CV1,water
VRY_00100000000_@2@2@water,76735#458498#847078#1187938#1654235,VRY,water
PRS_00100000000_@2@2@water,2814#16814#31064#43564#60664,PRS,water
SMG_00100000000_@2@2@water,129264#772366#1426952#2001150#2786653,SMG,water
WTF_00100000000_@2@2@water,2814#16813#31061#43560#60658,WTF,water
AC1_00100000000_@2@3@air,31008#219783#424492,AC1,air
GYR_00100000000_@2@3@air,33446#237063#457867,GYR,air
CTB_00100000000_@2@3@air,77454#548986#1060321,CTB,air
CTR_00100000000_@2@3@air,76371#541313#1045501,CTR,air
CV1_00100000000_@2@3@air,42578#301790#582883,CV1,air
VRY_00100000000_@2@3@air,43200#306200#591400,VRY,air
SMG_00100000000_@2@3@air,72769#515779#996184,SMG,air
AC1_00100000000_@2@3@water,42945#287284#558010#804303#1133671,AC1,water
GYR_00100000000_@2@3@water,46746#312708#607393#875483#1233999,GYR,water
CTB_00100000000_@2@3@water,107385#718361#1395321#2011184#2834778,CTB,water
CTR_00100000000_@2@3@water,106534#712665#1384258#1995238#2812303,CTR,water
CV1_00100000000_@2@3@water,59310#396757#770647#1110793#1565671,CV1,water
VRY_00100000000_@2@3@water,59909#400763#778430#1122011#1581482,VRY,water
PRS_00100000000_@2@3@water,2197#14697#28547#41147#57997,PRS,water
SMG_00100000000_@2@3@water,100876#674813#1310735#1889263#2662931,SMG,water
WTF_00100000000_@2@3@water,2197#14697#28547#41147#57997,WTF,water
AC1_00100000000_@2@4@air,19409#219241#407356,AC1,air
GYR_00100000000_@2@4@air,21022#237461#441211,GYR,air
CTB_00100000000_@2@4@air,48526#548164#1018506,CTB,air
CTR_00100000000_@2@4@air,48002#542238#1007495,CTR,air
CV1_00100000000_@2@4@air,26779#302499#562053,CV1,air
VRY_00100000000_@2@4@air,27000#305000#566700,VRY,air
SMG_00100000000_@2@4@air,45638#515530#957872,SMG,air
AC1_00100000000_@2@4@water,66104#312454#612571#867719#1111136,AC1,water
GYR_00100000000_@2@4@water,71954#340104#666778#944505#1209462,GYR,water
CTB_00100000000_@2@4@water,165278#781221#1531595#2169535#2778145,CTB,water
CTR_00100000000_@2@4@water,163948#774933#1519269#2152075#2755786,CTR,water
CV1_00100000000_@2@4@water,91295#431523#846008#1198387#1534565,CV1,water
VRY_00100000000_@2@4@water,92206#435830#854451#1210347#1549880,VRY,water
PRS_00100000000_@2@4@water,3381#15981#31331#44381#56832,PRS,water
SMG_00100000000_@2@4@water,155310#734104#1439221#2038686#2610589,SMG,water
WTF_00100000000_@2@4@water,3381#15981#31331#44381#56832,WTF,water
AC1_00100000000_@2@5@air,41078#233536#422261,AC1,air
GYR_00100000000_@2@5@air,44683#254032#459319,GYR,air
CTB_00100000000_@2@5@air,102596#583289#1054654,CTB,air
CTR_00100000000_@2@5@air,101271#575754#1041032,CTR,air
CV1_00100000000_@2@5@air,56272#321949#582470,CV1,air
VRY_00100000000_@2@5@air,57201#325200#588001,VRY,air
SMG_00100000000_@2@5@air,96444#548312#991413,SMG,air
AC1_00100000000_@2@5@water,13294#252770#517660#791346#1074808,AC1,water
GYR_00100000000_@2@5@water,14470#275140#563472#861380#1169928,GYR,water
CTB_00100000000_@2@5@water,32450#631082#1293243#1977393#2685978,CTB,water
CTR_00100000000_@2@5@water,32974#626978#1284020#1962882#2665990,CTR,water
CV1_00100000000_@2@5@water,17915#348400#713958#1091655#1482842,CV1,water
VRY_00100000000_@2@5@water,18114#352262#721872#1103756#1499279,VRY,water
PRS_00100000000_@2@5@water,680#12930#26480#40480#54980,PRS,water
SMG_00100000000_@2@5@water,30487#592889#1214976#1857722#2523423,SMG,water
WTF_00100000000_@2@5@water,680#12930#26480#40480#54980,WTF,water
AC1_00100000000_@3@1@air,10240#198555#406560,AC1,air
GYR_00100000000_@3@1@air,11084#214922#440075,GYR,air
CTB_00100000000_@3@1@air,25626#496924#1017501,CTB,air
CTR_00100000000_@3@1@air,25350#491569#1006536,CTR,air
CV1_00100000000_@3@1@air,14121#273826#560687,CV1,air
VRY_00100000000_@3@1@air,14300#277301#567800,VRY,air
SMG_00100000000_@3@1@air,24052#466391#954983,SMG,air
AC1_00100000000_@3@1@water,29314#282728#587020#804231#1079170,AC1,water
GYR_00100000000_@3@1@water,31869#307372#638188#874333#1173237,GYR,water
CTB_00100000000_@3@1@water,73236#706348#1466571#2009238#2696128,CTB,water
CTR_00100000000_@3@1@water,72703#701204#1455890#1994605#2676492,CTR,water
CV1_00100000000_@3@1@water,40023#389735#809660#1109413#1488831,CV1,water
VRY_00100000000_@3@1@water,40875#394233#818536#1121414#1504786,VRY,water
PRS_00100000000_@3@1@water,1498#14448#29998#41098#55148,PRS,water
SMG_00100000000_@3@1@water,68834#663890#1378416#1888464#2534065,SMG,water
WTF_00100000000_@3@1@water,1498#14448#29998#41098#55148,WTF,water
AC1_00100000000_@3@2@air,11193#221402#446534,AC1,air
GYR_00100000000_@3@2@air,12111#239570#483177,GYR,air
CTB_00100000000_@3@2@air,27957#553033#1115384,CTB,air
CTR_00100000000_@3@2@air,27595#545885#1100968,CTR,air
CV1_00100000000_@3@2@air,15443#305477#616101,CV1,air
VRY_00100000000_@3@2@air,15600#308601#622400,VRY,air
SMG_00100000000_@3@2@air,26279#519835#1048429,SMG,air
AC1_00100000000_@3@2@water,27649#389386#621094#829337#1097218,AC1,water
GYR_00100000000_@3@2@water,30092#423798#675983#902630#1194185,GYR,water
CTB_00100000000_@3@2@water,69106#973249#1552390#2072883#2742437,CTB,water
CTR_00100000000_@3@2@water,68565#965627#1540232#2056649#2720960,CTR,water
CV1_00100000000_@3@2@water,38160#537419#857214#1144625#1514347,CV1,water
VRY_00100000000_@3@2@water,38566#543138#866337#1156807#1530463,VRY,water
PRS_00100000000_@3@2@water,1414#19914#31764#42414#56114,PRS,water
SMG_00100000000_@3@2@water,64917#914252#1458286#1947228#2576195,SMG,water
WTF_00100000000_@3@2@water,1414#19914#31764#42414#56114,WTF,water
AC1_00100000000_@3@3@air,22565#219378#403358,AC1,air
GYR_00100000000_@3@3@air,24416#237370#436439,GYR,air
CTB_00100000000_@3@3@air,56393#548251#1008039,CTB,air
CTR_00100000000_@3@3@air,55754#542043#996625,CTR,air
CV1_00100000000_@3@3@air,31135#302696#556549,CV1,air
VRY_00100000000_@3@3@air,31301#304300#559500,VRY,air
SMG_00100000000_@3@3@air,52982#515087#947062,SMG,air
AC1_00100000000_@3@3@water,9405#261616#529468#764084#1020205,AC1,water
GYR_00100000000_@3@3@water,10233#284672#576131#831423#1110116,GYR,water
CTB_00100000000_@3@3@water,23506#653900#1323388#1909801#2549968,CTB,water
CTR_00100000000_@3@3@water,23329#648990#1313451#1895460#2530821,CTR,water
CV1_00100000000_@3@3@water,12984#361196#731001#1054919#1408529,CV1,water
VRY_00100000000_@3@3@water,13122#365039#738780#1066144#1423517,VRY,water
PRS_00100000000_@3@3@water,481#13381#27082#39081#52182,PRS,water
SMG_00100000000_@3@3@water,22095#614663#1243979#1795205#2396960,SMG,water
WTF_00100000000_@3@3@water,482#13383#27085#39086#52187,WTF,water
AC1_00100000000_@3@4@air,37559#222837#396194,AC1,air
GYR_00100000000_@3@4@air,40873#240934#428123,GYR,air
CTB_00100000000_@3@4@air,94397#556454#988781,CTB,air
CTR_00100000000_@3@4@air,93179#549274#976022,CTR,air
CV1_00100000000_@3@4@air,51847#307609#546914,CV1,air
VRY_00100000000_@3@4@air,52300#310300#551700,VRY,air
SMG_00100000000_@3@4@air,88234#523495#930751,SMG,air
AC1_00100000000_@3@4@water,8432#291104#561061#789937#1051091,AC1,water
GYR_00100000000_@3@4@water,9176#316794#610576#859651#1143852,GYR,water
CTB_00100000000_@3@4@water,21067#727365#1401891#1973772#2626303,CTB,water
CTR_00100000000_@3@4@water,20904#721740#1391051#1958510#2605995,CTR,water
CV1_00100000000_@3@4@water,11643#401990#774779#1090838#1451470,CV1,water
VRY_00100000000_@3@4@water,11762#406094#782687#1101973#1466287,VRY,water
PRS_00100000000_@3@4@water,431#14881#28681#40382#53731,PRS,water
SMG_00100000000_@3@4@water,19803#683715#1317763#1855325#2468697,SMG,water
WTF_00100000000_@3@4@water,431#14870#28659#40350#53690,WTF,water
AC1_00100000000_@3@5@air,37056#301329#480216,AC1,air
GYR_00100000000_@3@5@air,40267#327443#521832,GYR,air
CTB_00100000000_@3@5@air,92509#752259#1198845,CTB,air
CTR_00100000000_@3@5@air,91314#742541#1183359,CTR,air
CV1_00100000000_@3@5@air,51102#415550#662245,CV1,air
VRY_00100000000_@3@5@air,51600#419601#668700,VRY,air
SMG_00100000000_@3@5@air,86962#707149#1126955,SMG,air
AC1_00100000000_@3@5@water,30585#257430#496986#761964#1024009,AC1,water
GYR_00100000000_@3@5@water,33292#280212#540969#829397#1114633,GYR,water
CTB_00100000000_@3@5@water,76438#643365#1242059#1904289#2559187,CTB,water
CTR_00100000000_@3@5@water,75822#638184#1232058#1888954#2538579,CTR,water
CV1_00100000000_@3@5@water,42204#355221#685777#1051413#1413001,CV1,water
VRY_00100000000_@3@5@water,42667#359119#693302#1062951#1428507,VRY,water
PRS_00100000000_@3@5@water,1564#13164#25414#38964#52364,PRS,water
SMG_00100000000_@3@5@water,71835#604626#1167270#1789625#2405089,SMG,water
WTF_00100000000_@3@5@water,1564#13164#25414#38964#52364,WTF,water
AC1_01000000000_@1@1@air,13057#226846#411364,AC1,air
GYR_01000000000_@1@1@air,14157#245955#446017,GYR,air
CTB_01000000000_@1@1@air,32663#567463#1029042,CTB,air
CTR_01000000000_@1@1@air,32328#561639#1018480,CTR,air
CV1_01000000000_@1@1@air,18034#313304#568148,CV1,air
VRY_01000000000_@1@1@air,18200#316201#573401,VRY,air
SMG_01000000000_@1@1@air,30734#533961#968289,SMG,air
AC1_01000000000_@1@1@water,38400#269108#516436#735413#972965,AC1,water
GYR_01000000000_@1@1@water,41789#292858#562013#800316#1058832,GYR,water
CTB_01000000000_@1@1@water,96009#672844#1291231#1838735#2432680,CTB,water
CTR_01000000000_@1@1@water,95173#666983#1279983#1822718#2411488,CTR,water
CV1_01000000000_@1@1@water,52929#370935#711847#1013682#1341120,CV1,water
VRY_01000000000_@1@1@water,53568#375411#720437#1025914#1357303,VRY,water
PRS_01000000000_@1@1@water,1964#13764#26414#37614#49764,PRS,water
SMG_01000000000_@1@1@water,90278#632677#1214146#1728966#2287452,SMG,water
WTF_01000000000_@1@1@water,1965#13766#26418#37619#49770,WTF,water
AC1_01000000000_@1@2@air,12964#189923#389655,AC1,air
GYR_01000000000_@1@2@air,14751#216103#443367,GYR,air
CTB_01000000000_@1@2@air,33871#496224#1018074,CTB,air
CTR_01000000000_@1@2@air,33487#490605#1006547,CTR,air
CV1_01000000000_@1@2@air,18682#273701#561536,CV1,air
VRY_01000000000_@1@2@air,18900#276901#568100,VRY,air
SMG_01000000000_@1@2@air,31854#466682#957464,SMG,air
AC1_01000000000_@1@2@water,29298#256322#505852#721134#1008827,AC1,water
GYR_01000000000_@1@2@water,31873#278852#550315#784518#1097499,GYR,water
CTB_01000000000_@1@2@water,73180#640238#1263513#1801241#2519840,CTB,water
CTR_01000000000_@1@2@water,72591#635081#1253336#1786732#2499543,CTR,water
CV1_01000000000_@1@2@water,40458#353954#698530#995811#1393087,CV1,water
VRY_01000000000_@1@2@water,40835#357256#705046#1005100#1406082,VRY,water
PRS_01000000000_@1@2@water,1497#13097#25847#36847#51547,PRS,water
SMG_01000000000_@1@2@water,68819#602080#1188208#1693886#2369657,SMG,water
WTF_01000000000_@1@2@water,1497#13097#25847#36847#51547,WTF,water
AC1_01000000000_@1@3@air,27676#198758#403482,AC1,air
GYR_01000000000_@1@3@air,30031#215674#437821,GYR,air
CTB_01000000000_@1@3@air,69031#495767#1006415,CTB,air
CTR_01000000000_@1@3@air,68360#490947#996632,CTR,air
CV1_01000000000_@1@3@air,38147#273964#556151,CV1,air
VRY_01000000000_@1@3@air,38500#276500#561300,VRY,air
SMG_01000000000_@1@3@air,64853#465763#945507,SMG,air
AC1_01000000000_@1@3@water,16925#242191#490964#749531#1006139,AC1,water
GYR_01000000000_@1@3@water,18398#263273#533700#814774#1093719,GYR,water
CTB_01000000000_@1@3@water,42232#604339#1225100#1870301#2510614,CTB,water
CTR_01000000000_@1@3@water,41920#599875#1216051#1856486#2492070,CTR,water
CV1_01000000000_@1@3@water,23323#333745#676559#1032870#1386481,CV1,water
VRY_01000000000_@1@3@water,23568#337261#683688#1043753#1401090,VRY,water
PRS_01000000000_@1@3@water,864#12364#25064#38264#51365,PRS,water
SMG_01000000000_@1@3@water,39693#568012#1151460#1757878#2359703,SMG,water
WTF_01000000000_@1@3@water,864#12364#25064#38264#51365,WTF,water
AC1_01000000000_@1@4@air,17359#206785#366537,AC1,air
GYR_01000000000_@1@4@air,19066#223655#396194,GYR,air
CTB_01000000000_@1@4@air,43989#516020#914106,CTB,air
CTR_01000000000_@1@4@air,43468#509910#903282,CTR,air
CV1_01000000000_@1@4@air,23880#284478#504252,CV1,air
VRY_01000000000_@1@4@air,24100#287101#508901,VRY,air
SMG_01000000000_@1@4@air,40659#484355#858545,SMG,air
AC1_01000000000_@1@4@water,35558#298218#586360#816677#1069536,AC1,water
GYR_01000000000_@1@4@water,38623#323925#636906#887078#1161735,GYR,water
CTB_01000000000_@1@4@water,88667#743644#1462163#2036490#2667027,CTB,water
CTR_01000000000_@1@4@water,87943#737573#1450227#2019865#2645255,CTR,water
CV1_01000000000_@1@4@water,48982#410810#807740#1125014#1473341,CV1,water
VRY_01000000000_@1@4@water,49493#415096#816168#1136752#1488713,VRY,water
PRS_01000000000_@1@4@water,1814#15215#29914#41664#54564,PRS,water
SMG_01000000000_@1@4@water,83328#698866#1374120#1913864#2506434,SMG,water
WTF_01000000000_@1@4@water,1815#15216#29918#41669#54570,WTF,water
AC1_01000000000_@1@5@air,12089#201332#371722,AC1,air
GYR_01000000000_@1@5@air,13084#217897#402306,GYR,air
CTB_01000000000_@1@5@air,30155#502215#927248,CTB,air
CTR_01000000000_@1@5@air,29829#496780#917213,CTR,air
CV1_01000000000_@1@5@air,16655#277372#512117,CV1,air
VRY_01000000000_@1@5@air,16800#279800#516600,VRY,air
SMG_01000000000_@1@5@air,28344#472053#871559,SMG,air
AC1_01000000000_@1@5@water,15578#228619#494432#740699#990876,AC1,water
GYR_01000000000_@1@5@water,16960#248906#538307#806429#1078806,GYR,water
CTB_01000000000_@1@5@water,38961#571800#1236627#1852569#2478289,CTB,water
CTR_01000000000_@1@5@water,38643#567134#1226535#1837451#2458063,CTR,water
CV1_01000000000_@1@5@water,21502#315569#682478#1022409#1367735,CV1,water
VRY_01000000000_@1@5@water,21748#319173#690271#1034083#1383353,VRY,water
PRS_01000000000_@1@5@water,797#11697#25297#37897#50698,PRS,water
SMG_01000000000_@1@5@water,36615#537370#1162164#1741018#2329060,SMG,water
WTF_01000000000_@1@5@water,797#11697#25297#37897#50698,WTF,water
AC1_01000000000_@2@1@air,23385#205423#431712,AC1,air
GYR_01000000000_@2@1@air,25317#222400#467390,GYR,air
CTB_01000000000_@2@1@air,58411#513117#1078354,CTB,air
CTR_01000000000_@2@1@air,57750#507307#1066145,CTR,air
CV1_01000000000_@2@1@air,32219#283028#594805,CV1,air
VRY_01000000000_@2@1@air,32500#285500#600000,VRY,air
SMG_01000000000_@2@1@air,54907#482333#1013658,SMG,air
AC1_01000000000_@2@1@water,11046#281804#623918#876104#1180096,AC1,water
GYR_01000000000_@2@1@water,12015#306540#678683#953005#1283680,GYR,water
CTB_01000000000_@2@1@water,27617#704588#1559965#2190501#2950566,CTB,water
CTR_01000000000_@2@1@water,27380#698529#1546552#2171667#2925196,CTR,water
CV1_01000000000_@2@1@water,15234#388645#860464#1208263#1627508,CV1,water
VRY_01000000000_@2@1@water,15424#393511#871239#1223392#1647887,VRY,water
PRS_01000000000_@2@1@water,565#14415#31915#44815#60365,PRS,water
SMG_01000000000_@2@1@water,25918#661229#1463969#2055703#2768995,SMG,water
WTF_01000000000_@2@1@water,565#14415#31915#44815#60365,WTF,water
AC1_01000000000_@2@2@air,41353#234094#482068,AC1,air
GYR_01000000000_@2@2@air,44769#253431#521887,GYR,air
CTB_01000000000_@2@2@air,103346#585028#1204744,CTB,air
CTR_01000000000_@2@2@air,102176#578404#1191102,CTR,air
CV1_01000000000_@2@2@air,56976#322533#664190,CV1,air
VRY_01000000000_@2@2@air,57500#325500#670300,VRY,air
SMG_01000000000_@2@2@air,97095#549639#1131868,SMG,air
AC1_01000000000_@2@2@water,17855#312822#704483#999450#1389157,AC1,water
GYR_01000000000_@2@2@water,19439#340581#766999#1088141#1512431,GYR,water
CTB_01000000000_@2@2@water,44651#782317#1761801#2499468#3474066,CTB,water
CTR_01000000000_@2@2@water,44262#775496#1746438#2477672#3443772,CTR,water
CV1_01000000000_@2@2@water,24651#431896#972641#1379885#1917934,CV1,water
VRY_01000000000_@2@2@water,24938#436922#983960#1395944#1940254,VRY,water
PRS_01000000000_@2@2@water,915#16014#36064#51164#71114,PRS,water
SMG_01000000000_@2@2@water,41967#735293#1655902#2349228#3265245,SMG,water
WTF_01000000000_@2@2@water,914#16013#36061#51159#71107,WTF,water
AC1_01000000000_@2@3@air,27761#256460#511770,AC1,air
GYR_01000000000_@2@3@air,30069#277786#554325,GYR,air
CTB_01000000000_@2@3@air,69375#640902#1278928,CTB,air
CTR_01000000000_@2@3@air,68516#632968#1263096,CTR,air
CV1_01000000000_@2@3@air,38284#353676#705765,CV1,air
VRY_01000000000_@2@3@air,38600#356600#711600,VRY,air
SMG_01000000000_@2@3@air,65180#602155#1201607,SMG,air
AC1_01000000000_@2@3@water,39054#329458#694175#1086271#1339519,AC1,water
GYR_01000000000_@2@3@water,42481#358377#755107#1181618#1457096,GYR,water
CTB_01000000000_@2@3@water,97612#823463#1735054#2715075#3348056,CTB,water
CTR_01000000000_@2@3@water,96740#816108#1719556#2690824#3318152,CTR,water
CV1_01000000000_@2@3@water,53912#454806#958286#1499561#1849162,CV1,water
VRY_01000000000_@2@3@water,54486#459651#968493#1515533#1868858,VRY,water
PRS_01000000000_@2@3@water,1997#16847#35497#55547#68497,PRS,water
SMG_01000000000_@2@3@water,91645#773127#1628995#2549111#3143400,SMG,water
WTF_01000000000_@2@3@water,1997#16847#35497#55547#68497,WTF,water
AC1_01000000000_@2@4@air,48744#241395#477392,AC1,air
GYR_01000000000_@2@4@air,52742#261193#516545,GYR,air
CTB_01000000000_@2@4@air,121147#602856#1192950,CTB,air
CTR_01000000000_@2@4@air,120371#596114#1178898,CTR,air
CV1_01000000000_@2@4@air,66817#332495#657951,CV1,air
VRY_01000000000_@2@4@air,67400#335400#663700,VRY,air
SMG_01000000000_@2@4@air,113815#566371#1120752,SMG,air
AC1_01000000000_@2@4@water,16248#349602#681002#931262#1246042,AC1,water
GYR_01000000000_@2@4@water,17344#379716#739962#1012006#1354187,GYR,water
CTB_01000000000_@2@4@water,39887#873274#1701773#2327424#3114375,CTB,water
CTR_01000000000_@2@4@water,39527#865374#1686377#2306368#3086201,CTR,water
CV1_01000000000_@2@4@water,22023#482160#939598#1285038#1719537,CV1,water
VRY_01000000000_@2@4@water,22267#487506#950015#1299285#1738601,VRY,water
PRS_01000000000_@2@4@water,831#17881#34831#47631#63731,PRS,water
SMG_01000000000_@2@4@water,37478#820514#1598959#2186810#2926217,SMG,water
WTF_01000000000_@2@4@water,831#17881#34831#47631#63731,WTF,water
AC1_01000000000_@2@5@air,52341#220322#437832,AC1,air
GYR_01000000000_@2@5@air,56321#237073#471120,GYR,air
CTB_01000000000_@2@5@air,130428#549020#1091032,CTB,air
CTR_01000000000_@2@5@air,129089#543382#1079828,CTR,air
CV1_01000000000_@2@5@air,72040#303242#602613,CV1,air
VRY_01000000000_@2@5@air,72600#305600#607300,VRY,air
SMG_01000000000_@2@5@air,122471#515522#1024464,SMG,air
AC1_01000000000_@2@5@water,24716#400145#699315#973065#1289521,AC1,water
GYR_01000000000_@2@5@water,26892#435363#760863#1058707#1403014,GYR,water
CTB_01000000000_@2@5@water,61782#1000243#1748078#2432372#3223415,CTB,water
CTR_01000000000_@2@5@water,61265#991872#1733449#2412016#3196440,CTR,water
CV1_01000000000_@2@5@water,34123#552442#965478#1343419#1780319,CV1,water
VRY_01000000000_@2@5@water,34479#558205#975549#1357433#1798890,VRY,water
PRS_01000000000_@2@5@water,1264#20464#35764#49764#65948,PRS,water
SMG_01000000000_@2@5@water,58031#939503#1641926#2284666#3027673,SMG,water
WTF_01000000000_@2@5@water,1264#20464#35764#49764#65948,WTF,water
AC1_01000000000_@3@1@air,15781#180072#412242,AC1,air
GYR_01000000000_@3@1@air,17105#195176#446819,GYR,air
CTB_01000000000_@3@1@air,39379#449344#1028690,CTB,air
CTR_01000000000_@3@1@air,38976#444748#1018168,CTR,air
CV1_01000000000_@3@1@air,21732#247974#567691,CV1,air
VRY_01000000000_@3@1@air,21900#249900#572101,VRY,air
SMG_01000000000_@3@1@air,36998#422178#966498,SMG,air
AC1_01000000000_@3@1@water,24133#278981#583819#883756#1210158,AC1,water
GYR_01000000000_@3@1@water,26198#302861#633791#959401#1313742,GYR,water
CTB_01000000000_@3@1@water,60164#695516#1455496#2203257#3016998,CTB,water
CTR_01000000000_@3@1@water,59593#688922#1441696#2182368#2988393,CTR,water
CV1_01000000000_@3@1@water,33211#383932#803448#1216220#1665412,CV1,water
VRY_01000000000_@3@1@water,33576#388147#812269#1229573#1683697,VRY,water
PRS_01000000000_@3@1@water,1231#14232#29781#45081#61731,PRS,water
SMG_01000000000_@3@1@water,56535#653568#1367712#2070375#2835037,SMG,water
WTF_01000000000_@3@1@water,1231#14232#29781#45081#61731,WTF,water
AC1_01000000000_@3@2@air,52762#241814#481112,AC1,air
GYR_01000000000_@3@2@air,57429#263202#523665,GYR,air
CTB_01000000000_@3@2@air,131800#604052#1201818,CTB,air
CTR_01000000000_@3@2@air,130163#596549#1186891,CTR,air
CV1_01000000000_@3@2@air,72728#333319#663169,CV1,air
VRY_01000000000_@3@2@air,73400#336400#669301,VRY,air
SMG_01000000000_@3@2@air,123823#567494#1129084,SMG,air
AC1_01000000000_@3@2@water,69718#334700#624127#896932#1213737,AC1,water
GYR_01000000000_@3@2@water,75871#364238#679208#976088#1320853,GYR,water
CTB_01000000000_@3@2@water,174275#836659#1560149#2242087#3034014,CTB,water
CTR_01000000000_@3@2@water,172833#829735#1547237#2223531#3008905,CTR,water
CV1_01000000000_@3@2@water,96212#461892#861307#1237783#1674980,CV1,water
VRY_01000000000_@3@2@water,97246#466859#870569#1251093#1692992,VRY,water
PRS_01000000000_@3@2@water,3581#17131#31931#45881#62081,PRS,water
SMG_01000000000_@3@2@water,163639#785599#1464934#2105254#2848851,SMG,water
WTF_01000000000_@3@2@water,3582#17133#31935#45886#62088,WTF,water
AC1_01000000000_@3@3@air,45800#245055#455778,AC1,air
GYR_01000000000_@3@3@air,49607#265422#493657,GYR,air
CTB_01000000000_@3@3@air,114574#613030#1140174,CTB,air
CTR_01000000000_@3@3@air,113217#605771#1126673,CTR,air
CV1_01000000000_@3@3@air,63193#338116#628863,CV1,air
VRY_01000000000_@3@3@air,63900#341900#635900,VRY,air
SMG_01000000000_@3@3@air,107587#575645#1070643,SMG,air
AC1_01000000000_@3@3@water,42330#312142#608349#880116#1215425,AC1,water
GYR_01000000000_@3@3@water,46066#339690#662038#957789#1322691,GYR,water
CTB_01000000000_@3@3@water,105837#780442#1521042#2200535#3038903,CTB,water
CTR_01000000000_@3@3@water,104904#773560#1507627#2181129#3012103,CTR,water
CV1_01000000000_@3@3@water,58430#430860#839723#1214852#1677691,CV1,water
VRY_01000000000_@3@3@water,59058#435493#848753#1227916#1695732,VRY,water
PRS_01000000000_@3@3@water,2181#15981#31131#45031#62181,PRS,water
SMG_01000000000_@3@3@water,99400#732975#1428531#2066697#2854075,SMG,water
WTF_01000000000_@3@3@water,2166#15967#31119#45021#62173,WTF,water
AC1_01000000000_@3@4@air,19275#204823#420434,AC1,air
GYR_01000000000_@3@4@air,21252#222769#456935,GYR,air
CTB_01000000000_@3@4@air,48902#512610#1051447,CTB,air
CTR_01000000000_@3@4@air,48373#507069#1040080,CTR,air
CV1_01000000000_@3@4@air,26607#282744#580379,CV1,air
VRY_01000000000_@3@4@air,26800#284800#584600,VRY,air
SMG_01000000000_@3@4@air,45944#481602#987844,SMG,air
AC1_01000000000_@3@4@water,54337#313223#604347#859325#1188549,AC1,water
GYR_01000000000_@3@4@water,59172#341093#658121#935786#1294304,GYR,water
CTB_01000000000_@3@4@water,135918#783494#1511711#2149512#2973033,CTB,water
CTR_01000000000_@3@4@water,134704#776496#1498209#2130313#2946478,CTR,water
CV1_01000000000_@3@4@water,75053#432638#834752#1186939#1641679,CV1,water
VRY_01000000000_@3@4@water,75835#437147#843452#1199310#1658789,VRY,water
PRS_01000000000_@3@4@water,2781#16032#30931#43981#60831,PRS,water
SMG_01000000000_@3@4@water,127734#736317#1420685#2020081#2794015,SMG,water
WTF_01000000000_@3@4@water,2781#16030#30928#43977#60825,WTF,water
AC1_01000000000_@3@5@air,17371#206146#424134,AC1,air
GYR_01000000000_@3@5@air,18817#223305#459439,GYR,air
CTB_01000000000_@3@5@air,43391#514952#1059488,CTB,air
CTR_01000000000_@3@5@air,42946#509664#1048608,CTR,air
CV1_01000000000_@3@5@air,23955#284285#584902,CV1,air
VRY_01000000000_@3@5@air,24200#287200#590900,VRY,air
SMG_01000000000_@3@5@air,40765#483787#995368,SMG,air
AC1_01000000000_@3@5@water,39054#288391#564129#803688#1052048,AC1,water
GYR_01000000000_@3@5@water,42500#313842#613915#874616#1144894,GYR,water
CTB_01000000000_@3@5@water,97622#720892#1410156#2008985#2629811,CTB,water
CTR_01000000000_@3@5@water,96782#714694#1398031#1991711#2607199,CTR,water
CV1_01000000000_@3@5@water,53912#398114#778761#1109465#1452317,CV1,water
VRY_01000000000_@3@5@water,54462#402176#786708#1120786#1467137,VRY,water
PRS_01000000000_@3@5@water,1997#14747#28847#41098#53797,PRS,water
SMG_01000000000_@3@5@water,91665#676901#1324104#1886390#2469332,SMG,water
WTF_01000000000_@3@5@water,1997#14747#28847#41098#53797,WTF,water
AC1_10000000000_@1@1@air,70639#274762#512640,AC1,air
GYR_10000000000_@1@1@air,76307#297791#555902,GYR,air
CTB_10000000000_@1@1@air,175054#683159#1275289,CTB,air
CTR_10000000000_@1@1@air,174087#677141#1263384,CTR,air
CV1_10000000000_@1@1@air,96609#377020#703803,CV1,air
VRY_10000000000_@1@1@air,97500#380501#710300,VRY,air
SMG_10000000000_@1@1@air,163630#638575#1192062,SMG,air
AC1_10000000000_@1@1@water,112435#357239#715179#1082872#1394973,AC1,water
GYR_10000000000_@1@1@water,122263#388465#777692#1177525#1516907,GYR,water
CTB_10000000000_@1@1@water,281864#895566#1792893#2714669#3497079,CTB,water
CTR_10000000000_@1@1@water,279377#887664#1777072#2690715#3466221,CTR,water
CV1_10000000000_@1@1@water,155734#494813#990598#1499892#1932184,CV1,water
VRY_10000000000_@1@1@water,157212#499509#999999#1514127#1950521,VRY,water
PRS_10000000000_@1@1@water,5764#18314#36664#55514#71514,PRS,water
SMG_10000000000_@1@1@water,264825#841428#1684509#2550563#3285675,SMG,water
WTF_10000000000_@1@1@water,5764#18314#36664#55514#71514,WTF,water
AC1_10000000000_@1@2@air,86572#312005#543127,AC1,air
GYR_10000000000_@1@2@air,94213#339541#591061,GYR,air
CTB_10000000000_@1@2@air,216337#779675#1357232,CTB,air
CTR_10000000000_@1@2@air,214795#774118#1347558,CTR,air
CV1_10000000000_@1@2@air,119393#430289#749032,CV1,air
VRY_10000000000_@1@2@air,120200#433200#754101,VRY,air
SMG_10000000000_@1@2@air,202331#729197#1269361,SMG,air
AC1_10000000000_@1@2@water,83183#343618#675257#1064446#1338536,AC1,water
GYR_10000000000_@1@2@water,90528#373959#734881#1158434#1456726,GYR,water
CTB_10000000000_@1@2@water,208407#860901#1691791#2666866#3353572,CTB,water
CTR_10000000000_@1@2@water,206652#853650#1677543#2644405#3325328,CTR,water
CV1_10000000000_@1@2@water,114507#474358#932595#1470350#1849069,CV1,water
VRY_10000000000_@1@2@water,116240#480171#943603#1487454#1870468,VRY,water
PRS_10000000000_@1@2@water,4264#17614#34614#54564#68614,PRS,water
SMG_10000000000_@1@2@water,195802#808828#1589462#2505558#3150728,SMG,water
WTF_10000000000_@1@2@water,4264#17614#34614#54564#68614,WTF,water
AC1_10000000000_@1@3@air,35384#235317#480341,AC1,air
GYR_10000000000_@1@3@air,38506#256077#522720,GYR,air
CTB_10000000000_@1@3@air,88292#587176#1198578,CTB,air
CTR_10000000000_@1@3@air,87502#581922#1187853,CTR,air
CV1_10000000000_@1@3@air,48750#324208#661791,CV1,air
VRY_10000000000_@1@3@air,49200#327200#667900,VRY,air
SMG_10000000000_@1@3@air,82697#549966#1122623,SMG,air
AC1_10000000000_@1@3@water,104632#329930#721031#1002896#1268182,AC1,water
GYR_10000000000_@1@3@water,113617#358260#782944#1089013#1377078,GYR,water
CTB_10000000000_@1@3@water,262331#827192#1807752#2514440#3179557,CTB,water
CTR_10000000000_@1@3@water,259539#818389#1788514#2487682#3145722,CTR,water
CV1_10000000000_@1@3@water,144912#456942#998604#1388979#1756390,CV1,water
VRY_10000000000_@1@3@water,146273#461234#1007984#1402026#1772889,VRY,water
PRS_10000000000_@1@3@water,5364#16914#36964#51414#65014,PRS,water
SMG_10000000000_@1@3@water,246498#777267#1698645#2362680#2987654,SMG,water
WTF_10000000000_@1@3@water,5364#16914#36964#51414#65014,WTF,water
AC1_10000000000_@1@4@air,26034#204705#406646,AC1,air
GYR_10000000000_@1@4@air,28289#222439#441875,GYR,air
CTB_10000000000_@1@4@air,64810#509607#1012334,CTB,air
CTR_10000000000_@1@4@air,64292#505533#1004243,CTR,air
CV1_10000000000_@1@4@air,35412#281407#559442,CV1,air
VRY_10000000000_@1@4@air,35700#283700#564000,VRY,air
SMG_10000000000_@1@4@air,59508#467914#929512,SMG,air
AC1_10000000000_@1@4@water,24278#284188#635602#940290#1220643,AC1,water
GYR_10000000000_@1@4@water,26371#308682#690384#1021333#1325849,GYR,water
CTB_10000000000_@1@4@water,60943#713373#1595497#2360331#3064076,CTB,water
CTR_10000000000_@1@4@water,60251#705277#1577390#2333543#3029301,CTR,water
CV1_10000000000_@1@4@water,33665#394069#881356#1303851#1692601,CV1,water
VRY_10000000000_@1@4@water,33998#397968#890077#1316753#1709350,VRY,water
PRS_10000000000_@1@4@water,1247#14597#32647#48297#62697,PRS,water
SMG_10000000000_@1@4@water,57270#670381#1499343#2218083#2879415,SMG,water
WTF_10000000000_@1@4@water,1247#14597#32647#48297#62697,WTF,water
AC1_10000000000_@1@5@air,15838#190701#382979,AC1,air
GYR_10000000000_@1@5@air,17209#207212#416136,GYR,air
CTB_10000000000_@1@5@air,38775#474985#954638,CTB,air
CTR_10000000000_@1@5@air,38379#470140#944899,CTR,air
CV1_10000000000_@1@5@air,21420#262394#527365,CV1,air
VRY_10000000000_@1@5@air,21600#264600#531800,VRY,air
SMG_10000000000_@1@5@air,35670#436957#878206,SMG,air
AC1_10000000000_@1@5@water,70461#337562#700195#966321#1322131,AC1,water
GYR_10000000000_@1@5@water,76588#366919#761090#1050361#1437115,GYR,water
CTB_10000000000_@1@5@water,176727#846666#1756217#2423711#3316147,CTB,water
CTR_10000000000_@1@5@water,174740#837144#1736467#2396453#3278853,CTR,water
CV1_10000000000_@1@5@water,97625#467700#970138#1338862#1831846,CV1,water
VRY_10000000000_@1@5@water,98601#472376#979838#1352249#1850162,VRY,water
PRS_10000000000_@1@5@water,3614#17314#35914#49564#67814,PRS,water
SMG_10000000000_@1@5@water,166077#795640#1650376#2277642#3116295,SMG,water
WTF_10000000000_@1@5@water,3617#17329#35944#49605#67869,WTF,water
AC1_10000000000_@2@1@air,38156#209498#407045,AC1,air
GYR_10000000000_@2@1@air,41414#227386#441800,GYR,air
CTB_10000000000_@2@1@air,95003#521616#1013476,CTB,air
CTR_10000000000_@2@1@air,94222#517330#1005148,CTR,air
CV1_10000000000_@2@1@air,52511#288314#560181,CV1,air
VRY_10000000000_@2@1@air,53000#291000#565400,VRY,air
SMG_10000000000_@2@1@air,87336#479523#931691,SMG,air
AC1_10000000000_@2@1@water,48464#289709#681367#951913#1246876,AC1,water
GYR_10000000000_@2@1@water,52434#313439#737175#1029881#1349005,GYR,water
CTB_10000000000_@2@1@water,121336#725321#1705881#2383225#3121702,CTB,water
CTR_10000000000_@2@1@water,119971#717163#1686694#2356420#3086590,CTR,water
CV1_10000000000_@2@1@water,67060#400873#942811#1317167#1725310,CV1,water
VRY_10000000000_@2@1@water,67717#404797#952041#1330062#1742201,VRY,water
PRS_10000000000_@2@1@water,2481#14831#34881#48732#63831,PRS,water
SMG_10000000000_@2@1@water,114069#681883#1603718#2240498#2934748,SMG,water
WTF_10000000000_@2@1@water,2481#14831#34881#48732#63831,WTF,water
AC1_10000000000_@2@2@air,39419#196229#384976,AC1,air
GYR_10000000000_@2@2@air,42803#213077#418030,GYR,air
CTB_10000000000_@2@2@air,98204#488868#959098,CTB,air
CTR_10000000000_@2@2@air,97469#485209#951921,CTR,air
CV1_10000000000_@2@2@air,54200#269811#529336,CV1,air
VRY_10000000000_@2@2@air,54800#272800#535200,VRY,air
SMG_10000000000_@2@2@air,90591#450969#884746,SMG,air
AC1_10000000000_@2@2@water,50995#291923#664532#948378#1220519,AC1,water
GYR_10000000000_@2@2@water,55374#316988#721591#1029809#1325316,GYR,water
CTB_10000000000_@2@2@water,127762#731380#1664910#2376054#3057873,CTB,water
CTR_10000000000_@2@2@water,126428#723744#1647528#2351248#3025949,CTR,water
CV1_10000000000_@2@2@water,70583#404055#919789#1312665#1689340,CV1,water
VRY_10000000000_@2@2@water,71281#408053#928889#1325652#1706053,VRY,water
PRS_10000000000_@2@2@water,2614#14964#34064#48614#62564,PRS,water
SMG_10000000000_@2@2@water,120062#687302#1564572#2232858#2873586,SMG,water
WTF_10000000000_@2@2@water,2615#14966#34068#48619#62571,WTF,water
AC1_10000000000_@2@3@air,46082#225185#412305,AC1,air
GYR_10000000000_@2@3@air,50124#244939#448474,GYR,air
CTB_10000000000_@2@3@air,113806#558978#1024075,CTB,air
CTR_10000000000_@2@3@air,114150#557815#1021338,CTR,air
CV1_10000000000_@2@3@air,62870#308796#565728,CV1,air
VRY_10000000000_@2@3@air,63400#311400#570500,VRY,air
SMG_10000000000_@2@3@air,105120#516311#945906,SMG,air
AC1_10000000000_@2@3@water,125124#456999#810224#1053794#1346854,AC1,water
GYR_10000000000_@2@3@water,136653#499111#884884#1150898#1470962,GYR,water
CTB_10000000000_@2@3@water,315103#1150881#2040421#2653813#3391839,CTB,water
CTR_10000000000_@2@3@water,312068#1139796#2020770#2628255#3359172,CTR,water
CV1_10000000000_@2@3@water,174082#635816#1127252#1466127#1873857,CV1,water
VRY_10000000000_@2@3@water,175769#641978#1138176#1480335#1892016,VRY,water
PRS_10000000000_@2@3@water,6447#23548#41747#54297#69397,PRS,water
SMG_10000000000_@2@3@water,295996#1081094#1916695#2492892#3186165,SMG,water
WTF_10000000000_@2@3@water,6447#23548#41747#54297#69397,WTF,water
AC1_10000000000_@2@4@air,64744#249930#499644,AC1,air
GYR_10000000000_@2@4@air,69543#268457#536682,GYR,air
CTB_10000000000_@2@4@air,161639#623977#1247415,CTB,air
CTR_10000000000_@2@4@air,159980#617573#1234613,CTR,air
CV1_10000000000_@2@4@air,89373#345006#689715,CV1,air
VRY_10000000000_@2@4@air,90200#348200#696100,VRY,air
SMG_10000000000_@2@4@air,151867#586252#1171999,SMG,air
AC1_10000000000_@2@4@water,43205#292988#680346#972085#1305779,AC1,water
GYR_10000000000_@2@4@water,46905#318081#738614#1055339#1417612,GYR,water
CTB_10000000000_@2@4@water,108190#733677#1703670#2434219#3269830,CTB,water
CTR_10000000000_@2@4@water,107192#726907#1687950#2411758#3239659,CTR,water
CV1_10000000000_@2@4@water,59600#404170#938522#1340969#1801292,CV1,water
VRY_10000000000_@2@4@water,60356#409295#950423#1357973#1824134,VRY,water
PRS_10000000000_@2@4@water,2214#15014#34864#49815#66914,PRS,water
SMG_10000000000_@2@4@water,101647#689303#1600629#2286993#3072064,SMG,water
WTF_10000000000_@2@4@water,2214#15014#34864#49815#66914,WTF,water
AC1_10000000000_@2@5@air,51306#265994#525402,AC1,air
GYR_10000000000_@2@5@air,58188#301675#595882,GYR,air
CTB_10000000000_@2@5@air,134110#695289#1373366,CTB,air
CTR_10000000000_@2@5@air,132660#687773#1358519,CTR,air
CV1_10000000000_@2@5@air,73941#383345#749990,CV1,air
VRY_10000000000_@2@5@air,74800#387801#766000,VRY,air
SMG_10000000000_@2@5@air,125931#652888#1289614,SMG,air
AC1_10000000000_@2@5@water,86319#375607#738921#976584#1280482,AC1,water
GYR_10000000000_@2@5@water,93826#408273#803183#1061516#1391844,GYR,water
CTB_10000000000_@2@5@water,216526#942188#1853540#2449707#3212018,CTB,water
CTR_10000000000_@2@5@water,214616#933874#1837185#2428091#3183675,CTR,water
CV1_10000000000_@2@5@water,119390#519510#1022017#1350735#1771063,CV1,water
VRY_10000000000_@2@5@water,120805#525667#1034130#1366744#1792054,VRY,water
PRS_10000000000_@2@5@water,4431#19281#37931#50131#65731,PRS,water
SMG_10000000000_@2@5@water,203437#885231#1741491#2301618#3017846,SMG,water
WTF_10000000000_@2@5@water,4431#19281#37931#50131#65731,WTF,water
AC1_10000000000_@3@1@air,77134#273566#516264,AC1,air
GYR_10000000000_@3@1@air,83040#294513#555794,GYR,air
CTB_10000000000_@3@1@air,192199#681661#1286406,CTB,air
CTR_10000000000_@3@1@air,190023#673943#1271840,CTR,air
CV1_10000000000_@3@1@air,106270#376901#711273,CV1,air
VRY_10000000000_@3@1@air,107200#380201#717500,VRY,air
SMG_10000000000_@3@1@air,180573#640428#1208593,SMG,air
AC1_10000000000_@3@1@water,56493#293422#663929#953509#1263564,AC1,water
GYR_10000000000_@3@1@water,61375#318779#721304#1035910#1372760,GYR,water
CTB_10000000000_@3@1@water,141623#735585#1664416#2390371#3167655,CTB,water
CTR_10000000000_@3@1@water,140316#728797#1649056#2368311#3138422,CTR,water
CV1_10000000000_@3@1@water,78217#406255#919237#1320173#1749458,CV1,water
VRY_10000000000_@3@1@water,79031#410483#928805#1333913#1767666,VRY,water
PRS_10000000000_@3@1@water,2897#15047#34047#48897#64797,PRS,water
SMG_10000000000_@3@1@water,133101#691326#1564270#2246544#2977060,SMG,water
WTF_10000000000_@3@1@water,2897#15047#34047#48897#64797,WTF,water
AC1_10000000000_@3@2@air,31870#206288#386952,AC1,air
GYR_10000000000_@3@2@air,34483#223207#418688,GYR,air
CTB_10000000000_@3@2@air,79642#515521#967004,CTB,air
CTR_10000000000_@3@2@air,78784#509965#956584,CTR,air
CV1_10000000000_@3@2@air,44014#284898#534407,CV1,air
VRY_10000000000_@3@2@air,44400#287400#539100,VRY,air
SMG_10000000000_@3@2@air,74827#484353#908541,SMG,air
AC1_10000000000_@3@2@water,115017#350044#611401#853254#1144843,AC1,water
GYR_10000000000_@3@2@water,125033#380525#664641#927554#1244534,GYR,water
CTB_10000000000_@3@2@water,288192#877086#1531955#2137953#2868572,CTB,water
CTR_10000000000_@3@2@water,284981#868797#1518019#2118792#2843111,CTR,water
CV1_10000000000_@3@2@water,158971#483812#845046#1179323#1582341,CV1,water
VRY_10000000000_@3@2@water,160773#489298#854629#1192696#1600285,VRY,water
PRS_10000000000_@3@2@water,5898#17947#31347#43747#58697,PRS,water
SMG_10000000000_@3@2@water,270798#824148#1439492#2008915#2695437,SMG,water
WTF_10000000000_@3@2@water,5897#17946#31344#43743#58691,WTF,water
AC1_10000000000_@3@3@air,53233#191694#383459,AC1,air
GYR_10000000000_@3@3@air,57567#207303#414684,GYR,air
CTB_10000000000_@3@3@air,133034#479065#958309,CTB,air
CTR_10000000000_@3@3@air,131596#473886#947949,CTR,air
CV1_10000000000_@3@3@air,73484#264620#529338,CV1,air
VRY_10000000000_@3@3@air,74200#267200#534500,VRY,air
SMG_10000000000_@3@3@air,124987#450086#900340,SMG,air
AC1_10000000000_@3@3@water,39682#295629#666850#885676#1232474,AC1,water
GYR_10000000000_@3@3@water,42924#319779#721325#958026#1333154,GYR,water
CTB_10000000000_@3@3@water,99308#739840#1668858#2216489#3084386,CTB,water
CTR_10000000000_@3@3@water,98231#731818#1650762#2192455#3050942,CTR,water
CV1_10000000000_@3@3@water,54875#408813#922160#1224764#1704338,CV1,water
VRY_10000000000_@3@3@water,55412#412818#931194#1236762#1721034,VRY,water
PRS_10000000000_@3@3@water,2031#15131#34131#45331#63081,PRS,water
SMG_10000000000_@3@3@water,93314#695188#1568135#2082714#2898230,SMG,water
WTF_10000000000_@3@3@water,2031#15131#34131#45331#63081,WTF,water
AC1_10000000000_@3@4@air,34685#208792#396870,AC1,air
GYR_10000000000_@3@4@air,37615#226428#430393,GYR,air
CTB_10000000000_@3@4@air,85850#520465#989956,CTB,air
CTR_10000000000_@3@4@air,85832#516678#982098,CTR,air
CV1_10000000000_@3@4@air,47386#287272#546409,CV1,air
VRY_10000000000_@3@4@air,48000#291001#553500,VRY,air
SMG_10000000000_@3@4@air,79040#479174#911419,SMG,air
AC1_10000000000_@3@4@water,67232#308109#626029#1016114#1405224,AC1,water
GYR_10000000000_@3@4@water,73005#334566#679785#1103367#1525889,GYR,water
CTB_10000000000_@3@4@water,168527#772328#1569248#2547064#3522436,CTB,water
CTR_10000000000_@3@4@water,167056#765589#1555554#2524837#3491696,CTR,water
CV1_10000000000_@3@4@water,92924#425851#865262#1404416#1942223,CV1,water
VRY_10000000000_@3@4@water,94016#430857#875434#1420926#1965054,VRY,water
PRS_10000000000_@3@4@water,3447#15798#32097#52097#72047,PRS,water
SMG_10000000000_@3@4@water,158339#725640#1474385#2393090#3309498,SMG,water
WTF_10000000000_@3@4@water,3447#15796#32094#52092#72040,WTF,water
AC1_10000000000_@3@5@air,47376#227429#444999,AC1,air
GYR_10000000000_@3@5@air,53717#257872#504566,GYR,air
CTB_10000000000_@3@5@air,124135#595916#1166000,CTB,air
CTR_10000000000_@3@5@air,122728#589165#1152791,CTR,air
CV1_10000000000_@3@5@air,68598#329307#644339,CV1,air
VRY_10000000000_@3@5@air,69200#332200#650000,VRY,air
SMG_10000000000_@3@5@air,116503#559282#1094320,SMG,air
AC1_10000000000_@3@5@water,132916#363091#721031#1088725#1475924,AC1,water
GYR_10000000000_@3@5@water,144565#394911#784220#1184137#1605270,GYR,water
CTB_10000000000_@3@5@water,333142#910054#1807200#2728791#3699274,CTB,water
CTR_10000000000_@3@5@water,330237#902118#1791441#2704996#3667015,CTR,water
CV1_10000000000_@3@5@water,184085#502870#998607#1507852#2044113,CV1,water
VRY_10000000000_@3@5@water,185869#507742#1008282#1522461#2063918,VRY,water
PRS_10000000000_@3@5@water,6815#18614#36964#55814#75664,PRS,water
SMG_10000000000_@3@5@water,313223#855639#1699141#2565627#3478081,SMG,water
WTF_10000000000_@3@5@water,6815#18614#36964#55814#75664,WTF,water
AC1_10000000000_@4@1@air,40450#204260#406580,AC1,air
GYR_10000000000_@4@1@air,43674#220542#438990,GYR,air
CTB_10000000000_@4@1@air,101089#510470#1016092,CTB,air
CTR_10000000000_@4@1@air,99996#504952#1005107,CTR,air
CV1_10000000000_@4@1@air,55811#281828#560978,CV1,air
VRY_10000000000_@4@1@air,56301#284300#565900,VRY,air
SMG_10000000000_@4@1@air,94974#479591#954628,SMG,air
AC1_10000000000_@4@1@water,30152#297172#665542#953027#1279493,AC1,water
GYR_10000000000_@4@1@water,32801#323280#724012#1036754#1391901,GYR,water
CTB_10000000000_@4@1@water,75604#745141#1668807#2389658#3208252,CTB,water
CTR_10000000000_@4@1@water,75107#740239#1657830#2373940#3187149,CTR,water
CV1_10000000000_@4@1@water,41700#410985#920437#1318025#1769523,CV1,water
VRY_10000000000_@4@1@water,42186#415773#931160#1333379#1790137,VRY,water
PRS_10000000000_@4@1@water,1547#15247#34147#48897#65647,PRS,water
SMG_10000000000_@4@1@water,71041#700164#1568077#2245417#3014600,SMG,water
WTF_10000000000_@4@1@water,1546#15234#34117#48853#65588,WTF,water
AC1_10000000000_@4@2@air,53521#220682#451480,AC1,air
GYR_10000000000_@4@2@air,57870#238614#488165,GYR,air
CTB_10000000000_@4@2@air,134088#552888#1131119,CTB,air
CTR_10000000000_@4@2@air,132496#546322#1117687,CTR,air
CV1_10000000000_@4@2@air,73702#305248#624939,CV1,air
VRY_10000000000_@4@2@air,74600#307600#629300,VRY,air
SMG_10000000000_@4@2@air,125907#519154#1062105,SMG,air
AC1_10000000000_@4@2@water,54738#257140#550477#791013#1181151,AC1,water
GYR_10000000000_@4@2@water,59448#278097#594980#854823#1276278,GYR,water
CTB_10000000000_@4@2@water,137496#643209#1376127#1977119#2951899,CTB,water
CTR_10000000000_@4@2@water,136005#636234#1361203#1955678#2919887,CTR,water
CV1_10000000000_@4@2@water,75571#355011#759995#1092083#1630712,CV1,water
VRY_10000000000_@4@2@water,76327#358560#767594#1103002#1647017,VRY,water
PRS_10000000000_@4@2@water,2814#13164#28164#40464#60414,PRS,water
SMG_10000000000_@4@2@water,129211#604451#1293204#1857982#2774024,SMG,water
WTF_10000000000_@4@2@water,2814#13164#28164#40464#60414,WTF,water
AC1_10000000000_@4@3@air,67543#259907#509549,AC1,air
GYR_10000000000_@4@3@air,73152#280528#549652,GYR,air
CTB_10000000000_@4@3@air,168713#649212#1272784,CTB,air
CTR_10000000000_@4@3@air,167483#642279#1258451,CTR,air
CV1_10000000000_@4@3@air,93281#358946#703717,CV1,air
VRY_10000000000_@4@3@air,94100#362100#709900,VRY,air
SMG_10000000000_@4@3@air,158591#610261#1196421,SMG,air
AC1_10000000000_@4@3@water,32834#436169#738915#1020175#1324562,AC1,water
GYR_10000000000_@4@3@water,35570#472517#800491#1105190#1434942,GYR,water
CTB_10000000000_@4@3@water,82227#1092333#1850523#2554906#3317205,CTB,water
CTR_10000000000_@4@3@water,81319#1080266#1830081#2526684#3280562,CTR,water
CV1_10000000000_@4@3@water,45400#603099#1021712#1410616#1831497,CV1,water
VRY_10000000000_@4@3@water,45877#609440#1032453#1425446#1850752,VRY,water
PRS_10000000000_@4@3@water,1681#22331#37832#52231#67815,PRS,water
SMG_10000000000_@4@3@water,77249#1026195#1738478#2400213#3116357,SMG,water
WTF_10000000000_@4@3@water,1681#22329#37828#52226#67808,WTF,water
AC1_10000000000_@4@4@air,47132#236088#512768,AC1,air
GYR_10000000000_@4@4@air,50861#254767#553339,GYR,air
CTB_10000000000_@4@4@air,117846#590306#1282109,CTB,air
CTR_10000000000_@4@4@air,116508#583602#1267548,CTR,air
CV1_10000000000_@4@4@air,65062#325905#707845,CV1,air
VRY_10000000000_@4@4@air,65600#328600#713700,VRY,air
SMG_10000000000_@4@4@air,110717#554598#1204554,SMG,air
AC1_10000000000_@4@4@water,45831#330680#721860#1064264#1361795,AC1,water
GYR_10000000000_@4@4@water,49529#357367#780117#1150154#1471697,GYR,water
CTB_10000000000_@4@4@water,114800#828317#1808180#2665866#3411148,CTB,water
CTR_10000000000_@4@4@water,114128#818974#1786930#2634194#3370420,CTR,water
CV1_10000000000_@4@4@water,63390#457373#998426#1472016#1883540,CV1,water
VRY_10000000000_@4@4@water,64063#462231#1009030#1487650#1903545,VRY,water
PRS_10000000000_@4@4@water,2364#16964#37014#54564#69814,PRS,water
SMG_10000000000_@4@4@water,107893#778478#1699385#2505465#3205905,SMG,water
WTF_10000000000_@4@4@water,2364#16964#37014#54564#69814,WTF,water
AC1_10000000000_@4@5@air,39942#246460#474778,AC1,air
GYR_10000000000_@4@5@air,42921#264843#510191,GYR,air
CTB_10000000000_@4@5@air,99865#616220#1187079,CTB,air
CTR_10000000000_@4@5@air,98734#609243#1173638,CTR,air
CV1_10000000000_@4@5@air,55164#340391#655726,CV1,air
VRY_10000000000_@4@5@air,55700#343700#662100,VRY,air
SMG_10000000000_@4@5@air,93824#578946#1115274,SMG,air
AC1_10000000000_@4@5@water,56198#290275#631638#895949#1239262,AC1,water
GYR_10000000000_@4@5@water,60999#315070#685590#972479#1345116,GYR,water
CTB_10000000000_@4@5@water,140799#727257#1582507#2244715#3104853,CTB,water
CTR_10000000000_@4@5@water,139186#718926#1564380#2219002#3069287,CTR,water
CV1_10000000000_@4@5@water,77800#401854#874433#1240344#1715623,CV1,water
VRY_10000000000_@4@5@water,78602#405997#883448#1253131#1733309,VRY,water
PRS_10000000000_@4@5@water,2881#14881#32381#45931#63531,PRS,water
SMG_10000000000_@4@5@water,132367#683705#1487739#2110290#2918919,SMG,water
WTF_10000000000_@4@5@water,2881#14881#32381#45931#63531,WTF,water
AC1_10000000000_@5@1@air,51711#237170#481574,AC1,air
GYR_10000000000_@5@1@air,55785#255857#519517,GYR,air
CTB_10000000000_@5@1@air,128129#590466#1199748,CTB,air
CTR_10000000000_@5@1@air,127315#583929#1185668,CTR,air
CV1_10000000000_@5@1@air,70845#326478#663359,CV1,air
VRY_10000000000_@5@1@air,71500#329500#669500,VRY,air
SMG_10000000000_@5@1@air,120382#554768#1127214,SMG,air
AC1_10000000000_@5@1@water,70475#350305#508257#821238#1060117,AC1,water
GYR_10000000000_@5@1@water,76479#380152#551563#891211#1150444,GYR,water
CTB_10000000000_@5@1@water,176639#878012#1273908#2058371#2657103,CTB,water
CTR_10000000000_@5@1@water,174668#868216#1259695#2035405#2627458,CTR,water
CV1_10000000000_@5@1@water,97585#485059#703772#1137149#1467920,CV1,water
VRY_10000000000_@5@1@water,98600#490107#711097#1148984#1483198,VRY,water
PRS_10000000000_@5@1@water,3614#17964#26064#42114#54364,PRS,water
SMG_10000000000_@5@1@water,166027#825263#1197376#1934710#2497472,SMG,water
WTF_10000000000_@5@1@water,3614#17964#26064#42114#54364,WTF,water
AC1_10000000000_@5@2@air,42903#210066#506942,AC1,air
GYR_10000000000_@5@2@air,46372#227049#547925,GYR,air
CTB_10000000000_@5@2@air,107216#524961#1266863,CTB,air
CTR_10000000000_@5@2@air,106002#519018#1252519,CTR,air
CV1_10000000000_@5@2@air,59309#290394#700792,CV1,air
VRY_10000000000_@5@2@air,59800#292800#706600,VRY,air
SMG_10000000000_@5@2@air,100731#493207#1190232,SMG,air
AC1_10000000000_@5@2@water,60099#408287#510695#826697#1446353,AC1,water
GYR_10000000000_@5@2@water,65386#444201#555617#899415#1573579,GYR,water
CTB_10000000000_@5@2@water,150542#1022716#1279237#2070790#3622966,CTB,water
CTR_10000000000_@5@2@water,149334#1014510#1268974#2054176#3593898,CTR,water
CV1_10000000000_@5@2@water,82863#562935#704133#1139828#1994195,CV1,water
VRY_10000000000_@5@2@water,84025#570826#714003#1155806#2022149,VRY,water
PRS_10000000000_@5@2@water,3081#20931#26181#42382#74148,PRS,water
SMG_10000000000_@5@2@water,141527#961470#1202629#1946779#3406002,SMG,water
WTF_10000000000_@5@2@water,3081#20931#26181#42382#74148,WTF,water
AC1_10000000000_@5@3@air,79609#264979#519827,AC1,air
GYR_10000000000_@5@3@air,85683#285195#559486,GYR,air
CTB_10000000000_@5@3@air,198840#661843#1298383,CTB,air
CTR_10000000000_@5@3@air,196692#654692#1284354,CTR,air
CV1_10000000000_@5@3@air,110000#366135#718271,CV1,air
VRY_10000000000_@5@3@air,110800#368800#723500,VRY,air
SMG_10000000000_@5@3@air,186911#622135#1220484,SMG,air
AC1_10000000000_@5@3@water,66263#512957#836762#1097171#1431723,AC1,water
GYR_10000000000_@5@3@water,71967#557113#908791#1191616#1554967,GYR,water
CTB_10000000000_@5@3@water,166015#1285162#2096421#2748850#3587037,CTB,water
CTR_10000000000_@5@3@water,164314#1271994#2074941#2720684#3550283,CTR,water
CV1_10000000000_@5@3@water,91754#710283#1158649#1519233#1982481,CV1,water
VRY_10000000000_@5@3@water,92661#717310#1170112#1534263#2002094,VRY,water
PRS_10000000000_@5@3@water,3397#26297#42897#56247#73398,PRS,water
SMG_10000000000_@5@3@water,156027#1207837#1970285#2583458#3371214,SMG,water
WTF_10000000000_@5@3@water,3397#26297#42897#56247#73398,WTF,water
AC1_10000000000_@5@4@air,86606#307356#567454,AC1,air
GYR_10000000000_@5@4@air,93016#330104#609452,GYR,air
CTB_10000000000_@5@4@air,215765#767722#1399990,CTB,air
CTR_10000000000_@5@4@air,213977#759383#1399990,CTR,air
CV1_10000000000_@5@4@air,119241#424274#783678,CV1,air
VRY_10000000000_@5@4@air,120400#428400#791300,VRY,air
SMG_10000000000_@5@4@air,202714#721282#1332284,SMG,air
AC1_10000000000_@5@4@water,58437#327516#714560#1036284#1374583,AC1,water
GYR_10000000000_@5@4@water,63506#355926#776543#1126175#1493818,GYR,water
CTB_10000000000_@5@4@water,146482#820972#1791163#2597619#3445619,CTB,water
CTR_10000000000_@5@4@water,144923#812232#1772094#2569963#3408936,CTR,water
CV1_10000000000_@5@4@water,80925#453551#989538#1435069#1903552,CV1,water
VRY_10000000000_@5@4@water,81767#458271#999835#1450002#1923360,VRY,water
PRS_10000000000_@5@4@water,2997#16798#36647#53147#70497,PRS,water
SMG_10000000000_@5@4@water,137683#771655#1683565#2441575#3238634,SMG,water
WTF_10000000000_@5@4@water,2997#16798#36647#53147#70497,WTF,water
AC1_10000000000_@5@5@air,41976#277179#624990,AC1,air
GYR_10000000000_@5@5@air,45276#298972#624990,GYR,air
CTB_10000000000_@5@5@air,104122#691935#1399990,CTB,air
CTR_10000000000_@5@5@air,103605#684138#1399990,CTR,air
CV1_10000000000_@5@5@air,57539#382368#866540,CV1,air
VRY_10000000000_@5@5@air,58100#386100#874990,VRY,air
SMG_10000000000_@5@5@air,97824#650080#1399990,SMG,air
AC1_10000000000_@5@5@water,42221#341702#732882#998221#1295751,AC1,water
GYR_10000000000_@5@5@water,45794#370627#794920#1082719#1405435,GYR,water
CTB_10000000000_@5@5@water,105768#856017#1835984#2500700#3246061,CTB,water
CTR_10000000000_@5@5@water,104546#846125#1814767#2471801#3208549,CTR,water
CV1_10000000000_@5@5@water,58384#472522#1013464#1380388#1791828,CV1,water
VRY_10000000000_@5@5@water,59035#477784#1024750#1395759#1811780,VRY,water
PRS_10000000000_@5@5@water,2164#17515#37564#51164#66414,PRS,water
SMG_10000000000_@5@5@water,99424#804672#1725859#2350704#3051358,SMG,water
WTF_10000000000_@5@5@water,2164#17515#37564#51164#66414,WTF,water
AC1_10000000000_@6@1@air,21155#221191#507286,AC1,air
GYR_10000000000_@6@1@air,22763#238000#545835,GYR,air
CTB_10000000000_@6@1@air,52684#550849#1263333,CTB,air
CTR_10000000000_@6@1@air,52088#544615#1249036,CTR,air
CV1_10000000000_@6@1@air,29103#304291#697868,CV1,air
VRY_10000000000_@6@1@air,29400#307400#705000,VRY,air
SMG_10000000000_@6@1@air,49525#517817#1187576,SMG,air
AC1_10000000000_@6@1@water,55535#318870#707045#1075714#1465839,AC1,water
GYR_10000000000_@6@1@water,60297#346215#767678#1167962#1591543,GYR,water
CTB_10000000000_@6@1@water,139165#799061#1771796#2695650#3673274,CTB,water
CTR_10000000000_@6@1@water,137557#789828#1751323#2664502#3630830,CTR,water
CV1_10000000000_@6@1@water,76773#440816#977441#1487101#2026423,CV1,water
VRY_10000000000_@6@1@water,77683#446039#989024#1504724#2050437,VRY,water
PRS_10000000000_@6@1@water,2847#16347#36247#55147#75147,PRS,water
SMG_10000000000_@6@1@water,130818#751132#1665520#2533959#3452943,SMG,water
WTF_10000000000_@6@1@water,2847#16347#36247#55147#75147,WTF,water
AC1_10000000000_@6@2@air,51369#240055#511963,AC1,air
GYR_10000000000_@6@2@air,55461#259179#552750,GYR,air
CTB_10000000000_@6@2@air,128369#599889#1279381,CTB,air
CTR_10000000000_@6@2@air,126982#593408#1265558,CTR,air
CV1_10000000000_@6@2@air,71014#331862#707759,CV1,air
VRY_10000000000_@6@2@air,71600#334600#713600,VRY,air
SMG_10000000000_@6@2@air,120667#563898#1202622,SMG,air
AC1_10000000000_@6@2@water,43166#256651#627084#908807#1231473,AC1,water
GYR_10000000000_@6@2@water,46929#279029#681758#988045#1338844,GYR,water
CTB_10000000000_@6@2@water,108190#643272#1571726#2277839#3086571,CTB,water
CTR_10000000000_@6@2@water,107082#636685#1555631#2254514#3054964,CTR,water
CV1_10000000000_@6@2@water,59789#355489#868575#1258791#1705717,CV1,water
VRY_10000000000_@6@2@water,60380#359006#877170#1271247#1722595,VRY,water
PRS_10000000000_@6@2@water,2214#13164#32164#46614#63164,PRS,water
SMG_10000000000_@6@2@water,101680#604568#1477159#2140787#2900859,SMG,water
WTF_10000000000_@6@2@water,2213#13158#32148#46591#63133,WTF,water
AC1_10000000000_@6@3@air,56578#209316#476212,AC1,air
GYR_10000000000_@6@3@air,61055#225877#513891,GYR,air
CTB_10000000000_@6@3@air,141307#522782#1189377,CTB,air
CTR_10000000000_@6@3@air,139786#517154#1176574,CTR,air
CV1_10000000000_@6@3@air,78216#289367#658336,CV1,air
VRY_10000000000_@6@3@air,78900#291901#664100,VRY,air
SMG_10000000000_@6@3@air,132908#491707#1118680,SMG,air
AC1_10000000000_@6@3@water,90617#437795#727435#994645#1291111,AC1,water
GYR_10000000000_@6@3@water,98051#474922#789335#1079399#1401222,GYR,water
CTB_10000000000_@6@3@water,226437#1096782#1822884#2492756#3235972,CTB,water
CTR_10000000000_@6@3@water,223753#1083782#1801279#2463211#3197618,CTR,water
CV1_10000000000_@6@3@water,125173#606294#1007679#1377980#1788825,CV1,water
VRY_10000000000_@6@3@water,126373#612107#1017340#1391191#1805975,VRY,water
PRS_10000000000_@6@3@water,4631#22431#37281#50981#66181,PRS,water
SMG_10000000000_@6@3@water,212835#1030897#1713381#2343014#3041584,SMG,water
WTF_10000000000_@6@3@water,4631#22431#37281#50981#66181,WTF,water
AC1_10000000000_@6@4@air,14696#193352#372295,AC1,air
GYR_10000000000_@6@4@air,15913#209364#403126,GYR,air
CTB_10000000000_@6@4@air,36505#480289#924789,CTB,air
CTR_10000000000_@6@4@air,36264#477120#918687,CTR,air
CV1_10000000000_@6@4@air,20274#266736#513596,CV1,air
VRY_10000000000_@6@4@air,20400#268401#516800,VRY,air
SMG_10000000000_@6@4@air,33702#443413#853784,SMG,air
AC1_10000000000_@6@4@water,43183#292838#683898#978413#1281704,AC1,water
GYR_10000000000_@6@4@water,46891#317984#742625#1062429#1391764,GYR,water
CTB_10000000000_@6@4@water,108146#733380#1712750#2450331#3209892,CTB,water
CTR_10000000000_@6@4@water,106919#725056#1693310#2422519#3173459,CTR,water
CV1_10000000000_@6@4@water,59697#404829#945446#1352593#1771874,CV1,water
VRY_10000000000_@6@4@water,60362#409334#955967#1367646#1791593,VRY,water
PRS_10000000000_@6@4@water,2214#15014#35064#50164#65714,PRS,water
SMG_10000000000_@6@4@water,101542#688595#1608158#2300697#3013875,SMG,water
WTF_10000000000_@6@4@water,2214#15014#35064#50164#65714,WTF,water
AC1_10000000001_@1@1@air,14086#181527#365999,AC1,air
GYR_10000000001_@1@1@air,15331#197577#398361,GYR,air
CTB_10000000001_@1@1@air,35075#452027#911390,CTB,air
CTR_10000000001_@1@1@air,34912#449937#907176,CTR,air
CV1_10000000001_@1@1@air,19413#250180#504421,CV1,air
VRY_10000000001_@1@1@air,19600#252601#509300,VRY,air
SMG_10000000001_@1@1@air,33103#426623#860170,SMG,air
AC1_10000000001_@1@1@water,26226#266509#521503#741191#974609,AC1,water
GYR_10000000001_@1@1@water,28438#288987#565487#803704#1056808,GYR,water
CTB_10000000001_@1@1@water,65293#663520#1298373#1845324#2426459,CTB,water
CTR_10000000001_@1@1@water,64760#658110#1287788#1830279#2406676,CTR,water
CV1_10000000001_@1@1@water,36056#366409#716988#1019026#1339940,CV1,water
VRY_10000000001_@1@1@water,36443#370340#724679#1029956#1354313,VRY,water
PRS_10000000001_@1@1@water,1337#13587#26588#37787#49687,PRS,water
SMG_10000000001_@1@1@water,61380#623759#1220570#1734745#2281057,SMG,water
WTF_10000000001_@1@1@water,1337#13587#26588#37787#49687,WTF,water
AC1_10000000001_@1@2@air,37819#213082#411281,AC1,air
GYR_10000000001_@1@2@air,40858#230200#444322,GYR,air
CTB_10000000001_@1@2@air,93142#528400#1020618,CTB,air
CTR_10000000001_@1@2@air,92914#523500#1010434,CTR,air
CV1_10000000001_@1@2@air,51401#291601#563233,CV1,air
VRY_10000000001_@1@2@air,52000#295000#569800,VRY,air
SMG_10000000001_@1@2@air,87604#496980#959930,SMG,air
AC1_10000000001_@1@2@water,16826#259301#486068#738359#972980,AC1,water
GYR_10000000001_@1@2@water,18261#281401#527496#801289#1055907,GYR,water
CTB_10000000001_@1@2@water,41932#646191#1211308#1840031#2424719,CTB,water
CTR_10000000001_@1@2@water,41573#640659#1200938#1824279#2403962,CTR,water
CV1_10000000001_@1@2@water,23150#356753#668746#1015855#1338653,CV1,water
VRY_10000000001_@1@2@water,23384#360359#675506#1026123#1352184,VRY,water
PRS_10000000001_@1@2@water,857#13207#24757#37607#49558,PRS,water
SMG_10000000001_@1@2@water,39407#607288#1138383#1729255#2278743,SMG,water
WTF_10000000001_@1@2@water,857#13207#24757#37607#49558,WTF,water
AC1_10000000001_@1@3@air,41076#219163#404790,AC1,air
GYR_10000000001_@1@3@air,44634#238150#439860,GYR,air
CTB_10000000001_@1@3@air,102471#546748#1009836,CTB,air
CTR_10000000001_@1@3@air,101575#541967#1001005,CTR,air
CV1_10000000001_@1@3@air,56597#301978#557749,CV1,air
VRY_10000000001_@1@3@air,57200#305200#563700,VRY,air
SMG_10000000001_@1@3@air,96295#513797#948975,SMG,air
AC1_10000000001_@1@3@water,22568#267653#493131#742138#977419,AC1,water
GYR_10000000001_@1@3@water,24505#290627#535460#805840#1061318,GYR,water
CTB_10000000001_@1@3@water,56240#667004#1228907#1849444#2435777,CTB,water
CTR_10000000001_@1@3@water,55790#661666#1219073#1834644#2416286,CTR,water
CV1_10000000001_@1@3@water,31060#368365#678686#1021389#1345203,CV1,water
VRY_10000000001_@1@3@water,31373#372087#685543#1031708#1358793,VRY,water
PRS_10000000001_@1@3@water,1151#13651#25151#37851#49851,PRS,water
SMG_10000000001_@1@3@water,52870#627044#1155284#1738644#2289850,SMG,water
WTF_10000000001_@1@3@water,1151#13651#25151#37851#49851,WTF,water
AC1_10000000001_@1@4@air,43712#218415#415549,AC1,air
GYR_10000000001_@1@4@air,47428#236982#450875,GYR,air
CTB_10000000001_@1@4@air,109009#544684#1036298,CTB,air
CTR_10000000001_@1@4@air,107135#538415#1025068,CTR,air
CV1_10000000001_@1@4@air,60227#300936#572551,CV1,air
VRY_10000000001_@1@4@air,60800#303800#578001,VRY,air
SMG_10000000001_@1@4@air,102517#512246#974582,SMG,air
AC1_10000000001_@1@4@water,32467#279346#524265#781920#1019981,AC1,water
GYR_10000000001_@1@4@water,35239#303195#569025#848678#1107065,GYR,water
CTB_10000000001_@1@4@water,80953#696520#1307203#1949641#2543224,CTB,water
CTR_10000000001_@1@4@water,80272#690665#1296214#1933252#2521845,CTR,water
CV1_10000000001_@1@4@water,44711#384691#721974#1076795#1404634,CV1,water
VRY_10000000001_@1@4@water,45161#388566#729246#1087642#1418782,VRY,water
PRS_10000000001_@1@4@water,1657#14258#26757#39907#52057,PRS,water
SMG_10000000001_@1@4@water,76101#654777#1228860#1832795#2390803,SMG,water
WTF_10000000001_@1@4@water,1657#14258#26757#39907#52057,WTF,water
AC1_10000000001_@1@5@air,44824#209640#408503,AC1,air
GYR_10000000001_@1@5@air,48183#226522#441703,GYR,air
CTB_10000000001_@1@5@air,110298#518544#1011124,CTB,air
CTR_10000000001_@1@5@air,109647#515483#1005156,CTR,air
CV1_10000000001_@1@5@air,60954#286561#558774,CV1,air
VRY_10000000001_@1@5@air,61600#289600#564700,VRY,air
SMG_10000000001_@1@5@air,103868#488314#952178,SMG,air
AC1_10000000001_@1@5@water,38238#295967#501758#744788#988797,AC1,water
GYR_10000000001_@1@5@water,41571#321762#545488#809699#1074974,GYR,water
CTB_10000000001_@1@5@water,95304#737661#1250569#1856289#2464452,CTB,water
CTR_10000000001_@1@5@water,94515#731557#1240221#1840930#2444060,CTR,water
CV1_10000000001_@1@5@water,52641#407443#690746#1025313#1361228,CV1,water
VRY_10000000001_@1@5@water,53152#411401#697456#1035273#1374452,VRY,water
PRS_10000000001_@1@5@water,1951#15101#25601#38001#50451,PRS,water
SMG_10000000001_@1@5@water,89594#693468#1175648#1745080#2316808,SMG,water
WTF_10000000001_@1@5@water,1951#15101#25601#38001#50451,WTF,water
AC1_10000000001_@2@1@air,25580#193467#393995,AC1,air
GYR_10000000001_@2@1@air,27693#209448#426540,GYR,air
CTB_10000000001_@2@1@air,63702#481802#981188,CTB,air
CTR_10000000001_@2@1@air,63144#477581#972593,CTR,air
CV1_10000000001_@2@1@air,35128#265681#541059,CV1,air
VRY_10000000001_@2@1@air,35500#268500#546800,VRY,air
SMG_10000000001_@2@1@air,59827#452493#921501,SMG,air
AC1_10000000001_@2@1@water,10016#255982#475491#716558#960565,AC1,water
GYR_10000000001_@2@1@water,10884#278179#516721#778691#1043855,GYR,water
CTB_10000000001_@2@1@water,24969#638179#1185426#1786420#2394744,CTB,water
CTR_10000000001_@2@1@water,24748#632543#1174958#1770646#2373598,CTR,water
CV1_10000000001_@2@1@water,13800#352700#655144#987293#1323493,CV1,water
VRY_10000000001_@2@1@water,13931#356054#661375#996684#1336081,VRY,water
PRS_10000000001_@2@1@water,511#13061#24261#36562#49011,PRS,water
SMG_10000000001_@2@1@water,23470#599865#1114257#1679170#2250972,SMG,water
WTF_10000000001_@2@1@water,511#13061#24261#36562#49011,WTF,water
AC1_10000000001_@2@2@air,39427#214258#397363,AC1,air
GYR_10000000001_@2@2@air,42539#231167#428722,GYR,air
CTB_10000000001_@2@2@air,97660#530714#984262,CTB,air
CTR_10000000001_@2@2@air,96876#526449#976353,CTR,air
CV1_10000000001_@2@2@air,53956#293209#543785,CV1,air
VRY_10000000001_@2@2@air,54800#297800#552300,VRY,air
SMG_10000000001_@2@2@air,91845#499112#925653,SMG,air
AC1_10000000001_@2@2@water,15777#255166#484745#726096#972354,AC1,water
GYR_10000000001_@2@2@water,17125#276968#526162#788135#1055432,GYR,water
CTB_10000000001_@2@2@water,39280#635314#1206920#1807840#2420973,CTB,water
CTR_10000000001_@2@2@water,38945#629887#1196610#1792396#2400292,CTR,water
CV1_10000000001_@2@2@water,21699#350948#666703#998651#1337345,CV1,water
VRY_10000000001_@2@2@water,21939#354838#674093#1009720#1352169,VRY,water
PRS_10000000001_@2@2@water,804#13004#24704#37004#49554,PRS,water
SMG_10000000001_@2@2@water,36886#596586#1133349#1697637#2273395,SMG,water
WTF_10000000001_@2@2@water,804#13004#24704#37004#49554,WTF,water
AC1_10000000001_@2@3@air,12016#172463#358739,AC1,air
GYR_10000000001_@2@3@air,13032#187050#389082,GYR,air
CTB_10000000001_@2@3@air,29912#429324#893036,CTB,air
CTR_10000000001_@2@3@air,29673#425892#885898,CTR,air
CV1_10000000001_@2@3@air,16122#237163#493789,CV1,air
VRY_10000000001_@2@3@air,16700#239700#498600,VRY,air
SMG_10000000001_@2@3@air,28113#403501#839322,SMG,air
AC1_10000000001_@2@3@water,7400#263538#478458#725764#965219,AC1,water
GYR_10000000001_@2@3@water,8023#285711#518714#786827#1046428,GYR,water
CTB_10000000001_@2@3@water,18426#656238#1191413#1807232#2403500,CTB,water
CTR_10000000001_@2@3@water,18261#650368#1180756#1791066#2382001,CTR,water
CV1_10000000001_@2@3@water,10183#362649#658396#998707#1328215,CV1,water
VRY_10000000001_@2@3@water,10279#366067#664603#1008123#1340737,VRY,water
PRS_10000000001_@2@3@water,377#13427#24377#36977#49177,PRS,water
SMG_10000000001_@2@3@water,17322#616913#1120019#1698934#2259472,SMG,water
WTF_10000000001_@2@3@water,377#13427#24377#36977#49177,WTF,water
AC1_10000000001_@2@4@air,18561#186182#383442,AC1,air
GYR_10000000001_@2@4@air,20120#201822#415652,GYR,air
CTB_10000000001_@2@4@air,46376#465198#958077,CTB,air
CTR_10000000001_@2@4@air,45789#459303#945937,CTR,air
CV1_10000000001_@2@4@air,25516#255945#527120,CV1,air
VRY_10000000001_@2@4@air,25800#258800#533000,VRY,air
SMG_10000000001_@2@4@air,43410#435437#896784,SMG,air
AC1_10000000001_@2@4@water,15789#268129#497887#737462#974093,AC1,water
GYR_10000000001_@2@4@water,17127#290847#540070#799944#1056623,GYR,water
CTB_10000000001_@2@4@water,39328#667877#1240174#1836929#2426346,CTB,water
CTR_10000000001_@2@4@water,39002#662342#1229897#1821707#2406240,CTR,water
CV1_10000000001_@2@4@water,21745#369274#685702#1015652#1341545,CV1,water
VRY_10000000001_@2@4@water,21935#372503#691697#1024531#1353274,VRY,water
PRS_10000000001_@2@4@water,804#13654#25354#37554#49604,PRS,water
SMG_10000000001_@2@4@water,36945#627409#1165030#1725626#2279329,SMG,water
WTF_10000000001_@2@4@water,804#13654#25354#37554#49604,WTF,water
AC1_10000000001_@2@5@air,27145#191311#389822,AC1,air
GYR_10000000001_@2@5@air,29485#207800#423421,GYR,air
CTB_10000000001_@2@5@air,67729#477333#972630,CTB,air
CTR_10000000001_@2@5@air,67041#472483#962749,CTR,air
CV1_10000000001_@2@5@air,37442#263878#537688,CV1,air
VRY_10000000001_@2@5@air,37700#265701#541400,VRY,air
SMG_10000000001_@2@5@air,63557#447933#912724,SMG,air
AC1_10000000001_@2@5@water,38238#294004#501753#765359#996627,AC1,water
GYR_10000000001_@2@5@water,41548#319457#545191#831617#1082906,GYR,water
CTB_10000000001_@2@5@water,95278#732574#1250225#1907055#2483308,CTB,water
CTR_10000000001_@2@5@water,94489#726509#1239873#1891265#2462747,CTR,water
CV1_10000000001_@2@5@water,52663#404917#691038#1054089#1372601,CV1,water
VRY_10000000001_@2@5@water,53215#409159#698279#1065134#1386984,VRY,water
PRS_10000000001_@2@5@water,1951#15001#25601#39051#50851,PRS,water
SMG_10000000001_@2@5@water,89519#688297#1174660#1791792#2333215,SMG,water
WTF_10000000001_@2@5@water,1951#15001#25601#39051#50851,WTF,water
AC1_10000000001_@3@1@air,8938#173265#366493,AC1,air
GYR_10000000001_@3@1@air,9678#187623#396865,GYR,air
CTB_10000000001_@3@1@air,22199#430365#910318,CTB,air
CTR_10000000001_@3@1@air,22035#427195#903613,CTR,air
CV1_10000000001_@3@1@air,12277#238005#503434,CV1,air
VRY_10000000001_@3@1@air,12400#240400#508500,VRY,air
SMG_10000000001_@3@1@air,20849#404190#854951,SMG,air
AC1_10000000001_@3@1@water,40867#296773#515421#762503#990956,AC1,water
GYR_10000000001_@3@1@water,44399#322422#559967#828404#1076601,GYR,water
CTB_10000000001_@3@1@water,101828#739474#1284282#1899940#2469179,CTB,water
CTR_10000000001_@3@1@water,100971#733245#1273464#1883935#2448379,CTR,water
CV1_10000000001_@3@1@water,56288#408760#709914#1050231#1364890,CV1,water
VRY_10000000001_@3@1@water,56808#412538#716476#1059939#1377507,VRY,water
PRS_10000000001_@3@1@water,2084#15134#26284#38884#50534,PRS,water
SMG_10000000001_@3@1@water,95699#694959#1206972#1785568#2320540,SMG,water
WTF_10000000001_@3@1@water,2085#15137#26288#38890#50542,WTF,water
AC1_10000000001_@3@2@air,53167#234205#414170,AC1,air
GYR_10000000001_@3@2@air,57871#254927#450814,GYR,air
CTB_10000000001_@3@2@air,132848#585210#1034890,CTB,air
CTR_10000000001_@3@2@air,132150#582132#1029447,CTR,air
CV1_10000000001_@3@2@air,73261#322720#570700,CV1,air
VRY_10000000001_@3@2@air,74300#327300#578800,VRY,air
SMG_10000000001_@3@2@air,122649#540279#955434,SMG,air
AC1_10000000001_@3@2@water,45187#293719#526595#775126#1018766,AC1,water
GYR_10000000001_@3@2@water,49375#319195#572017#841837#1106344,GYR,water
CTB_10000000001_@3@2@water,112769#733011#1314183#1934425#2542457,CTB,water
CTR_10000000001_@3@2@water,111754#726413#1302353#1917012#2519571,CTR,water
CV1_10000000001_@3@2@water,62355#405316#726673#1069634#1405844,CV1,water
VRY_10000000001_@3@2@water,62880#408724#732783#1078627#1417663,VRY,water
PRS_10000000001_@3@2@water,2324#15024#26924#39624#52074,PRS,water
SMG_10000000001_@3@2@water,104015#676110#1212167#1784262#2345095,SMG,water
WTF_10000000001_@3@2@water,2324#15024#26924#39624#52074,WTF,water
AC1_10000000001_@3@3@air,22079#196833#394169,AC1,air
GYR_10000000001_@3@3@air,23985#213833#428212,GYR,air
CTB_10000000001_@3@3@air,55010#490428#982110,CTB,air
CTR_10000000001_@3@3@air,54601#486777#974798,CTR,air
CV1_10000000001_@3@3@air,30415#271156#543005,CV1,air
VRY_10000000001_@3@3@air,30700#273700#548100,VRY,air
SMG_10000000001_@3@3@air,51735#461228#923635,SMG,air
AC1_10000000001_@3@3@water,68623#303122#527810#796649#1024280,AC1,water
GYR_10000000001_@3@3@water,74428#328762#572454#864033#1110918,GYR,water
CTB_10000000001_@3@3@water,170850#754681#1314084#1983412#2550143,CTB,water
CTR_10000000001_@3@3@water,169437#748437#1303211#1967002#2529044,CTR,water
CV1_10000000001_@3@3@water,94413#417043#726173#1096050#1409230,CV1,water
VRY_10000000001_@3@3@water,95269#420823#732755#1105984#1422003,VRY,water
PRS_10000000001_@3@3@water,3497#15447#26897#40597#52197,PRS,water
SMG_10000000001_@3@3@water,157485#695642#1211283#1828250#2350646,SMG,water
WTF_10000000001_@3@3@water,3497#15447#26897#40597#52197,WTF,water
AC1_10000000001_@3@4@air,38194#205783#392577,AC1,air
GYR_10000000001_@3@4@air,41458#223370#426129,GYR,air
CTB_10000000001_@3@4@air,95172#512781#978244,CTB,air
CTR_10000000001_@3@4@air,94414#508694#970447,CTR,air
CV1_10000000001_@3@4@air,52592#283359#540571,CV1,air
VRY_10000000001_@3@4@air,53100#286100#545800,VRY,air
SMG_10000000001_@3@4@air,87864#473405#903126,SMG,air
AC1_10000000001_@3@4@water,45845#271626#512133#780126#997072,AC1,water
GYR_10000000001_@3@4@water,50045#294841#555601#846163#1081379,GYR,water
CTB_10000000001_@3@4@water,114067#675839#1274249#1941049#2480839,CTB,water
CTR_10000000001_@3@4@water,113071#669936#1263119#1924094#2459169,CTR,water
CV1_10000000001_@3@4@water,63050#373566#704334#1072903#1371269,CV1,water
VRY_10000000001_@3@4@water,63658#377167#711123#1083245#1384487,VRY,water
PRS_10000000001_@3@4@water,2351#13851#26101#39751#50801,PRS,water
SMG_10000000001_@3@4@water,105276#623756#1176049#1791462#2289654,SMG,water
WTF_10000000001_@3@4@water,2351#13851#26101#39751#50801,WTF,water
AC1_10000000001_@3@5@air,32023#206886#392760,AC1,air
GYR_10000000001_@3@5@air,34753#224525#426246,GYR,air
CTB_10000000001_@3@5@air,79711#514984#977663,CTB,air
CTR_10000000001_@3@5@air,78925#509904#968020,CTR,air
CV1_10000000001_@3@5@air,44051#284596#540287,CV1,air
VRY_10000000001_@3@5@air,44500#287500#545800,VRY,air
SMG_10000000001_@3@5@air,74880#483770#918406,SMG,air
AC1_10000000001_@3@5@water,46343#276976#507608#782403#1028738,AC1,water
GYR_10000000001_@3@5@water,50611#300789#550967#849051#1116263,GYR,water
CTB_10000000001_@3@5@water,115268#688909#1262551#1946039#2558737,CTB,water
CTR_10000000001_@3@5@water,114993#683424#1251855#1929135#2536268,CTR,water
CV1_10000000001_@3@5@water,63722#380838#697954#1075794#1414501,CV1,water
VRY_10000000001_@3@5@water,64290#384234#704178#1085388#1427115,VRY,water
PRS_10000000001_@3@5@water,2377#14127#25877#39877#52427,PRS,water
SMG_10000000001_@3@5@water,106357#635653#1164950#1795601#2360935,SMG,water
WTF_10000000001_@3@5@water,2377#14127#25877#39877#52427,WTF,water
AC1_10000000010_@1@1@air,37602#193330#363345,AC1,air
GYR_10000000010_@1@1@air,41048#211048#396645,GYR,air
CTB_10000000010_@1@1@air,94215#484407#910396,CTB,air
CTR_10000000010_@1@1@air,93080#478575#899435,CTR,air
CV1_10000000010_@1@1@air,51735#267793#503672,CV1,air
VRY_10000000010_@1@1@air,52200#270200#508200,VRY,air
SMG_10000000010_@1@1@air,87579#453327#852631,SMG,air
AC1_10000000010_@1@1@water,52773#285620#520424#765011#1004707,AC1,water
GYR_10000000010_@1@1@water,57481#311104#566857#833267#1094349,GYR,water
CTB_10000000010_@1@1@water,131833#713519#1300093#1911107#2509901,CTB,water
CTR_10000000010_@1@1@water,130084#707254#1289274#1895544#2489690,CTR,water
CV1_10000000010_@1@1@water,72824#394145#718165#1055686#1386457,CV1,water
VRY_10000000010_@1@1@water,73545#398044#725270#1066130#1400174,VRY,water
PRS_10000000010_@1@1@water,2697#14597#26598#39097#51347,PRS,water
SMG_10000000010_@1@1@water,123877#670460#1221636#1795778#2358436,SMG,water
WTF_10000000010_@1@1@water,2697#14597#26598#39097#51347,WTF,water
AC1_10000000010_@1@2@air,29837#171509#375073,AC1,air
GYR_10000000010_@1@2@air,32440#186472#407795,GYR,air
CTB_10000000010_@1@2@air,74715#429475#939218,CTB,air
CTR_10000000010_@1@2@air,74166#426319#932317,CTR,air
CV1_10000000010_@1@2@air,41235#237027#518353,CV1,air
VRY_10000000010_@1@2@air,41700#239700#524200,VRY,air
SMG_10000000010_@1@2@air,69977#402238#879654,SMG,air
AC1_10000000010_@1@2@water,35026#266770#499492#741014#984492,AC1,water
GYR_10000000010_@1@2@water,38141#290494#543912#806913#1072043,GYR,water
CTB_10000000010_@1@2@water,87522#666602#1248125#1851638#2460038,CTB,water
CTR_10000000010_@1@2@water,86750#660720#1237111#1835299#2438331,CTR,water
CV1_10000000010_@1@2@water,48330#368095#689210#1022468#1358424,CV1,water
VRY_10000000010_@1@2@water,48821#371840#696222#1032870#1372245,VRY,water
PRS_10000000010_@1@2@water,1791#13641#25542#37891#50341,PRS,water
SMG_10000000010_@1@2@water,82243#626393#1172840#1739950#2311652,SMG,water
WTF_10000000010_@1@2@water,1791#13640#25538#37886#50335,WTF,water
AC1_10000000010_@1@3@air,35872#192583#396236,AC1,air
GYR_10000000010_@1@3@air,38966#209198#430422,GYR,air
CTB_10000000010_@1@3@air,89449#480228#988061,CTB,air
CTR_10000000010_@1@3@air,88740#476418#980223,CTR,air
CV1_10000000010_@1@3@air,49394#265183#545610,CV1,air
VRY_10000000010_@1@3@air,49900#267901#551200,VRY,air
SMG_10000000010_@1@3@air,84068#451335#928613,SMG,air
AC1_10000000010_@1@3@water,34498#264287#503854#754177#991788,AC1,water
GYR_10000000010_@1@3@water,37487#287181#547502#819510#1077705,GYR,water
CTB_10000000010_@1@3@water,86099#659600#1257505#1882254#2475279,CTB,water
CTR_10000000010_@1@3@water,85376#654062#1246947#1866452#2454498,CTR,water
CV1_10000000010_@1@3@water,47121#363855#694068#1039106#1366623,CV1,water
VRY_10000000010_@1@3@water,47605#367596#701203#1049788#1380672,VRY,water
PRS_10000000010_@1@3@water,1764#13514#25764#38564#50714,PRS,water
SMG_10000000010_@1@3@water,81003#620564#1183084#1770861#2328789,SMG,water
WTF_10000000010_@1@3@water,1764#13514#25764#38564#50714,WTF,water
AC1_10000000010_@1@4@air,33009#228722#421003,AC1,air
GYR_10000000010_@1@4@air,35285#244495#450036,GYR,air
CTB_10000000010_@1@4@air,81093#561906#1034286,CTB,air
CTR_10000000010_@1@4@air,80445#557415#1026020,CTR,air
CV1_10000000010_@1@4@air,44880#310982#572418,CV1,air
VRY_10000000010_@1@4@air,45200#313200#576500,VRY,air
SMG_10000000010_@1@4@air,74826#518485#954363,SMG,air
AC1_10000000010_@1@4@water,25639#275964#490109#719900#969247,AC1,water
GYR_10000000010_@1@4@water,27923#300547#533768#784029#1055588,GYR,water
CTB_10000000010_@1@4@water,64076#689676#1224858#1799140#2422297,CTB,water
CTR_10000000010_@1@4@water,63519#683681#1214210#1783500#2401239,CTR,water
CV1_10000000010_@1@4@water,35378#380785#676269#993342#1337400,CV1,water
VRY_10000000010_@1@4@water,35774#385047#683840#1004462#1352371,VRY,water
PRS_10000000010_@1@4@water,1311#14111#25061#36811#49561,PRS,water
SMG_10000000010_@1@4@water,60203#647997#1150837#1690413#2275911,SMG,water
WTF_10000000010_@1@4@water,1312#14112#25062#36812#49562,WTF,water
AC1_10000000010_@1@5@air,80800#237372#425545,AC1,air
GYR_10000000010_@1@5@air,87888#258194#462875,GYR,air
CTB_10000000010_@1@5@air,201893#593116#1063302,CTB,air
CTR_10000000010_@1@5@air,200015#587597#1053408,CTR,air
CV1_10000000010_@1@5@air,111376#327198#586581,CV1,air
VRY_10000000010_@1@5@air,112500#330500#592500,VRY,air
SMG_10000000010_@1@5@air,189628#557085#998707,SMG,air
AC1_10000000010_@1@5@water,51194#296696#538285#763247#1006792,AC1,water
GYR_10000000010_@1@5@water,55565#322031#584249#828421#1092763,GYR,water
CTB_10000000010_@1@5@water,127731#740274#1343055#1904349#2512010,CTB,water
CTR_10000000010_@1@5@water,126707#734336#1332282#1889074#2491861,CTR,water
CV1_10000000010_@1@5@water,70521#408706#741502#1051393#1386884,CV1,water
VRY_10000000010_@1@5@water,71270#413050#749383#1062568#1401624,VRY,water
PRS_10000000010_@1@5@water,2618#15167#27517#39017#51467,PRS,water
SMG_10000000010_@1@5@water,119975#695320#1261496#1788704#2359464,SMG,water
WTF_10000000010_@1@5@water,2618#15167#27517#39017#51467,WTF,water
AC1_10000000010_@2@1@air,30330#202194#396805,AC1,air
GYR_10000000010_@2@1@air,33082#218624#428722,GYR,air
CTB_10000000010_@2@1@air,75247#501644#984476,CTB,air
CTR_10000000010_@2@1@air,75291#497566#975729,CTR,air
CV1_10000000010_@2@1@air,41570#277130#543867,CV1,air
VRY_10000000010_@2@1@air,42000#280000#549500,VRY,air
SMG_10000000010_@2@1@air,69379#462526#907706,SMG,air
AC1_10000000010_@2@1@water,22541#286913#519952#752012#989947,AC1,water
GYR_10000000010_@2@1@water,24529#312216#565807#818333#1077252,GYR,water
CTB_10000000010_@2@1@water,56287#716464#1298398#1877888#2472047,CTB,water
CTR_10000000010_@2@1@water,55790#710147#1286951#1861331#2450252,CTR,water
CV1_10000000010_@2@1@water,31079#395602#716921#1036891#1364961,CV1,water
VRY_10000000010_@2@1@water,31404#399728#724398#1047705#1379197,VRY,water
PRS_10000000010_@2@1@water,1151#14651#26551#38401#50551,PRS,water
SMG_10000000010_@2@1@water,52827#672422#1218583#1762450#2320085,SMG,water
WTF_10000000010_@2@1@water,1151#14651#26551#38401#50551,WTF,water
AC1_10000000010_@2@2@air,51205#339864#459461,AC1,air
GYR_10000000010_@2@2@air,55244#366675#495707,GYR,air
CTB_10000000010_@2@2@air,126722#841103#1137086,CTB,air
CTR_10000000010_@2@2@air,125711#834391#1128013,CTR,air
CV1_10000000010_@2@2@air,70095#465247#628967,CV1,air
VRY_10000000010_@2@2@air,70600#468600#633501,VRY,air
SMG_10000000010_@2@2@air,116987#776489#1049735,SMG,air
AC1_10000000010_@2@2@water,41764#290941#527414#759001#1002315,AC1,water
GYR_10000000010_@2@2@water,45509#317028#574704#827057#1092187,GYR,water
CTB_10000000010_@2@2@water,104332#726803#1317540#1896072#2503897,CTB,water
CTR_10000000010_@2@2@water,101984#719389#1305319#1879142#2482020,CTR,water
CV1_10000000010_@2@2@water,57197#400853#726991#1046389#1381960,CV1,water
VRY_10000000010_@2@2@water,57810#405153#734789#1057614#1396784,VRY,water
PRS_10000000010_@2@2@water,2137#14888#26987#38838#51287,PRS,water
SMG_10000000010_@2@2@water,98026#682874#1237907#1781472#2352559,SMG,water
WTF_10000000010_@2@2@water,2138#14889#26991#38843#51294,WTF,water
AC1_10000000010_@2@3@air,27454#213848#415558,AC1,air
GYR_10000000010_@2@3@air,29974#231182#448923,GYR,air
CTB_10000000010_@2@3@air,68931#531644#1032378,CTB,air
CTR_10000000010_@2@3@air,68213#526106#1021624,CTR,air
CV1_10000000010_@2@3@air,37696#293630#570595,CV1,air
VRY_10000000010_@2@3@air,38000#296000#575200,VRY,air
SMG_10000000010_@2@3@air,63442#489305#950162,SMG,air
AC1_10000000010_@2@3@water,33489#289888#509099#735160#987644,AC1,water
GYR_10000000010_@2@3@water,36457#315582#554223#800322#1075186,GYR,water
CTB_10000000010_@2@3@water,83568#723387#1270408#1834523#2464574,CTB,water
CTR_10000000010_@2@3@water,82886#717486#1260045#1819558#2444470,CTR,water
CV1_10000000010_@2@3@water,45819#399928#702677#1014887#1363589,CV1,water
VRY_10000000010_@2@3@water,46682#404089#709659#1024778#1376729,VRY,water
PRS_10000000010_@2@3@water,1711#14812#26011#37561#50461,PRS,water
SMG_10000000010_@2@3@water,78516#679660#1193616#1723632#2315598,SMG,water
WTF_10000000010_@2@3@water,1711#14812#26011#37561#50461,WTF,water
AC1_10000000010_@2@4@air,30574#210675#433550,AC1,air
GYR_10000000010_@2@4@air,32940#226981#467107,GYR,air
CTB_10000000010_@2@4@air,75702#521642#1073493,CTB,air
CTR_10000000010_@2@4@air,74865#515870#1061614,CTR,air
CV1_10000000010_@2@4@air,41822#288182#593053,CV1,air
VRY_10000000010_@2@4@air,42101#290100#597000,VRY,air
SMG_10000000010_@2@4@air,69987#482262#992452,SMG,air
AC1_10000000010_@2@4@water,11566#283590#503754#744465#984199,AC1,water
GYR_10000000010_@2@4@water,12571#308230#547523#809149#1069712,GYR,water
CTB_10000000010_@2@4@water,28870#707864#1257410#1858247#2456642,CTB,water
CTR_10000000010_@2@4@water,28635#702103#1247175#1843122#2436645,CTR,water
CV1_10000000010_@2@4@water,15955#391193#694893#1026938#1357634,CV1,water
VRY_10000000010_@2@4@water,16131#395523#702585#1038306#1372662,VRY,water
PRS_10000000010_@2@4@water,591#14491#25742#38041#50291,PRS,water
SMG_10000000010_@2@4@water,27132#665258#1181727#1746400#2308777,SMG,water
WTF_10000000010_@2@4@water,591#14491#25742#38041#50291,WTF,water
AC1_10000000010_@2@5@air,12884#197552#420298,AC1,air
GYR_10000000010_@2@5@air,14053#215472#458424,GYR,air
CTB_10000000010_@2@5@air,32258#494617#1052316,CTB,air
CTR_10000000010_@2@5@air,31915#489363#1041137,CTR,air
CV1_10000000010_@2@5@air,17828#273357#581577,CV1,air
VRY_10000000010_@2@5@air,18000#276000#587200,VRY,air
SMG_10000000010_@2@5@air,30237#463632#986394,SMG,air
AC1_10000000010_@2@5@water,34517#302585#523692#759475#992323,AC1,water
GYR_10000000010_@2@5@water,37540#329090#569565#826001#1079245,GYR,water
CTB_10000000010_@2@5@water,86170#755397#1307388#1896015#2477315,CTB,water
CTR_10000000010_@2@5@water,85466#749227#1296708#1880527#2457078,CTR,water
CV1_10000000010_@2@5@water,47601#417288#722213#1047376#1368491,CV1,water
VRY_10000000010_@2@5@water,48147#422074#730496#1059388#1384186,VRY,water
PRS_10000000010_@2@5@water,1764#15464#26764#38814#50714,PRS,water
SMG_10000000010_@2@5@water,80972#709829#1228522#1781641#2327875,SMG,water
WTF_10000000010_@2@5@water,1764#15464#26764#38814#50714,WTF,water
AC1_10000000010_@3@1@air,86130#251848#436536,AC1,air
GYR_10000000010_@3@1@air,93036#272041#471538,GYR,air
CTB_10000000010_@3@1@air,213412#624025#1081643,CTB,air
CTR_10000000010_@3@1@air,210667#616000#1067732,CTR,air
CV1_10000000010_@3@1@air,118042#345159#598276,CV1,air
VRY_10000000010_@3@1@air,118500#346500#600600,VRY,air
SMG_10000000010_@3@1@air,197152#576483#999236,SMG,air
AC1_10000000010_@3@1@water,55565#284219#511893#782745#1012381,AC1,water
GYR_10000000010_@3@1@water,60267#308274#555217#848994#1098065,GYR,water
CTB_10000000010_@3@1@water,138398#707923#1275005#1949636#2521606,CTB,water
CTR_10000000010_@3@1@water,137240#702001#1264338#1933326#2500511,CTR,water
CV1_10000000010_@3@1@water,76421#390901#704031#1076549#1392379,CV1,water
VRY_10000000010_@3@1@water,77201#394891#711218#1087539#1406593,VRY,water
PRS_10000000010_@3@1@water,2831#14481#26081#39881#51581,PRS,water
SMG_10000000010_@3@1@water,127250#650901#1172305#1792595#2318494,SMG,water
WTF_10000000010_@3@1@water,2831#14481#26081#39881#51581,WTF,water
AC1_10000000010_@3@2@air,44502#223082#411383,AC1,air
GYR_10000000010_@3@2@air,48581#243534#449099,GYR,air
CTB_10000000010_@3@2@air,111080#556833#1026852,CTB,air
CTR_10000000010_@3@2@air,110551#554183#1021965,CTR,air
CV1_10000000010_@3@2@air,61567#308631#569143,CV1,air
VRY_10000000010_@3@2@air,61801#309800#571300,VRY,air
SMG_10000000010_@3@2@air,104470#523699#965750,SMG,air
AC1_10000000010_@3@2@water,34068#282027#508425#747564#989642,AC1,water
GYR_10000000010_@3@2@water,37032#306567#552664#812610#1075753,GYR,water
CTB_10000000010_@3@2@water,84887#702731#1266849#1862714#2465906,CTB,water
CTR_10000000010_@3@2@water,84173#696823#1256198#1847054#2445175,CTR,water
CV1_10000000010_@3@2@water,46910#388338#700077#1029359#1362690,CV1,water
VRY_10000000010_@3@2@water,47375#392191#707022#1039571#1376209,VRY,water
PRS_10000000010_@3@2@water,1738#14388#25938#38138#50489,PRS,water
SMG_10000000010_@3@2@water,79823#660807#1191271#1751588#2318794,SMG,water
WTF_10000000010_@3@2@water,1739#14392#25946#38149#50502,WTF,water
AC1_10000000010_@3@3@air,37408#230204#410337,AC1,air
GYR_10000000010_@3@3@air,40458#248969#443787,GYR,air
CTB_10000000010_@3@3@air,93162#573302#1021911,CTB,air
CTR_10000000010_@3@3@air,92309#568050#1012549,CTR,air
CV1_10000000010_@3@3@air,51334#315898#563088,CV1,air
VRY_10000000010_@3@3@air,52000#320000#570400,VRY,air
SMG_10000000010_@3@3@air,85620#526892#939184,SMG,air
AC1_10000000010_@3@3@water,45567#294576#515154#780828#997485,AC1,water
GYR_10000000010_@3@3@water,49485#319906#559451#847970#1083257,GYR,water
CTB_10000000010_@3@3@water,113478#733600#1282921#1944547#2484102,CTB,water
CTR_10000000010_@3@3@water,112567#727713#1272626#1928943#2464168,CTR,water
CV1_10000000010_@3@3@water,62738#405579#709277#1075065#1373364,CV1,water
VRY_10000000010_@3@3@water,63322#409357#715884#1085078#1386155,VRY,water
PRS_10000000010_@3@3@water,2324#15024#26274#39824#50874,PRS,water
SMG_10000000010_@3@3@water,106736#690016#1206701#1829020#2336520,SMG,water
WTF_10000000010_@3@3@water,2324#15024#26274#39824#50874,WTF,water
AC1_10000000010_@3@4@air,39473#199808#372940,AC1,air
GYR_10000000010_@3@4@air,42906#217186#405377,GYR,air
CTB_10000000010_@3@4@air,98499#498596#930628,CTB,air
CTR_10000000010_@3@4@air,97645#494269#922552,CTR,air
CV1_10000000010_@3@4@air,54412#275430#514088,CV1,air
VRY_10000000010_@3@4@air,54900#277900#518700,VRY,air
SMG_10000000010_@3@4@air,92571#468585#874614,SMG,air
AC1_10000000010_@3@4@water,16801#260874#521611#732357#974470,AC1,water
GYR_10000000010_@3@4@water,18258#283498#566847#795869#1058978,GYR,water
CTB_10000000010_@3@4@water,41869#650113#1299883#1825073#2428431,CTB,water
CTR_10000000010_@3@4@water,41500#644376#1288413#1808969#2407003,CTR,water
CV1_10000000010_@3@4@water,23132#359173#718156#1008312#1341654,CV1,water
VRY_10000000010_@3@4@water,23354#362625#725059#1018003#1354548,VRY,water
PRS_10000000010_@3@4@water,857#13307#26607#37357#49707,PRS,water
SMG_10000000010_@3@4@water,39360#611156#1221989#1715708#2282910,SMG,water
WTF_10000000010_@3@4@water,857#13307#26607#37357#49707,WTF,water
AC1_10000000010_@3@5@air,36463#211222#390513,AC1,air
GYR_10000000010_@3@5@air,39578#229271#423882,GYR,air
CTB_10000000010_@3@5@air,90533#524446#969609,CTB,air
CTR_10000000010_@3@5@air,90114#522021#965125,CTR,air
CV1_10000000010_@3@5@air,50248#291081#538157,CV1,air
VRY_10000000010_@3@5@air,50700#293700#543000,VRY,air
SMG_10000000010_@3@5@air,85151#493269#911968,SMG,air
AC1_10000000010_@3@5@water,19400#281716#504880#757408#978615,AC1,water
GYR_10000000010_@3@5@water,21102#306423#549160#823835#1064442,GYR,water
CTB_10000000010_@3@5@water,48430#703273#1260378#1890787#2443005,CTB,water
CTR_10000000010_@3@5@water,48025#697394#1249843#1874982#2422584,CTR,water
CV1_10000000010_@3@5@water,26730#388165#695653#1043601#1348392,CV1,water
VRY_10000000010_@3@5@water,27024#392427#703291#1055060#1363198,VRY,water
PRS_10000000010_@3@5@water,991#14391#25791#38691#49991,PRS,water
SMG_10000000010_@3@5@water,44569#647210#1159905#1740060#2248257,SMG,water
WTF_10000000010_@3@5@water,991#14391#25791#38691#49991,WTF,water
AC1_10000001000_@1@1@air,19955#228832#380581,AC1,air
GYR_10000001000_@1@1@air,21121#242198#402810,GYR,air
CTB_10000001000_@1@1@air,47701#555187#923876,CTB,air
CTR_10000001000_@1@1@air,47999#550421#915432,CTR,air
CV1_10000001000_@1@1@air,26316#306290#509692,CV1,air
VRY_10000001000_@1@1@air,26600#309600#515201,VRY,air
SMG_10000001000_@1@1@air,44768#521059#867085,SMG,air
AC1_10000001000_@1@1@water,31212#303888#538329#779814#1023310,AC1,water
GYR_10000001000_@1@1@water,33030#321583#569676#825221#1082896,GYR,water
CTB_10000001000_@1@1@water,75763#737649#1306725#1892897#2483954,CTB,water
CTR_10000001000_@1@1@water,75115#731334#1295537#1876691#2462688,CTR,water
CV1_10000001000_@1@1@water,41788#406856#720734#1044042#1370044,CV1,water
VRY_10000001000_@1@1@water,42316#411997#729841#1057234#1387355,VRY,water
PRS_10000001000_@1@1@water,1551#15101#26752#38751#50851,PRS,water
SMG_10000001000_@1@1@water,71233#693542#1228590#1779712#2335427,SMG,water
WTF_10000001000_@1@1@water,1551#15101#26752#38751#50851,WTF,water
AC1_10000001000_@1@2@air,51267#238430#420119,AC1,air
GYR_10000001000_@1@2@air,54337#252707#445275,GYR,air
CTB_10000001000_@1@2@air,124688#579897#1021792,CTB,air
CTR_10000001000_@1@2@air,123600#574838#1012877,CTR,air
CV1_10000001000_@1@2@air,68807#320005#563856,CV1,air
VRY_10000001000_@1@2@air,69301#322300#567900,VRY,air
SMG_10000001000_@1@2@air,117292#545499#961181,SMG,air
AC1_10000001000_@1@2@water,11908#265778#506552#747325#1004217,AC1,water
GYR_10000001000_@1@2@water,12598#281177#535901#790624#1062401,GYR,water
CTB_10000001000_@1@2@water,28850#643927#1227273#1810619#2433017,CTB,water
CTR_10000001000_@1@2@water,28604#638424#1216785#1795147#2412227,CTR,water
CV1_10000001000_@1@2@water,15926#355463#677483#999503#1343082,CV1,water
VRY_10000001000_@1@2@water,16099#359306#684808#1010310#1357603,VRY,water
PRS_10000001000_@1@2@water,591#13191#25141#37091#49841,PRS,water
SMG_10000001000_@1@2@water,27118#605247#1153552#1701857#2286869,SMG,water
WTF_10000001000_@1@2@water,591#13190#25138#37087#49835,WTF,water
AC1_10000001000_@1@3@air,33735#232003#405116,AC1,air
GYR_10000001000_@1@3@air,35655#245205#428170,GYR,air
CTB_10000001000_@1@3@air,81903#563262#983554,CTB,air
CTR_10000001000_@1@3@air,81083#557623#973707,CTR,air
CV1_10000001000_@1@3@air,45097#310138#541555,CV1,air
VRY_10000001000_@1@3@air,45600#313600#547600,VRY,air
SMG_10000001000_@1@3@air,76862#528591#923011,SMG,air
AC1_10000001000_@1@3@water,16219#279475#506420#749503#1010741,AC1,water
GYR_10000001000_@1@3@water,17141#295348#535182#792071#1068147,GYR,water
CTB_10000001000_@1@3@water,39280#676838#1226458#1815161#2447834,CTB,water
CTR_10000001000_@1@3@water,38954#671224#1216284#1800103#2427528,CTR,water
CV1_10000001000_@1@3@water,21686#373668#677101#1002111#1351396,CV1,water
VRY_10000001000_@1@3@water,21920#377706#684417#1012939#1365998,VRY,water
PRS_10000001000_@1@3@water,804#13854#25104#37154#50104,PRS,water
SMG_10000001000_@1@3@water,36926#636269#1152944#1706360#2301111,SMG,water
WTF_10000001000_@1@3@water,804#13853#25101#37150#50098,WTF,water
AC1_10000001000_@1@4@air,17325#237955#405131,AC1,air
GYR_10000001000_@1@4@air,18316#251569#428309,GYR,air
CTB_10000001000_@1@4@air,41908#575599#979986,CTB,air
CTR_10000001000_@1@4@air,41574#571014#972181,CTR,air
CV1_10000001000_@1@4@air,23127#317640#540798,CV1,air
VRY_10000001000_@1@4@air,23400#321400#547200,VRY,air
SMG_10000001000_@1@4@air,39435#541630#922153,SMG,air
AC1_10000001000_@1@4@water,27688#288438#527294#763163#1012966,AC1,water
GYR_10000001000_@1@4@water,29295#308384#564038#816497#1083869,GYR,water
CTB_10000001000_@1@4@water,67142#706800#1292745#1871367#2484169,CTB,water
CTR_10000001000_@1@4@water,66622#701322#1282727#1856864#2464917,CTR,water
CV1_10000001000_@1@4@water,37068#390209#713698#1033143#1371457,CV1,water
VRY_10000001000_@1@4@water,37531#395087#722620#1046058#1388602,VRY,water
PRS_10000001000_@1@4@water,1391#14491#26491#38341#50891,PRS,water
SMG_10000001000_@1@4@water,63118#664433#1215256#1759194#2335263,SMG,water
WTF_10000001000_@1@4@water,1376#14479#26483#38336#50889,WTF,water
AC1_10000001000_@1@5@air,39466#215363#408333,AC1,air
GYR_10000001000_@1@5@air,41711#227611#431554,GYR,air
CTB_10000001000_@1@5@air,95681#522124#989958,CTB,air
CTR_10000001000_@1@5@air,95112#519016#984063,CTR,air
CV1_10000001000_@1@5@air,52775#287986#546026,CV1,air
VRY_10000001000_@1@5@air,53400#291400#552500,VRY,air
SMG_10000001000_@1@5@air,90042#491352#931613,SMG,air
AC1_10000001000_@1@5@water,16217#281456#531566#772600#1030779,AC1,water
GYR_10000001000_@1@5@water,17122#297162#561230#815715#1088302,GYR,water
CTB_10000001000_@1@5@water,39254#681269#1286668#1870096#2495023,CTB,water
CTR_10000001000_@1@5@water,38928#675616#1275991#1854578#2474320,CTR,water
CV1_10000001000_@1@5@water,21680#376258#710613#1032835#1377976,CV1,water
VRY_10000001000_@1@5@water,21907#380208#718074#1043679#1392443,VRY,water
PRS_10000001000_@1@5@water,804#13954#26354#38304#51104,PRS,water
SMG_10000001000_@1@5@water,36911#640609#1209876#1758484#2346114,SMG,water
WTF_10000001000_@1@5@water,804#13954#26354#38304#51104,WTF,water
AC1_10000001000_@2@1@air,31107#210651#401870,AC1,air
GYR_10000001000_@2@1@air,32854#222487#424449,GYR,air
CTB_10000001000_@2@1@air,75403#510625#974145,CTB,air
CTR_10000001000_@2@1@air,74884#507106#967432,CTR,air
CV1_10000001000_@2@1@air,41602#281726#537462,CV1,air
VRY_10000001000_@2@1@air,42100#285100#543900,VRY,air
SMG_10000001000_@2@1@air,70969#480597#916860,SMG,air
AC1_10000001000_@2@1@water,48974#312879#526421#791333#1029050,AC1,water
GYR_10000001000_@2@1@water,51729#330480#556035#835850#1086939,GYR,water
CTB_10000001000_@2@1@water,118654#758044#1275413#1917244#2493183,CTB,water
CTR_10000001000_@2@1@water,117702#751962#1265180#1901861#2473180,CTR,water
CV1_10000001000_@2@1@water,65535#418681#704433#1058927#1377028,CV1,water
VRY_10000001000_@2@1@water,66243#423209#712051#1070379#1391920,VRY,water
PRS_10000001000_@2@1@water,2431#15531#26131#39281#51081,PRS,water
SMG_10000001000_@2@1@water,111572#712802#1199294#1802818#2344384,SMG,water
WTF_10000001000_@2@1@water,2431#15531#26131#39281#51081,WTF,water
AC1_10000001000_@2@2@air,45524#213749#404035,AC1,air
GYR_10000001000_@2@2@air,48158#226115#427410,GYR,air
CTB_10000001000_@2@2@air,110607#519329#981651,CTB,air
CTR_10000001000_@2@2@air,109574#514480#972485,CTR,air
CV1_10000001000_@2@2@air,61019#286499#541549,CV1,air
VRY_10000001000_@2@2@air,61700#289700#547601,VRY,air
SMG_10000001000_@2@2@air,103789#487318#921144,SMG,air
AC1_10000001000_@2@2@water,33341#299945#524296#790900#1024304,AC1,water
GYR_10000001000_@2@2@water,35297#317542#555053#837298#1084395,GYR,water
CTB_10000001000_@2@2@water,80844#727303#1271304#1917763#2483719,CTB,water
CTR_10000001000_@2@2@water,80228#721759#1261612#1903143#2464785,CTR,water
CV1_10000001000_@2@2@water,44644#401628#702034#1059019#1371549,CV1,water
VRY_10000001000_@2@2@water,45136#406059#709780#1070703#1386681,VRY,water
PRS_10000001000_@2@2@water,1657#14907#26057#39307#50907,PRS,water
SMG_10000001000_@2@2@water,76028#683972#1195563#1803507#2335745,SMG,water
WTF_10000001000_@2@2@water,1657#14907#26057#39307#50907,WTF,water
AC1_10000001000_@2@3@air,21656#179083#359791,AC1,air
GYR_10000001000_@2@3@air,22895#189327#380373,GYR,air
CTB_10000001000_@2@3@air,52489#434063#872067,CTB,air
CTR_10000001000_@2@3@air,52134#431126#866167,CTR,air
CV1_10000001000_@2@3@air,28624#239645#481874,CV1,air
VRY_10000001000_@2@3@air,29300#242300#486801,VRY,air
SMG_10000001000_@2@3@air,49362#408200#820106,SMG,air
AC1_10000001000_@2@3@water,36081#304153#534496#786682#1022983,AC1,water
GYR_10000001000_@2@3@water,38716#326364#573529#844131#1097688,GYR,water
CTB_10000001000_@2@3@water,88807#748622#1315575#1936290#2517905,CTB,water
CTR_10000001000_@2@3@water,88097#742636#1305055#1920806#2497770,CTR,water
CV1_10000001000_@2@3@water,49059#413557#726755#1069653#1390950,CV1,water
VRY_10000001000_@2@3@water,49570#417865#734326#1080797#1405442,VRY,water
PRS_10000001000_@2@3@water,1817#15317#26917#39617#51517,PRS,water
SMG_10000001000_@2@3@water,83507#703945#1237063#1820735#2367640,SMG,water
WTF_10000001000_@2@3@water,1817#15317#26917#39617#51517,WTF,water
AC1_10000001000_@2@4@air,48118#216640#417757,AC1,air
GYR_10000001000_@2@4@air,50836#228876#441352,GYR,air
CTB_10000001000_@2@4@air,116693#525387#1013132,CTB,air
CTR_10000001000_@2@4@air,115615#520532#1003768,CTR,air
CV1_10000001000_@2@4@air,64720#291386#561894,CV1,air
VRY_10000001000_@2@4@air,65100#293100#565200,VRY,air
SMG_10000001000_@2@4@air,109754#494142#952880,SMG,air
AC1_10000001000_@2@4@water,12955#270436#509813#771317#1011699,AC1,water
GYR_10000001000_@2@4@water,13717#286338#539791#816672#1071190,GYR,water
CTB_10000001000_@2@4@water,31450#656539#1237677#1872533#2456112,CTB,water
CTR_10000001000_@2@4@water,31181#650924#1227091#1856517#2435104,CTR,water
CV1_10000001000_@2@4@water,17373#362667#683682#1034371#1356735,CV1,water
VRY_10000001000_@2@4@water,17548#366321#690570#1044792#1370404,VRY,water
PRS_10000001000_@2@4@water,644#13444#25344#38344#50295,PRS,water
SMG_10000001000_@2@4@water,29561#617102#1163331#1760053#2308577,SMG,water
WTF_10000001000_@2@4@water,644#13443#25341#38339#50288,WTF,water
AC1_10000001000_@2@5@air,11127#182817#390982,AC1,air
GYR_10000001000_@2@5@air,11747#193003#412766,GYR,air
CTB_10000001000_@2@5@air,27134#445822#953458,CTB,air
CTR_10000001000_@2@5@air,26060#439362#940468,CTR,air
CV1_10000001000_@2@5@air,14917#245082#524146,CV1,air
VRY_10000001000_@2@5@air,15100#248100#530600,VRY,air
SMG_10000001000_@2@5@air,25381#417016#891852,SMG,air
AC1_10000001000_@2@5@water,10289#288148#511643#758293#1003937,AC1,water
GYR_10000001000_@2@5@water,10888#304926#541435#802447#1062394,GYR,water
CTB_10000001000_@2@5@water,24952#698781#1240774#1838919#2434623,CTB,water
CTR_10000001000_@2@5@water,24752#693175#1230820#1824166#2415091,CTR,water
CV1_10000001000_@2@5@water,13790#386178#685708#1016270#1345482,CV1,water
VRY_10000001000_@2@5@water,13940#390396#693197#1027369#1360178,VRY,water
PRS_10000001000_@2@5@water,511#14312#25411#37661#49861,PRS,water
SMG_10000001000_@2@5@water,23460#656997#1166582#1728961#2289045,SMG,water
WTF_10000001000_@2@5@water,511#14312#25411#37661#49861,WTF,water
AC1_10000001000_@3@1@air,38591#229323#413180,AC1,air
GYR_10000001000_@3@1@air,40768#242265#436498,GYR,air
CTB_10000001000_@3@1@air,93524#555766#1001345,CTB,air
CTR_10000001000_@3@1@air,92847#551746#994102,CTR,air
CV1_10000001000_@3@1@air,51662#307003#553140,CV1,air
VRY_10000001000_@3@1@air,52200#310200#558900,VRY,air
SMG_10000001000_@3@1@air,87955#522674#941723,SMG,air
AC1_10000001000_@3@1@water,50452#324881#574453#810104#1055698,AC1,water
GYR_10000001000_@3@1@water,53977#347583#614595#866713#1129469,GYR,water
CTB_10000001000_@3@1@water,123894#797814#1410690#1989382#2592492,CTB,water
CTR_10000001000_@3@1@water,122852#791102#1398822#1972645#2570681,CTR,water
CV1_10000001000_@3@1@water,68392#440407#778725#1098173#1431100,CV1,water
VRY_10000001000_@3@1@water,69140#445225#787245#1110188#1446757,VRY,water
PRS_10000001000_@3@1@water,2537#16338#28887#40738#53087,PRS,water
SMG_10000001000_@3@1@water,116454#749900#1325968#1869906#2436794,SMG,water
WTF_10000001000_@3@1@water,2537#16338#28887#40738#53087,WTF,water
AC1_10000001000_@3@2@air,21210#189703#391970,AC1,air
GYR_10000001000_@3@2@air,22399#200337#413941,GYR,air
CTB_10000001000_@3@2@air,51450#460178#950830,CTB,air
CTR_10000001000_@3@2@air,51214#458065#946464,CTR,air
CV1_10000001000_@3@2@air,28384#253867#524546,CV1,air
VRY_10000001000_@3@2@air,28700#256700#530400,VRY,air
SMG_10000001000_@3@2@air,48326#432234#893092,SMG,air
AC1_10000001000_@3@2@water,27540#294867#524870#771012#1024216,AC1,water
GYR_10000001000_@3@2@water,29028#310794#553219#812657#1079537,GYR,water
CTB_10000001000_@3@2@water,66633#713431#1269921#1865464#2478091,CTB,water
CTR_10000001000_@3@2@water,66091#707632#1259599#1850300#2457948,CTR,water
CV1_10000001000_@3@2@water,36791#393916#701178#1030002#1368260,CV1,water
VRY_10000001000_@3@2@water,37182#398104#708632#1040952#1382806,VRY,water
PRS_10000001000_@3@2@water,1365#14615#26015#38215#50765,PRS,water
SMG_10000001000_@3@2@water,62649#670770#1193984#1753915#2329910,SMG,water
WTF_10000001000_@3@2@water,1365#14615#26015#38215#50765,WTF,water
AC1_10000001000_@3@3@air,29712#197806#394505,AC1,air
GYR_10000001000_@3@3@air,31363#208800#416432,GYR,air
CTB_10000001000_@3@3@air,71997#479323#955966,CTB,air
CTR_10000001000_@3@3@air,71418#475470#948280,CTR,air
CV1_10000001000_@3@3@air,39714#264398#527318,CV1,air
VRY_10000001000_@3@3@air,40300#268300#535100,VRY,air
SMG_10000001000_@3@3@air,67617#450165#897812,SMG,air
AC1_10000001000_@3@3@water,17303#311060#584627#796616#1036871,AC1,water
GYR_10000001000_@3@3@water,18250#328090#616634#840230#1093638,GYR,water
CTB_10000001000_@3@3@water,41847#752311#1413946#1926652#2507719,CTB,water
CTR_10000001000_@3@3@water,41547#746915#1403804#1912833#2489732,CTR,water
CV1_10000001000_@3@3@water,23140#415996#781852#1065357#1386662,CV1,water
VRY_10000001000_@3@3@water,23375#420227#789804#1076192#1400765,VRY,water
PRS_10000001000_@3@3@water,857#15407#28957#39457#51357,PRS,water
SMG_10000001000_@3@3@water,39339#707218#1329194#1811169#2357407,SMG,water
WTF_10000001000_@3@3@water,857#15407#28957#39457#51357,WTF,water
AC1_10000001000_@3@4@air,19166#195277#375532,AC1,air
GYR_10000001000_@3@4@air,20219#206007#396167,GYR,air
CTB_10000001000_@3@4@air,46478#473565#910702,CTB,air
CTR_10000001000_@3@4@air,46013#468828#901593,CTR,air
CV1_10000001000_@3@4@air,25646#261307#502513,CV1,air
VRY_10000001000_@3@4@air,25900#263900#507500,VRY,air
SMG_10000001000_@3@4@air,43592#444163#854160,SMG,air
AC1_10000001000_@3@4@water,23734#298981#540956#769824#1017848,AC1,water
GYR_10000001000_@3@4@water,25062#315709#571222#812895#1074796,GYR,water
CTB_10000001000_@3@4@water,57479#724079#1310100#1864378#2465050,CTB,water
CTR_10000001000_@3@4@water,57026#718362#1299756#1849659#2445588,CTR,water
CV1_10000001000_@3@4@water,31707#399413#722672#1028420#1359760,CV1,water
VRY_10000001000_@3@4@water,32083#404155#731252#1040630#1375904,VRY,water
PRS_10000001000_@3@4@water,1177#14827#26827#38177#50477,PRS,water
SMG_10000001000_@3@4@water,54011#680386#1231045#1751877#2316302,SMG,water
WTF_10000001000_@3@4@water,1177#14827#26827#38177#50477,WTF,water
AC1_10000001000_@3@5@air,31129#234435#399314,AC1,air
GYR_10000001000_@3@5@air,32675#246075#419141,GYR,air
CTB_10000001000_@3@5@air,75063#565306#962887,CTB,air
CTR_10000001000_@3@5@air,74402#560326#954405,CTR,air
CV1_10000001000_@3@5@air,41427#311987#531407,CV1,air
VRY_10000001000_@3@5@air,41800#314800#536201,VRY,air
SMG_10000001000_@3@5@air,70594#531645#905552,SMG,air
AC1_10000001000_@3@5@water,25382#295953#521092#771471#1017812,AC1,water
GYR_10000001000_@3@5@water,26729#311665#548757#812429#1071848,GYR,water
CTB_10000001000_@3@5@water,61394#715871#1260454#1866090#2461957,CTB,water
CTR_10000001000_@3@5@water,60853#709554#1249332#1849623#2440232,CTR,water
CV1_10000001000_@3@5@water,33857#394776#695094#1029079#1357677,CV1,water
VRY_10000001000_@3@5@water,34250#399359#703163#1041026#1373439,VRY,water
PRS_10000001000_@3@5@water,1257#14657#25807#38207#50407,PRS,water
SMG_10000001000_@3@5@water,57715#672975#1184926#1754270#2314431,SMG,water
WTF_10000001000_@3@5@water,1257#14657#25807#38207#50407,WTF,water
AC1_10000100000_@1@1@air,14989#190712#390726,AC1,air
GYR_10000100000_@1@1@air,16160#201634#412747,GYR,air
CTB_10000100000_@1@1@air,36417#463373#949349,CTB,air
CTR_10000100000_@1@1@air,36772#458834#939240,CTR,air
CV1_10000100000_@1@1@air,20066#255323#523100,CV1,air
VRY_10000100000_@1@1@air,20301#258300#529200,VRY,air
SMG_10000100000_@1@1@air,34183#434949#891115,SMG,air
AC1_10000100000_@1@1@water,34621#299145#531483#798018#1012253,AC1,water
GYR_10000100000_@1@1@water,37006#317160#563226#845510#1072402,GYR,water
CTB_10000100000_@1@1@water,84840#727119#1291250#1938413#2458585,CTB,water
CTR_10000100000_@1@1@water,84147#721178#1280699#1922575#2438497,CTR,water
CV1_10000100000_@1@1@water,46403#400956#712370#1069619#1356767,CV1,water
VRY_10000100000_@1@1@water,46956#405730#720851#1082354#1372920,VRY,water
PRS_10000100000_@1@1@water,1737#14887#26437#39687#50337,PRS,water
SMG_10000100000_@1@1@water,79765#683623#1214008#1822458#2311514,SMG,water
WTF_10000100000_@1@1@water,1737#14887#26437#39687#50337,WTF,water
AC1_10000100000_@1@2@air,25744#212366#401053,AC1,air
GYR_10000100000_@1@2@air,27544#224754#424148,GYR,air
CTB_10000100000_@1@2@air,62494#515527#973574,CTB,air
CTR_10000100000_@1@2@air,62683#511491#965267,CTR,air
CV1_10000100000_@1@2@air,34498#284582#537434,CV1,air
VRY_10000100000_@1@2@air,34900#287900#543700,VRY,air
SMG_10000100000_@1@2@air,58818#485205#916310,SMG,air
AC1_10000100000_@1@2@water,30384#290122#537778#762280#1002889,AC1,water
GYR_10000100000_@1@2@water,32460#307212#569185#806664#1061183,GYR,water
CTB_10000100000_@1@2@water,74436#704501#1305261#1849852#2433517,CTB,water
CTR_10000100000_@1@2@water,73838#698840#1294772#1834986#2413961,CTR,water
CV1_10000100000_@1@2@water,40716#388773#720642#1021482#1343907,CV1,water
VRY_10000100000_@1@2@water,41182#393224#728892#1033176#1359293,VRY,water
PRS_10000100000_@1@2@water,1524#14424#26724#37874#49824,PRS,water
SMG_10000100000_@1@2@water,70012#662630#1227683#1739907#2288882,SMG,water
WTF_10000100000_@1@2@water,1524#14424#26724#37874#49824,WTF,water
AC1_10000100000_@1@3@air,19414#193768#386071,AC1,air
GYR_10000100000_@1@3@air,20612#205722#409887,GYR,air
CTB_10000100000_@1@3@air,47287#471972#940374,CTB,air
CTR_10000100000_@1@3@air,47094#470051#936548,CTR,air
CV1_10000100000_@1@3@air,26182#261321#520666,CV1,air
VRY_10000100000_@1@3@air,26500#264501#527000,VRY,air
SMG_10000100000_@1@3@air,44504#444191#885023,SMG,air
AC1_10000100000_@1@3@water,41939#304555#531955#786523#1024991,AC1,water
GYR_10000100000_@1@3@water,44332#321935#562312#831406#1083483,GYR,water
CTB_10000100000_@1@3@water,101760#738976#1290741#1908425#2487046,CTB,water
CTR_10000100000_@1@3@water,100874#732546#1279511#1891822#2465409,CTR,water
CV1_10000100000_@1@3@water,55766#407494#712056#1053004#1372389,CV1,water
VRY_10000100000_@1@3@water,56793#412430#720376#1065112#1388047,VRY,water
PRS_10000100000_@1@3@water,2084#15134#26434#39084#50935,PRS,water
SMG_10000100000_@1@3@water,95577#694076#1212316#1792471#2335935,SMG,water
WTF_10000100000_@1@3@water,2084#15134#26434#39084#50935,WTF,water
AC1_10000100000_@1@4@air,20726#200594#399633,AC1,air
GYR_10000100000_@1@4@air,22191#212011#422064,GYR,air
CTB_10000100000_@1@4@air,50209#485951#968135,CTB,air
CTR_10000100000_@1@4@air,50468#482178#959901,CTR,air
CV1_10000100000_@1@4@air,27706#268147#534216,CV1,air
VRY_10000100000_@1@4@air,28000#271000#539900,VRY,air
SMG_10000100000_@1@4@air,47369#458455#913358,SMG,air
AC1_10000100000_@1@4@water,9987#278747#505231#756879#999468,AC1,water
GYR_10000100000_@1@4@water,10866#294736#533952#799747#1055974,GYR,water
CTB_10000100000_@1@4@water,24942#676536#1225632#1835739#2423881,CTB,water
CTR_10000100000_@1@4@water,24722#670568#1214821#1819546#2402501,CTR,water
CV1_10000100000_@1@4@water,13368#373132#676304#1013161#1337892,CV1,water
VRY_10000100000_@1@4@water,13512#377158#683602#1024094#1352329,VRY,water
PRS_10000100000_@1@4@water,511#13861#25111#37611#49661,PRS,water
SMG_10000100000_@1@4@water,23450#636066#1152315#1725926#2278887,SMG,water
WTF_10000100000_@1@4@water,511#13861#25111#37611#49661,WTF,water
AC1_10000100000_@1@5@air,40813#227871#419513,AC1,air
GYR_10000100000_@1@5@air,43089#240578#442906,GYR,air
CTB_10000100000_@1@5@air,98848#551898#1016050,CTB,air
CTR_10000100000_@1@5@air,98124#547857#1008612,CTR,air
CV1_10000100000_@1@5@air,54700#305404#562252,CV1,air
VRY_10000100000_@1@5@air,55200#308200#567400,VRY,air
SMG_10000100000_@1@5@air,92965#519053#955583,SMG,air
AC1_10000100000_@1@5@water,45413#306085#535557#795222#1032746,AC1,water
GYR_10000100000_@1@5@water,48377#324237#567079#841874#1093237,GYR,water
CTB_10000100000_@1@5@water,110877#743132#1299712#1929525#2505634,CTB,water
CTR_10000100000_@1@5@water,110120#738061#1290843#1916359#2488537,CTR,water
CV1_10000100000_@1@5@water,60980#411011#719146#1067826#1386773,CV1,water
VRY_10000100000_@1@5@water,61577#415032#726182#1078273#1400341,VRY,water
PRS_10000100000_@1@5@water,2271#15221#26621#39521#51321,PRS,water
SMG_10000100000_@1@5@water,104186#698287#1221279#1813085#2354428,SMG,water
WTF_10000100000_@1@5@water,2271#15221#26621#39521#51321,WTF,water
AC1_10000100000_@2@1@air,9213#191988#385301,AC1,air
GYR_10000100000_@2@1@air,10088#203481#408025,GYR,air
CTB_10000100000_@2@1@air,23065#465253#932939,CTB,air
CTR_10000100000_@2@1@air,22970#463337#929096,CTR,air
CV1_10000100000_@2@1@air,12342#257195#516167,CV1,air
VRY_10000100000_@2@1@air,12500#260500#522800,VRY,air
SMG_10000100000_@2@1@air,20990#437420#877862,SMG,air
AC1_10000100000_@2@1@water,30328#289751#530070#761340#1011714,AC1,water
GYR_10000100000_@2@1@water,32089#306578#560854#805554#1070468,GYR,water
CTB_10000100000_@2@1@water,73626#703435#1286862#1848319#2456158,CTB,water
CTR_10000100000_@2@1@water,73045#697879#1276698#1833721#2436759,CTR,water
CV1_10000100000_@2@1@water,40758#389407#712380#1023190#1359677,CV1,water
VRY_10000100000_@2@1@water,41151#393162#719249#1033057#1372788,VRY,water
PRS_10000100000_@2@1@water,1524#14424#26374#37874#50324,PRS,water
SMG_10000100000_@2@1@water,69250#661622#1210370#1738454#2310162,SMG,water
WTF_10000100000_@2@1@water,1509#14412#26366#37869#50322,WTF,water
AC1_10000100000_@2@2@air,19388#202207#397262,AC1,air
GYR_10000100000_@2@2@air,20522#214037#420505,GYR,air
CTB_10000100000_@2@2@air,47083#491052#964739,CTB,air
CTR_10000100000_@2@2@air,46614#486160#955128,CTR,air
CV1_10000100000_@2@2@air,25961#270761#531947,CV1,air
VRY_10000100000_@2@2@air,26300#274300#538900,VRY,air
SMG_10000100000_@2@2@air,44249#461501#906681,SMG,air
AC1_10000100000_@2@2@water,34020#292497#536061#775649#1012255,AC1,water
GYR_10000100000_@2@2@water,36390#312870#573400#829677#1082763,GYR,water
CTB_10000100000_@2@2@water,83558#718420#1316655#1905123#2486266,CTB,water
CTR_10000100000_@2@2@water,82865#712459#1305730#1889316#2465636,CTR,water
CV1_10000100000_@2@2@water,46179#397036#727651#1052868#1374037,CV1,water
VRY_10000100000_@2@2@water,46720#401690#736181#1065211#1390146,VRY,water
PRS_10000100000_@2@2@water,1711#14711#26961#39011#50911,PRS,water
SMG_10000100000_@2@2@water,78561#675456#1237915#1791191#2337580,SMG,water
WTF_10000100000_@2@2@water,1711#14711#26961#39011#50911,WTF,water
AC1_10000100000_@2@3@air,42243#225390#421609,AC1,air
GYR_10000100000_@2@3@air,44630#238130#445439,GYR,air
CTB_10000100000_@2@3@air,102675#547837#1024770,CTB,air
CTR_10000100000_@2@3@air,101711#542694#1015151,CTR,air
CV1_10000100000_@2@3@air,56855#303357#567452,CV1,air
VRY_10000100000_@2@3@air,57200#305201#570900,VRY,air
SMG_10000100000_@2@3@air,96423#514477#962368,SMG,air
AC1_10000100000_@2@3@water,22632#289416#558214#776675#1023325,AC1,water
GYR_10000100000_@2@3@water,23934#306074#590344#821379#1082225,GYR,water
CTB_10000100000_@2@3@water,54899#702060#1354104#1884043#2482361,CTB,water
CTR_10000100000_@2@3@water,54482#696724#1343812#1869723#2463494,CTR,water
CV1_10000100000_@2@3@water,30349#388107#748565#1041521#1372278,CV1,water
VRY_10000100000_@2@3@water,30675#392274#756602#1052704#1387013,VRY,water
PRS_10000100000_@2@3@water,1124#14374#27724#38574#50825,PRS,water
SMG_10000100000_@2@3@water,51630#660247#1273457#1771834#2334518,SMG,water
WTF_10000100000_@2@3@water,1124#14374#27724#38574#50825,WTF,water
AC1_10000100000_@2@4@air,10903#197276#400296,AC1,air
GYR_10000100000_@2@4@air,11563#209212#424517,GYR,air
CTB_10000100000_@2@4@air,26579#480936#975879,CTB,air
CTR_10000100000_@2@4@air,26313#476121#966108,CTR,air
CV1_10000100000_@2@4@air,14660#265267#538259,CV1,air
VRY_10000100000_@2@4@air,14800#267800#543400,VRY,air
SMG_10000100000_@2@4@air,24928#451055#915247,SMG,air
AC1_10000100000_@2@4@water,38180#275673#519203#781854#1031422,AC1,water
GYR_10000100000_@2@4@water,40398#291687#549364#827273#1091339,GYR,water
CTB_10000100000_@2@4@water,92616#668715#1259462#1896589#2501982,CTB,water
CTR_10000100000_@2@4@water,91847#663167#1249012#1880853#2481223,CTR,water
CV1_10000100000_@2@4@water,51189#369598#696102#1048241#1382841,CV1,water
VRY_10000100000_@2@4@water,51735#373544#703534#1059432#1397603,VRY,water
PRS_10000100000_@2@4@water,1897#13697#25797#38847#51247,PRS,water
SMG_10000100000_@2@4@water,87088#628805#1184294#1783396#2352657,SMG,water
WTF_10000100000_@2@4@water,1897#13697#25797#38847#51247,WTF,water
AC1_10000100000_@2@5@air,40753#222916#410047,AC1,air
GYR_10000100000_@2@5@air,44368#241174#443348,GYR,air
CTB_10000100000_@2@5@air,102202#555546#1021254,CTB,air
CTR_10000100000_@2@5@air,101458#551500#1013816,CTR,air
CV1_10000100000_@2@5@air,55903#305787#562486,CV1,air
VRY_10000100000_@2@5@air,56600#309600#569500,VRY,air
SMG_10000100000_@2@5@air,93440#511112#940175,SMG,air
AC1_10000100000_@2@5@water,11355#252940#499558#761275#1003866,AC1,water
GYR_10000100000_@2@5@water,12004#267390#528096#804764#1061214,GYR,water
CTB_10000100000_@2@5@water,27548#613657#1211977#1846929#2435481,CTB,water
CTR_10000100000_@2@5@water,27308#608308#1201413#1830830#2414251,CTR,water
CV1_10000100000_@2@5@water,14825#338838#669601#1020615#1345978,CV1,water
VRY_10000100000_@2@5@water,14976#342296#676434#1031030#1359713,VRY,water
PRS_10000100000_@2@5@water,564#12564#24815#37815#49864,PRS,water
SMG_10000100000_@2@5@water,25185#575623#1137528#1733835#2286567,SMG,water
WTF_10000100000_@2@5@water,564#12561#24808#37804#49851,WTF,water
AC1_10000100000_@3@1@air,25785#207965#396609,AC1,air
GYR_10000100000_@3@1@air,27447#221371#422177,GYR,air
CTB_10000100000_@3@1@air,62582#504754#962616,CTB,air
CTR_10000100000_@3@1@air,62472#503863#960917,CTR,air
CV1_10000100000_@3@1@air,34760#280358#534671,CV1,air
VRY_10000100000_@3@1@air,35100#283100#539900,VRY,air
SMG_10000100000_@3@1@air,59132#476923#909540,SMG,air
AC1_10000100000_@3@1@water,29055#286605#539125#766494#1014989,AC1,water
GYR_10000100000_@3@1@water,30764#303458#570827#811565#1074673,GYR,water
CTB_10000100000_@3@1@water,70528#695701#1308664#1860575#2463769,CTB,water
CTR_10000100000_@3@1@water,69982#690315#1298532#1846170#2444694,CTR,water
CV1_10000100000_@3@1@water,38601#384354#723353#1028587#1362184,CV1,water
VRY_10000100000_@3@1@water,39393#388583#730953#1039223#1376136,VRY,water
PRS_10000100000_@3@1@water,1444#14244#26794#38094#50444,PRS,water
SMG_10000100000_@3@1@water,66299#653990#1230202#1749022#2316051,SMG,water
WTF_10000100000_@3@1@water,1444#14244#26794#38094#50444,WTF,water
AC1_10000100000_@3@2@air,23487#217118#402430,AC1,air
GYR_10000100000_@3@2@air,24821#229453#425294,GYR,air
CTB_10000100000_@3@2@air,57012#527041#976875,CTB,air
CTR_10000100000_@3@2@air,56592#523157#969677,CTR,air
CV1_10000100000_@3@2@air,31437#290616#538660,CV1,air
VRY_10000100000_@3@2@air,31900#294900#546600,VRY,air
SMG_10000100000_@3@2@air,53573#495256#917961,SMG,air
AC1_10000100000_@3@2@water,43005#309647#545096#787589#1032094,AC1,water
GYR_10000100000_@3@2@water,45472#327406#576359#832760#1091288,GYR,water
CTB_10000100000_@3@2@water,104403#751730#1323332#1912033#2505619,CTB,water
CTR_10000100000_@3@2@water,103495#745193#1311823#1895405#2483829,CTR,water
CV1_10000100000_@3@2@water,57672#415252#731002#1056198#1384092,CV1,water
VRY_10000100000_@3@2@water,58235#419302#738131#1066498#1397591,VRY,water
PRS_10000100000_@3@2@water,2138#15387#27087#39137#51287,PRS,water
SMG_10000100000_@3@2@water,98133#706581#1243852#1797195#2355130,SMG,water
WTF_10000100000_@3@2@water,2138#15390#27091#39143#51294,WTF,water
AC1_10000100000_@3@3@air,17807#208438#408970,AC1,air
GYR_10000100000_@3@3@air,18828#220380#432400,GYR,air
CTB_10000100000_@3@3@air,43165#505257#991350,CTB,air
CTR_10000100000_@3@3@air,42849#501559#984094,CTR,air
CV1_10000100000_@3@3@air,23819#278807#547039,CV1,air
VRY_10000100000_@3@3@air,24100#282100#553501,VRY,air
SMG_10000100000_@3@3@air,40593#475155#932287,SMG,air
AC1_10000100000_@3@3@water,10811#284605#522162#764751#1000294,AC1,water
GYR_10000100000_@3@3@water,11441#301180#552571#809288#1058548,GYR,water
CTB_10000100000_@3@3@water,26214#690101#1266121#1854344#2425482,CTB,water
CTR_10000100000_@3@3@water,26011#684746#1256296#1839955#2406662,CTR,water
CV1_10000100000_@3@3@water,14047#380690#698807#1023664#1339085,CV1,water
VRY_10000100000_@3@3@water,14220#385368#707394#1036243#1355540,VRY,water
PRS_10000100000_@3@3@water,537#14137#25937#37987#49688,PRS,water
SMG_10000100000_@3@3@water,23917#648182#1189823#1742940#2279991,SMG,water
WTF_10000100000_@3@3@water,537#14137#25937#37987#49688,WTF,water
AC1_10000100000_@3@4@air,38854#214323#424885,AC1,air
GYR_10000100000_@3@4@air,41518#227486#450647,GYR,air
CTB_10000100000_@3@4@air,95117#521172#1032437,CTB,air
CTR_10000100000_@3@4@air,94417#517333#1024833,CTR,air
CV1_10000100000_@3@4@air,52135#287581#570116,CV1,air
VRY_10000100000_@3@4@air,52700#290700#576300,VRY,air
SMG_10000100000_@3@4@air,88852#490115#971632,SMG,air
AC1_10000100000_@3@4@water,18318#262621#516978#759271#1011617,AC1,water
GYR_10000100000_@3@4@water,19385#277913#547081#803482#1070522,GYR,water
CTB_10000100000_@3@4@water,44465#637487#1254914#1843056#2455601,CTB,water
CTR_10000100000_@3@4@water,44116#632479#1245055#1828576#2436309,CTR,water
CV1_10000100000_@3@4@water,24128#351665#692681#1017522#1355842,CV1,water
VRY_10000100000_@3@4@water,24814#355758#700321#1028541#1370381,VRY,water
PRS_10000100000_@3@4@water,911#13061#25712#37761#50311,PRS,water
SMG_10000100000_@3@4@water,41793#599184#1179513#1732316#2308057,SMG,water
WTF_10000100000_@3@4@water,911#13061#25712#37761#50311,WTF,water
AC1_10000100000_@3@5@air,24132#207151#389947,AC1,air
GYR_10000100000_@3@5@air,25497#218864#411998,GYR,air
CTB_10000100000_@3@5@air,58561#502691#946284,CTB,air
CTR_10000100000_@3@5@air,58093#498676#938726,CTR,air
CV1_10000100000_@3@5@air,32311#277359#522110,CV1,air
VRY_10000100000_@3@5@air,32700#280700#528400,VRY,air
SMG_10000100000_@3@5@air,55037#472435#889329,SMG,air
AC1_10000100000_@3@5@water,26899#288439#525837#781342#1013711,AC1,water
GYR_10000100000_@3@5@water,28473#305316#556605#827059#1073024,GYR,water
CTB_10000100000_@3@5@water,65275#699956#1276052#1896086#2459976,CTB,water
CTR_10000100000_@3@5@water,64725#694058#1265299#1880110#2439248,CTR,water
CV1_10000100000_@3@5@water,36049#386557#704710#1047129#1358541,CV1,water
VRY_10000100000_@3@5@water,36421#390545#711981#1057934#1372560,VRY,water
PRS_10000100000_@3@5@water,1337#14338#26137#38837#50387,PRS,water
SMG_10000100000_@3@5@water,61371#658091#1199729#1782679#2312842,SMG,water
WTF_10000100000_@3@5@water,1337#14338#26137#38837#50387,WTF,water
AC1_10100000000_@1@1@air,22789#204511#389531,AC1,air
GYR_10100000000_@1@1@air,24548#217751#414461,GYR,air
CTB_10100000000_@1@1@air,55680#499682#951740,CTB,air
CTR_10100000000_@1@1@air,55958#496384#944802,CTR,air
CV1_10100000000_@1@1@air,30757#276020#525733,CV1,air
VRY_10100000000_@1@1@air,31100#279100#531600,VRY,air
SMG_10100000000_@1@1@air,52330#469624#894489,SMG,air
AC1_10100000000_@1@1@water,17842#256050#508212#751404#991606,AC1,water
GYR_10100000000_@1@1@water,19380#273586#542683#802207#1058541,GYR,water
CTB_10100000000_@1@1@water,44477#627902#1245502#1841132#2429439,CTB,water
CTR_10100000000_@1@1@water,44108#622691#1235166#1825853#2409277,CTR,water
CV1_10100000000_@1@1@water,24164#346776#688286#1017648#1342960,CV1,water
VRY_10100000000_@1@1@water,24433#350642#695960#1028994#1357933,VRY,water
PRS_10100000000_@1@1@water,911#12861#25511#37711#49761,PRS,water
SMG_10100000000_@1@1@water,41823#590427#1171168#1731249#2284444,SMG,water
WTF_10100000000_@1@1@water,911#12860#25508#37707#49755,WTF,water
AC1_10100000000_@1@2@air,33481#214776#396582,AC1,air
GYR_10100000000_@1@2@air,35755#229362#423515,GYR,air
CTB_10100000000_@1@2@air,82023#526160#971550,CTB,air
CTR_10100000000_@1@2@air,81261#521277#962535,CTR,air
CV1_10100000000_@1@2@air,44948#290667#537080,CV1,air
VRY_10100000000_@1@2@air,45800#293800#542500,VRY,air
SMG_10100000000_@1@2@air,77028#494118#912386,SMG,air
AC1_10100000000_@1@2@water,13907#278264#536637#776055#997517,AC1,water
GYR_10100000000_@1@2@water,14832#296771#572326#827667#1063858,GYR,water
CTB_10100000000_@1@2@water,34034#681017#1313351#1899297#2441298,CTB,water
CTR_10100000000_@1@2@water,33761#675546#1302799#1884038#2421684,CTR,water
CV1_10100000000_@1@2@water,18788#375943#725010#1048471#1347672,CV1,water
VRY_10100000000_@1@2@water,19014#380466#733734#1061087#1363888,VRY,water
PRS_10100000000_@1@2@water,697#13947#26897#38897#49997,PRS,water
SMG_10100000000_@1@2@water,32012#640547#1235305#1786432#2296224,SMG,water
WTF_10100000000_@1@2@water,697#13947#26897#38897#49997,WTF,water
AC1_10100000000_@1@3@air,32126#228247#411708,AC1,air
GYR_10100000000_@1@3@air,34329#243900#439943,GYR,air
CTB_10100000000_@1@3@air,78642#558735#1007836,CTB,air
CTR_10100000000_@1@3@air,78987#556745#1003663,CTR,air
CV1_10100000000_@1@3@air,43418#308469#556411,CV1,air
VRY_10100000000_@1@3@air,43900#311900#562600,VRY,air
SMG_10100000000_@1@3@air,74156#526858#950338,SMG,air
AC1_10100000000_@1@3@water,14249#262213#483611#738463#979540,AC1,water
GYR_10100000000_@1@3@water,15016#276334#509653#778230#1032289,GYR,water
CTB_10100000000_@1@3@water,35348#650506#1199755#1832002#2430073,CTB,water
CTR_10100000000_@1@3@water,35064#645286#1190128#1817301#2410572,CTR,water
CV1_10100000000_@1@3@water,19539#359570#663169#1012645#1343231,CV1,water
VRY_10100000000_@1@3@water,19738#363241#669940#1022985#1356946,VRY,water
PRS_10100000000_@1@3@water,725#13324#24574#37524#49774,PRS,water
SMG_10100000000_@1@3@water,33056#608330#1121968#1713222#2272516,SMG,water
WTF_10100000000_@1@3@water,725#13324#24574#37524#49774,WTF,water
AC1_10100000000_@1@4@air,36660#232763#414231,AC1,air
GYR_10100000000_@1@4@air,39128#248431#442114,GYR,air
CTB_10100000000_@1@4@air,90480#570321#1014353,CTB,air
CTR_10100000000_@1@4@air,89165#566132#1007504,CTR,air
CV1_10100000000_@1@4@air,49592#314872#560354,CV1,air
VRY_10100000000_@1@4@air,50100#318100#566100,VRY,air
SMG_10100000000_@1@4@air,84538#536753#955221,SMG,air
AC1_10100000000_@1@4@water,27190#282340#509583#753769#1003936,AC1,water
GYR_10100000000_@1@4@water,29060#301754#544623#805600#1072968,GYR,water
CTB_10100000000_@1@4@water,66603#691609#1248254#1846405#2459203,CTB,water
CTR_10100000000_@1@4@water,66059#685963#1238065#1831333#2439129,CTR,water
CV1_10100000000_@1@4@water,36805#382181#689783#1020319#1358950,CV1,water
VRY_10100000000_@1@4@water,37189#386176#696993#1030984#1373155,VRY,water
PRS_10100000000_@1@4@water,1364#14164#25564#37814#50364,PRS,water
SMG_10100000000_@1@4@water,62627#650320#1173735#1736177#2312392,SMG,water
WTF_10100000000_@1@4@water,1364#14164#25564#37814#50364,WTF,water
AC1_10100000000_@1@5@air,55960#241029#433340,AC1,air
GYR_10100000000_@1@5@air,59557#256523#461197,GYR,air
CTB_10100000000_@1@5@air,136821#589313#1059510,CTB,air
CTR_10100000000_@1@5@air,135709#584525#1050902,CTR,air
CV1_10100000000_@1@5@air,75524#325293#584837,CV1,air
VRY_10100000000_@1@5@air,76501#329500#592400,VRY,air
SMG_10100000000_@1@5@air,128586#553843#995741,SMG,air
AC1_10100000000_@1@5@water,16272#246571#521733#834780#1023206,AC1,water
GYR_10100000000_@1@5@water,17678#263377#556939#890919#1091945,GYR,water
CTB_10100000000_@1@5@water,39879#604308#1278690#2045923#2507728,CTB,water
CTR_10100000000_@1@5@water,40251#599695#1268121#2028578#2486304,CTR,water
CV1_10100000000_@1@5@water,22007#333490#705651#1129052#1383901,CV1,water
VRY_10100000000_@1@5@water,22267#337429#713987#1142389#1400249,VRY,water
PRS_10100000000_@1@5@water,831#12381#26181#41881#51331,PRS,water
SMG_10100000000_@1@5@water,37473#567857#1201563#1922517#2356468,SMG,water
WTF_10100000000_@1@5@water,831#12381#26181#41881#51331,WTF,water
AC1_10100000000_@2@1@air,25283#203363#388404,AC1,air
GYR_10100000000_@2@1@air,26927#216585#413657,GYR,air
CTB_10100000000_@2@1@air,61817#497220#949645,CTB,air
CTR_10100000000_@2@1@air,61445#494232#943938,CTR,air
CV1_10100000000_@2@1@air,33636#273573#522889,CV1,air
VRY_10100000000_@2@1@air,34500#277500#530001,VRY,air
SMG_10100000000_@2@1@air,58167#467862#893573,SMG,air
AC1_10100000000_@2@1@water,34617#280741#521882#768005#1020107,AC1,water
GYR_10100000000_@2@1@water,36937#299557#556860#819479#1088478,GYR,water
CTB_10100000000_@2@1@water,84047#687158#1278060#1881171#2498932,CTB,water
CTR_10100000000_@2@1@water,84066#681772#1267378#1865084#2477309,CTR,water
CV1_10100000000_@2@1@water,46425#379559#705950#1039084#1380311,CV1,water
VRY_10100000000_@2@1@water,46931#383702#713655#1050426#1395377,VRY,water
PRS_10100000000_@2@1@water,1738#14087#26187#38537#51187,PRS,water
SMG_10100000000_@2@1@water,79011#645982#1201476#1768447#2349191,SMG,water
WTF_10100000000_@2@1@water,1738#14087#26187#38537#51187,WTF,water
AC1_10100000000_@2@2@air,12231#189801#378332,AC1,air
GYR_10100000000_@2@2@air,13061#202687#404018,GYR,air
CTB_10100000000_@2@2@air,29901#464034#924965,CTB,air
CTR_10100000000_@2@2@air,29721#461230#919375,CTR,air
CV1_10100000000_@2@2@air,16117#256386#511487,CV1,air
VRY_10100000000_@2@2@air,16300#259300#517300,VRY,air
SMG_10100000000_@2@2@air,28180#437318#871711,SMG,air
AC1_10100000000_@2@2@water,35215#292737#523308#769850#1013398,AC1,water
GYR_10100000000_@2@2@water,37516#311864#557502#820153#1079614,GYR,water
CTB_10100000000_@2@2@water,86134#716019#1279987#1883017#2478723,CTB,water
CTR_10100000000_@2@2@water,85373#709693#1268677#1866378#2456821,CTR,water
CV1_10100000000_@2@2@water,47203#395543#707428#1040916#1370354,CV1,water
VRY_10100000000_@2@2@water,48107#399909#714894#1051696#1384407,VRY,water
PRS_10100000000_@2@2@water,1764#14664#26214#38564#50764,PRS,water
SMG_10100000000_@2@2@water,80948#672909#1202922#1769645#2329484,SMG,water
WTF_10100000000_@2@2@water,1764#14664#26214#38564#50764,WTF,water
AC1_10100000000_@2@3@air,22729#200320#387997,AC1,air
GYR_10100000000_@2@3@air,24392#214977#416384,GYR,air
CTB_10100000000_@2@3@air,56186#495188#959122,CTB,air
CTR_10100000000_@2@3@air,55249#486930#943126,CTR,air
CV1_10100000000_@2@3@air,31068#273818#530354,CV1,air
VRY_10100000000_@2@3@air,31100#274100#530900,VRY,air
SMG_10100000000_@2@3@air,52693#464408#899505,SMG,air
AC1_10100000000_@2@3@water,30448#292165#527911#766653#1009391,AC1,water
GYR_10100000000_@2@3@water,32038#310157#560677#814381#1072332,GYR,water
CTB_10100000000_@2@3@water,73764#714111#1290911#1875044#2468953,CTB,water
CTR_10100000000_@2@3@water,73142#708091#1280030#1859240#2448143,CTR,water
CV1_10100000000_@2@3@water,40770#394689#713486#1036336#1364589,CV1,water
VRY_10100000000_@2@3@water,41182#398685#720711#1046830#1378407,VRY,water
PRS_10100000000_@2@3@water,1524#14624#26424#38374#50525,PRS,water
SMG_10100000000_@2@3@water,69316#671047#1213064#1761971#2320065,SMG,water
WTF_10100000000_@2@3@water,1510#14610#26410#38360#50510,WTF,water
AC1_10100000000_@2@4@air,39967#213543#402580,AC1,air
GYR_10100000000_@2@4@air,42950#228097#429736,GYR,air
CTB_10100000000_@2@4@air,97860#522872#985742,CTB,air
CTR_10100000000_@2@4@air,97614#518404#976676,CTR,air
CV1_10100000000_@2@4@air,53842#287682#542350,CV1,air
VRY_10100000000_@2@4@air,54800#292800#552001,VRY,air
SMG_10100000000_@2@4@air,91667#489783#923361,SMG,air
AC1_10100000000_@2@4@water,35452#277620#523807#779039#1031255,AC1,water
GYR_10100000000_@2@4@water,37532#293910#554544#824751#1091768,GYR,water
CTB_10100000000_@2@4@water,86157#674696#1273004#1893291#2506251,CTB,water
CTR_10100000000_@2@4@water,85420#668924#1262114#1877094#2484810,CTR,water
CV1_10100000000_@2@4@water,47534#372239#702333#1044554#1382732,CV1,water
VRY_10100000000_@2@4@water,48070#376435#710251#1056329#1398320,VRY,water
PRS_10100000000_@2@4@water,1764#13814#26064#38764#51315,PRS,water
SMG_10100000000_@2@4@water,80950#633918#1196065#1778862#2354776,SMG,water
WTF_10100000000_@2@4@water,1764#13814#26064#38764#51315,WTF,water
AC1_10100000000_@2@5@air,27581#205358#393085,AC1,air
GYR_10100000000_@2@5@air,29777#219519#419881,GYR,air
CTB_10100000000_@2@5@air,67624#503499#963769,CTB,air
CTR_10100000000_@2@5@air,67906#500615#957541,CTR,air
CV1_10100000000_@2@5@air,37363#278186#532487,CV1,air
VRY_10100000000_@2@5@air,37700#280700#537300,VRY,air
SMG_10100000000_@2@5@air,63513#472893#905185,SMG,air
AC1_10100000000_@2@5@water,20625#268152#499645#788259#1004719,AC1,water
GYR_10100000000_@2@5@water,22209#284921#530615#836936#1066676,GYR,water
CTB_10100000000_@2@5@water,51005#654358#1218627#1922132#2449761,CTB,water
CTR_10100000000_@2@5@water,50575#648847#1208364#1905944#2429129,CTR,water
CV1_10100000000_@2@5@water,27754#360836#672342#1060713#1351991,CV1,water
VRY_10100000000_@2@5@water,28095#365265#680595#1073733#1368587,VRY,water
PRS_10100000000_@2@5@water,1044#13394#24944#39344#50144,PRS,water
SMG_10100000000_@2@5@water,47928#614888#1145122#1806193#2301996,SMG,water
WTF_10100000000_@2@5@water,1045#13400#24955#39360#50165,WTF,water
AC1_10100000000_@3@1@air,29442#259204#436922,AC1,air
GYR_10100000000_@3@1@air,31415#276573#466199,GYR,air
CTB_10100000000_@3@1@air,71243#632927#1067379,CTB,air
CTR_10100000000_@3@1@air,71536#629799#1061606,CTR,air
CV1_10100000000_@3@1@air,39263#348817#588252,CV1,air
VRY_10100000000_@3@1@air,39700#352700#594800,VRY,air
SMG_10100000000_@3@1@air,66919#594514#1002600,SMG,air
AC1_10100000000_@3@1@water,11353#260958#505531#750103#952404,AC1,water
GYR_10100000000_@3@1@water,12000#275815#534311#792808#1006626,GYR,water
CTB_10100000000_@3@1@water,27536#632936#1226130#1819323#2309990,CTB,water
CTR_10100000000_@3@1@water,27319#627938#1216448#1804958#2291750,CTR,water
CV1_10100000000_@3@1@water,15201#349391#676844#1004296#1275152,CV1,water
VRY_10100000000_@3@1@water,15384#353605#685007#1016409#1290532,VRY,water
PRS_10100000000_@3@1@water,564#12964#25114#37265#47314,PRS,water
SMG_10100000000_@3@1@water,25904#595410#1153435#1711459#2173035,SMG,water
WTF_10100000000_@3@1@water,564#12964#25114#37265#47314,WTF,water
AC1_10100000000_@3@2@air,39420#221345#417794,AC1,air
GYR_10100000000_@3@2@air,41969#235658#444811,GYR,air
CTB_10100000000_@3@2@air,96349#541009#1021170,CTB,air
CTR_10100000000_@3@2@air,95631#536977#1013560,CTR,air
CV1_10100000000_@3@2@air,52679#297787#562464,CV1,air
VRY_10100000000_@3@2@air,53300#301300#569100,VRY,air
SMG_10100000000_@3@2@air,89707#507104#957825,SMG,air
AC1_10100000000_@3@2@water,35763#277371#521975#767578#1007190,AC1,water
GYR_10100000000_@3@2@water,38152#295900#556844#818853#1074471,GYR,water
CTB_10100000000_@3@2@water,87441#678188#1276259#1876770#2462635,CTB,water
CTR_10100000000_@3@2@water,86692#672380#1265329#1860697#2441545,CTR,water
CV1_10100000000_@3@2@water,47875#374226#704623#1036368#1360022,CV1,water
VRY_10100000000_@3@2@water,48851#378887#713015#1048506#1375815,VRY,water
PRS_10100000000_@3@2@water,1791#13892#26141#38441#50441,PRS,water
SMG_10100000000_@3@2@water,82166#637280#1199275#1763564#2314090,SMG,water
WTF_10100000000_@3@2@water,1791#13890#26138#38436#50434,WTF,water
AC1_10100000000_@3@3@air,16663#235335#423040,AC1,air
GYR_10100000000_@3@3@air,17760#250831#450895,GYR,air
CTB_10100000000_@3@3@air,40826#576590#1036484,CTB,air
CTR_10100000000_@3@3@air,40441#571155#1026713,CTR,air
CV1_10100000000_@3@3@air,22157#318242#572398,CV1,air
VRY_10100000000_@3@3@air,22300#320300#576100,VRY,air
SMG_10100000000_@3@3@air,38306#540999#972506,SMG,air
AC1_10100000000_@3@3@water,18748#260842#502936#751032#991125,AC1,water
GYR_10100000000_@3@3@water,19946#277516#535085#799041#1054481,GYR,water
CTB_10100000000_@3@3@water,45778#636926#1228075#1833880#2420143,CTB,water
CTR_10100000000_@3@3@water,45374#631314#1217253#1817720#2398817,CTR,water
CV1_10100000000_@3@3@water,25267#351544#677820#1012187#1335767,CV1,water
VRY_10100000000_@3@3@water,25548#355458#685369#1023459#1350643,VRY,water
PRS_10100000000_@3@3@water,937#13037#25137#37537#49537,PRS,water
SMG_10100000000_@3@3@water,43027#598652#1154276#1723677#2274709,SMG,water
WTF_10100000000_@3@3@water,937#13034#25131#37527#49524,WTF,water
AC1_10100000000_@3@4@air,43027#229002#419240,AC1,air
GYR_10100000000_@3@4@air,45909#244342#447323,GYR,air
CTB_10100000000_@3@4@air,104413#559083#1024176,CTB,air
CTR_10100000000_@3@4@air,104474#556049#1017975,CTR,air
CV1_10100000000_@3@4@air,57773#309349#566692,CV1,air
VRY_10100000000_@3@4@air,58101#311100#569900,VRY,air
SMG_10100000000_@3@4@air,98725#528626#968383,SMG,air
AC1_10100000000_@3@4@water,31552#281647#534743#771833#1020928,AC1,water
GYR_10100000000_@3@4@water,33521#299219#568105#819987#1084622,GYR,water
CTB_10100000000_@3@4@water,76940#686796#1303971#1882115#2489532,CTB,water
CTR_10100000000_@3@4@water,76314#681204#1293354#1866790#2469261,CTR,water
CV1_10100000000_@3@4@water,42562#379925#721336#1041155#1377168,CV1,water
VRY_10100000000_@3@4@water,42956#383441#728012#1050792#1389915,VRY,water
PRS_10100000000_@3@4@water,1577#14077#26727#38577#51027,PRS,water
SMG_10100000000_@3@4@water,72317#645530#1225622#1769029#2339949,SMG,water
WTF_10100000000_@3@4@water,1577#14077#26727#38577#51027,WTF,water
AC1_10100000000_@3@5@air,12803#201546#389046,AC1,air
GYR_10100000000_@3@5@air,13656#214985#414986,GYR,air
CTB_10100000000_@3@5@air,31391#494179#953918,CTB,air
CTR_10100000000_@3@5@air,31184#490925#947637,CTR,air
CV1_10100000000_@3@5@air,17323#272710#526414,CV1,air
VRY_10100000000_@3@5@air,17501#275500#531800,VRY,air
SMG_10100000000_@3@5@air,29395#462748#893246,SMG,air
AC1_10100000000_@3@5@water,23854#288344#515191#767793#995631,AC1,water
GYR_10100000000_@3@5@water,25602#309475#552946#824061#1068596,GYR,water
CTB_10100000000_@3@5@water,58743#710083#1268723#1890790#2451869,CTB,water
CTR_10100000000_@3@5@water,58296#704673#1259057#1876384#2433188,CTR,water
CV1_10100000000_@3@5@water,32465#392429#701163#1044949#1355031,CV1,water
VRY_10100000000_@3@5@water,32784#396291#708063#1055233#1368367,VRY,water
PRS_10100000000_@3@5@water,1204#14554#26004#38754#50254,PRS,water
SMG_10100000000_@3@5@water,55235#667683#1192966#1777888#2305464,SMG,water
WTF_10100000000_@3@5@water,1204#14554#26004#38754#50254,WTF,water
AC1_20000000000_@1@1@air,26002#211641#445992,AC1,air
GYR_20000000000_@1@1@air,27846#226651#477624,GYR,air
CTB_20000000000_@1@1@air,63973#526299#1109941,CTB,air
CTR_20000000000_@1@1@air,64056#521386#1098722,CTR,air
CV1_20000000000_@1@1@air,35391#291151#614024,CV1,air
VRY_20000000000_@1@1@air,35700#293700#619400,VRY,air
SMG_20000000000_@1@1@air,60137#494739#1043382,SMG,air
AC1_20000000000_@1@1@water,75985#466927#833495#1222487#1477934,AC1,water
GYR_20000000000_@1@1@water,82468#506764#904607#1326786#1604028,GYR,water
CTB_20000000000_@1@1@water,190394#1169964#2088463#3063147#3703215,CTB,water
CTR_20000000000_@1@1@water,188499#1158323#2067684#3032670#3666369,CTR,water
CV1_20000000000_@1@1@water,105280#646940#1154830#1693789#2047718,CV1,water
VRY_20000000000_@1@1@water,106300#653209#1166021#1710203#2067562,VRY,water
PRS_20000000000_@1@1@water,3897#23947#42747#62697#75798,PRS,water
SMG_20000000000_@1@1@water,179064#1100343#1964186#2880870#3482849,SMG,water
WTF_20000000000_@1@1@water,3897#23947#42747#62697#75798,WTF,water
AC1_20000000000_@1@2@air,52017#230196#509391,AC1,air
GYR_20000000000_@1@2@air,56133#248410#549695,GYR,air
CTB_20000000000_@1@2@air,129917#574933#1272245,CTB,air
CTR_20000000000_@1@2@air,128514#568724#1258506,CTR,air
CV1_20000000000_@1@2@air,71911#318233#704204,CV1,air
VRY_20000000000_@1@2@air,72400#320400#709000,VRY,air
SMG_20000000000_@1@2@air,122190#540741#1196582,SMG,air
AC1_20000000000_@1@2@water,37774#295013#532690#825140#1098028,AC1,water
GYR_20000000000_@1@2@water,40868#319176#576320#892723#1187962,GYR,water
CTB_20000000000_@1@2@water,94352#736877#1330542#2061018#2742633,CTB,water
CTR_20000000000_@1@2@water,93357#729107#1316512#2039285#2713712,CTR,water
CV1_20000000000_@1@2@water,52152#407299#735439#1139199#1515952,CV1,water
VRY_20000000000_@1@2@water,52662#411286#742638#1150352#1530793,VRY,water
PRS_20000000000_@1@2@water,1931#15081#27231#42182#56131,PRS,water
SMG_20000000000_@1@2@water,88719#692886#1251108#1937975#2578897,SMG,water
WTF_20000000000_@1@2@water,1932#15083#27234#42186#56137,WTF,water
AC1_20000000000_@1@3@air,45192#241333#464776,AC1,air
GYR_20000000000_@1@3@air,48565#259343#499461,GYR,air
CTB_20000000000_@1@3@air,112939#603120#1161530,CTB,air
CTR_20000000000_@1@3@air,111599#595961#1147744,CTR,air
CV1_20000000000_@1@3@air,62444#333462#642205,CV1,air
VRY_20000000000_@1@3@air,62900#335900#646900,VRY,air
SMG_20000000000_@1@3@air,106108#566636#1091268,SMG,air
AC1_20000000000_@1@3@water,72425#477057#828063#1165420#1478420,AC1,water
GYR_20000000000_@1@3@water,79013#520451#903386#1271429#1612900,GYR,water
CTB_20000000000_@1@3@water,180691#1194559#2074059#2919356#3703626,CTB,water
CTR_20000000000_@1@3@water,179374#1181531#2050871#2886404#3661614,CTR,water
CV1_20000000000_@1@3@water,99865#660211#1146294#1613474#2046925,CV1,water
VRY_20000000000_@1@3@water,100832#666607#1157400#1629107#2066757,VRY,water
PRS_20000000000_@1@3@water,3714#24464#42464#59764#75815,PRS,water
SMG_20000000000_@1@3@water,169836#1122798#1949463#2743981#3481137,SMG,water
WTF_20000000000_@1@3@water,3714#24464#42464#59764#75815,WTF,water
AC1_20000000000_@1@4@air,49432#230943#465616,AC1,air
GYR_20000000000_@1@4@air,53343#249216#502457,GYR,air
CTB_20000000000_@1@4@air,123524#577100#1163522,CTB,air
CTR_20000000000_@1@4@air,122193#570885#1150991,CTR,air
CV1_20000000000_@1@4@air,68337#319266#643688,CV1,air
VRY_20000000000_@1@4@air,68900#321900#649000,VRY,air
SMG_20000000000_@1@4@air,116178#542780#1094327,SMG,air
AC1_20000000000_@1@4@water,65626#318259#675261#959107#1296601,AC1,water
GYR_20000000000_@1@4@water,71283#345691#733464#1041776#1408359,GYR,water
CTB_20000000000_@1@4@water,164486#797688#1692484#2403919#3249818,CTB,water
CTR_20000000000_@1@4@water,162586#788475#1672935#2376153#3212282,CTR,water
CV1_20000000000_@1@4@water,90779#440239#934069#1326705#1793551,CV1,water
VRY_20000000000_@1@4@water,91771#445048#944273#1341199#1813144,VRY,water
PRS_20000000000_@1@4@water,3364#16314#34614#49164#66464,PRS,water
SMG_20000000000_@1@4@water,154559#749544#1590333#2258830#3053675,SMG,water
WTF_20000000000_@1@4@water,3364#16314#34614#49164#66464,WTF,water
AC1_20000000000_@1@5@air,64456#260408#514858,AC1,air
GYR_20000000000_@1@5@air,69778#281906#557363,GYR,air
CTB_20000000000_@1@5@air,161158#651093#1287289,CTB,air
CTR_20000000000_@1@5@air,159334#643721#1272714,CTR,air
CV1_20000000000_@1@5@air,88762#359922#712033,CV1,air
VRY_20000000000_@1@5@air,89800#362800#717300,VRY,air
SMG_20000000000_@1@5@air,151415#611729#1209462,SMG,air
AC1_20000000000_@1@5@water,51780#350956#743014#1033391#1424471,AC1,water
GYR_20000000000_@1@5@water,55660#379208#803204#1117235#1540174,GYR,water
CTB_20000000000_@1@5@water,128644#876450#1856417#2582228#3559752,CTB,water
CTR_20000000000_@1@5@water,126386#861067#1823834#2536907#3497273,CTR,water
CV1_20000000000_@1@5@water,71064#484154#1025490#1426430#1966417,CV1,water
VRY_20000000000_@1@5@water,71752#488846#1035430#1440256#1985477,VRY,water
PRS_20000000000_@1@5@water,2648#17948#37998#52848#72848,PRS,water
SMG_20000000000_@1@5@water,120891#823629#1744536#2426605#3345216,SMG,water
WTF_20000000000_@1@5@water,2648#17948#37998#52848#72848,WTF,water
AC1_20000000000_@2@1@air,39719#214565#507630,AC1,air
GYR_20000000000_@2@1@air,42783#231119#546795,GYR,air
CTB_20000000000_@2@1@air,98969#534643#1264891,CTB,air
CTR_20000000000_@2@1@air,97848#528590#1250569,CTR,air
CV1_20000000000_@2@1@air,54747#295749#699701,CV1,air
VRY_20000000000_@2@1@air,55200#298200#705500,VRY,air
SMG_20000000000_@2@1@air,92982#502303#1188379,SMG,air
AC1_20000000000_@2@1@water,53604#341324#732427#1069888#1478879,AC1,water
GYR_20000000000_@2@1@water,58277#371081#796282#1163164#1607812,GYR,water
CTB_20000000000_@2@1@water,134380#855669#1836133#2682119#3707425,CTB,water
CTR_20000000000_@2@1@water,132896#846217#1815850#2652491#3666471,CTR,water
CV1_20000000000_@2@1@water,74224#472624#1014177#1481453#2047774,CV1,water
VRY_20000000000_@2@1@water,74959#477302#1024215#1496115#2068042,VRY,water
PRS_20000000000_@2@1@water,2748#17498#37548#54848#75815,PRS,water
SMG_20000000000_@2@1@water,126295#804183#1725651#2520734#3484347,SMG,water
WTF_20000000000_@2@1@water,2748#17498#37548#54848#75815,WTF,water
AC1_20000000000_@2@2@air,17225#210369#380955,AC1,air
GYR_20000000000_@2@2@air,18660#227890#412685,GYR,air
CTB_20000000000_@2@2@air,42835#523153#947374,CTB,air
CTR_20000000000_@2@2@air,43183#518729#938736,CTR,air
CV1_20000000000_@2@2@air,23651#288848#523073,CV1,air
VRY_20000000000_@2@2@air,23900#291900#528600,VRY,air
SMG_20000000000_@2@2@air,39360#480710#870515,SMG,air
AC1_20000000000_@2@2@water,35706#306760#647041#908346#1217426,AC1,water
GYR_20000000000_@2@2@water,38795#333303#703026#986940#1322764,GYR,water
CTB_20000000000_@2@2@water,89537#769255#1622570#2277838#3052912,CTB,water
CTR_20000000000_@2@2@water,88540#760685#1604493#2252460#3018898,CTR,water
CV1_20000000000_@2@2@water,49456#424895#896219#1258153#1686261,CV1,water
VRY_20000000000_@2@2@water,49950#429143#905180#1270733#1703121,VRY,water
PRS_20000000000_@2@2@water,1831#15731#33181#46581#62431,PRS,water
SMG_20000000000_@2@2@water,84141#722895#1524783#2140559#2868922,SMG,water
WTF_20000000000_@2@2@water,1833#15741#33202#46610#62470,WTF,water
AC1_20000000000_@2@3@air,26259#182660#381892,AC1,air
GYR_20000000000_@2@3@air,28231#196383#410583,GYR,air
CTB_20000000000_@2@3@air,65653#456700#954836,CTB,air
CTR_20000000000_@2@3@air,64910#451529#944025,CTR,air
CV1_20000000000_@2@3@air,36301#252517#527943,CV1,air
VRY_20000000000_@2@3@air,36601#254600#532300,VRY,air
SMG_20000000000_@2@3@air,61682#429075#897080,SMG,air
AC1_20000000000_@2@3@water,73113#340431#727749#978481#1300433,AC1,water
GYR_20000000000_@2@3@water,79117#368389#787515#1058839#1407232,GYR,water
CTB_20000000000_@2@3@water,183158#852828#1823116#2451237#3257774,CTB,water
CTR_20000000000_@2@3@water,180968#842632#1801319#2421931#3218825,CTR,water
CV1_20000000000_@2@3@water,101207#471245#1007394#1354473#1800138,CV1,water
VRY_20000000000_@2@3@water,102188#475811#1017156#1367599#1817583,VRY,water
PRS_20000000000_@2@3@water,3747#17447#37297#50147#66647,PRS,water
SMG_20000000000_@2@3@water,172102#801350#1713070#2303277#3061131,SMG,water
WTF_20000000000_@2@3@water,3749#17455#37313#50168#66675,WTF,water
AC1_20000000000_@2@4@air,52947#223697#418553,AC1,air
GYR_20000000000_@2@4@air,57139#241406#451688,GYR,air
CTB_20000000000_@2@4@air,132316#559026#1045978,CTB,air
CTR_20000000000_@2@4@air,130751#552411#1033600,CTR,air
CV1_20000000000_@2@4@air,73160#309094#578337,CV1,air
VRY_20000000000_@2@4@air,73800#311800#583400,VRY,air
SMG_20000000000_@2@4@air,124252#524953#982225,SMG,air
AC1_20000000000_@2@4@water,46099#300579#653535#921665#1247321,AC1,water
GYR_20000000000_@2@4@water,50206#327354#711750#1003764#1358429,GYR,water
CTB_20000000000_@2@4@water,115520#753223#1637700#2309610#3125674,CTB,water
CTR_20000000000_@2@4@water,114512#746654#1623416#2289465#3098412,CTR,water
CV1_20000000000_@2@4@water,63548#414347#900896#1270512#1719428,CV1,water
VRY_20000000000_@2@4@water,64471#420366#913984#1288969#1744407,VRY,water
PRS_20000000000_@2@4@water,2364#15414#33514#47264#63964,PRS,water
SMG_20000000000_@2@4@water,108558#707830#1539004#2170420#2937304,SMG,water
WTF_20000000000_@2@4@water,2364#15414#33514#47264#63964,WTF,water
AC1_20000000000_@2@5@air,43067#224663#451336,AC1,air
GYR_20000000000_@2@5@air,46233#241178#484513,GYR,air
CTB_20000000000_@2@5@air,107628#561460#1127942,CTB,air
CTR_20000000000_@2@5@air,106351#554796#1114555,CTR,air
CV1_20000000000_@2@5@air,59394#309835#622442,CV1,air
VRY_20000000000_@2@5@air,60001#313000#628801,VRY,air
SMG_20000000000_@2@5@air,101065#527220#1059156,SMG,air
AC1_20000000000_@2@5@water,51410#319108#661059#932665#1322488,AC1,water
GYR_20000000000_@2@5@water,55610#345176#715059#1008853#1430520,GYR,water
CTB_20000000000_@2@5@water,128620#798359#1653864#2333380#3308657,CTB,water
CTR_20000000000_@2@5@water,127211#789617#1635755#2307831#3272429,CTR,water
CV1_20000000000_@2@5@water,71050#441012#913592#1288955#1827696,CV1,water
VRY_20000000000_@2@5@water,71760#445422#922727#1301843#1845971,VRY,water
PRS_20000000000_@2@5@water,2631#16332#33831#47731#67681,PRS,water
SMG_20000000000_@2@5@water,120928#750617#1554964#2193845#3110801,SMG,water
WTF_20000000000_@2@5@water,2632#16333#33835#47736#67689,WTF,water
AC1_20000000000_@3@1@air,23914#198421#419247,AC1,air
GYR_20000000000_@3@1@air,25673#213015#450083,GYR,air
CTB_20000000000_@3@1@air,59704#495379#1046695,CTB,air
CTR_20000000000_@3@1@air,59061#490040#1035416,CTR,air
CV1_20000000000_@3@1@air,32995#273767#578448,CV1,air
VRY_20000000000_@3@1@air,33300#276300#583800,VRY,air
SMG_20000000000_@3@1@air,56122#465658#983898,SMG,air
AC1_20000000000_@3@1@water,33122#420322#777287#1033794#1355668,AC1,water
GYR_20000000000_@3@1@water,36032#457249#845575#1124618#1474770,GYR,water
CTB_20000000000_@3@1@water,83042#1053820#1948794#2591904#3398896,CTB,water
CTR_20000000000_@3@1@water,82318#1044624#1931788#2569285#3369235,CTR,water
CV1_20000000000_@3@1@water,45812#581358#1075085#1429867#1875058,CV1,water
VRY_20000000000_@3@1@water,46331#587949#1087274#1446079#1896318,VRY,water
PRS_20000000000_@3@1@water,1698#21549#39848#52998#69499,PRS,water
SMG_20000000000_@3@1@water,78061#990607#1831896#2436428#3195013,SMG,water
WTF_20000000000_@3@1@water,1698#21549#39848#52998#69499,WTF,water
AC1_20000000000_@3@2@air,66075#243994#489350,AC1,air
GYR_20000000000_@3@2@air,71496#264015#529505,GYR,air
CTB_20000000000_@3@2@air,165229#610143#1223694,CTB,air
CTR_20000000000_@3@2@air,163350#603206#1209782,CTR,air
CV1_20000000000_@3@2@air,91301#337147#676177,CV1,air
VRY_20000000000_@3@2@air,92100#340100#682100,VRY,air
SMG_20000000000_@3@2@air,155300#573480#1150163,SMG,air
AC1_20000000000_@3@2@water,69204#359908#697437#961802#1272993,AC1,water
GYR_20000000000_@3@2@water,75108#390613#756937#1043857#1381595,GYR,water
CTB_20000000000_@3@2@water,173346#901526#1746996#2409200#3188694,CTB,water
CTR_20000000000_@3@2@water,171817#893573#1731584#2387946#3160563,CTR,water
CV1_20000000000_@3@2@water,95777#498107#965241#1331118#1761800,CV1,water
VRY_20000000000_@3@2@water,96705#502933#974593#1344015#1778870,VRY,water
PRS_20000000000_@3@2@water,3547#18447#35747#49297#65247,PRS,water
SMG_20000000000_@3@2@water,162948#847447#1642201#2264682#2997418,SMG,water
WTF_20000000000_@3@2@water,3547#18447#35747#49297#65247,WTF,water
AC1_20000000000_@3@3@air,42329#214242#417070,AC1,air
GYR_20000000000_@3@3@air,45767#231647#450953,GYR,air
CTB_20000000000_@3@3@air,105065#531779#1035230,CTB,air
CTR_20000000000_@3@3@air,104972#528151#1027432,CTR,air
CV1_20000000000_@3@3@air,57956#293337#571047,CV1,air
VRY_20000000000_@3@3@air,58600#296600#577400,VRY,air
SMG_20000000000_@3@3@air,96450#488172#950338,SMG,air
AC1_20000000000_@3@3@water,49371#346844#686256#1072483#1342647,AC1,water
GYR_20000000000_@3@3@water,53578#376395#744724#1163858#1457039,GYR,water
CTB_20000000000_@3@3@water,123731#869242#1719859#2687802#3364873,CTB,water
CTR_20000000000_@3@3@water,122377#859732#1701041#2658393#3328056,CTR,water
CV1_20000000000_@3@3@water,68329#480025#949763#1484294#1858195,CV1,water
VRY_20000000000_@3@3@water,69012#484823#959258#1499131#1876770,VRY,water
PRS_20000000000_@3@3@water,2531#17781#35181#54981#68831,PRS,water
SMG_20000000000_@3@3@water,116274#816856#1616208#2525816#3162082,SMG,water
WTF_20000000000_@3@3@water,2531#17781#35181#54981#68831,WTF,water
AC1_20000000000_@3@5@air,44762#255279#545475,AC1,air
GYR_20000000000_@3@5@air,48049#274025#585531,GYR,air
CTB_20000000000_@3@5@air,111980#638625#1364604,CTB,air
CTR_20000000000_@3@5@air,110650#631041#1348399,CTR,air
CV1_20000000000_@3@5@air,61850#352734#753716,CV1,air
VRY_20000000000_@3@5@air,62300#355300#759200,VRY,air
SMG_20000000000_@3@5@air,105203#599975#1282017,SMG,air
AC1_20000000000_@3@5@water,63343#288663#659319#932433#1279679,AC1,water
GYR_20000000000_@3@5@water,68555#313622#716762#1013812#1391491,GYR,water
CTB_20000000000_@3@5@water,157950#722578#1651403#2335801#3205963,CTB,water
CTR_20000000000_@3@5@water,156509#715987#1636340#2314496#3176721,CTR,water
CV1_20000000000_@3@5@water,86880#397453#908351#1284803#1763434,CV1,water
VRY_20000000000_@3@5@water,88080#402943#920899#1302550#1787793,VRY,water
PRS_20000000000_@3@5@water,3231#14781#33781#47781#65581,PRS,water
SMG_20000000000_@3@5@water,148357#678696#1551114#2193948#3011266,SMG,water
WTF_20000000000_@3@5@water,3231#14781#33781#47781#65581,WTF,water
AC1_20000000000_@4@1@air,84655#276923#515750,AC1,air
GYR_20000000000_@4@1@air,91407#299007#556880,GYR,air
CTB_20000000000_@4@1@air,211674#692425#1289596,CTB,air
CTR_20000000000_@4@1@air,209392#684959#1275691,CTR,air
CV1_20000000000_@4@1@air,116918#382461#712309,CV1,air
VRY_20000000000_@4@1@air,118000#386000#718900,VRY,air
SMG_20000000000_@4@1@air,198766#650199#1210953,SMG,air
AC1_20000000000_@4@1@water,39918#313898#652228#913533#1302565,AC1,water
GYR_20000000000_@4@1@water,43438#341579#709747#994095#1417435,GYR,water
CTB_20000000000_@4@1@water,100100#787153#1635578#2290846#3266412,CTB,water
CTR_20000000000_@4@1@water,99422#781824#1624505#2275337#3244299,CTR,water
CV1_20000000000_@4@1@water,55060#432970#899643#1260070#1796676,CV1,water
VRY_20000000000_@4@1@water,55832#439040#912255#1277736#1821865,VRY,water
PRS_20000000000_@4@1@water,2047#16097#33447#46847#66797,PRS,water
SMG_20000000000_@4@1@water,94049#739568#1536703#2152358#3068949,SMG,water
WTF_20000000000_@4@1@water,2047#16097#33447#46847#66797,WTF,water
AC1_20000000000_@4@2@air,15365#190650#386999,AC1,air
GYR_20000000000_@4@2@air,16614#206149#418460,GYR,air
CTB_20000000000_@4@2@air,38139#473238#960620,CTB,air
CTR_20000000000_@4@2@air,37863#469820#953682,CTR,air
CV1_20000000000_@4@2@air,21053#261228#530263,CV1,air
VRY_20000000000_@4@2@air,21300#264301#536500,VRY,air
SMG_20000000000_@4@2@air,35092#435428#883870,SMG,air
AC1_20000000000_@4@2@water,19738#249890#551233#826245#1104182,AC1,water
GYR_20000000000_@4@2@water,21114#271001#598183#896777#1198547,GYR,water
CTB_20000000000_@4@2@water,48754#625782#1381296#2070795#2767629,CTB,water
CTR_20000000000_@4@2@water,48235#619119#1366590#2048748#2738163,CTR,water
CV1_20000000000_@4@2@water,26929#345647#762951#1143791#1528683,CV1,water
VRY_20000000000_@4@2@water,27193#349032#770423#1154994#1543655,VRY,water
PRS_20000000000_@4@2@water,997#12797#28247#42348#56597,PRS,water
SMG_20000000000_@4@2@water,45830#588244#1298439#1946578#2601612,SMG,water
WTF_20000000000_@4@2@water,997#12797#28247#42348#56597,WTF,water
AC1_20000000000_@4@3@air,12564#198850#388530,AC1,air
GYR_20000000000_@4@3@air,13585#215003#420091,GYR,air
CTB_20000000000_@4@3@air,31248#494571#966335,CTB,air
CTR_20000000000_@4@3@air,31619#489687#956100,CTR,air
CV1_20000000000_@4@3@air,17277#273447#534283,CV1,air
VRY_20000000000_@4@3@air,17400#275401#538100,VRY,air
SMG_20000000000_@4@3@air,28710#454401#887847,SMG,air
AC1_20000000000_@4@3@water,33434#264584#562055#875130#1140416,AC1,water
GYR_20000000000_@4@3@water,35985#286956#609937#949860#1237896,GYR,water
CTB_20000000000_@4@3@water,83101#662689#1408573#2193585#2858766,CTB,water
CTR_20000000000_@4@3@water,82259#655973#1394297#2171353#2829792,CTR,water
CV1_20000000000_@4@3@water,45929#366258#778496#1212360#1579995,CV1,water
VRY_20000000000_@4@3@water,46360#369693#785798#1223730#1594814,VRY,water
PRS_20000000000_@4@3@water,1714#13564#28814#44864#58464,PRS,water
SMG_20000000000_@4@3@water,78124#623001#1324213#2062211#2687554,SMG,water
WTF_20000000000_@4@3@water,1700#13551#28802#44854#58455,WTF,water
AC1_20000000000_@4@4@air,33681#208938#410159,AC1,air
GYR_20000000000_@4@4@air,36479#226289#444220,GYR,air
CTB_20000000000_@4@4@air,83681#519109#1019045,CTB,air
CTR_20000000000_@4@4@air,83800#516066#1012371,CTR,air
CV1_20000000000_@4@4@air,46296#287188#563769,CV1,air
VRY_20000000000_@4@4@air,46700#289700#568700,VRY,air
SMG_20000000000_@4@4@air,77202#478914#940140,SMG,air
AC1_20000000000_@4@4@water,53278#441493#791666#1075512#1387001,AC1,water
GYR_20000000000_@4@4@water,57643#480134#861226#1170133#1509124,GYR,water
CTB_20000000000_@4@4@water,132849#1106564#1984864#2696801#3478073,CTB,water
CTR_20000000000_@4@4@water,132302#1096341#1965914#2670778#3444286,CTR,water
CV1_20000000000_@4@4@water,73058#608534#1091538#1483054#1912699,CV1,water
VRY_20000000000_@4@4@water,74112#617317#1107292#1504459#1940305,VRY,water
PRS_20000000000_@4@4@water,2731#22631#40581#55131#71098,PRS,water
SMG_20000000000_@4@4@water,124831#1039776#1865066#2534033#3268150,SMG,water
WTF_20000000000_@4@4@water,2735#22661#40635#55204#71192,WTF,water
AC1_20000000000_@4@5@air,75588#279120#503797,AC1,air
GYR_20000000000_@4@5@air,81588#301277#543789,GYR,air
CTB_20000000000_@4@5@air,188446#695866#1256002,CTB,air
CTR_20000000000_@4@5@air,186407#688340#1242417,CTR,air
CV1_20000000000_@4@5@air,104085#384350#693731,CV1,air
VRY_20000000000_@4@5@air,105100#388100#700501,VRY,air
SMG_20000000000_@4@5@air,177041#653752#1179988,SMG,air
AC1_20000000000_@4@5@water,60799#320470#694358#970624#1342559,AC1,water
GYR_20000000000_@4@5@water,65952#347634#753214#1052898#1456359,GYR,water
CTB_20000000000_@4@5@water,152216#802333#1738404#2430069#3361252,CTB,water
CTR_20000000000_@4@5@water,150534#793470#1719201#2403226#3324123,CTR,water
CV1_20000000000_@4@5@water,84059#443074#960003#1341963#1856192,CV1,water
VRY_20000000000_@4@5@water,84917#447596#969800#1355658#1875135,VRY,water
PRS_20000000000_@4@5@water,3114#16415#35564#49714#68764,PRS,water
SMG_20000000000_@4@5@water,143057#754056#1633803#2283851#3159004,SMG,water
WTF_20000000000_@4@5@water,3114#16415#35564#49714#68764,WTF,water
AC1_20000000000_@5@1@air,35791#207185#404648,AC1,air
GYR_20000000000_@5@1@air,38788#224529#438522,GYR,air
CTB_20000000000_@5@1@air,89037#515409#1006632,CTB,air
CTR_20000000000_@5@1@air,88393#511684#999357,CTR,air
CV1_20000000000_@5@1@air,49171#284633#555910,CV1,air
VRY_20000000000_@5@1@air,49700#287700#561900,VRY,air
SMG_20000000000_@5@1@air,82035#474874#927465,SMG,air
AC1_20000000000_@5@1@water,81548#384842#775905#1087975#1478395,AC1,water
GYR_20000000000_@5@1@water,88568#417969#842696#1181629#1605657,GYR,water
CTB_20000000000_@5@1@water,204372#964471#1944535#2726630#3705081,CTB,water
CTR_20000000000_@5@1@water,202547#955861#1927175#2702289#3672004,CTR,water
CV1_20000000000_@5@1@water,112907#532828#1074270#1506343#2046894,CV1,water
VRY_20000000000_@5@1@water,114035#538155#1085009#1521402#2067356,VRY,water
PRS_20000000000_@5@1@water,4181#19731#39781#55781#75798,PRS,water
SMG_20000000000_@5@1@water,191998#906075#1826798#2561540#3480748,SMG,water
WTF_20000000000_@5@1@water,4181#19731#39781#55781#75798,WTF,water
AC1_20000000000_@5@2@air,24851#199885#387884,AC1,air
GYR_20000000000_@5@2@air,27373#217772#422274,GYR,air
CTB_20000000000_@5@2@air,62793#499558#968677,CTB,air
CTR_20000000000_@5@2@air,62256#495291#960403,CTR,air
CV1_20000000000_@5@2@air,34140#274601#532875,CV1,air
VRY_20000000000_@5@2@air,34500#277500#538500,VRY,air
SMG_20000000000_@5@2@air,57813#459945#891865,SMG,air
AC1_20000000000_@5@2@water,46095#321023#706117#970321#1327143,AC1,water
GYR_20000000000_@5@2@water,50027#348410#766357#1053101#1440363,GYR,water
CTB_20000000000_@5@2@water,115566#804854#1770347#2432748#3327356,CTB,water
CTR_20000000000_@5@2@water,114279#795887#1750622#2405643#3290284,CTR,water
CV1_20000000000_@5@2@water,63813#444424#977549#1343313#1837297,CV1,water
VRY_20000000000_@5@2@water,64503#449227#988113#1357830#1857152,VRY,water
PRS_20000000000_@5@2@water,2364#16464#36214#49765#68064,PRS,water
SMG_20000000000_@5@2@water,108559#756050#1662997#2285231#3125592,SMG,water
WTF_20000000000_@5@2@water,2364#16464#36214#49765#68064,WTF,water
AC1_20000000000_@5@4@air,17412#180782#389651,AC1,air
GYR_20000000000_@5@4@air,18927#196505#423541,GYR,air
CTB_20000000000_@5@4@air,43392#450521#971038,CTB,air
CTR_20000000000_@5@4@air,43901#448545#965886,CTR,air
CV1_20000000000_@5@4@air,24027#249464#537688,CV1,air
VRY_20000000000_@5@4@air,24300#252300#543801,VRY,air
SMG_20000000000_@5@4@air,40111#416457#897619,SMG,air
AC1_20000000000_@5@4@water,36029#304240#643650#905034#1293209,AC1,water
GYR_20000000000_@5@4@water,39230#331272#700838#985446#1408111,GYR,water
CTB_20000000000_@5@4@water,90347#762931#1614057#2269521#3242934,CTB,water
CTR_20000000000_@5@4@water,89523#755975#1599340#2248828#3213366,CTR,water
CV1_20000000000_@5@4@water,49736#419992#888534#1249365#1785227,CV1,water
VRY_20000000000_@5@4@water,50412#425699#900608#1266343#1809486,VRY,water
PRS_20000000000_@5@4@water,1847#15598#32997#46397#66297,PRS,water
SMG_20000000000_@5@4@water,84885#716807#1516477#2132314#3046878,SMG,water
WTF_20000000000_@5@4@water,1847#15598#32997#46397#66297,WTF,water
AC1_20000000000_@5@5@air,40071#206795#401211,AC1,air
GYR_20000000000_@5@5@air,43939#225335#436860,GYR,air
CTB_20000000000_@5@5@air,100171#516949#1002953,CTB,air
CTR_20000000000_@5@5@air,100055#513121#994795,CTR,air
CV1_20000000000_@5@5@air,55347#285626#554154,CV1,air
VRY_20000000000_@5@5@air,56000#289000#560700,VRY,air
SMG_20000000000_@5@5@air,92027#474925#921421,SMG,air
AC1_20000000000_@5@5@water,64645#331883#709332#981446#1236980,AC1,water
GYR_20000000000_@5@5@water,70267#360745#771018#1066797#1344553,GYR,water
CTB_20000000000_@5@5@water,162041#831914#1778048#2460145#3100680,CTB,water
CTR_20000000000_@5@5@water,160612#824575#1762362#2438441#3073326,CTR,water
CV1_20000000000_@5@5@water,89366#458803#980598#1356775#1710032,CV1,water
VRY_20000000000_@5@5@water,90470#464470#992710#1373535#1731155,VRY,water
PRS_20000000000_@5@5@water,3314#17014#36364#50314#63414,PRS,water
SMG_20000000000_@5@5@water,152215#781468#1670231#2310967#2912661,SMG,water
WTF_20000000000_@5@5@water,3314#17014#36364#50314#63414,WTF,water
AC1_20000000000_@6@1@air,51419#225924#498096,AC1,air
GYR_20000000000_@6@1@air,55547#244065#538091,GYR,air
CTB_20000000000_@6@1@air,128501#564611#1244800,CTB,air
CTR_20000000000_@6@1@air,127046#558218#1230705,CTR,air
CV1_20000000000_@6@1@air,70945#311719#687247,CV1,air
VRY_20000000000_@6@1@air,71600#314601#693600,VRY,air
SMG_20000000000_@6@1@air,120727#530457#1169501,SMG,air
AC1_20000000000_@6@1@water,49683#310092#676810#993787#1313690,AC1,water
GYR_20000000000_@6@1@water,53966#336822#735151#1079451#1426930,GYR,water
CTB_20000000000_@6@1@water,124563#777454#1696881#2491598#3293651,CTB,water
CTR_20000000000_@6@1@water,123489#770750#1682249#2470113#3265250,CTR,water
CV1_20000000000_@6@1@water,68704#428809#935924#1374254#1816631,CV1,water
VRY_20000000000_@6@1@water,69567#434195#947679#1391515#1839448,VRY,water
PRS_20000000000_@6@1@water,2547#15897#34698#50947#67347,PRS,water
SMG_20000000000_@6@1@water,117045#730530#1594464#2341215#3094860,SMG,water
WTF_20000000000_@6@1@water,2547#15897#34698#50947#67347,WTF,water
AC1_20000000000_@6@2@air,43477#228576#498834,AC1,air
GYR_20000000000_@6@2@air,46966#246920#538868,GYR,air
CTB_20000000000_@6@2@air,108705#571505#1247229,CTB,air
CTR_20000000000_@6@2@air,107474#565034#1233107,CTR,air
CV1_20000000000_@6@2@air,60132#316139#689929,CV1,air
VRY_20000000000_@6@2@air,60600#318601#695300,VRY,air
SMG_20000000000_@6@2@air,102076#536653#1171169,SMG,air
AC1_20000000000_@6@2@water,49044#336792#727934#1035190#1333355,AC1,water
GYR_20000000000_@6@2@water,53223#365489#789958#1123394#1446964,GYR,water
CTB_20000000000_@6@2@water,122912#844051#1824312#2594342#3341589,CTB,water
CTR_20000000000_@6@2@water,121840#836691#1808403#2571718#3312449,CTR,water
CV1_20000000000_@6@2@water,67918#466399#1008063#1433559#1846467,CV1,water
VRY_20000000000_@6@2@water,68590#471011#1018032#1447736#1864727,VRY,water
PRS_20000000000_@6@2@water,2514#17264#37314#53064#68348,PRS,water
SMG_20000000000_@6@2@water,115528#793345#1714716#2438487#3140843,SMG,water
WTF_20000000000_@6@2@water,2514#17264#37314#53064#68348,WTF,water
AC1_20000000000_@6@3@air,37234#229501#525578,AC1,air
GYR_20000000000_@6@3@air,40222#247919#567757,GYR,air
CTB_20000000000_@6@3@air,93095#573817#1314092,CTB,air
CTR_20000000000_@6@3@air,92041#567320#1299214,CTR,air
CV1_20000000000_@6@3@air,51500#317429#726941,CV1,air
VRY_20000000000_@6@3@air,51900#319900#732600,VRY,air
SMG_20000000000_@6@3@air,87556#539674#1235902,SMG,air
AC1_20000000000_@6@3@water,57491#304271#658347#944144#1274809,AC1,water
GYR_20000000000_@6@3@water,62561#331104#716405#1027405#1387231,GYR,water
CTB_20000000000_@6@3@water,144155#762936#1650753#2367366#3196485,CTB,water
CTR_20000000000_@6@3@water,143194#757850#1639748#2351583#3175173,CTR,water
CV1_20000000000_@6@3@water,79510#420804#910486#1305740#1763047,CV1,water
VRY_20000000000_@6@3@water,80460#425833#921369#1321346#1784119,VRY,water
PRS_20000000000_@6@3@water,2947#15597#33747#48397#65347,PRS,water
SMG_20000000000_@6@3@water,135468#716962#1551280#2224710#3003866,SMG,water
WTF_20000000000_@6@3@water,2949#15607#33768#48427#65387,WTF,water
AC1_20000000000_@6@4@air,55889#244575#465330,AC1,air
GYR_20000000000_@6@4@air,60060#262827#500057,GYR,air
CTB_20000000000_@6@4@air,139672#611221#1162915,CTB,air
CTR_20000000000_@6@4@air,138162#604613#1150344,CTR,air
CV1_20000000000_@6@4@air,77224#337942#642971,CV1,air
VRY_20000000000_@6@4@air,77900#340900#648600,VRY,air
SMG_20000000000_@6@4@air,131357#574832#1093682,SMG,air
AC1_20000000000_@6@4@water,43486#296016#624597#881026#1271034,AC1,water
GYR_20000000000_@6@4@water,47307#322023#679472#958431#1382702,GYR,water
CTB_20000000000_@6@4@water,108994#741936#1565494#2208212#3185729,CTB,water
CTR_20000000000_@6@4@water,108087#735766#1552475#2189847#3159235,CTR,water
CV1_20000000000_@6@4@water,60135#409345#863723#1218327#1757648,CV1,water
VRY_20000000000_@6@4@water,60816#413985#873513#1232135#1777569,VRY,water
PRS_20000000000_@6@4@water,2230#15180#32030#45180#65180,PRS,water
SMG_20000000000_@6@4@water,102425#697222#1471147#2075129#2993735,SMG,water
WTF_20000000000_@6@4@water,2230#15180#32030#45180#65180,WTF,water
AC1_20000000000_@6@5@air,73429#348070#561258,AC1,air
GYR_20000000000_@6@5@air,79282#375813#605993,GYR,air
CTB_20000000000_@6@5@air,183696#870760#1399990,CTB,air
CTR_20000000000_@6@5@air,181715#861372#1388948,CTR,air
CV1_20000000000_@6@5@air,101512#481187#775907,CV1,air
VRY_20000000000_@6@5@air,102400#485400#782700,VRY,air
SMG_20000000000_@6@5@air,172579#818061#1319111,SMG,air
AC1_20000000000_@6@5@water,69168#341198#688304#936934#1227489,AC1,water
GYR_20000000000_@6@5@water,74785#370233#747220#1017253#1332821,GYR,water
CTB_20000000000_@6@5@water,172636#854662#1724919#2348276#3076749,CTB,water
CTR_20000000000_@6@5@water,171234#847725#1710916#2329214#3051773,CTR,water
CV1_20000000000_@6@5@water,95209#471348#951295#1295078#1696831,CV1,water
VRY_20000000000_@6@5@water,96327#476884#962468#1310288#1716761,VRY,water
PRS_20000000000_@6@5@water,3547#17497#35297#48047#62947,PRS,water
SMG_20000000000_@6@5@water,162248#803237#1621129#2206979#2891619,SMG,water
WTF_20000000000_@6@5@water,3532#17483#35285#48037#62938,WTF,water
AC1_20000000001_@1@1@air,10421#192234#381018,AC1,air
GYR_20000000001_@1@1@air,11319#208810#413873,GYR,air
CTB_20000000001_@1@1@air,26003#479696#950785,CTB,air
CTR_20000000001_@1@1@air,25036#475376#942981,CTR,air
CV1_20000000001_@1@1@air,14356#264837#524920,CV1,air
VRY_20000000001_@1@1@air,14500#267500#530200,VRY,air
SMG_20000000001_@1@1@air,24438#450824#893558,SMG,air
AC1_20000000001_@1@1@water,50990#283290#518532#769456#1006657,AC1,water
GYR_20000000001_@1@1@water,55739#308125#563706#836326#1094037,GYR,water
CTB_20000000001_@1@1@water,127919#707147#1293707#1919371#2510819,CTB,water
CTR_20000000001_@1@1@water,126872#701356#1283111#1903651#2490255,CTR,water
CV1_20000000001_@1@1@water,70205#390049#713941#1059425#1386017,CV1,water
VRY_20000000001_@1@1@water,70899#393902#720994#1069892#1399709,VRY,water
PRS_20000000001_@1@1@water,2617#14467#26467#39267#51367,PRS,water
SMG_20000000001_@1@1@water,116891#649431#1188711#1763944#2307718,SMG,water
WTF_20000000001_@1@1@water,2617#14467#26467#39267#51367,WTF,water
AC1_20000000001_@1@2@air,31715#212690#397098,AC1,air
GYR_20000000001_@1@2@air,34653#232391#433881,GYR,air
CTB_20000000001_@1@2@air,79469#532944#995023,CTB,air
CTR_20000000001_@1@2@air,78841#528729#987152,CTR,air
CV1_20000000001_@1@2@air,43463#293945#549179,CV1,air
VRY_20000000001_@1@2@air,43900#296900#554700,VRY,air
SMG_20000000001_@1@2@air,73946#500103#934346,SMG,air
AC1_20000000001_@1@2@water,7906#275973#506863#742645#975492,AC1,water
GYR_20000000001_@1@2@water,8604#300354#551643#808256#1061674,GYR,water
CTB_20000000001_@1@2@water,19751#689515#1266392#1855491#2437256,CTB,water
CTR_20000000001_@1@2@water,19588#683809#1255912#1840136#2417087,CTR,water
CV1_20000000001_@1@2@water,10502#380329#698865#1024150#1345387,CV1,water
VRY_20000000001_@1@2@water,10613#384335#706227#1034938#1359558,VRY,water
PRS_20000000001_@1@2@water,404#14104#25904#37954#49854,PRS,water
SMG_20000000001_@1@2@water,18560#647929#1190013#1743581#2290259,SMG,water
WTF_20000000001_@1@2@water,404#14099#25894#37939#49834,WTF,water
AC1_20000000001_@1@3@air,48293#212388#413332,AC1,air
GYR_20000000001_@1@3@air,52460#230712#448993,GYR,air
CTB_20000000001_@1@3@air,120113#528244#1028026,CTB,air
CTR_20000000001_@1@3@air,119453#525342#1022379,CTR,air
CV1_20000000001_@1@3@air,66488#292407#569059,CV1,air
VRY_20000000001_@1@3@air,67100#295100#574300,VRY,air
SMG_20000000001_@1@3@air,113014#497024#967268,SMG,air
AC1_20000000001_@1@3@water,23062#288554#511920#735286#991961,AC1,water
GYR_20000000001_@1@3@water,25069#313671#556479#799287#1078304,GYR,water
CTB_20000000001_@1@3@water,57580#720455#1278151#1835846#2476707,CTB,water
CTR_20000000001_@1@3@water,57087#714288#1267209#1820130#2455505,CTR,water
CV1_20000000001_@1@3@water,31781#397652#705470#1013287#1367008,CV1,water
VRY_20000000001_@1@3@water,32112#401784#712801#1023817#1381213,VRY,water
PRS_20000000001_@1@3@water,1177#14727#26127#37527#50627,PRS,water
SMG_20000000001_@1@3@water,54091#676801#1200705#1724609#2326639,SMG,water
WTF_20000000001_@1@3@water,1177#14719#26113#37507#50599,WTF,water
AC1_20000000001_@1@4@air,13934#206424#382681,AC1,air
GYR_20000000001_@1@4@air,15167#224678#416521,GYR,air
CTB_20000000001_@1@4@air,34768#515064#954857,CTB,air
CTR_20000000001_@1@4@air,34515#511317#947911,CTR,air
CV1_20000000001_@1@4@air,19220#284724#527839,CV1,air
VRY_20000000001_@1@4@air,19400#287400#532801,VRY,air
SMG_20000000001_@1@4@air,32702#484453#898110,SMG,air
AC1_20000000001_@1@4@water,50047#281720#534990#804949#1012081,AC1,water
GYR_20000000001_@1@4@water,54686#306358#581491#874753#1099765,GYR,water
CTB_20000000001_@1@4@water,124787#702447#1333955#2007075#2523541,CTB,water
CTR_20000000001_@1@4@water,123812#696957#1323530#1991389#2503819,CTR,water
CV1_20000000001_@1@4@water,68919#387952#736725#1108480#1393718,CV1,water
VRY_20000000001_@1@4@water,69599#391780#743996#1119420#1407472,VRY,water
PRS_20000000001_@1@4@water,2564#14364#27265#41014#51564,PRS,water
SMG_20000000001_@1@4@water,114729#645826#1226431#1845294#2320131,SMG,water
WTF_20000000001_@1@4@water,2567#14379#27292#41056#51617,WTF,water
AC1_20000000001_@1@5@air,38066#198229#396960,AC1,air
GYR_20000000001_@1@5@air,41379#215479#431504,GYR,air
CTB_20000000001_@1@5@air,94984#494632#990518,CTB,air
CTR_20000000001_@1@5@air,94294#491039#983323,CTR,air
CV1_20000000001_@1@5@air,52480#273292#547276,CV1,air
VRY_20000000001_@1@5@air,53000#276000#552701,VRY,air
SMG_20000000001_@1@5@air,88856#462718#926609,SMG,air
AC1_20000000001_@1@5@water,43405#303790#549492#775616#1018382,AC1,water
GYR_20000000001_@1@5@water,47162#330086#597056#842753#1106532,GYR,water
CTB_20000000001_@1@5@water,107546#757405#1370617#1934968#2540851,CTB,water
CTR_20000000001_@1@5@water,107357#751398#1359120#1918419#2518878,CTR,water
CV1_20000000001_@1@5@water,59355#418012#756444#1067910#1402297,CV1,water
VRY_20000000001_@1@5@water,59980#422411#764404#1079147#1417053,VRY,water
PRS_20000000001_@1@5@water,2217#15517#28067#39617#52017,PRS,water
SMG_20000000001_@1@5@water,101073#711817#1288120#1818502#2387917,SMG,water
WTF_20000000001_@1@5@water,2217#15513#28060#39607#52003,WTF,water
AC1_20000000001_@2@1@air,45160#223469#430538,AC1,air
GYR_20000000001_@2@1@air,49008#242510#467222,GYR,air
CTB_20000000001_@2@1@air,111850#556382#1072612,CTB,air
CTR_20000000001_@2@1@air,111608#552282#1064033,CTR,air
CV1_20000000001_@2@1@air,61775#307290#592405,CV1,air
VRY_20000000001_@2@1@air,62400#310400#598400,VRY,air
SMG_20000000001_@2@1@air,104988#522247#1006806,SMG,air
AC1_20000000001_@2@1@water,26205#287853#521083#764112#1023801,AC1,water
GYR_20000000001_@2@1@water,28485#312901#566425#830602#1112888,GYR,water
CTB_20000000001_@2@1@water,65302#717345#1298567#1904210#2551368,CTB,water
CTR_20000000001_@2@1@water,64726#711016#1287109#1887408#2528856,CTR,water
CV1_20000000001_@2@1@water,35632#395714#716685#1051142#1408527,CV1,water
VRY_20000000001_@2@1@water,36430#400181#724423#1062289#1423316,VRY,water
PRS_20000000001_@2@1@water,1337#14687#26588#38987#52237,PRS,water
SMG_20000000001_@2@1@water,61398#674451#1220919#1790347#2398808,SMG,water
WTF_20000000001_@2@1@water,1337#14686#26584#38982#52231,WTF,water
AC1_20000000001_@2@2@air,39547#213927#424546,AC1,air
GYR_20000000001_@2@2@air,42725#232525#461770,GYR,air
CTB_20000000001_@2@2@air,97945#533054#1058588,CTB,air
CTR_20000000001_@2@2@air,97040#528131#1048810,CTR,air
CV1_20000000001_@2@2@air,54059#294208#584265,CV1,air
VRY_20000000001_@2@2@air,54700#297700#591200,VRY,air
SMG_20000000001_@2@2@air,91948#500415#993770,SMG,air
AC1_20000000001_@2@2@water,22334#295627#520923#786381#1021472,AC1,water
GYR_20000000001_@2@2@water,23959#321314#566446#855274#1111063,GYR,water
CTB_20000000001_@2@2@water,54899#736242#1297922#1959728#2545830,CTB,water
CTR_20000000001_@2@2@water,54465#730430#1287676#1944258#2525733,CTR,water
CV1_20000000001_@2@2@water,30325#406684#716944#1082512#1406261,CV1,water
VRY_20000000001_@2@2@water,30654#411097#724724#1094258#1421521,VRY,water
PRS_20000000001_@2@2@water,1124#15074#26574#40124#52124,PRS,water
SMG_20000000001_@2@2@water,51602#692025#1219973#1842033#2392935,SMG,water
WTF_20000000001_@2@2@water,1124#15068#26564#40108#52103,WTF,water
AC1_20000000001_@2@3@air,42178#209497#404247,AC1,air
GYR_20000000001_@2@3@air,45539#227536#439372,GYR,air
CTB_20000000001_@2@3@air,104467#521975#1007933,CTB,air
CTR_20000000001_@2@3@air,103703#518159#1000563,CTR,air
CV1_20000000001_@2@3@air,57667#288134#556387,CV1,air
VRY_20000000001_@2@3@air,58300#291300#562500,VRY,air
SMG_20000000001_@2@3@air,97990#489612#945441,SMG,air
AC1_20000000001_@2@3@water,37779#293037#506079#788827#1027395,AC1,water
GYR_20000000001_@2@3@water,40994#317979#549155#855970#1114844,GYR,water
CTB_20000000001_@2@3@water,94069#729669#1260151#1964200#2558241,CTB,water
CTR_20000000001_@2@3@water,93287#723605#1249677#1947875#2536979,CTR,water
CV1_20000000001_@2@3@water,51909#402642#695369#1083873#1411673,CV1,water
VRY_20000000001_@2@3@water,52430#406685#702351#1094757#1425849,VRY,water
PRS_20000000001_@2@3@water,1924#14924#25774#40174#52324,PRS,water
SMG_20000000001_@2@3@water,86498#670941#1158726#1806108#2352338,SMG,water
WTF_20000000001_@2@3@water,1924#14924#25774#40174#52324,WTF,water
AC1_20000000001_@2@4@air,22987#182181#398700,AC1,air
GYR_20000000001_@2@4@air,24953#197763#432800,GYR,air
CTB_20000000001_@2@4@air,57249#453718#992951,CTB,air
CTR_20000000001_@2@4@air,56822#450335#985549,CTR,air
CV1_20000000001_@2@4@air,31913#252919#553508,CV1,air
VRY_20000000001_@2@4@air,32200#255200#558500,VRY,air
SMG_20000000001_@2@4@air,53868#426927#934320,SMG,air
AC1_20000000001_@2@4@water,36410#283718#517285#783238#996197,AC1,water
GYR_20000000001_@2@4@water,39895#308560#562299#851221#1082571,GYR,water
CTB_20000000001_@2@4@water,90583#705846#1286927#1948578#2478388,CTB,water
CTR_20000000001_@2@4@water,90668#701257#1277925#1934551#2460336,CTR,water
CV1_20000000001_@2@4@water,50068#390138#711315#1077025#1369863,CV1,water
VRY_20000000001_@2@4@water,50598#394270#718849#1088432#1384372,VRY,water
PRS_20000000001_@2@4@water,1871#14471#26371#39921#50771,PRS,water
SMG_20000000001_@2@4@water,83630#651670#1188151#1799018#2288163,SMG,water
WTF_20000000001_@2@4@water,1871#14471#26371#39921#50771,WTF,water
AC1_20000000001_@2@5@air,19419#207176#384011,AC1,air
GYR_20000000001_@2@5@air,21108#225196#417412,GYR,air
CTB_20000000001_@2@5@air,48718#519769#963416,CTB,air
CTR_20000000001_@2@5@air,48294#515249#955039,CTR,air
CV1_20000000001_@2@5@air,26964#287673#533215,CV1,air
VRY_20000000001_@2@5@air,27200#290201#537900,VRY,air
SMG_20000000001_@2@5@air,45815#488806#906025,SMG,air
AC1_20000000001_@2@5@water,48189#275697#505166#772880#1024903,AC1,water
GYR_20000000001_@2@5@water,52331#299393#548585#839309#1112994,GYR,water
CTB_20000000001_@2@5@water,120175#687542#1259800#1927434#2555940,CTB,water
CTR_20000000001_@2@5@water,119129#681561#1248841#1910669#2533707,CTR,water
CV1_20000000001_@2@5@water,65931#379237#695244#1063918#1410986,CV1,water
VRY_20000000001_@2@5@water,66612#383157#702430#1074915#1425570,VRY,water
PRS_20000000001_@2@5@water,2457#14057#25757#39407#52257,PRS,water
SMG_20000000001_@2@5@water,110586#632684#1159283#1773649#2352008,SMG,water
WTF_20000000001_@2@5@water,2459#14068#25777#39438#52297,WTF,water
AC1_20000000001_@3@1@air,24900#224963#424955,AC1,air
GYR_20000000001_@3@1@air,27085#244698#462232,GYR,air
CTB_20000000001_@3@1@air,62054#560631#1059028,CTB,air
CTR_20000000001_@3@1@air,61642#556911#1052001,CTR,air
CV1_20000000001_@3@1@air,34292#309817#585242,CV1,air
VRY_20000000001_@3@1@air,34600#312600#590500,VRY,air
SMG_20000000001_@3@1@air,58395#527580#996595,SMG,air
AC1_20000000001_@3@1@water,25688#280403#500830#739871#998505,AC1,water
GYR_20000000001_@3@1@water,27878#304317#543543#802969#1083661,GYR,water
CTB_20000000001_@3@1@water,64022#698869#1248255#1844034#2488648,CTB,water
CTR_20000000001_@3@1@water,63458#692714#1237262#1827794#2466730,CTR,water
CV1_20000000001_@3@1@water,34992#385982#689724#1019114#1375504,CV1,water
VRY_20000000001_@3@1@water,35783#390603#697658#1030643#1390921,VRY,water
PRS_20000000001_@3@1@water,1311#14311#25561#37761#50961,PRS,water
SMG_20000000001_@3@1@water,60153#656629#1172810#1732579#2338232,SMG,water
WTF_20000000001_@3@1@water,1311#14308#25554#37751#50947,WTF,water
AC1_20000000001_@3@2@air,37076#214583#401251,AC1,air
GYR_20000000001_@3@2@air,40275#233096#435869,GYR,air
CTB_20000000001_@3@2@air,92646#536198#1002643,CTB,air
CTR_20000000001_@3@2@air,91771#531138#993181,CTR,air
CV1_20000000001_@3@2@air,51156#296069#553623,CV1,air
VRY_20000000001_@3@2@air,51800#299800#560600,VRY,air
SMG_20000000001_@3@2@air,87077#503968#942377,SMG,air
AC1_20000000001_@3@2@water,13141#294156#503694#717148#982497,AC1,water
GYR_20000000001_@3@2@water,14280#319664#547372#779336#1067694,GYR,water
CTB_20000000001_@3@2@water,32769#733549#1256082#1788382#2450095,CTB,water
CTR_20000000001_@3@2@water,32510#727759#1246168#1774267#2430757,CTR,water
CV1_20000000001_@3@2@water,18139#406057#695306#989961#1356252,CV1,water
VRY_20000000001_@3@2@water,18317#410038#702123#999668#1369551,VRY,water
PRS_20000000001_@3@2@water,671#15021#25721#36621#50172,PRS,water
SMG_20000000001_@3@2@water,30792#689308#1180326#1680522#2302326,SMG,water
WTF_20000000001_@3@2@water,671#15015#25711#36606#50151,WTF,water
AC1_20000000001_@3@3@air,13806#187629#366388,AC1,air
GYR_20000000001_@3@3@air,14997#203817#397998,GYR,air
CTB_20000000001_@3@3@air,34568#469796#917383,CTB,air
CTR_20000000001_@3@3@air,34172#464421#906886,CTR,air
CV1_20000000001_@3@3@air,19128#259955#507621,CV1,air
VRY_20000000001_@3@3@air,19300#262301#512200,VRY,air
SMG_20000000001_@3@3@air,32528#442076#863252,SMG,air
AC1_20000000001_@3@3@water,16274#284558#507801#727128#993454,AC1,water
GYR_20000000001_@3@3@water,17699#309487#552289#790831#1080489,GYR,water
CTB_20000000001_@3@3@water,40598#709902#1266841#1814009#2478427,CTB,water
CTR_20000000001_@3@3@water,40273#704203#1256671#1799447#2458531,CTR,water
CV1_20000000001_@3@3@water,22444#392451#700339#1002827#1370133,CV1,water
VRY_20000000001_@3@3@water,22669#396391#707371#1012896#1383890,VRY,water
PRS_20000000001_@3@3@water,831#14532#25931#37132#50731,PRS,water
SMG_20000000001_@3@3@water,38166#667368#1190937#1705321#2329930,SMG,water
WTF_20000000001_@3@3@water,831#14527#25924#37121#50717,WTF,water
AC1_20000000001_@3@4@air,16480#183426#370505,AC1,air
GYR_20000000001_@3@4@air,17918#199429#402830,GYR,air
CTB_20000000001_@3@4@air,41186#458414#925961,CTB,air
CTR_20000000001_@3@4@air,40846#454630#918316,CTR,air
CV1_20000000001_@3@4@air,22815#253935#512929,CV1,air
VRY_20000000001_@3@4@air,23000#256000#517100,VRY,air
SMG_20000000001_@3@4@air,38679#430514#869604,SMG,air
AC1_20000000001_@3@4@water,46034#315267#531632#750935#1007440,AC1,water
GYR_20000000001_@3@4@water,50114#343209#578750#817489#1096728,GYR,water
CTB_20000000001_@3@4@water,114812#786297#1325927#1872883#2512625,CTB,water
CTR_20000000001_@3@4@water,113814#779460#1314397#1856596#2490775,CTR,water
CV1_20000000001_@3@4@water,63471#434683#733002#1035371#1389035,CV1,water
VRY_20000000001_@3@4@water,64034#438540#739506#1044557#1401359,VRY,water
PRS_20000000001_@3@4@water,2351#16101#27151#38351#51451,PRS,water
SMG_20000000001_@3@4@water,107840#738546#1245405#1759144#2360036,SMG,water
WTF_20000000001_@3@4@water,2351#16097#27144#38341#51437,WTF,water
AC1_20000000001_@3@5@air,10984#171068#390304,AC1,air
GYR_20000000001_@3@5@air,11947#186075#424545,GYR,air
CTB_20000000001_@3@5@air,27389#426578#973271,CTB,air
CTR_20000000001_@3@5@air,27224#424014#967421,CTR,air
CV1_20000000001_@3@5@air,15159#236103#538688,CV1,air
VRY_20000000001_@3@5@air,15300#238300#543700,VRY,air
SMG_20000000001_@3@5@air,25776#401463#915969,SMG,air
AC1_20000000001_@3@5@water,27189#281283#521695#745494#983952,AC1,water
GYR_20000000001_@3@5@water,29586#306088#567700#811234#1070720,GYR,water
CTB_20000000001_@3@5@water,67856#702020#1302036#1860588#2455727,CTB,water
CTR_20000000001_@3@5@water,67276#696023#1290913#1844694#2434748,CTR,water
CV1_20000000001_@3@5@water,37504#388005#719633#1028343#1357275,CV1,water
VRY_20000000001_@3@5@water,37866#391746#726572#1038259#1370362,VRY,water
PRS_20000000001_@3@5@water,1391#14392#26692#38141#50341,PRS,water
SMG_20000000001_@3@5@water,63781#659856#1223835#1748840#2308234,SMG,water
WTF_20000000001_@3@5@water,1391#14382#26673#38115#50307,WTF,water
AC1_20000000010_@1@1@air,39204#215945#410360,AC1,air
GYR_20000000010_@1@1@air,42292#231440#439504,GYR,air
CTB_20000000010_@1@1@air,97434#533204#1012551,CTB,air
CTR_20000000010_@1@1@air,96471#527936#1002548,CTR,air
CV1_20000000010_@1@1@air,53466#294509#559656,CV1,air
VRY_20000000010_@1@1@air,53900#296900#564201,VRY,air
SMG_20000000010_@1@1@air,90015#492604#935453,SMG,air
AC1_20000000010_@1@1@water,33779#274065#495717#756599#991001,AC1,water
GYR_20000000010_@1@1@water,36981#297785#538363#821521#1075938,GYR,water
CTB_20000000010_@1@1@water,84885#683523#1235736#1885685#2469662,CTB,water
CTR_20000000010_@1@1@water,84196#677973#1225703#1870375#2449612,CTR,water
CV1_20000000010_@1@1@water,46491#377208#682277#1041341#1363959,CV1,water
VRY_20000000010_@1@1@water,46975#381140#689389#1052196#1378176,VRY,water
PRS_20000000010_@1@1@water,1737#13987#25288#38587#50537,PRS,water
SMG_20000000010_@1@1@water,77412#628091#1136064#1733943#2271136,SMG,water
WTF_20000000010_@1@1@water,1737#13987#25288#38587#50537,WTF,water
AC1_20000000010_@1@2@air,38446#211744#424289,AC1,air
GYR_20000000010_@1@2@air,41503#227064#454648,GYR,air
CTB_20000000010_@1@2@air,94842#522349#1046673,CTB,air
CTR_20000000010_@1@2@air,94676#517981#1037152,CTR,air
CV1_20000000010_@1@2@air,52397#288578#578248,CV1,air
VRY_20000000010_@1@2@air,52800#290800#582700,VRY,air
SMG_20000000010_@1@2@air,87569#482289#966402,SMG,air
AC1_20000000010_@1@2@water,25887#249113#488983#764100#990263,AC1,water
GYR_20000000010_@1@2@water,28468#271200#532029#831185#1077111,GYR,water
CTB_20000000010_@1@2@water,64539#621058#1219072#1904957#2468799,CTB,water
CTR_20000000010_@1@2@water,64762#616958#1210327#1890884#2450346,CTR,water
CV1_20000000010_@1@2@water,35688#343424#674106#1053378#1365163,CV1,water
VRY_20000000010_@1@2@water,36037#346783#680699#1063680#1378515,VRY,water
PRS_20000000010_@1@2@water,1337#12737#24987#39037#50587,PRS,water
SMG_20000000010_@1@2@water,59393#571541#1121876#1753076#2271963,SMG,water
WTF_20000000010_@1@2@water,1337#12737#24987#39037#50587,WTF,water
AC1_20000000010_@1@3@air,46999#245921#442803,AC1,air
GYR_20000000010_@1@3@air,50611#263490#474186,GYR,air
CTB_20000000010_@1@3@air,115806#605961#1091088,CTB,air
CTR_20000000010_@1@3@air,115385#600721#1081079,CTR,air
CV1_20000000010_@1@3@air,63936#334545#602378,CV1,air
VRY_20000000010_@1@3@air,64500#337500#607700,VRY,air
SMG_20000000010_@1@3@air,106853#559111#1006730,SMG,air
AC1_20000000010_@1@3@water,58790#298762#522083#795357#1024555,AC1,water
GYR_20000000010_@1@3@water,64220#324971#567630#864567#1113611,GYR,water
CTB_20000000010_@1@3@water,146672#745373#1302531#1984317#2556137,CTB,water
CTR_20000000010_@1@3@water,146165#739640#1291935#1967770#2534599,CTR,water
CV1_20000000010_@1@3@water,81004#411655#719363#1095900#1411706,CV1,water
VRY_20000000010_@1@3@water,81821#415806#726617#1106951#1425941,VRY,water
PRS_20000000010_@1@3@water,3017#15267#26667#40617#52317,PRS,water
SMG_20000000010_@1@3@water,134880#685449#1197815#1824789#2350639,SMG,water
WTF_20000000010_@1@3@water,3017#15267#26667#40617#52317,WTF,water
AC1_20000000010_@1@4@air,29376#192350#374438,AC1,air
GYR_20000000010_@1@4@air,34282#222727#433274,GYR,air
CTB_20000000010_@1@4@air,78306#512739#998125,CTB,air
CTR_20000000010_@1@4@air,77671#508581#990029,CTR,air
CV1_20000000010_@1@4@air,43177#282716#550349,CV1,air
VRY_20000000010_@1@4@air,43801#286800#558300,VRY,air
SMG_20000000010_@1@4@air,71849#470459#915821,SMG,air
AC1_20000000010_@1@4@water,31103#255356#492339#768493#977078,AC1,water
GYR_20000000010_@1@4@water,34147#277901#535493#835662#1062385,GYR,water
CTB_20000000010_@1@4@water,77573#636881#1227941#1916697#2436927,CTB,water
CTR_20000000010_@1@4@water,77759#632829#1219410#1902947#2419235,CTR,water
CV1_20000000010_@1@4@water,42851#351810#678308#1058772#1346144,CV1,water
VRY_20000000010_@1@4@water,43313#355600#685616#1070179#1360648,VRY,water
PRS_20000000010_@1@4@water,1604#13054#25154#39254#49904,PRS,water
SMG_20000000010_@1@4@water,71359#585862#1129574#1763155#2241711,SMG,water
WTF_20000000010_@1@4@water,1604#13054#25154#39254#49904,WTF,water
AC1_20000000010_@1@5@air,30792#205611#392949,AC1,air
GYR_20000000010_@1@5@air,33439#223286#426728,GYR,air
CTB_20000000010_@1@5@air,76766#512605#979653,CTB,air
CTR_20000000010_@1@5@air,76208#508882#972538,CTR,air
CV1_20000000010_@1@5@air,42456#283502#541808,CV1,air
VRY_20000000010_@1@5@air,42800#285800#546200,VRY,air
SMG_20000000010_@1@5@air,72095#481416#920047,SMG,air
AC1_20000000010_@1@5@water,17317#276865#485484#768538#987930,AC1,water
GYR_20000000010_@1@5@water,18834#301118#528010#835859#1074469,GYR,water
CTB_20000000010_@1@5@water,43177#690341#1210513#1916288#2463324,CTB,water
CTR_20000000010_@1@5@water,42842#684983#1201119#1901417#2444208,CTR,water
CV1_20000000010_@1@5@water,23440#381235#668821#1059019#1361457,CV1,water
VRY_20000000010_@1@5@water,23647#384590#674706#1068339#1373438,VRY,water
PRS_20000000010_@1@5@water,884#14134#24784#39234#50435,PRS,water
SMG_20000000010_@1@5@water,40584#648874#1137802#1801183#2315361,SMG,water
WTF_20000000010_@1@5@water,884#14127#24771#39214#50408,WTF,water
AC1_20000000010_@2@1@air,42560#225373#427912,AC1,air
GYR_20000000010_@2@1@air,46230#243349#461738,GYR,air
CTB_20000000010_@2@1@air,106642#561353#1065131,CTB,air
CTR_20000000010_@2@1@air,105335#554472#1052075,CTR,air
CV1_20000000010_@2@1@air,58334#308900#586503,CV1,air
VRY_20000000010_@2@1@air,58900#311900#592200,VRY,air
SMG_20000000010_@2@1@air,97491#516252#980199,SMG,air
AC1_20000000010_@2@1@water,32176#288045#504699#785077#1025260,AC1,water
GYR_20000000010_@2@1@water,35252#312877#547955#852174#1112781,GYR,water
CTB_20000000010_@2@1@water,81024#719138#1259457#1958693#2557689,CTB,water
CTR_20000000010_@2@1@water,80337#713043#1248782#1942092#2536011,CTR,water
CV1_20000000010_@2@1@water,44285#396445#694635#1080527#1411099,CV1,water
VRY_20000000010_@2@1@water,44745#400569#701860#1091766#1425776,VRY,water
PRS_20000000010_@2@1@water,1657#14708#25757#40057#52308,PRS,water
SMG_20000000010_@2@1@water,74563#661795#1159029#1802509#2353741,SMG,water
WTF_20000000010_@2@1@water,1657#14708#25757#40057#52308,WTF,water
AC1_20000000010_@2@2@air,39406#203654#404427,AC1,air
GYR_20000000010_@2@2@air,42821#221306#439479,GYR,air
CTB_20000000010_@2@2@air,98111#507052#1006929,CTB,air
CTR_20000000010_@2@2@air,97510#503947#1000763,CTR,air
CV1_20000000010_@2@2@air,54183#280023#556084,CV1,air
VRY_20000000010_@2@2@air,54700#282700#561400,VRY,air
SMG_20000000010_@2@2@air,92391#477493#948229,SMG,air
AC1_20000000010_@2@2@water,45059#285359#516832#789499#1000375,AC1,water
GYR_20000000010_@2@2@water,48921#309813#561122#857155#1086102,GYR,water
CTB_20000000010_@2@2@water,112254#710908#1287570#1966858#2492207,CTB,water
CTR_20000000010_@2@2@water,111302#704878#1276650#1950177#2471071,CTR,water
CV1_20000000010_@2@2@water,61964#392420#710736#1085702#1375694,CV1,water
VRY_20000000010_@2@2@water,62637#396681#718453#1097490#1390631,VRY,water
PRS_20000000010_@2@2@water,2297#14547#26347#40247#50998,PRS,water
SMG_20000000010_@2@2@water,103350#654520#1185442#1810851#2294530,SMG,water
WTF_20000000010_@2@2@water,2297#14547#26347#40247#50998,WTF,water
AC1_20000000010_@2@3@air,44838#215855#415757,AC1,air
GYR_20000000010_@2@3@air,48575#233844#450406,GYR,air
CTB_20000000010_@2@3@air,111590#537204#1034708,CTB,air
CTR_20000000010_@2@3@air,110922#533989#1028514,CTR,air
CV1_20000000010_@2@3@air,61634#296712#571495,CV1,air
VRY_20000000010_@2@3@air,62400#300400#578601,VRY,air
SMG_20000000010_@2@3@air,105159#506242#975072,SMG,air
AC1_20000000010_@2@3@water,26213#273245#497731#781033#1016301,AC1,water
GYR_20000000010_@2@3@water,28469#296754#540554#848230#1103741,GYR,water
CTB_20000000010_@2@3@water,65317#680869#1240239#1946170#2532409,CTB,water
CTR_20000000010_@2@3@water,64786#675333#1230155#1930345#2511818,CTR,water
CV1_20000000010_@2@3@water,36071#376007#684917#1074764#1398513,CV1,water
VRY_20000000010_@2@3@water,36441#379857#691931#1085769#1412833,VRY,water
PRS_20000000010_@2@3@water,1337#13937#25387#39837#51837,PRS,water
SMG_20000000010_@2@3@water,60176#627280#1142624#1792992#2333091,SMG,water
WTF_20000000010_@2@3@water,1337#13937#25387#39837#51837,WTF,water
AC1_20000000010_@2@4@air,39686#210795#399158,AC1,air
GYR_20000000010_@2@4@air,43168#229286#434173,GYR,air
CTB_20000000010_@2@4@air,98959#525628#995323,CTB,air
CTR_20000000010_@2@4@air,98176#521471#987450,CTR,air
CV1_20000000010_@2@4@air,54749#290805#550664,CV1,air
VRY_20000000010_@2@4@air,55200#293200#555200,VRY,air
SMG_20000000010_@2@4@air,93139#494712#936780,SMG,air
AC1_20000000010_@2@4@water,34033#265226#519931#779533#981338,AC1,water
GYR_20000000010_@2@4@water,36990#288275#565113#847276#1066617,GYR,water
CTB_20000000010_@2@4@water,84934#661918#1297578#1945463#2449101,CTB,water
CTR_20000000010_@2@4@water,84215#656309#1286583#1928977#2428347,CTR,water
CV1_20000000010_@2@4@water,46909#365575#716647#1074471#1352629,CV1,water
VRY_20000000010_@2@4@water,47388#369308#723965#1085442#1366439,VRY,water
PRS_20000000010_@2@4@water,1737#13537#26538#39787#50087,PRS,water
SMG_20000000010_@2@4@water,78190#609355#1194537#1790972#2254616,SMG,water
WTF_20000000010_@2@4@water,1737#13537#26538#39787#50087,WTF,water
AC1_20000000010_@2@5@air,40625#211947#402416,AC1,air
GYR_20000000010_@2@5@air,43742#229645#436326,GYR,air
CTB_20000000010_@2@5@air,100410#527151#1001586,CTB,air
CTR_20000000010_@2@5@air,99681#523322#994311,CTR,air
CV1_20000000010_@2@5@air,55471#291220#553318,CV1,air
VRY_20000000010_@2@5@air,56000#294000#558600,VRY,air
SMG_20000000010_@2@5@air,94444#495827#942071,SMG,air
AC1_20000000010_@2@5@water,30900#266024#503107#752926#983152,AC1,water
GYR_20000000010_@2@5@water,33611#289367#547255#818996#1069424,GYR,water
CTB_20000000010_@2@5@water,77118#663931#1255635#1879124#2453712,CTB,water
CTR_20000000010_@2@5@water,76488#658514#1245390#1863792#2433692,CTR,water
CV1_20000000010_@2@5@water,42235#366690#693849#1038583#1356279,CV1,water
VRY_20000000010_@2@5@water,43018#370355#700420#1048216#1368733,VRY,water
PRS_20000000010_@2@5@water,1577#13577#25677#38427#50177,PRS,water
SMG_20000000010_@2@5@water,72454#623784#1179707#1765495#2305338,SMG,water
WTF_20000000010_@2@5@water,1578#13583#25688#38443#50198,WTF,water
AC1_20000000010_@3@1@air,23811#185719#362798,AC1,air
GYR_20000000010_@3@1@air,27614#213094#415952,GYR,air
CTB_20000000010_@3@1@air,63580#490646#957726,CTB,air
CTR_20000000010_@3@1@air,62835#484895#946501,CTR,air
CV1_20000000010_@3@1@air,34673#270442#528303,CV1,air
VRY_20000000010_@3@1@air,35000#273000#533300,VRY,air
SMG_20000000010_@3@1@air,57983#452267#883494,SMG,air
AC1_20000000010_@3@1@water,26766#299523#528129#754772#996132,AC1,water
GYR_20000000010_@3@1@water,29008#324610#572363#817989#1079565,GYR,water
CTB_20000000010_@3@1@water,65841#744733#1313732#1877847#2478594,CTB,water
CTR_20000000010_@3@1@water,66077#739438#1303803#1863322#2459174,CTR,water
CV1_20000000010_@3@1@water,36441#412188#727112#1039333#1371828,CV1,water
VRY_20000000010_@3@1@water,36765#415855#733581#1048580#1384033,VRY,water
PRS_20000000010_@3@1@water,1364#15264#26914#38464#50764,PRS,water
SMG_20000000010_@3@1@water,61862#699725#1234338#1764361#2328801,SMG,water
WTF_20000000010_@3@1@water,1364#15258#26903#38449#50744,WTF,water
AC1_20000000010_@3@2@air,51268#245056#451571,AC1,air
GYR_20000000010_@3@2@air,55274#264206#486859,GYR,air
CTB_20000000010_@3@2@air,126868#606424#1117473,CTB,air
CTR_20000000010_@3@2@air,125797#601303#1108037,CTR,air
CV1_20000000010_@3@2@air,70176#335437#618118,CV1,air
VRY_20000000010_@3@2@air,70900#338900#624500,VRY,air
SMG_20000000010_@3@2@air,117202#560220#1032332,SMG,air
AC1_20000000010_@3@2@water,47091#284113#597530#857079#1075492,AC1,water
GYR_20000000010_@3@2@water,51146#308574#648975#930869#1168086,GYR,water
CTB_20000000010_@3@2@water,117517#709008#1491145#2138853#2683905,CTB,water
CTR_20000000010_@3@2@water,116539#703107#1478735#2121052#2661568,CTR,water
CV1_20000000010_@3@2@water,64896#391530#823444#1181123#1482112,CV1,water
VRY_20000000010_@3@2@water,65583#395680#832172#1193642#1497822,VRY,water
PRS_20000000010_@3@2@water,2404#14504#30504#43754#54904,PRS,water
SMG_20000000010_@3@2@water,107979#651467#1370128#1965270#2466087,SMG,water
WTF_20000000010_@3@2@water,2404#14504#30504#43754#54904,WTF,water
AC1_20000000010_@3@3@air,25122#206718#415588,AC1,air
GYR_20000000010_@3@3@air,27586#226988#456340,GYR,air
CTB_20000000010_@3@3@air,62735#516215#1037806,CTB,air
CTR_20000000010_@3@3@air,62228#512046#1029425,CTR,air
CV1_20000000010_@3@3@air,34635#284991#572950,CV1,air
VRY_20000000010_@3@3@air,35000#288000#579000,VRY,air
SMG_20000000010_@3@3@air,59005#485520#976096,SMG,air
AC1_20000000010_@3@3@water,25674#290049#510361#718924#984278,AC1,water
GYR_20000000010_@3@3@water,27893#315111#554460#781043#1069325,GYR,water
CTB_20000000010_@3@3@water,64042#723504#1273056#1793298#2455203,CTB,water
CTR_20000000010_@3@3@water,63476#717112#1261808#1777454#2433511,CTR,water
CV1_20000000010_@3@3@water,35346#399321#702633#989768#1355090,CV1,water
VRY_20000000010_@3@3@water,35714#403470#709934#1000053#1369172,VRY,water
PRS_20000000010_@3@3@water,1311#14811#26061#36711#50261,PRS,water
SMG_20000000010_@3@3@water,60178#679852#1196247#1685101#2307070,SMG,water
WTF_20000000010_@3@3@water,1311#14809#26058#36706#50254,WTF,water
AC1_20000000010_@3@4@air,30527#194292#392605,AC1,air
GYR_20000000010_@3@4@air,33184#211201#426774,GYR,air
CTB_20000000010_@3@4@air,76180#484863#979763,CTB,air
CTR_20000000010_@3@4@air,75619#481290#972544,CTR,air
CV1_20000000010_@3@4@air,42071#267770#541083,CV1,air
VRY_20000000010_@3@4@air,42500#270500#546600,VRY,air
SMG_20000000010_@3@4@air,71640#455967#921372,SMG,air
AC1_20000000010_@3@4@water,21480#277981#509028#744969#1023008,AC1,water
GYR_20000000010_@3@4@water,23330#301921#552866#809128#1111113,GYR,water
CTB_20000000010_@3@4@water,53565#693211#1269382#1857759#2551116,CTB,water
CTR_20000000010_@3@4@water,53135#687645#1259189#1842841#2530631,CTR,water
CV1_20000000010_@3@4@water,29560#382553#700516#1025216#1407849,CV1,water
VRY_20000000010_@3@4@water,29887#386782#708260#1036548#1423411,VRY,water
PRS_20000000010_@3@4@water,1098#14197#25997#38048#52247,PRS,water
SMG_20000000010_@3@4@water,50319#651210#1192470#1745197#2396544,SMG,water
WTF_20000000010_@3@4@water,1097#14194#25990#38037#52233,WTF,water
AC1_20000000010_@3@5@air,23096#201525#397294,AC1,air
GYR_20000000010_@3@5@air,25139#219356#432446,GYR,air
CTB_20000000010_@3@5@air,57630#502863#991364,CTB,air
CTR_20000000010_@3@5@air,57287#499872#985466,CTR,air
CV1_20000000010_@3@5@air,31838#277813#547692,CV1,air
VRY_20000000010_@3@5@air,32100#280101#552201,VRY,air
SMG_20000000010_@3@5@air,54242#473301#933083,SMG,air
AC1_20000000010_@3@5@water,54909#324166#540551#772601#1005631,AC1,water
GYR_20000000010_@3@5@water,59244#349756#583222#833590#1085015,GYR,water
CTB_20000000010_@3@5@water,137044#809063#1349123#1928282#2509884,CTB,water
CTR_20000000010_@3@5@water,136034#803101#1339181#1914072#2491389,CTR,water
CV1_20000000010_@3@5@water,75627#446477#744506#1064112#1385066,CV1,water
VRY_20000000010_@3@5@water,76428#451204#752388#1075378#1399730,VRY,water
PRS_20000000010_@3@5@water,2805#16554#27604#39454#51354,PRS,water
SMG_20000000010_@3@5@water,128405#758066#1264084#1806737#2351680,SMG,water
WTF_20000000010_@3@5@water,2805#16554#27604#39454#51354,WTF,water
AC1_20000001000_@1@1@air,10313#185629#377446,AC1,air
GYR_20000001000_@1@1@air,11228#196713#399656,GYR,air
CTB_20000001000_@1@1@air,25792#451873#918054,CTB,air
CTR_20000001000_@1@1@air,24141#447651#911021,CTR,air
CV1_20000001000_@1@1@air,13854#249355#507022,CV1,air
VRY_20000001000_@1@1@air,14000#252000#512400,VRY,air
SMG_20000001000_@1@1@air,24241#424695#862839,SMG,air
AC1_20000001000_@1@1@water,40334#310031#537462#794077#1044653,AC1,water
GYR_20000001000_@1@1@water,42616#327574#567873#839008#1103763,GYR,water
CTB_20000001000_@1@1@water,97879#752354#1304263#1926991#2535067,CTB,water
CTR_20000001000_@1@1@water,97043#745929#1293124#1910534#2513417,CTR,water
CV1_20000001000_@1@1@water,54095#415802#720823#1064985#1401049,CV1,water
VRY_20000001000_@1@1@water,54591#419617#727437#1074756#1413903,VRY,water
PRS_20000001000_@1@1@water,2004#15404#26704#39455#51904,PRS,water
SMG_20000001000_@1@1@water,91950#706780#1225257#1810263#2381505,SMG,water
WTF_20000001000_@1@1@water,2004#15402#26701#39449#51898,WTF,water
AC1_20000001000_@1@2@air,14480#186611#378910,AC1,air
GYR_20000001000_@1@2@air,15273#196828#399656,GYR,air
CTB_20000001000_@1@2@air,35108#452460#918712,CTB,air
CTR_20000001000_@1@2@air,34754#447899#909451,CTR,air
CV1_20000001000_@1@2@air,19391#249901#507419,CV1,air
VRY_20000001000_@1@2@air,19600#252601#512900,VRY,air
SMG_20000001000_@1@2@air,32903#424046#861017,SMG,air
AC1_20000001000_@1@2@water,16182#272795#501231#756837#1000368,AC1,water
GYR_20000001000_@1@2@water,17097#288219#529571#799630#1056930,GYR,water
CTB_20000001000_@1@2@water,39263#661901#1216171#1836367#2427263,CTB,water
CTR_20000001000_@1@2@water,38934#656344#1205961#1820951#2406886,CTR,water
CV1_20000001000_@1@2@water,21692#365681#671899#1014539#1340991,CV1,water
VRY_20000001000_@1@2@water,21903#369232#678424#1024391#1354014,VRY,water
PRS_20000001000_@1@2@water,804#13554#24904#37604#49704,PRS,water
SMG_20000001000_@1@2@water,36890#621892#1142658#1725365#2280543,SMG,water
WTF_20000001000_@1@2@water,804#13551#24898#37594#49691,WTF,water
AC1_20000001000_@1@3@air,11020#179235#372534,AC1,air
GYR_20000001000_@1@3@air,11662#189665#394213,GYR,air
CTB_20000001000_@1@3@air,26750#435080#904301,CTB,air
CTR_20000001000_@1@3@air,26540#431656#897184,CTR,air
CV1_20000001000_@1@3@air,14356#240085#499475,CV1,air
VRY_20000001000_@1@3@air,14500#242500#504500,VRY,air
SMG_20000001000_@1@3@air,25160#409210#850530,SMG,air
AC1_20000001000_@1@3@water,9737#271241#503578#753013#994402,AC1,water
GYR_20000001000_@1@3@water,10290#286664#532212#795830#1050944,GYR,water
CTB_20000001000_@1@3@water,23618#657969#1221566#1826640#2412195,CTB,water
CTR_20000001000_@1@3@water,23422#652510#1211431#1811484#2392181,CTR,water
CV1_20000001000_@1@3@water,13048#363510#674881#1009167#1332669,CV1,water
VRY_20000001000_@1@3@water,13184#367285#681890#1019648#1346510,VRY,water
PRS_20000001000_@1@3@water,484#13484#25034#37434#49434,PRS,water
SMG_20000001000_@1@3@water,22195#618339#1147991#1716620#2266907,SMG,water
WTF_20000001000_@1@3@water,484#13484#25034#37434#49434,WTF,water
AC1_20000001000_@1@4@air,72951#233913#386163,AC1,air
GYR_20000001000_@1@4@air,77093#247197#408093,GYR,air
CTB_20000001000_@1@4@air,176976#567468#936823,CTB,air
CTR_20000001000_@1@4@air,175460#562608#928801,CTR,air
CV1_20000001000_@1@4@air,97762#313471#517505,CV1,air
VRY_20000001000_@1@4@air,98800#316800#523001,VRY,air
SMG_20000001000_@1@4@air,166439#533682#881046,SMG,air
AC1_20000001000_@1@4@water,14023#333906#532072#766452#1016926,AC1,water
GYR_20000001000_@1@4@water,14829#353103#562662#810517#1075391,GYR,water
CTB_20000001000_@1@4@water,34043#810622#1291711#1860714#2468790,CTB,water
CTR_20000001000_@1@4@water,33779#804332#1281688#1846276#2449634,CTR,water
CV1_20000001000_@1@4@water,18817#448071#713993#1028509#1364623,CV1,water
VRY_20000001000_@1@4@water,18994#452276#720692#1038159#1377427,VRY,water
PRS_20000001000_@1@4@water,697#16597#26447#38097#50547,PRS,water
SMG_20000001000_@1@4@water,31989#761707#1213765#1748433#2319816,SMG,water
WTF_20000001000_@1@4@water,697#16582#26422#38061#50499,WTF,water
AC1_20000001000_@1@5@air,21115#203978#389201,AC1,air
GYR_20000001000_@1@5@air,22396#216354#412815,GYR,air
CTB_20000001000_@1@5@air,51272#495311#945079,CTB,air
CTR_20000001000_@1@5@air,50885#491576#937953,CTR,air
CV1_20000001000_@1@5@air,27943#273682#522591,CV1,air
VRY_20000001000_@1@5@air,28200#276200#527400,VRY,air
SMG_20000001000_@1@5@air,47580#466006#889832,SMG,air
AC1_20000001000_@1@5@water,15675#273887#506884#745932#1015239,AC1,water
GYR_20000001000_@1@5@water,16565#289443#535673#788298#1072902,GYR,water
CTB_20000001000_@1@5@water,37945#663036#1227082#1805779#2457729,CTB,water
CTR_20000001000_@1@5@water,37627#657463#1216769#1790603#2437073,CTR,water
CV1_20000001000_@1@5@water,20980#366590#678450#998409#1358870,CV1,water
VRY_20000001000_@1@5@water,21173#369967#684699#1007605#1371386,VRY,water
PRS_20000001000_@1@5@water,778#13577#25127#36977#50327,PRS,water
SMG_20000001000_@1@5@water,35662#623128#1153225#1697091#2309800,SMG,water
WTF_20000001000_@1@5@water,778#13577#25127#36977#50327,WTF,water
AC1_20000001000_@2@1@air,35202#217456#400518,AC1,air
GYR_20000001000_@2@1@air,37463#231425#426247,GYR,air
CTB_20000001000_@2@1@air,86055#531601#979123,CTB,air
CTR_20000001000_@2@1@air,85085#525607#968083,CTR,air
CV1_20000001000_@2@1@air,47358#292547#538823,CV1,air
VRY_20000001000_@2@1@air,47900#295900#545000,VRY,air
SMG_20000001000_@2@1@air,80766#498928#918944,SMG,air
AC1_20000001000_@2@1@water,36335#300296#542260#803221#1026187,AC1,water
GYR_20000001000_@2@1@water,38617#319157#576318#853669#1090640,GYR,water
CTB_20000001000_@2@1@water,88721#733251#1324069#1961275#2505707,CTB,water
CTR_20000001000_@2@1@water,87973#727069#1312906#1944739#2484581,CTR,water
CV1_20000001000_@2@1@water,48614#404908#731511#1083757#1384718,CV1,water
VRY_20000001000_@2@1@water,49049#408526#738048#1093441#1397090,VRY,water
PRS_20000001000_@2@1@water,1817#15017#27118#40167#51317,PRS,water
SMG_20000001000_@2@1@water,83322#688628#1243492#1841920#2353221,SMG,water
WTF_20000001000_@2@1@water,1817#15017#27118#40167#51317,WTF,water
AC1_20000001000_@2@2@air,13066#202444#384702,AC1,air
GYR_20000001000_@2@2@air,13897#215316#409162,GYR,air
CTB_20000001000_@2@2@air,31837#493291#937395,CTB,air
CTR_20000001000_@2@2@air,31604#489675#930525,CTR,air
CV1_20000001000_@2@2@air,17617#272958#518699,CV1,air
VRY_20000001000_@2@2@air,17800#275800#524100,VRY,air
SMG_20000001000_@2@2@air,30003#464869#883385,SMG,air
AC1_20000001000_@2@2@water,42947#304206#530296#791555#1027693,AC1,water
GYR_20000001000_@2@2@water,45472#322090#561471#838089#1088108,GYR,water
CTB_20000001000_@2@2@water,104418#739620#1289314#1924515#2498640,CTB,water
CTR_20000001000_@2@2@water,103497#733093#1277937#1907534#2476592,CTR,water
CV1_20000001000_@2@2@water,57626#408181#711546#1062100#1378948,CV1,water
VRY_20000001000_@2@2@water,58244#412553#719168#1073478#1393719,VRY,water
PRS_20000001000_@2@2@water,2137#15137#26387#39387#51138,PRS,water
SMG_20000001000_@2@2@water,98119#695002#1211535#1808417#2347907,SMG,water
WTF_20000001000_@2@2@water,2137#15137#26387#39387#51138,WTF,water
AC1_20000001000_@2@3@air,42445#225191#414570,AC1,air
GYR_20000001000_@2@3@air,45259#238664#439087,GYR,air
CTB_20000001000_@2@3@air,103256#547830#1008538,CTB,air
CTR_20000001000_@2@3@air,103212#544267#1001328,CTR,air
CV1_20000001000_@2@3@air,56976#302289#556504,CV1,air
VRY_20000001000_@2@3@air,57600#305600#562600,VRY,air
SMG_20000001000_@2@3@air,97183#515608#949218,SMG,air
AC1_20000001000_@2@3@water,19374#272592#519782#778024#1008132,AC1,water
GYR_20000001000_@2@3@water,20543#289050#551164#824998#1068998,GYR,water
CTB_20000001000_@2@3@water,47135#663205#1264606#1892900#2452741,CTB,water
CTR_20000001000_@2@3@water,46745#657725#1254157#1877260#2432475,CTR,water
CV1_20000001000_@2@3@water,26017#366070#698026#1044825#1353841,CV1,water
VRY_20000001000_@2@3@water,26299#370037#705591#1056149#1368514,VRY,water
PRS_20000001000_@2@3@water,964#13564#25864#38714#50164,PRS,water
SMG_20000001000_@2@3@water,44298#623291#1188498#1778979#2305127,SMG,water
WTF_20000001000_@2@3@water,964#13563#25861#38709#50158,WTF,water
AC1_20000001000_@2@4@air,38410#219850#400192,AC1,air
GYR_20000001000_@2@4@air,41127#233896#425499,GYR,air
CTB_20000001000_@2@4@air,93681#536210#976062,CTB,air
CTR_20000001000_@2@4@air,93396#531161#966279,CTR,air
CV1_20000001000_@2@4@air,51913#297137#540878,CV1,air
VRY_20000001000_@2@4@air,52500#300500#547000,VRY,air
SMG_20000001000_@2@4@air,87862#502903#915434,SMG,air
AC1_20000001000_@2@4@water,32873#318899#555575#832537#1129641,AC1,water
GYR_20000001000_@2@4@water,34745#337061#587216#879951#1193975,GYR,water
CTB_20000001000_@2@4@water,79699#773152#1346960#2018437#2738750,CTB,water
CTR_20000001000_@2@4@water,79059#766949#1336153#2002243#2716776,CTR,water
CV1_20000001000_@2@4@water,44063#427447#744684#1115918#1514152,CV1,water
VRY_20000001000_@2@4@water,44538#432057#752715#1127953#1530481,VRY,water
PRS_20000001000_@2@4@water,1632#15832#27582#41332#56082,PRS,water
SMG_20000001000_@2@4@water,74953#727114#1266755#1898249#2575670,SMG,water
WTF_20000001000_@2@4@water,1632#15832#27582#41332#56082,WTF,water
AC1_20000001000_@2@5@air,32754#211609#418360,AC1,air
GYR_20000001000_@2@5@air,34766#224612#444067,GYR,air
CTB_20000001000_@2@5@air,79538#513865#1015933,CTB,air
CTR_20000001000_@2@5@air,79159#511418#1011095,CTR,air
CV1_20000001000_@2@5@air,44011#284340#562153,CV1,air
VRY_20000001000_@2@5@air,44500#287500#568400,VRY,air
SMG_20000001000_@2@5@air,74905#483937#956764,SMG,air
AC1_20000001000_@2@5@water,20942#294857#509225#779171#1013388,AC1,water
GYR_20000001000_@2@5@water,22814#316776#546833#836535#1087894,GYR,water
CTB_20000001000_@2@5@water,52347#726843#1254709#1919429#2496172,CTB,water
CTR_20000001000_@2@5@water,51921#720923#1244490#1903796#2475842,CTR,water
CV1_20000001000_@2@5@water,28484#401043#692612#1059772#1378338,CV1,water
VRY_20000001000_@2@5@water,28793#405403#700141#1071293#1393322,VRY,water
PRS_20000001000_@2@5@water,1071#14871#25671#39271#51072,PRS,water
SMG_20000001000_@2@5@water,49201#683157#1179296#1804065#2346143,SMG,water
WTF_20000001000_@2@5@water,1071#14871#25671#39271#51072,WTF,water
AC1_20000001000_@3@1@air,45622#220185#405898,AC1,air
GYR_20000001000_@3@1@air,48638#233526#430222,GYR,air
CTB_20000001000_@3@1@air,111500#535351#986272,CTB,air
CTR_20000001000_@3@1@air,110827#532118#980315,CTR,air
CV1_20000001000_@3@1@air,61203#295386#544526,CV1,air
VRY_20000001000_@3@1@air,62200#300200#553400,VRY,air
SMG_20000001000_@3@1@air,104970#503998#928511,SMG,air
AC1_20000001000_@3@1@water,46800#303555#530102#792898#1041597,AC1,water
GYR_20000001000_@3@1@water,49499#321058#560668#838617#1101656,GYR,water
CTB_20000001000_@3@1@water,113448#735846#1285021#1922064#2524935,CTB,water
CTR_20000001000_@3@1@water,112462#729451#1273853#1905360#2502992,CTR,water
CV1_20000001000_@3@1@water,62620#406166#709294#1060923#1393690,CV1,water
VRY_20000001000_@3@1@water,63286#410482#716832#1072197#1408501,VRY,water
PRS_20000001000_@3@1@water,2324#15075#26324#39375#51724,PRS,water
SMG_20000001000_@3@1@water,106665#691851#1208191#1807146#2373973,SMG,water
WTF_20000001000_@3@1@water,2324#15075#26324#39375#51724,WTF,water
AC1_20000001000_@3@2@air,28942#204215#414688,AC1,air
GYR_20000001000_@3@2@air,30672#216421#439476,GYR,air
CTB_20000001000_@3@2@air,70503#497468#1010184,CTB,air
CTR_20000001000_@3@2@air,69851#492867#1000841,CTR,air
CV1_20000001000_@3@2@air,38878#274320#557047,CV1,air
VRY_20000001000_@3@2@air,39300#277301#563100,VRY,air
SMG_20000001000_@3@2@air,66078#466240#946771,SMG,air
AC1_20000001000_@3@2@water,31770#290640#521307#777155#1012858,AC1,water
GYR_20000001000_@3@2@water,33597#307355#551286#821848#1071106,GYR,water
CTB_20000001000_@3@2@water,77118#705500#1265421#1886468#2458613,CTB,water
CTR_20000001000_@3@2@water,76500#699846#1255279#1871349#2438910,CTR,water
CV1_20000001000_@3@2@water,42172#389313#698633#1041722#1357795,CV1,water
VRY_20000001000_@3@2@water,43044#393776#706296#1052934#1372278,VRY,water
PRS_20000001000_@3@2@water,1577#14427#25877#38577#50277,PRS,water
SMG_20000001000_@3@2@water,72506#663309#1189744#1773651#2311581,SMG,water
WTF_20000001000_@3@2@water,1579#14439#25899#38609#50319,WTF,water
AC1_20000001000_@3@3@air,53165#203061#397926,AC1,air
GYR_20000001000_@3@3@air,56121#214351#420049,GYR,air
CTB_20000001000_@3@3@air,129149#493276#966641,CTB,air
CTR_20000001000_@3@3@air,127692#487711#955736,CTR,air
CV1_20000001000_@3@3@air,71161#271793#532615,CV1,air
VRY_20000001000_@3@3@air,72000#275000#538900,VRY,air
SMG_20000001000_@3@3@air,121470#463945#909163,SMG,air
AC1_20000001000_@3@3@water,25529#290268#516756#766396#1019056,AC1,water
GYR_20000001000_@3@3@water,27303#306922#546139#809810#1076670,GYR,water
CTB_20000001000_@3@3@water,62671#704506#1253605#1858834#2471384,CTB,water
CTR_20000001000_@3@3@water,62168#698848#1243536#1843904#2451534,CTR,water
CV1_20000001000_@3@3@water,34180#388628#691863#1026095#1364371,CV1,water
VRY_20000001000_@3@3@water,34537#392693#699099#1036828#1378641,VRY,water
PRS_20000001000_@3@3@water,1284#14434#25684#38084#50634,PRS,water
SMG_20000001000_@3@3@water,58923#662375#1178635#1747670#2323587,SMG,water
WTF_20000001000_@3@3@water,1284#14434#25684#38084#50634,WTF,water
AC1_20000001000_@3@4@air,23132#199019#406980,AC1,air
GYR_20000001000_@3@4@air,24545#211177#431842,GYR,air
CTB_20000001000_@3@4@air,56268#484117#989986,CTB,air
CTR_20000001000_@3@4@air,55711#479327#980191,CTR,air
CV1_20000001000_@3@4@air,31081#267414#546843,CV1,air
VRY_20000001000_@3@4@air,31300#269300#550700,VRY,air
SMG_20000001000_@3@4@air,52838#454610#929645,SMG,air
AC1_20000001000_@3@4@water,10504#261837#507303#720497#969875,AC1,water
GYR_20000001000_@3@4@water,11444#285278#552719#784998#1056701,GYR,water
CTB_20000001000_@3@4@water,26232#653932#1266977#1799422#2422237,CTB,water
CTR_20000001000_@3@4@water,26000#648160#1255794#1783540#2400858,CTR,water
CV1_20000001000_@3@4@water,14479#360927#699288#993163#1336916,CV1,water
VRY_20000001000_@3@4@water,14637#364883#706953#1004049#1351569,VRY,water
PRS_20000001000_@3@4@water,537#13387#25937#36838#49587,PRS,water
SMG_20000001000_@3@4@water,24660#614740#1191044#1691579#2277068,SMG,water
WTF_20000001000_@3@4@water,538#13389#25941#36842#49594,WTF,water
AC1_20000001000_@3@5@air,19120#215346#398778,AC1,air
GYR_20000001000_@3@5@air,20755#233764#432884,GYR,air
CTB_20000001000_@3@5@air,47614#536281#993085,CTB,air
CTR_20000001000_@3@5@air,47325#533026#987058,CTR,air
CV1_20000001000_@3@5@air,26321#296449#548964,CV1,air
VRY_20000001000_@3@5@air,26601#299601#554800,VRY,air
SMG_20000001000_@3@5@air,44776#504313#933888,SMG,air
AC1_20000001000_@3@5@water,33462#284765#519444#749235#994670,AC1,water
GYR_20000001000_@3@5@water,36438#310089#565640#815866#1083129,GYR,water
CTB_20000001000_@3@5@water,83581#711292#1297481#1871458#2484515,CTB,water
CTR_20000001000_@3@5@water,82899#705482#1286882#1856170#2464218,CTR,water
CV1_20000001000_@3@5@water,46131#392579#716110#1032901#1371261,CV1,water
VRY_20000001000_@3@5@water,46633#396852#723905#1044144#1386186,VRY,water
PRS_20000001000_@3@5@water,1712#14561#26561#38311#50861,PRS,water
SMG_20000001000_@3@5@water,78526#668269#1219003#1758262#2334237,SMG,water
WTF_20000001000_@3@5@water,1712#14561#26561#38311#50861,WTF,water
AC1_20000100000_@1@1@air,17901#193952#385907,AC1,air
GYR_20000100000_@1@1@air,18918#204967#407822,GYR,air
CTB_20000100000_@1@1@air,43398#470198#935553,CTB,air
CTR_20000100000_@1@1@air,43082#466778#928748,CTR,air
CV1_20000100000_@1@1@air,23995#259969#517261,CV1,air
VRY_20000100000_@1@1@air,24200#262200#521700,VRY,air
SMG_20000100000_@1@1@air,40843#442522#880488,SMG,air
AC1_20000100000_@1@1@water,46927#302356#527497#799080#1035327,AC1,water
GYR_20000100000_@1@1@water,49485#318840#556256#842645#1091771,GYR,water
CTB_20000100000_@1@1@water,113539#731554#1276286#1933385#2504987,CTB,water
CTR_20000100000_@1@1@water,112598#725492#1265710#1917364#2484230,CTR,water
CV1_20000100000_@1@1@water,62694#403949#704738#1067574#1383201,CV1,water
VRY_20000100000_@1@1@water,63342#408121#712017#1078600#1397487,VRY,water
PRS_20000100000_@1@1@water,2324#14974#26124#39574#51274,PRS,water
SMG_20000100000_@1@1@water,106721#687621#1199639#1817276#2354551,SMG,water
WTF_20000100000_@1@1@water,2324#14974#26124#39574#51274,WTF,water
AC1_20000100000_@1@2@air,42890#233347#415758,AC1,air
GYR_20000100000_@1@2@air,45362#246794#439716,GYR,air
CTB_20000100000_@1@2@air,103990#565766#1008034,CTB,air
CTR_20000100000_@1@2@air,103105#560954#999460,CTR,air
CV1_20000100000_@1@2@air,57562#313169#557978,CV1,air
VRY_20000100000_@1@2@air,58100#316100#563200,VRY,air
SMG_20000100000_@1@2@air,97865#532445#948664,SMG,air
AC1_20000100000_@1@2@water,40984#332717#550759#817255#1020155,AC1,water
GYR_20000100000_@1@2@water,43260#351189#581336#862628#1076793,GYR,water
CTB_20000100000_@1@2@water,99135#804799#1332216#1976836#2467626,CTB,water
CTR_20000100000_@1@2@water,98449#799228#1322993#1963151#2450544,CTR,water
CV1_20000100000_@1@2@water,54797#444854#736384#1092699#1363984,CV1,water
VRY_20000100000_@1@2@water,55347#449318#743773#1103663#1377670,VRY,water
PRS_20000100000_@1@2@water,2030#16480#27280#40480#50531,PRS,water
SMG_20000100000_@1@2@water,93181#756462#1252202#1858106#2319419,SMG,water
WTF_20000100000_@1@2@water,2030#16480#27280#40480#50531,WTF,water
AC1_20000100000_@1@3@air,44695#261147#437116,AC1,air
GYR_20000100000_@1@3@air,47149#275486#461118,GYR,air
CTB_20000100000_@1@3@air,108312#632862#1059305,CTB,air
CTR_20000100000_@1@3@air,107514#628199#1051500,CTR,air
CV1_20000100000_@1@3@air,59865#349789#585487,CV1,air
VRY_20000100000_@1@3@air,60500#353500#591700,VRY,air
SMG_20000100000_@1@3@air,101716#594323#994798,SMG,air
AC1_20000100000_@1@3@water,35050#288287#541524#780636#1020757,AC1,water
GYR_20000100000_@1@3@water,36981#304170#571359#823645#1076996,GYR,water
CTB_20000100000_@1@3@water,84828#697713#1310599#1889300#2470443,CTB,water
CTR_20000100000_@1@3@water,84112#691829#1299546#1873367#2449608,CTR,water
CV1_20000100000_@1@3@water,46843#385284#723725#1043289#1364202,CV1,water
VRY_20000100000_@1@3@water,47336#389341#731347#1054276#1378568,VRY,water
PRS_20000100000_@1@3@water,1737#14287#26837#38687#50587,PRS,water
SMG_20000100000_@1@3@water,79765#656068#1232371#1776530#2322985,SMG,water
WTF_20000100000_@1@3@water,1737#14286#26834#38682#50581,WTF,water
AC1_20000100000_@1@4@air,46194#218401#409234,AC1,air
GYR_20000100000_@1@4@air,48767#230568#432032,GYR,air
CTB_20000100000_@1@4@air,111958#529338#991858,CTB,air
CTR_20000100000_@1@4@air,111050#525040#983806,CTR,air
CV1_20000100000_@1@4@air,61881#292569#548208,CV1,air
VRY_20000100000_@1@4@air,62500#295500#553700,VRY,air
SMG_20000100000_@1@4@air,105220#497478#932161,SMG,air
AC1_20000100000_@1@4@water,46344#300557#546699#786789#1030914,AC1,water
GYR_20000100000_@1@4@water,48856#316850#576336#829442#1086801,GYR,water
CTB_20000100000_@1@4@water,112205#727695#1323645#1904940#2496006,CTB,water
CTR_20000100000_@1@4@water,111184#721075#1311604#1887611#2473300,CTR,water
CV1_20000100000_@1@4@water,61951#401778#730816#1051763#1378105,CV1,water
VRY_20000100000_@1@4@water,62579#405850#738223#1062423#1392072,VRY,water
PRS_20000100000_@1@4@water,2297#14897#27097#38997#51097,PRS,water
SMG_20000100000_@1@4@water,105437#683801#1243805#1790038#2345451,SMG,water
WTF_20000100000_@1@4@water,2297#14897#27097#38997#51097,WTF,water
AC1_20000100000_@1@5@air,42715#211209#405052,AC1,air
GYR_20000100000_@1@5@air,45087#222935#427539,GYR,air
CTB_20000100000_@1@5@air,103503#511784#981486,CTB,air
CTR_20000100000_@1@5@air,102824#508425#975044,CTR,air
CV1_20000100000_@1@5@air,57143#282551#541870,CV1,air
VRY_20000100000_@1@5@air,57800#285800#548100,VRY,air
SMG_20000100000_@1@5@air,97281#481016#922479,SMG,air
AC1_20000100000_@1@5@water,12434#276411#510162#754996#999830,AC1,water
GYR_20000100000_@1@5@water,13133#291955#538851#797453#1056055,GYR,water
CTB_20000100000_@1@5@water,30121#669631#1235915#1829049#2422182,CTB,water
CTR_20000100000_@1@5@water,29875#664165#1225827#1814119#2402412,CTR,water
CV1_20000100000_@1@5@water,16638#369877#682670#1010293#1337915,CV1,water
VRY_20000100000_@1@5@water,16814#373798#689905#1021001#1352096,VRY,water
PRS_20000100000_@1@5@water,617#13717#25317#37468#49617,PRS,water
SMG_20000100000_@1@5@water,28326#629729#1162269#1720058#2277848,SMG,water
WTF_20000100000_@1@5@water,618#13719#25321#37473#49624,WTF,water
AC1_20000100000_@2@1@air,27135#203101#397478,AC1,air
GYR_20000100000_@2@1@air,28667#214573#419928,GYR,air
CTB_20000100000_@2@1@air,65848#492868#964564,CTB,air
CTR_20000100000_@2@1@air,65285#488658#956326,CTR,air
CV1_20000100000_@2@1@air,36355#272112#532535,CV1,air
VRY_20000100000_@2@1@air,36700#274700#537600,VRY,air
SMG_20000100000_@2@1@air,61850#462948#906010,SMG,air
AC1_20000100000_@2@1@water,40040#311934#561673#797314#1043025,AC1,water
GYR_20000100000_@2@1@water,42331#329782#593810#842934#1102704,GYR,water
CTB_20000100000_@2@1@water,97153#756878#1362848#1934609#2530805,CTB,water
CTR_20000100000_@2@1@water,96308#750291#1350986#1917772#2508779,CTR,water
CV1_20000100000_@2@1@water,53717#418481#753524#1069653#1399292,CV1,water
VRY_20000100000_@2@1@water,54229#422476#760718#1079865#1412651,VRY,water
PRS_20000100000_@2@1@water,2004#15504#27904#39604#51804,PRS,water
SMG_20000100000_@2@1@water,91282#711138#1280488#1817696#2377863,SMG,water
WTF_20000100000_@2@1@water,1989#15493#27896#39599#51803,WTF,water
AC1_20000100000_@2@2@air,32697#238813#415569,AC1,air
GYR_20000100000_@2@2@air,34502#251992#438502,GYR,air
CTB_20000100000_@2@2@air,79198#578447#1006580,CTB,air
CTR_20000100000_@2@2@air,78572#573878#998629,CTR,air
CV1_20000100000_@2@2@air,43745#319507#555988,CV1,air
VRY_20000100000_@2@2@air,44100#322100#560501,VRY,air
SMG_20000100000_@2@2@air,74443#543720#946151,SMG,air
AC1_20000100000_@2@2@water,39267#292861#513245#771870#1019426,AC1,water
GYR_20000100000_@2@2@water,41548#309873#543060#816709#1078645,GYR,water
CTB_20000100000_@2@2@water,95264#710499#1245168#1872610#2473196,CTB,water
CTR_20000100000_@2@2@water,94436#704326#1234348#1856338#2451706,CTR,water
CV1_20000100000_@2@2@water,52626#392493#687854#1034465#1366240,CV1,water
VRY_20000100000_@2@2@water,53210#396847#695485#1045941#1381397,VRY,water
PRS_20000100000_@2@2@water,1951#14551#25501#38351#50651,PRS,water
SMG_20000100000_@2@2@water,89542#667825#1170380#1760136#2324650,SMG,water
WTF_20000100000_@2@2@water,1951#14551#25501#38351#50651,WTF,water
AC1_20000100000_@2@3@air,14694#206150#381503,AC1,air
GYR_20000100000_@2@3@air,15641#219437#406092,GYR,air
CTB_20000100000_@2@3@air,35687#500693#926588,CTB,air
CTR_20000100000_@2@3@air,35353#496006#917915,CTR,air
CV1_20000100000_@2@3@air,19786#277600#513730,CV1,air
VRY_20000100000_@2@3@air,19800#277800#514100,VRY,air
SMG_20000100000_@2@3@air,33720#473098#875520,SMG,air
AC1_20000100000_@2@3@water,18341#298177#526676#773294#1019912,AC1,water
GYR_20000100000_@2@3@water,19404#315458#557199#818110#1079021,GYR,water
CTB_20000100000_@2@3@water,44502#723496#1277927#1876321#2474716,CTB,water
CTR_20000100000_@2@3@water,44097#716913#1266299#1859248#2452198,CTR,water
CV1_20000100000_@2@3@water,24581#399625#705866#1036390#1366914,CV1,water
VRY_20000100000_@2@3@water,24820#403523#712751#1046499#1380248,VRY,water
PRS_20000100000_@2@3@water,911#14811#26161#38411#50661,PRS,water
SMG_20000100000_@2@3@water,41823#679949#1201009#1763386#2325763,SMG,water
WTF_20000100000_@2@3@water,911#14811#26161#38411#50661,WTF,water
AC1_20000100000_@2@4@air,46414#226295#411432,AC1,air
GYR_20000100000_@2@4@air,49142#239596#435615,GYR,air
CTB_20000100000_@2@4@air,112816#550045#1000048,CTB,air
CTR_20000100000_@2@4@air,111899#545573#991918,CTR,air
CV1_20000100000_@2@4@air,62107#302807#550540,CV1,air
VRY_20000100000_@2@4@air,62700#305701#555800,VRY,air
SMG_20000100000_@2@4@air,105795#515811#937807,SMG,air
AC1_20000100000_@2@4@water,19411#284184#510702#771448#1173139,AC1,water
GYR_20000100000_@2@4@water,20534#300628#540252#816086#1241020,GYR,water
CTB_20000100000_@2@4@water,47123#689922#1239845#1872867#2848064,CTB,water
CTR_20000100000_@2@4@water,46751#684478#1230063#1858091#2825594,CTR,water
CV1_20000100000_@2@4@water,26025#381032#684745#1034353#1572938,CV1,water
VRY_20000100000_@2@4@water,26306#385138#692125#1045500#1589888,VRY,water
PRS_20000100000_@2@4@water,964#14114#25364#38314#58265,PRS,water
SMG_20000100000_@2@4@water,44250#647860#1164257#1758687#2674430,SMG,water
WTF_20000100000_@2@4@water,964#14114#25364#38314#58265,WTF,water
AC1_20000100000_@2@5@air,10753#189711#381042,AC1,air
GYR_20000100000_@2@5@air,11432#201687#405097,GYR,air
CTB_20000100000_@2@5@air,26207#462388#928725,CTB,air
CTR_20000100000_@2@5@air,26013#458956#921830,CTR,air
CV1_20000100000_@2@5@air,14431#254617#511409,CV1,air
VRY_20000100000_@2@5@air,14600#257600#517400,VRY,air
SMG_20000100000_@2@5@air,24646#434841#873394,SMG,air
AC1_20000100000_@2@5@water,40878#298499#531968#779526#1026077,AC1,water
GYR_20000100000_@2@5@water,43252#315839#562871#824810#1085684,GYR,water
CTB_20000100000_@2@5@water,98480#723739#1290380#1891215#2489607,CTB,water
CTR_20000100000_@2@5@water,98310#717886#1279376#1874750#2467704,CTR,water
CV1_20000100000_@2@5@water,54317#399179#711711#1043102#1373145,CV1,water
VRY_20000100000_@2@5@water,54924#403640#719664#1054758#1388490,VRY,water
PRS_20000100000_@2@5@water,2031#14831#26431#38731#50981,PRS,water
SMG_20000100000_@2@5@water,92517#679911#1212237#1776686#2338840,SMG,water
WTF_20000100000_@2@5@water,2031#14831#26431#38731#50981,WTF,water
AC1_20000100000_@3@1@air,33714#219540#407790,AC1,air
GYR_20000100000_@3@1@air,35828#233311#433369,GYR,air
CTB_20000100000_@3@1@air,82027#534158#992187,CTB,air
CTR_20000100000_@3@1@air,81586#531285#986849,CTR,air
CV1_20000100000_@3@1@air,45396#295612#549093,CV1,air
VRY_20000100000_@3@1@air,45900#298900#555201,VRY,air
SMG_20000100000_@3@1@air,77410#504092#936339,SMG,air
AC1_20000100000_@3@1@water,24099#284304#521491#750672#1017882,AC1,water
GYR_20000100000_@3@1@water,25644#302524#554912#798780#1083115,GYR,water
CTB_20000100000_@3@1@water,58805#693740#1272507#1831738#2483766,CTB,water
CTR_20000100000_@3@1@water,58303#687815#1261639#1816094#2462554,CTR,water
CV1_20000100000_@3@1@water,32455#382876#702298#1010938#1370794,CV1,water
VRY_20000100000_@3@1@water,32810#387071#709993#1022014#1385812,VRY,water
PRS_20000100000_@3@1@water,1204#14204#26054#37504#50854,PRS,water
SMG_20000100000_@3@1@water,55274#652080#1196092#1721740#2334615,SMG,water
WTF_20000100000_@3@1@water,1204#14199#26044#37489#50834,WTF,water
AC1_20000100000_@3@2@air,36786#211887#411928,AC1,air
GYR_20000100000_@3@2@air,39082#225112#437639,GYR,air
CTB_20000100000_@3@2@air,89599#516085#1003320,CTB,air
CTR_20000100000_@3@2@air,88943#512309#995979,CTR,air
CV1_20000100000_@3@2@air,49431#284719#553521,CV1,air
VRY_20000100000_@3@2@air,50000#288000#559900,VRY,air
SMG_20000100000_@3@2@air,84209#485040#942964,SMG,air
AC1_20000100000_@3@2@water,32840#311706#578490#809032#1064743,AC1,water
GYR_20000100000_@3@2@water,34722#329566#611637#855390#1125752,GYR,water
CTB_20000100000_@3@2@water,79629#755813#1402703#1961714#2581753,CTB,water
CTR_20000100000_@3@2@water,77483#748162#1389786#1944246#2559237,CTR,water
CV1_20000100000_@3@2@water,44012#417743#775284#1084253#1426952,CV1,water
VRY_20000100000_@3@2@water,44479#422177#783513#1095762#1442099,VRY,water
PRS_20000100000_@3@2@water,1631#15481#28731#40181#52881,PRS,water
SMG_20000100000_@3@2@water,74835#710312#1318258#1843616#2426327,SMG,water
WTF_20000100000_@3@2@water,1631#15481#28731#40181#52881,WTF,water
AC1_20000100000_@3@3@air,18385#242099#372710,AC1,air
GYR_20000100000_@3@3@air,19464#256310#394588,GYR,air
CTB_20000100000_@3@3@air,44620#587581#904576,CTB,air
CTR_20000100000_@3@3@air,44175#581726#895563,CTR,air
CV1_20000100000_@3@3@air,24693#325163#500587,CV1,air
VRY_20000100000_@3@3@air,24900#327900#504800,VRY,air
SMG_20000100000_@3@3@air,41965#552617#850751,SMG,air
AC1_20000100000_@3@3@water,33377#332495#572193#812898#1062667,AC1,water
GYR_20000100000_@3@3@water,35263#351282#604523#858829#1122710,GYR,water
CTB_20000100000_@3@3@water,80942#806337#1387630#1971365#2577082,CTB,water
CTR_20000100000_@3@3@water,80271#799649#1376120#1955013#2555706,CTR,water
CV1_20000100000_@3@3@water,44652#444814#765482#1087498#1421640,CV1,water
VRY_20000100000_@3@3@water,45151#449788#774042#1099659#1437538,VRY,water
PRS_20000100000_@3@3@water,1657#16507#28407#40357#52757,PRS,water
SMG_20000100000_@3@3@water,76080#757908#1304288#1852964#2422301,SMG,water
WTF_20000100000_@3@3@water,1657#16507#28407#40357#52757,WTF,water
AC1_20000100000_@3@4@air,36087#219105#419392,AC1,air
GYR_20000100000_@3@4@air,38295#232506#445041,GYR,air
CTB_20000100000_@3@4@air,88024#534442#1022981,CTB,air
CTR_20000100000_@3@4@air,86031#526252#1008011,CTR,air
CV1_20000100000_@3@4@air,48054#293949#563044,CV1,air
VRY_20000100000_@3@4@air,48900#296901#568300,VRY,air
SMG_20000100000_@3@4@air,82549#501201#959354,SMG,air
AC1_20000100000_@3@4@water,46244#299908#528407#786097#1066939,AC1,water
GYR_20000100000_@3@4@water,48910#317202#558877#831426#1128463,GYR,water
CTB_20000100000_@3@4@water,112114#727106#1281086#1905840#2586723,CTB,water
CTR_20000100000_@3@4@water,111276#721670#1271509#1891591#2567384,CTR,water
CV1_20000100000_@3@4@water,61984#401990#708265#1053668#1430103,CV1,water
VRY_20000100000_@3@4@water,62653#406326#715905#1065034#1445530,VRY,water
PRS_20000100000_@3@4@water,2297#14898#26247#39047#52997,PRS,water
SMG_20000100000_@3@4@water,105537#684449#1205930#1794031#2434969,SMG,water
WTF_20000100000_@3@4@water,2297#14898#26247#39047#52997,WTF,water
AC1_20000100000_@3@5@air,15627#191890#384447,AC1,air
GYR_20000100000_@3@5@air,16450#201999#404700,GYR,air
CTB_20000100000_@3@5@air,37736#463376#928360,CTB,air
CTR_20000100000_@3@5@air,37538#460944#923489,CTR,air
CV1_20000100000_@3@5@air,20945#257193#515280,CV1,air
VRY_20000100000_@3@5@air,21100#259100#519100,VRY,air
SMG_20000100000_@3@5@air,35513#436083#873681,SMG,air
AC1_20000100000_@3@5@water,43040#302849#540504#770103#1013800,AC1,water
GYR_20000100000_@3@5@water,45455#319841#570829#813310#1070679,GYR,water
CTB_20000100000_@3@5@water,104320#734042#1310067#1866566#2457235,CTB,water
CTR_20000100000_@3@5@water,103425#727750#1298837#1850566#2436173,CTR,water
CV1_20000100000_@3@5@water,57612#405386#723505#1030840#1357046,CV1,water
VRY_20000100000_@3@5@water,58211#409601#731026#1041557#1371154,VRY,water
PRS_20000100000_@3@5@water,2137#15037#26837#38237#50337,PRS,water
SMG_20000100000_@3@5@water,98079#690132#1231700#1754909#2310245,SMG,water
WTF_20000100000_@3@5@water,2137#15037#26837#38237#50337,WTF,water
AC1_20100000000_@1@1@air,27542#221217#430356,AC1,air
GYR_20100000000_@1@1@air,29155#234174#455563,GYR,air
CTB_20100000000_@1@1@air,66882#537202#1045075,CTB,air
CTR_20100000000_@1@1@air,66350#532929#1036763,CTR,air
CV1_20100000000_@1@1@air,37034#297458#578675,CV1,air
VRY_20100000000_@1@1@air,37400#300400#584400,VRY,air
SMG_20100000000_@1@1@air,62779#504243#980956,SMG,air
AC1_20100000000_@1@1@water,18336#281997#510436#746926#1001531,AC1,water
GYR_20100000000_@1@1@water,19401#298379#540088#790316#1059710,GYR,water
CTB_20100000000_@1@1@water,44490#684238#1238523#1812342#2430114,CTB,water
CTR_20100000000_@1@1@water,44085#678012#1227253#1795852#2408002,CTR,water
CV1_20100000000_@1@1@water,24584#378094#684379#1001459#1342825,CV1,water
VRY_20100000000_@1@1@water,24813#381617#690757#1010791#1355338,VRY,water
PRS_20100000000_@1@1@water,911#14011#25361#37111#49761,PRS,water
SMG_20100000000_@1@1@water,41812#643048#1163967#1703244#2283827,SMG,water
WTF_20100000000_@1@1@water,911#14011#25361#37111#49761,WTF,water
AC1_20100000000_@1@2@air,17943#189279#391940,AC1,air
GYR_20100000000_@1@2@air,18986#200278#414716,GYR,air
CTB_20100000000_@1@2@air,43699#460981#954555,CTB,air
CTR_20100000000_@1@2@air,43446#458311#949028,CTR,air
CV1_20100000000_@1@2@air,24129#254541#527079,CV1,air
VRY_20100000000_@1@2@air,24400#257400#533000,VRY,air
SMG_20100000000_@1@2@air,40962#432107#894766,SMG,air
AC1_20100000000_@1@2@water,48391#290043#517598#756229#1025067,AC1,water
GYR_20100000000_@1@2@water,51189#306810#547520#799946#1084324,GYR,water
CTB_20100000000_@1@2@water,117368#703474#1255391#1834171#2486214,CTB,water
CTR_20100000000_@1@2@water,116331#697260#1244301#1817968#2464251,CTR,water
CV1_20100000000_@1@2@water,64808#388441#693195#1012783#1372825,CV1,water
VRY_20100000000_@1@2@water,65491#392534#700499#1023454#1387289,VRY,water
PRS_20100000000_@1@2@water,2403#14403#25703#37553#50903,PRS,water
SMG_20100000000_@1@2@water,110302#661121#1179809#1723743#2336529,SMG,water
WTF_20100000000_@1@2@water,2403#14403#25703#37553#50903,WTF,water
AC1_20100000000_@1@3@air,25804#215474#394778,AC1,air
GYR_20100000000_@1@3@air,27362#228479#418605,GYR,air
CTB_20100000000_@1@3@air,62726#523782#959642,CTB,air
CTR_20100000000_@1@3@air,62229#519635#952044,CTR,air
CV1_20100000000_@1@3@air,34183#288398#528719,CV1,air
VRY_20100000000_@1@3@air,35100#293100#537000,VRY,air
SMG_20100000000_@1@3@air,59027#492896#903053,SMG,air
AC1_20100000000_@1@3@water,47325#303975#521373#777017#1032662,AC1,water
GYR_20100000000_@1@3@water,50101#321805#551955#822594#1093232,GYR,water
CTB_20100000000_@1@3@water,114858#737757#1265390#1885846#2506302,CTB,water
CTR_20100000000_@1@3@water,113859#731341#1254384#1869444#2484504,CTR,water
CV1_20100000000_@1@3@water,63390#407168#698367#1040797#1383226,CV1,water
VRY_20100000000_@1@3@water,64126#411891#706468#1052870#1399271,VRY,water
PRS_20100000000_@1@3@water,2351#15101#25901#38601#51301,PRS,water
SMG_20100000000_@1@3@water,107930#693255#1189061#1772091#2355121,SMG,water
WTF_20100000000_@1@3@water,2352#15106#25908#38612#51315,WTF,water
AC1_20100000000_@1@4@air,13226#196464#393297,AC1,air
GYR_20100000000_@1@4@air,13964#207418#415226,GYR,air
CTB_20100000000_@1@4@air,32053#476131#953156,CTB,air
CTR_20100000000_@1@4@air,31842#473004#946896,CTR,air
CV1_20100000000_@1@4@air,17694#262835#526163,CV1,air
VRY_20100000000_@1@4@air,17900#265900#532300,VRY,air
SMG_20100000000_@1@4@air,30125#447494#895829,SMG,air
AC1_20100000000_@1@4@water,39807#298537#522031#767674#1026404,AC1,water
GYR_20100000000_@1@4@water,42119#315878#552355#812267#1086026,GYR,water
CTB_20100000000_@1@4@water,96573#724271#1266484#1862430#2490128,CTB,water
CTR_20100000000_@1@4@water,95746#718070#1255642#1846487#2468811,CTR,water
CV1_20100000000_@1@4@water,52872#399144#698259#1027016#1373288,CV1,water
VRY_20100000000_@1@4@water,53530#404113#706952#1039801#1390384,VRY,water
PRS_20100000000_@1@4@water,1977#14828#25927#38127#50977,PRS,water
SMG_20100000000_@1@4@water,90098#680178#1189896#1750127#2340207,SMG,water
WTF_20100000000_@1@4@water,1977#14828#25927#38127#50977,WTF,water
AC1_20100000000_@1@5@air,46725#233474#413950,AC1,air
GYR_20100000000_@1@5@air,49435#247019#437965,GYR,air
CTB_20100000000_@1@5@air,113480#567041#1005364,CTB,air
CTR_20100000000_@1@5@air,112514#562213#996804,CTR,air
CV1_20100000000_@1@5@air,62594#312772#554544,CV1,air
VRY_20100000000_@1@5@air,63300#316300#560800,VRY,air
SMG_20100000000_@1@5@air,106655#532936#944896,SMG,air
AC1_20100000000_@1@5@water,31727#283206#513562#773088#1011491,AC1,water
GYR_20100000000_@1@5@water,33588#299822#543691#818444#1070833,GYR,water
CTB_20100000000_@1@5@water,77110#688312#1248173#1878933#2458353,CTB,water
CTR_20100000000_@1@5@water,76459#682506#1237646#1863086#2437619,CTR,water
CV1_20100000000_@1@5@water,42574#380030#689139#1037393#1357301,CV1,water
VRY_20100000000_@1@5@water,43028#384083#696490#1048459#1371780,VRY,water
PRS_20100000000_@1@5@water,1577#14077#25527#38427#50277,PRS,water
SMG_20100000000_@1@5@water,72369#645996#1171438#1763421#2307219,SMG,water
WTF_20100000000_@1@5@water,1577#14077#25527#38427#50277,WTF,water
AC1_20100000000_@2@1@air,11532#198557#394600,AC1,air
GYR_20100000000_@2@1@air,12180#209710#416766,GYR,air
CTB_20100000000_@2@1@air,27941#481076#956061,CTB,air
CTR_20100000000_@2@1@air,27711#477112#948185,CTR,air
CV1_20100000000_@2@1@air,15383#264859#526365,CV1,air
VRY_20100000000_@2@1@air,15600#268600#533800,VRY,air
SMG_20100000000_@2@1@air,26257#452080#898437,SMG,air
AC1_20100000000_@2@1@water,9763#248780#507967#747992#1018273,AC1,water
GYR_20100000000_@2@1@water,10310#262733#536457#789945#1075385,GYR,water
CTB_20100000000_@2@1@water,23646#602577#1230364#1811738#2466394,CTB,water
CTR_20100000000_@2@1@water,23438#597258#1219503#1795745#2444623,CTR,water
CV1_20100000000_@2@1@water,13061#332829#679583#1000700#1362295,CV1,water
VRY_20100000000_@2@1@water,13193#336179#686423#1010772#1376007,VRY,water
PRS_20100000000_@2@1@water,485#12334#25184#37084#50484,PRS,water
SMG_20100000000_@2@1@water,22229#566473#1156643#1703183#2318614,SMG,water
WTF_20100000000_@2@1@water,484#12326#25167#37059#50450,WTF,water
AC1_20100000000_@2@2@air,25222#208653#334022,AC1,air
GYR_20100000000_@2@2@air,26627#220273#352624,GYR,air
CTB_20100000000_@2@2@air,61084#505330#808958,CTB,air
CTR_20100000000_@2@2@air,60594#501272#802461,CTR,air
CV1_20100000000_@2@2@air,33709#278860#446413,CV1,air
VRY_20100000000_@2@2@air,34100#282100#451600,VRY,air
SMG_20100000000_@2@2@air,57449#475259#760819,SMG,air
AC1_20100000000_@2@2@water,30892#276870#525835#760858#997873,AC1,water
GYR_20100000000_@2@2@water,32981#295593#561395#812311#1065355,GYR,water
CTB_20100000000_@2@2@water,75765#679049#1289660#1866077#2447379,CTB,water
CTR_20100000000_@2@2@water,75096#673051#1278268#1849593#2425760,CTR,water
CV1_20100000000_@2@2@water,41407#374537#711713#1030008#1350999,CV1,water
VRY_20100000000_@2@2@water,42257#378726#719282#1040768#1364977,VRY,water
PRS_20100000000_@2@2@water,1551#13901#26401#38201#50101,PRS,water
SMG_20100000000_@2@2@water,71225#638358#1212379#1754255#2300723,SMG,water
WTF_20100000000_@2@2@water,1551#13900#26398#38197#50095,WTF,water
AC1_20100000000_@2@3@air,13480#189755#389211,AC1,air
GYR_20100000000_@2@3@air,14202#199915#410051,GYR,air
CTB_20100000000_@2@3@air,32716#460531#944609,CTB,air
CTR_20100000000_@2@3@air,32344#455295#933870,CTR,air
CV1_20100000000_@2@3@air,18038#253914#520811,CV1,air
VRY_20100000000_@2@3@air,18200#256201#525500,VRY,air
SMG_20100000000_@2@3@air,30579#430457#882924,SMG,air
AC1_20100000000_@2@3@water,29146#297588#539792#763831#1019154,AC1,water
GYR_20100000000_@2@3@water,30764#314110#569761#806239#1075738,GYR,water
CTB_20100000000_@2@3@water,70585#720702#1307273#1849852#2468196,CTB,water
CTR_20100000000_@2@3@water,69999#714725#1296432#1834511#2447727,CTR,water
CV1_20100000000_@2@3@water,38963#397824#721608#1021109#1362432,CV1,water
VRY_20100000000_@2@3@water,39402#402313#729751#1032631#1377806,VRY,water
PRS_20100000000_@2@3@water,1444#14744#26744#37845#50494,PRS,water
SMG_20100000000_@2@3@water,66346#677427#1228778#1738778#2319993,SMG,water
WTF_20100000000_@2@3@water,1445#14747#26748#37850#50502,WTF,water
AC1_20100000000_@2@4@air,35954#212388#422849,AC1,air
GYR_20100000000_@2@4@air,37880#223764#445496,GYR,air
CTB_20100000000_@2@4@air,87009#513981#1023297,CTB,air
CTR_20100000000_@2@4@air,86206#509236#1013851,CTR,air
CV1_20100000000_@2@4@air,47993#283502#564430,CV1,air
VRY_20100000000_@2@4@air,48500#286501#570401,VRY,air
SMG_20100000000_@2@4@air,81724#482758#961135,SMG,air
AC1_20100000000_@2@4@water,18381#380536#593391#850633#1098795,AC1,water
GYR_20100000000_@2@4@water,19393#401503#626086#897501#1159337,GYR,water
CTB_20100000000_@2@4@water,44543#922202#1438040#2061446#2662850,CTB,water
CTR_20100000000_@2@4@water,44157#914191#1425548#2043539#2639718,CTR,water
CV1_20100000000_@2@4@water,24613#509560#794585#1139046#1471350,CV1,water
VRY_20100000000_@2@4@water,24859#514661#802539#1150448#1486078,VRY,water
PRS_20100000000_@2@4@water,911#18861#29411#42161#54461,PRS,water
SMG_20100000000_@2@4@water,41847#866368#1350976#1936639#2501632,SMG,water
WTF_20100000000_@2@4@water,911#18861#29411#42161#54461,WTF,water
AC1_20100000000_@2@5@air,26868#191924#392286,AC1,air
GYR_20100000000_@2@5@air,28344#202463#413826,GYR,air
CTB_20100000000_@2@5@air,65115#465131#950711,CTB,air
CTR_20100000000_@2@5@air,65145#460910#941329,CTR,air
CV1_20100000000_@2@5@air,35958#256851#524994,CV1,air
VRY_20100000000_@2@5@air,36300#259300#530000,VRY,air
SMG_20100000000_@2@5@air,61194#437121#893459,SMG,air
AC1_20100000000_@2@5@water,46856#324080#547875#791832#1031756,AC1,water
GYR_20100000000_@2@5@water,49491#342303#578681#836355#1089771,GYR,water
CTB_20100000000_@2@5@water,113583#785594#1328091#1919461#2501057,CTB,water
CTR_20100000000_@2@5@water,307781#950605#1469540#2035226#2591561,CTR,water
CV1_20100000000_@2@5@water,62776#434192#734025#1060870#1382313,CV1,water
VRY_20100000000_@2@5@water,63405#438540#741377#1071496#1396158,VRY,water
PRS_20100000000_@2@5@water,2324#16074#27174#39274#51174,PRS,water
SMG_20100000000_@2@5@water,106785#738578#1248608#1804586#2351374,SMG,water
WTF_20100000000_@2@5@water,2324#16074#27174#39274#51174,WTF,water
AC1_20100000000_@3@1@air,29628#201347#392891,AC1,air
GYR_20100000000_@3@1@air,31458#213786#417163,GYR,air
CTB_20100000000_@3@1@air,72211#490745#957599,CTB,air
CTR_20100000000_@3@1@air,71251#484222#944871,CTR,air
CV1_20100000000_@3@1@air,39906#271197#529192,CV1,air
VRY_20100000000_@3@1@air,40200#273200#533100,VRY,air
SMG_20100000000_@3@1@air,67817#460884#899331,SMG,air
AC1_20100000000_@3@1@water,44603#316203#526441#786975#1029403,AC1,water
GYR_20100000000_@3@1@water,47213#334707#557248#833029#1089644,GYR,water
CTB_20100000000_@3@1@water,108327#767957#1278560#1911317#2500099,CTB,water
CTR_20100000000_@3@1@water,107414#761490#1267793#1895221#2479044,CTR,water
CV1_20100000000_@3@1@water,59851#424300#706410#1056011#1381315,CV1,water
VRY_20100000000_@3@1@water,60487#428811#713920#1067238#1396000,VRY,water
PRS_20100000000_@3@1@water,2217#15717#26167#39117#51167,PRS,water
SMG_20100000000_@3@1@water,101836#721944#1201954#1796799#2350303,SMG,water
WTF_20100000000_@3@1@water,2217#15715#26164#39112#51161,WTF,water
AC1_20100000000_@3@2@air,12822#221347#393178,AC1,air
GYR_20100000000_@3@2@air,13576#234368#416308,GYR,air
CTB_20100000000_@3@2@air,31163#537995#955638,CTB,air
CTR_20100000000_@3@2@air,30957#534449#949341,CTR,air
CV1_20100000000_@3@2@air,17236#297556#528548,CV1,air
VRY_20100000000_@3@2@air,17400#300400#533600,VRY,air
SMG_20100000000_@3@2@air,29331#506367#899459,SMG,air
AC1_20100000000_@3@2@water,11353#256928#490426#761162#1005731,AC1,water
GYR_20100000000_@3@2@water,12001#271590#518413#804600#1063125,GYR,water
CTB_20100000000_@3@2@water,27536#623157#1189485#1846133#2439313,CTB,water
CTR_20100000000_@3@2@water,27304#617919#1179486#1830614#2418808,CTR,water
CV1_20100000000_@3@2@water,15202#344025#656677#1019192#1346667,CV1,water
VRY_20100000000_@3@2@water,15369#347811#663903#1030406#1361486,VRY,water
PRS_20100000000_@3@2@water,564#12764#24365#37814#49964,PRS,water
SMG_20100000000_@3@2@water,25882#585725#1118034#1735238#2292786,SMG,water
WTF_20100000000_@3@2@water,564#12764#24365#37814#49964,WTF,water
AC1_20100000000_@3@3@air,18709#201374#400464,AC1,air
GYR_20100000000_@3@3@air,19838#213525#424628,GYR,air
CTB_20100000000_@3@3@air,45418#488866#972189,CTB,air
CTR_20100000000_@3@3@air,45057#484980#964461,CTR,air
CV1_20100000000_@3@3@air,25160#270813#538555,CV1,air
VRY_20100000000_@3@3@air,25400#273400#543700,VRY,air
SMG_20100000000_@3@3@air,42767#460333#915446,SMG,air
AC1_20100000000_@3@3@water,44627#318385#548865#785384#1033980,AC1,water
GYR_20100000000_@3@3@water,47161#336465#580033#829983#1092697,GYR,water
CTB_20100000000_@3@3@water,108297#772630#1331941#1905906#2509179,CTB,water
CTR_20100000000_@3@3@water,107371#766024#1320553#1889610#2487726,CTR,water
CV1_20100000000_@3@3@water,59778#426476#735203#1052019#1385013,CV1,water
VRY_20100000000_@3@3@water,60402#430930#742882#1063007#1399480,VRY,water
PRS_20100000000_@3@3@water,2217#15818#27267#39017#51368,PRS,water
SMG_20100000000_@3@3@water,101778#726127#1251773#1791191#2358154,SMG,water
WTF_20100000000_@3@3@water,2217#15818#27267#39017#51368,WTF,water
AC1_20100000000_@3@4@air,22294#183219#389544,AC1,air
GYR_20100000000_@3@4@air,23571#193715#411859,GYR,air
CTB_20100000000_@3@4@air,54112#444715#945512,CTB,air
CTR_20100000000_@3@4@air,53677#441139#937909,CTR,air
CV1_20100000000_@3@4@air,29864#245432#521814,CV1,air
VRY_20100000000_@3@4@air,30201#248200#527700,VRY,air
SMG_20100000000_@3@4@air,50887#418216#889172,SMG,air
AC1_20100000000_@3@4@water,37657#300308#528743#774286#1025867,AC1,water
GYR_20100000000_@3@4@water,39839#317709#559382#819153#1085312,GYR,water
CTB_20100000000_@3@4@water,91383#728768#1283121#1878990#2489511,CTB,water
CTR_20100000000_@3@4@water,90625#722724#1272480#1863407#2468865,CTR,water
CV1_20100000000_@3@4@water,50454#402358#708420#1037404#1374477,CV1,water
VRY_20100000000_@3@4@water,50969#406468#715658#1048002#1388518,VRY,water
PRS_20100000000_@3@4@water,1871#14921#26271#38471#50971,PRS,water
SMG_20100000000_@3@4@water,85906#685087#1206213#1766367#2340295,SMG,water
WTF_20100000000_@3@4@water,1871#14921#26271#38471#50971,WTF,water
AC1_20100000000_@3@5@air,47892#212449#401578,AC1,air
GYR_20100000000_@3@5@air,51019#225155#425295,GYR,air
CTB_20100000000_@3@5@air,116648#514788#972381,CTB,air
CTR_20100000000_@3@5@air,116173#512689#968416,CTR,air
CV1_20100000000_@3@5@air,64288#285183#539063,CV1,air
VRY_20100000000_@3@5@air,64900#287900#544200,VRY,air
SMG_20100000000_@3@5@air,109127#484091#915048,SMG,air
AC1_20100000000_@3@5@water,24233#278835#511298#751812#1007420,AC1,water
GYR_20100000000_@3@5@water,25609#294668#540331#794501#1064624,GYR,water
CTB_20100000000_@3@5@water,58790#676472#1240443#1823945#2444069,CTB,water
CTR_20100000000_@3@5@water,58312#670965#1230345#1809097#2424172,CTR,water
CV1_20100000000_@3@5@water,32457#373461#684813#1006947#1349299,CV1,water
VRY_20100000000_@3@5@water,32794#377341#691928#1017410#1363320,VRY,water
PRS_20100000000_@3@5@water,1204#13854#25404#37354#50054,PRS,water
SMG_20100000000_@3@5@water,55267#635930#1166101#1714633#2297591,SMG,water
WTF_20100000000_@3@5@water,1204#13854#25404#37354#50054,WTF,water
AC1_30000000000_@1@1@air,46087#167066#409742,AC1,air
GYR_30000000000_@1@1@air,49982#181184#444367,GYR,air
CTB_30000000000_@1@1@air,114583#415361#1018707,CTB,air
CTR_30000000000_@1@1@air,114395#412774#1011308,CTR,air
CV1_30000000000_@1@1@air,63202#229107#561903,CV1,air
VRY_30000000000_@1@1@air,64000#232001#569001,VRY,air
SMG_30000000000_@1@1@air,105638#382936#939183,SMG,air
AC1_30000000000_@1@1@water,42264#293226#628167#867411#1190635,AC1,water
GYR_30000000000_@1@1@water,45647#316696#678448#936841#1285936,GYR,water
CTB_30000000000_@1@1@water,105779#733899#1572207#2170998#2979978,CTB,water
CTR_30000000000_@1@1@water,104472#724834#1552787#2144183#2943170,CTR,water
CV1_30000000000_@1@1@water,58397#405159#867959#1198530#1645138,CV1,water
VRY_30000000000_@1@1@water,59016#409458#877168#1211247#1662593,VRY,water
PRS_30000000000_@1@1@water,2164#15014#32164#44414#60964,PRS,water
SMG_30000000000_@1@1@water,99361#689370#1476814#2039273#2799168,SMG,water
WTF_30000000000_@1@1@water,2164#15014#32164#44414#60964,WTF,water
AC1_30000000000_@1@2@air,24099#201229#450723,AC1,air
GYR_30000000000_@1@2@air,27203#227149#508780,GYR,air
CTB_30000000000_@1@2@air,62996#526039#1178247,CTB,air
CTR_30000000000_@1@2@air,62282#520079#1164899,CTR,air
CV1_30000000000_@1@2@air,34812#290692#651107,CV1,air
VRY_30000000000_@1@2@air,35100#293100#656500,VRY,air
SMG_30000000000_@1@2@air,59183#494203#1106939,SMG,air
AC1_30000000000_@1@2@water,30648#270695#574428#856606#1149561,AC1,water
GYR_30000000000_@1@2@water,32994#294083#624441#931354#1249989,GYR,water
CTB_30000000000_@1@2@water,75392#671982#1426851#2128149#2856232,CTB,water
CTR_30000000000_@1@2@water,75571#667479#1416424#2112218#2834587,CTR,water
CV1_30000000000_@1@2@water,41726#371910#789694#1177829#1580789,CV1,water
VRY_30000000000_@1@2@water,42205#376182#798764#1191357#1598945,VRY,water
PRS_30000000000_@1@2@water,1564#13814#29314#43714#58664,PRS,water
SMG_30000000000_@1@2@water,70845#631453#1340794#1999795#2683966,SMG,water
WTF_30000000000_@1@2@water,1564#13814#29314#43714#58664,WTF,water
AC1_30000000000_@1@3@air,19212#212046#472733,AC1,air
GYR_30000000000_@1@3@air,20715#228639#509723,GYR,air
CTB_30000000000_@1@3@air,47871#528370#1177940,CTB,air
CTR_30000000000_@1@3@air,47354#522658#1165205,CTR,air
CV1_30000000000_@1@3@air,26481#292278#651600,CV1,air
VRY_30000000000_@1@3@air,26700#294700#657000,VRY,air
SMG_30000000000_@1@3@air,44999#496669#1107266,SMG,air
AC1_30000000000_@1@3@water,36185#271280#587677#884483#1172474,AC1,water
GYR_30000000000_@1@3@water,39199#293870#636616#958139#1270112,GYR,water
CTB_30000000000_@1@3@water,90084#675362#1463047#2201960#2918924,CTB,water
CTR_30000000000_@1@3@water,89639#672025#1455818#2191079#2904501,CTR,water
CV1_30000000000_@1@3@water,49926#374291#810832#1220343#1617690,CV1,water
VRY_30000000000_@1@3@water,50233#376593#815819#1227849#1627640,VRY,water
PRS_30000000000_@1@3@water,1847#13847#29997#45147#59847,PRS,water
SMG_30000000000_@1@3@water,84775#635557#1376818#2072181#2746889,SMG,water
WTF_30000000000_@1@3@water,1847#13847#29997#45147#59847,WTF,water
AC1_30000000000_@1@4@air,27114#209069#449495,AC1,air
GYR_30000000000_@1@4@air,29264#225648#485138,GYR,air
CTB_30000000000_@1@4@air,67627#521458#1121125,CTB,air
CTR_30000000000_@1@4@air,66896#515821#1109005,CTR,air
CV1_30000000000_@1@4@air,37373#288179#619578,CV1,air
VRY_30000000000_@1@4@air,37700#290700#625000,VRY,air
SMG_30000000000_@1@4@air,63536#489915#1053308,SMG,air
AC1_30000000000_@1@4@water,37189#278314#610596#874265#1173221,AC1,water
GYR_30000000000_@1@4@water,39834#298115#654038#936466#1256692,GYR,water
CTB_30000000000_@1@4@water,91067#681537#1495234#2140910#2872997,CTB,water
CTR_30000000000_@1@4@water,90700#678786#1489198#2132268#2861400,CTR,water
CV1_30000000000_@1@4@water,51251#383552#841479#1204849#1616849,CV1,water
VRY_30000000000_@1@4@water,51741#387219#849525#1216369#1632308,VRY,water
PRS_30000000000_@1@4@water,1897#14197#31147#44597#59847,PRS,water
SMG_30000000000_@1@4@water,87272#653137#1432926#2051696#2753276,SMG,water
WTF_30000000000_@1@4@water,1897#14197#31147#44597#59847,WTF,water
AC1_30000000000_@1@5@air,21659#214500#482677,AC1,air
GYR_30000000000_@1@5@air,23317#230916#519619,GYR,air
CTB_30000000000_@1@5@air,53967#534464#1202677,CTB,air
CTR_30000000000_@1@5@air,53413#528978#1190334,CTR,air
CV1_30000000000_@1@5@air,29781#294939#663687,CV1,air
VRY_30000000000_@1@5@air,30100#298100#670800,VRY,air
SMG_30000000000_@1@5@air,50729#502398#1130522,SMG,air
AC1_30000000000_@1@5@water,68387#341191#724485#973822#1254448,AC1,water
GYR_30000000000_@1@5@water,74516#371767#789411#1061092#1366867,GYR,water
CTB_30000000000_@1@5@water,171075#853515#1812355#2436091#3138099,CTB,water
CTR_30000000000_@1@5@water,169745#846878#1798262#2417147#3113696,CTR,water
CV1_30000000000_@1@5@water,94456#471251#1000654#1345037#1732636,CV1,water
VRY_30000000000_@1@5@water,95471#476315#1011408#1359492#1751256,VRY,water
PRS_30000000000_@1@5@water,3497#17447#37047#49797#64147,PRS,water
SMG_30000000000_@1@5@water,160513#800821#1700465#2285692#2944359,SMG,water
WTF_30000000000_@1@5@water,3497#17447#37047#49797#64147,WTF,water
AC1_30000000000_@2@1@air,20915#193152#399764,AC1,air
GYR_30000000000_@2@1@air,22922#208893#431980,GYR,air
CTB_30000000000_@2@1@air,52583#479208#990978,CTB,air
CTR_30000000000_@2@1@air,52201#475720#983766,CTR,air
CV1_30000000000_@2@1@air,28605#264172#546753,CV1,air
VRY_30000000000_@2@1@air,28900#266900#552400,VRY,air
SMG_30000000000_@2@1@air,48481#441822#913666,SMG,air
AC1_30000000000_@2@1@water,38400#297458#649387#959279#1279925,AC1,water
GYR_30000000000_@2@1@water,41793#323747#706777#1044057#1393041,GYR,water
CTB_30000000000_@2@1@water,95978#743485#1623117#2397681#3199124,CTB,water
CTR_30000000000_@2@1@water,95226#737657#1610394#2378887#3174047,CTR,water
CV1_30000000000_@2@1@water,52562#410069#895740#1323399#1765899,CV1,water
VRY_30000000000_@2@1@water,53115#414388#905172#1337336#1784495,VRY,water
PRS_30000000000_@2@1@water,1964#15214#33214#49065#65464,PRS,water
SMG_30000000000_@2@1@water,90014#697287#1522260#2248695#3000338,SMG,water
WTF_30000000000_@2@1@water,1964#15214#33214#49065#65464,WTF,water
AC1_30000000000_@2@2@air,22984#200903#450491,AC1,air
GYR_30000000000_@2@2@air,24479#216586#486078,GYR,air
CTB_30000000000_@2@2@air,56688#501575#1125674,CTB,air
CTR_30000000000_@2@2@air,56788#496392#1113080,CTR,air
CV1_30000000000_@2@2@air,31251#276508#620559,CV1,air
VRY_30000000000_@2@2@air,31600#279600#627500,VRY,air
SMG_30000000000_@2@2@air,53257#471220#1057547,SMG,air
AC1_30000000000_@2@2@water,18205#275337#604818#924523#1214896,AC1,water
GYR_30000000000_@2@2@water,19753#298744#656235#1003118#1318176,GYR,water
CTB_30000000000_@2@2@water,45507#688262#1511869#2311036#3036885,CTB,water
CTR_30000000000_@2@2@water,45090#681966#1498038#2289895#3009104,CTR,water
CV1_30000000000_@2@2@water,25142#380258#835292#1276823#1677848,CV1,water
VRY_30000000000_@2@2@water,25382#383889#843268#1289016#1693870,VRY,water
PRS_30000000000_@2@2@water,931#14081#30931#47281#62131,PRS,water
SMG_30000000000_@2@2@water,42757#646680#1420527#2171411#2853407,SMG,water
WTF_30000000000_@2@2@water,931#14081#30931#47281#62131,WTF,water
AC1_30000000000_@2@3@air,47227#226311#415000,AC1,air
GYR_30000000000_@2@3@air,51101#244877#449045,GYR,air
CTB_30000000000_@2@3@air,117157#561421#1029510,CTB,air
CTR_30000000000_@2@3@air,116949#557675#1022036,CTR,air
CV1_30000000000_@2@3@air,64714#310110#568667,CV1,air
VRY_30000000000_@2@3@air,65400#313400#574701,VRY,air
SMG_30000000000_@2@3@air,107858#516857#947790,SMG,air
AC1_30000000000_@2@3@water,38736#286090#613613#918650#1308745,AC1,water
GYR_30000000000_@2@3@water,42099#310926#666883#998402#1422363,GYR,water
CTB_30000000000_@2@3@water,96840#715225#1534035#2296629#3271868,CTB,water
CTR_30000000000_@2@3@water,96061#709471#1521693#2278151#3245544,CTR,water
CV1_30000000000_@2@3@water,53515#395240#847721#1269137#1808062,CV1,water
VRY_30000000000_@2@3@water,54008#398881#855530#1280828#1824718,VRY,water
PRS_30000000000_@2@3@water,1981#14631#31381#46981#66931,PRS,water
SMG_30000000000_@2@3@water,91029#672303#1441974#2158803#3075516,SMG,water
WTF_30000000000_@2@3@water,1982#14633#31385#46987#66939,WTF,water
AC1_30000000000_@2@4@air,69437#247886#504766,AC1,air
GYR_30000000000_@2@4@air,74711#266713#543102,GYR,air
CTB_30000000000_@2@4@air,173102#617962#1258346,CTB,air
CTR_30000000000_@2@4@air,171236#611303#1244786,CTR,air
CV1_30000000000_@2@4@air,95711#341681#695758,CV1,air
VRY_30000000000_@2@4@air,96500#344500#701500,VRY,air
SMG_30000000000_@2@4@air,162716#580887#1182851,SMG,air
AC1_30000000000_@2@4@water,68991#291730#637562#920871#1290149,AC1,water
GYR_30000000000_@2@4@water,74898#316706#692146#999710#1400603,GYR,water
CTB_30000000000_@2@4@water,172572#729728#1594785#2303448#3227153,CTB,water
CTR_30000000000_@2@4@water,171050#723292#1580720#2283133#3198692,CTR,water
CV1_30000000000_@2@4@water,95396#403386#881580#1273322#1783936,CV1,water
VRY_30000000000_@2@4@water,96276#407105#889709#1285062#1800384,VRY,water
PRS_30000000000_@2@4@water,3531#14931#32631#47131#66031,PRS,water
SMG_30000000000_@2@4@water,162182#685793#1498767#2164763#3032854,SMG,water
WTF_30000000000_@2@4@water,3531#14931#32631#47131#66031,WTF,water
AC1_30000000000_@2@5@air,18720#197966#392174,AC1,air
GYR_30000000000_@2@5@air,20257#214219#424371,GYR,air
CTB_30000000000_@2@5@air,46536#492122#974901,CTB,air
CTR_30000000000_@2@5@air,46901#488581#967126,CTR,air
CV1_30000000000_@2@5@air,25697#271747#538335,CV1,air
VRY_30000000000_@2@5@air,25900#273901#542600,VRY,air
SMG_30000000000_@2@5@air,42957#454283#899941,SMG,air
AC1_30000000000_@2@5@water,28947#261533#592822#893815#1282762,AC1,water
GYR_30000000000_@2@5@water,31470#284331#644497#971729#1394580,GYR,water
CTB_30000000000_@2@5@water,72390#654049#1482545#2235280#3207969,CTB,water
CTR_30000000000_@2@5@water,71735#648133#1469136#2215063#3178955,CTR,water
CV1_30000000000_@2@5@water,40004#361433#819268#1235235#1772752,CV1,water
VRY_30000000000_@2@5@water,40377#364803#826906#1246752#1789280,VRY,water
PRS_30000000000_@2@5@water,1481#13381#30331#45731#65631,PRS,water
SMG_30000000000_@2@5@water,68024#614602#1393130#2100466#3014491,SMG,water
WTF_30000000000_@2@5@water,1481#13381#30331#45731#65631,WTF,water
AC1_30000000000_@3@1@air,37002#239935#513788,AC1,air
GYR_30000000000_@3@1@air,39993#259333#555325,GYR,air
CTB_30000000000_@3@1@air,92468#599605#1283972,CTB,air
CTR_30000000000_@3@1@air,91323#592183#1268078,CTR,air
CV1_30000000000_@3@1@air,51028#330887#708549,CV1,air
VRY_30000000000_@3@1@air,51600#334600#716500,VRY,air
SMG_30000000000_@3@1@air,86832#563059#1205713,SMG,air
AC1_30000000000_@3@1@water,58525#429552#821083#1138409#1479871,AC1,water
GYR_30000000000_@3@1@water,63740#467827#894245#1239845#1611733,GYR,water
CTB_30000000000_@3@1@water,146475#1075077#2054995#2849194#3703800,CTB,water
CTR_30000000000_@3@1@water,145150#1065351#2036405#2823418#3670294,CTR,water
CV1_30000000000_@3@1@water,80917#593903#1135238#1573975#2046084,CV1,water
VRY_30000000000_@3@1@water,81752#600031#1146952#1590217#2067198,VRY,water
PRS_30000000000_@3@1@water,2997#21997#42047#58297#75783,PRS,water
SMG_30000000000_@3@1@water,137329#1007948#1926681#2671289#3472534,SMG,water
WTF_30000000000_@3@1@water,2997#21997#42047#58297#75783,WTF,water
AC1_30000000000_@3@2@air,63524#309720#589796,AC1,air
GYR_30000000000_@3@2@air,68664#334783#624990,GYR,air
CTB_30000000000_@3@2@air,158672#773636#1399990,CTB,air
CTR_30000000000_@3@2@air,156876#764877#1399990,CTR,air
CV1_30000000000_@3@2@air,87521#426727#812611,CV1,air
VRY_30000000000_@3@2@air,88500#431500#821700,VRY,air
SMG_30000000000_@3@2@air,149074#726840#1384112,SMG,air
AC1_30000000000_@3@2@water,63101#310153#661689#935105#1293477,AC1,water
GYR_30000000000_@3@2@water,68655#337451#719928#1017410#1407324,GYR,water
CTB_30000000000_@3@2@water,157909#776151#1655864#2340085#3236903,CTB,water
CTR_30000000000_@3@2@water,156378#768628#1639814#2317403#3205528,CTR,water
CV1_30000000000_@3@2@water,87177#428491#914154#1291892#1786999,CV1,water
VRY_30000000000_@3@2@water,88096#433005#923786#1305505#1805828,VRY,water
PRS_30000000000_@3@2@water,3231#15881#33881#47881#66231,PRS,water
SMG_30000000000_@3@2@water,148368#729258#1555821#2198703#3041338,SMG,water
WTF_30000000000_@3@2@water,3231#15881#33881#47881#66231,WTF,water
AC1_30000000000_@3@3@air,76089#261460#560353,AC1,air
GYR_30000000000_@3@3@air,82074#282028#604434,GYR,air
CTB_30000000000_@3@3@air,189964#652764#1398985,CTB,air
CTR_30000000000_@3@3@air,187813#645373#1383144,CTR,air
CV1_30000000000_@3@3@air,105030#360911#773493,CV1,air
VRY_30000000000_@3@3@air,105900#363900#779900,VRY,air
SMG_30000000000_@3@3@air,178473#613278#1314359,SMG,air
AC1_30000000000_@3@3@water,88520#405988#746899#1019433#1409185,AC1,water
GYR_30000000000_@3@3@water,96301#441671#812547#1109034#1533044,GYR,water
CTB_30000000000_@3@3@water,221520#1015979#1869105#2551117#3526468,CTB,water
CTR_30000000000_@3@3@water,218646#1005397#1850247#2525642#3491530,CTR,water
CV1_30000000000_@3@3@water,122294#560889#1031871#1408388#1946847,CV1,water
VRY_30000000000_@3@3@water,123609#566921#1042970#1423536#1967786,VRY,water
PRS_30000000000_@3@3@water,4531#20781#38232#52181#72131,PRS,water
SMG_30000000000_@3@3@water,208069#954285#1755606#2396204#3312328,SMG,water
WTF_30000000000_@3@3@water,4531#20781#38232#52181#72131,WTF,water
AC1_30000000000_@3@4@air,65320#264868#517820,AC1,air
GYR_30000000000_@3@4@air,70571#286158#559443,GYR,air
CTB_30000000000_@3@4@air,163078#661271#1292793,CTB,air
CTR_30000000000_@3@4@air,161232#653784#1278156,CTR,air
CV1_30000000000_@3@4@air,90038#365097#713769,CV1,air
VRY_30000000000_@3@4@air,91000#369000#721400,VRY,air
SMG_30000000000_@3@4@air,153214#621272#1214594,SMG,air
AC1_30000000000_@3@4@water,53016#327472#685926#1016054#1405762,AC1,water
GYR_30000000000_@3@4@water,57708#356452#746626#1105969#1530164,GYR,water
CTB_30000000000_@3@4@water,132672#819495#1716520#2542663#3517902,CTB,water
CTR_30000000000_@3@4@water,131415#811729#1700253#2518567#3484564,CTR,water
CV1_30000000000_@3@4@water,73237#452369#947535#1403574#1941915,CV1,water
VRY_30000000000_@3@4@water,74040#457334#957934#1418978#1963227,VRY,water
PRS_30000000000_@3@4@water,2714#16764#35114#52014#71964,PRS,water
SMG_30000000000_@3@4@water,124319#767898#1608445#2382573#3296409,SMG,water
WTF_30000000000_@3@4@water,2714#16764#35114#52014#71964,WTF,water
AC1_30000000000_@3@5@air,64633#260683#533718,AC1,air
GYR_30000000000_@3@5@air,69389#279866#572992,GYR,air
CTB_30000000000_@3@5@air,161452#651187#1333228,CTB,air
CTR_30000000000_@3@5@air,159452#643121#1316714,CTR,air
CV1_30000000000_@3@5@air,89090#359328#735682,CV1,air
VRY_30000000000_@3@5@air,90000#363000#743200,VRY,air
SMG_30000000000_@3@5@air,151526#611155#1251267,SMG,air
AC1_30000000000_@3@5@water,40067#313114#630200#1022643#1263394,AC1,water
GYR_30000000000_@3@5@water,43444#339505#683317#1108838#1369881,GYR,water
CTB_30000000000_@3@5@water,99604#778390#1566657#2542260#3140759,CTB,water
CTR_30000000000_@3@5@water,98854#772526#1554856#2523109#3117099,CTR,water
CV1_30000000000_@3@5@water,55262#431859#869198#1410473#1742527,CV1,water
VRY_30000000000_@3@5@water,55838#436361#878259#1425176#1760691,VRY,water
PRS_30000000000_@3@5@water,2047#15997#32197#52247#64547,PRS,water
SMG_30000000000_@3@5@water,94011#734675#1478673#2399485#2964372,SMG,water
WTF_30000000000_@3@5@water,2047#15997#32197#52247#64547,WTF,water
AC1_30000000000_@4@1@air,57606#250345#519819,AC1,air
GYR_30000000000_@4@1@air,61984#269368#559318,GYR,air
CTB_30000000000_@4@1@air,143540#623798#1295262,CTB,air
CTR_30000000000_@4@1@air,141915#616735#1280596,CTR,air
CV1_30000000000_@4@1@air,79251#344407#715132,CV1,air
VRY_30000000000_@4@1@air,80100#348100#722801,VRY,air
SMG_30000000000_@4@1@air,134858#586065#1216913,SMG,air
AC1_30000000000_@4@1@water,74073#342464#653955#997770#1390562,AC1,water
GYR_30000000000_@4@1@water,80103#370345#707196#1079003#1503774,GYR,water
CTB_30000000000_@4@1@water,184790#854354#1631440#2489166#3469076,CTB,water
CTR_30000000000_@4@1@water,182028#841584#1607055#2451961#3417223,CTR,water
CV1_30000000000_@4@1@water,102040#471766#900865#1374493#1915589,CV1,water
VRY_30000000000_@4@1@water,103024#476318#909558#1387756#1934073,VRY,water
PRS_30000000000_@4@1@water,3781#17481#33381#50931#70981,PRS,water
SMG_30000000000_@4@1@water,173589#802565#1532544#2338277#3258785,SMG,water
WTF_30000000000_@4@1@water,3781#17481#33381#50931#70981,WTF,water
AC1_30000000000_@4@2@air,53814#272644#488791,AC1,air
GYR_30000000000_@4@2@air,60257#305288#547315,GYR,air
CTB_30000000000_@4@2@air,140206#710350#1273501,CTB,air
CTR_30000000000_@4@2@air,138618#702307#1259082,CTR,air
CV1_30000000000_@4@2@air,77407#392180#703093,CV1,air
VRY_30000000000_@4@2@air,78201#396200#710300,VRY,air
SMG_30000000000_@4@2@air,131656#667030#1195839,SMG,air
AC1_30000000000_@4@2@water,82373#356035#695180#1087102#1384221,AC1,water
GYR_30000000000_@4@2@water,89544#387029#755698#1181739#1504723,GYR,water
CTB_30000000000_@4@2@water,205932#890088#1737953#2717763#3460561,CTB,water
CTR_30000000000_@4@2@water,204160#882429#1722998#2694376#3430783,CTR,water
CV1_30000000000_@4@2@water,113813#491925#960515#1502027#1912550,CV1,water
VRY_30000000000_@4@2@water,114936#496783#970001#1516860#1931437,VRY,water
PRS_30000000000_@4@2@water,4214#18214#35564#55614#70814,PRS,water
SMG_30000000000_@4@2@water,193073#834508#1629430#2548057#3244473,SMG,water
WTF_30000000000_@4@2@water,4214#18214#35564#55614#70814,WTF,water
AC1_30000000000_@4@3@air,35728#281801#495878,AC1,air
GYR_30000000000_@4@3@air,38536#303955#534862,GYR,air
CTB_30000000000_@4@3@air,89237#703858#1238560,CTB,air
CTR_30000000000_@4@3@air,88227#695893#1224545,CTR,air
CV1_30000000000_@4@3@air,49320#389007#684525,CV1,air
VRY_30000000000_@4@3@air,49800#392800#691200,VRY,air
SMG_30000000000_@4@3@air,83886#661652#1164292,SMG,air
AC1_30000000000_@4@3@water,22741#292344#640093#1028869#1396154,AC1,water
GYR_30000000000_@4@3@water,24718#317758#695738#1118312#1517526,GYR,water
CTB_30000000000_@4@3@water,56896#731429#1601479#2574175#3493104,CTB,water
CTR_30000000000_@4@3@water,56369#724654#1586645#2550331#3460748,CTR,water
CV1_30000000000_@4@3@water,31414#403843#884223#1421276#1928643,CV1,water
VRY_30000000000_@4@3@water,31748#408140#893631#1436400#1949166,VRY,water
PRS_30000000000_@4@3@water,1164#14964#32764#52664#71464,PRS,water
SMG_30000000000_@4@3@water,53313#685373#1500639#2412088#3273155,SMG,water
WTF_30000000000_@4@3@water,1164#14964#32764#52664#71464,WTF,water
AC1_30000000000_@4@4@air,63999#264129#496223,AC1,air
GYR_30000000000_@4@4@air,68865#284211#533950,GYR,air
CTB_30000000000_@4@4@air,159389#657815#1235846,CTB,air
CTR_30000000000_@4@4@air,157498#650008#1221179,CTR,air
CV1_30000000000_@4@4@air,88001#363189#682327,CV1,air
VRY_30000000000_@4@4@air,88900#366900#689300,VRY,air
SMG_30000000000_@4@4@air,149748#618025#1161091,SMG,air
AC1_30000000000_@4@4@water,62617#312341#637472#902864#1190781,AC1,water
GYR_30000000000_@4@4@water,67948#338929#691736#979721#1292146,GYR,water
CTB_30000000000_@4@4@water,156266#779472#1590861#2253170#2971689,CTB,water
CTR_30000000000_@4@4@water,153858#770537#1573429#2228801#2939796,CTR,water
CV1_30000000000_@4@4@water,86279#430369#878360#1244040#1640755,CV1,water
VRY_30000000000_@4@4@water,87217#435046#887906#1257560#1658587,VRY,water
PRS_30000000000_@4@4@water,3197#15947#32547#46097#60797,PRS,water
SMG_30000000000_@4@4@water,146508#730798#1491520#2112471#2786123,SMG,water
WTF_30000000000_@4@4@water,3197#15947#32547#46097#60797,WTF,water
AC1_30000000000_@4@5@air,72209#279135#518105,AC1,air
GYR_30000000000_@4@5@air,77562#299826#556511,GYR,air
CTB_30000000000_@4@5@air,180277#696889#1293505,CTB,air
CTR_30000000000_@4@5@air,178236#688999#1278859,CTR,air
CV1_30000000000_@4@5@air,99533#384762#714161,CV1,air
VRY_30000000000_@4@5@air,100500#388500#721101,VRY,air
SMG_30000000000_@4@5@air,169372#654735#1215262,SMG,air
AC1_30000000000_@4@5@water,48788#304743#584144#890899#1178115,AC1,water
GYR_30000000000_@4@5@water,53018#331162#634786#968135#1280251,GYR,water
CTB_30000000000_@4@5@water,122038#762283#1461176#2228492#2946934,CTB,water
CTR_30000000000_@4@5@water,120975#755641#1448444#2209074#2921257,CTR,water
CV1_30000000000_@4@5@water,67432#421197#807369#1231347#1628321,CV1,water
VRY_30000000000_@4@5@water,68098#425360#815348#1243516#1644412,VRY,water
PRS_30000000000_@4@5@water,2497#15597#29897#45597#60297,PRS,water
SMG_30000000000_@4@5@water,114652#716149#1372744#2093622#2768584,SMG,water
WTF_30000000000_@4@5@water,2497#15597#29897#45597#60297,WTF,water
AC1_30000000000_@5@1@air,87599#283939#499482,AC1,air
GYR_30000000000_@5@1@air,94504#306322#538857,GYR,air
CTB_30000000000_@5@1@air,218267#707484#1244548,CTB,air
CTR_30000000000_@5@1@air,215684#699112#1229820,CTR,air
CV1_30000000000_@5@1@air,120508#390612#687132,CV1,air
VRY_30000000000_@5@1@air,121800#394800#694500,VRY,air
SMG_30000000000_@5@1@air,205071#664711#1169305,SMG,air
AC1_30000000000_@5@1@water,42428#319852#712952#1023706#1412884,AC1,water
GYR_30000000000_@5@1@water,46059#347230#773977#1111331#1533821,GYR,water
CTB_30000000000_@5@1@water,105786#797499#1777630#2552446#3522800,CTB,water
CTR_30000000000_@5@1@water,104830#790288#1761556#2529366#3490945,CTR,water
CV1_30000000000_@5@1@water,58439#440561#982013#1410043#1946093,CV1,water
VRY_30000000000_@5@1@water,59023#444961#991821#1424126#1965530,VRY,water
PRS_30000000000_@5@1@water,2164#16314#36364#52214#72064,PRS,water
SMG_30000000000_@5@1@water,99374#749156#1669872#2397720#3309252,SMG,water
WTF_30000000000_@5@1@water,2164#16314#36364#52214#72064,WTF,water
AC1_30000000000_@5@2@air,52906#234770#503613,AC1,air
GYR_30000000000_@5@2@air,57101#253386#543545,GYR,air
CTB_30000000000_@5@2@air,132024#585855#1256737,CTB,air
CTR_30000000000_@5@2@air,130385#578583#1241136,CTR,air
CV1_30000000000_@5@2@air,72892#323458#693858,CV1,air
VRY_30000000000_@5@2@air,73600#326600#700601,VRY,air
SMG_30000000000_@5@2@air,123973#550128#1180096,SMG,air
AC1_30000000000_@5@2@water,72663#364176#735904#1007852#1364906,AC1,water
GYR_30000000000_@5@2@water,79041#396138#800491#1096307#1484698,GYR,water
CTB_30000000000_@5@2@water,181477#909531#1837923#2517115#3408860,CTB,water
CTR_30000000000_@5@2@water,180015#902205#1823119#2496840#3381402,CTR,water
CV1_30000000000_@5@2@water,100221#502291#1014997#1390082#1882549,CV1,water
VRY_30000000000_@5@2@water,101287#507635#1025797#1404873#1902581,VRY,water
PRS_30000000000_@5@2@water,3714#18614#37614#51514#69764,PRS,water
SMG_30000000000_@5@2@water,170495#854493#1726704#2364796#3202579,SMG,water
WTF_30000000000_@5@2@water,3714#18614#37614#51514#69764,WTF,water
AC1_30000000000_@5@3@air,57553#246975#520954,AC1,air
GYR_30000000000_@5@3@air,62312#267398#564031,GYR,air
CTB_30000000000_@5@3@air,143611#616277#1299936,CTB,air
CTR_30000000000_@5@3@air,141986#609303#1285225,CTR,air
CV1_30000000000_@5@3@air,78812#339536#716644,CV1,air
VRY_30000000000_@5@3@air,79500#342500#722900,VRY,air
SMG_30000000000_@5@3@air,135000#579322#1221984,SMG,air
AC1_30000000000_@5@3@water,40710#332187#701914#979698#1366052,AC1,water
GYR_30000000000_@5@3@water,43998#361305#763794#1066194#1486785,GYR,water
CTB_30000000000_@5@3@water,100985#829275#1753079#2447154#3412505,CTB,water
CTR_30000000000_@5@3@water,100899#823331#1739704#2428196#3385782,CTR,water
CV1_30000000000_@5@3@water,55769#457965#968134#1351435#1884548,CV1,water
VRY_30000000000_@5@3@water,56351#462742#978232#1365531#1904204,VRY,water
PRS_30000000000_@5@3@water,2081#16981#35881#50082#69831,PRS,water
SMG_30000000000_@5@3@water,94874#779092#1646993#2299066#3206000,SMG,water
WTF_30000000000_@5@3@water,2081#16981#35881#50082#69831,WTF,water
AC1_30000000000_@5@4@air,55107#251249#507887,AC1,air
GYR_30000000000_@5@4@air,59599#271730#549287,GYR,air
CTB_30000000000_@5@4@air,137580#627270#1267993,CTB,air
CTR_30000000000_@5@4@air,136098#620511#1254329,CTR,air
CV1_30000000000_@5@4@air,75960#346325#700076,CV1,air
VRY_30000000000_@5@4@air,76700#349700#706900,VRY,air
SMG_30000000000_@5@4@air,129326#589637#1191919,SMG,air
AC1_30000000000_@5@4@water,73301#414665#777547#1166839#1526787,AC1,water
GYR_30000000000_@5@4@water,79743#451109#845885#1269392#1660976,GYR,water
CTB_30000000000_@5@4@water,183150#1036086#1942789#2915478#3814849,CTB,water
CTR_30000000000_@5@4@water,181675#1027745#1927149#2892007#3784138,CTR,water
CV1_30000000000_@5@4@water,101134#572117#1072789#1609898#2106522,CV1,water
VRY_30000000000_@5@4@water,102210#578205#1084206#1627031#2128940,VRY,water
PRS_30000000000_@5@4@water,3747#21197#39747#59647#78047,PRS,water
SMG_30000000000_@5@4@water,172104#973598#1825615#2739640#3584768,SMG,water
WTF_30000000000_@5@4@water,3747#21197#39747#59647#78047,WTF,water
AC1_30000000000_@5@5@air,64948#247524#494037,AC1,air
GYR_30000000000_@5@5@air,70482#268612#536127,GYR,air
CTB_30000000000_@5@5@air,161759#616481#1230445,CTB,air
CTR_30000000000_@5@5@air,160011#609816#1217143,CTR,air
CV1_30000000000_@5@5@air,89265#340198#679008,CV1,air
VRY_30000000000_@5@5@air,90000#343000#684600,VRY,air
SMG_30000000000_@5@5@air,151974#579190#1156015,SMG,air
AC1_30000000000_@5@5@water,71653#340546#690597#963401#1355496,AC1,water
GYR_30000000000_@5@5@water,78012#370766#751879#1048891#1475780,GYR,water
CTB_30000000000_@5@5@water,179093#851177#1726109#2407969#3387990,CTB,water
CTR_30000000000_@5@5@water,177632#844235#1712030#2388329#3360357,CTR,water
CV1_30000000000_@5@5@water,98958#470319#953763#1330526#1872038,CV1,water
VRY_30000000000_@5@5@water,99924#474910#963074#1343514#1890312,VRY,water
PRS_30000000000_@5@5@water,3664#17414#35314#49264#69314,PRS,water
SMG_30000000000_@5@5@water,168255#799669#1621655#2262253#3182969,SMG,water
WTF_30000000000_@5@5@water,3664#17414#35314#49264#69314,WTF,water
AC1_30000000000_@6@1@air,69045#279556#500341,AC1,air
GYR_30000000000_@6@1@air,75108#304103#544275,GYR,air
CTB_30000000000_@6@1@air,172465#698291#1249781,CTB,air
CTR_30000000000_@6@1@air,170606#690767#1236314,CTR,air
CV1_30000000000_@6@1@air,95311#385905#690682,CV1,air
VRY_30000000000_@6@1@air,96100#389100#696401,VRY,air
SMG_30000000000_@6@1@air,161953#655730#1173606,SMG,air
AC1_30000000000_@6@1@water,40360#320956#665103#932012#1284958,AC1,water
GYR_30000000000_@6@1@water,43931#349358#723959#1014488#1398666,GYR,water
CTB_30000000000_@6@1@water,100886#802298#1662566#2329763#3212026,CTB,water
CTR_30000000000_@6@1@water,100074#795839#1649182#2311007#3186168,CTR,water
CV1_30000000000_@6@1@water,55739#443262#918551#1287170#1774611,CV1,water
VRY_30000000000_@6@1@water,56289#447638#927621#1299880#1792134,VRY,water
PRS_30000000000_@6@1@water,2064#16414#34015#47664#65714,PRS,water
SMG_30000000000_@6@1@water,94781#753748#1561957#2188779#3017653,SMG,water
WTF_30000000000_@6@1@water,2065#16416#34018#47670#65722,WTF,water
AC1_30000000000_@6@2@air,66497#237407#455855,AC1,air
GYR_30000000000_@6@2@air,72412#258523#496401,GYR,air
CTB_30000000000_@6@2@air,166183#593305#1139232,CTB,air
CTR_30000000000_@6@2@air,164478#587216#1127540,CTR,air
CV1_30000000000_@6@2@air,91408#327453#629155,CV1,air
VRY_30000000000_@6@2@air,92600#330600#634800,VRY,air
SMG_30000000000_@6@2@air,156131#557417#1070321,SMG,air
AC1_30000000000_@6@2@water,76866#331066#647837#931367#1256937,AC1,water
GYR_30000000000_@6@2@water,83668#360362#705165#1013785#1368165,GYR,water
CTB_30000000000_@6@2@water,192144#827572#1619414#2328160#3141997,CTB,water
CTR_30000000000_@6@2@water,190640#821093#1606735#2309933#3117398,CTR,water
CV1_30000000000_@6@2@water,106157#457222#894703#1286275#1735909,CV1,water
VRY_30000000000_@6@2@water,107206#461740#903545#1298987#1753063,VRY,water
PRS_30000000000_@6@2@water,3931#16931#33131#47631#64281,PRS,water
SMG_30000000000_@6@2@water,180495#777400#1521236#2187015#2951512,SMG,water
WTF_30000000000_@6@2@water,3931#16930#33128#47626#64275,WTF,water
AC1_30000000000_@6@3@air,45656#302242#585848,AC1,air
GYR_30000000000_@6@3@air,49425#327194#624990,GYR,air
CTB_30000000000_@6@3@air,114151#755689#1399990,CTB,air
CTR_30000000000_@6@3@air,113042#748347#1399990,CTR,air
CV1_30000000000_@6@3@air,63056#417432#809127,CV1,air
VRY_30000000000_@6@3@air,63700#421700#817400,VRY,air
SMG_30000000000_@6@3@air,107250#710002#1376228,SMG,air
AC1_30000000000_@6@3@water,69029#385728#756188#1030856#1420865,AC1,water
GYR_30000000000_@6@3@water,75163#420002#823378#1122451#1547114,GYR,water
CTB_30000000000_@6@3@water,172534#964106#1890050#2576568#3551375,CTB,water
CTR_30000000000_@6@3@water,171202#956665#1875462#2556681#3523964,CTR,water
CV1_30000000000_@6@3@water,95355#532833#1044575#1423993#1962740,CV1,water
VRY_30000000000_@6@3@water,96275#537979#1054663#1437745#1981695,VRY,water
PRS_30000000000_@6@3@water,3531#19731#38681#52731#72681,PRS,water
SMG_30000000000_@6@3@water,162110#905859#1775861#2420902#3336814,SMG,water
WTF_30000000000_@6@3@water,3531#19731#38681#52731#72681,WTF,water
AC1_30000000000_@6@4@air,72530#268769#552991,AC1,air
GYR_30000000000_@6@4@air,78478#290812#598345,GYR,air
CTB_30000000000_@6@4@air,181355#672036#1382715,CTB,air
CTR_30000000000_@6@4@air,179201#664056#1366295,CTR,air
CV1_30000000000_@6@4@air,100023#370650#762613,CV1,air
VRY_30000000000_@6@4@air,100900#373900#769300,VRY,air
SMG_30000000000_@6@4@air,170290#631033#1298350,SMG,air
AC1_30000000000_@6@4@water,31207#287189#614494#923236#1314048,AC1,water
GYR_30000000000_@6@4@water,33942#312364#668362#1004168#1429240,GYR,water
CTB_30000000000_@6@4@water,78060#718371#1537090#2309374#3286949,CTB,water
CTR_30000000000_@6@4@water,77423#712509#1524546#2290528#3260124,CTR,water
CV1_30000000000_@6@4@water,43118#396807#849043#1275630#1815614,CV1,water
VRY_30000000000_@6@4@water,43553#400812#857613#1288505#1833939,VRY,water
PRS_30000000000_@6@4@water,1597#14698#31448#47247#67247,PRS,water
SMG_30000000000_@6@4@water,73320#674750#1443753#2169142#3087355,SMG,water
WTF_30000000000_@6@4@water,1597#14698#31448#47247#67247,WTF,water
AC1_30000000000_@6@5@air,23336#219958#481401,AC1,air
GYR_30000000000_@6@5@air,25262#238117#521144,GYR,air
CTB_30000000000_@6@5@air,58346#549957#1203639,CTB,air
CTR_30000000000_@6@5@air,57623#543149#1188739,CTR,air
CV1_30000000000_@6@5@air,32121#302761#662624,CV1,air
VRY_30000000000_@6@5@air,32400#305400#668401,VRY,air
SMG_30000000000_@6@5@air,54816#516691#1130832,SMG,air
AC1_30000000000_@6@5@water,40683#307534#615438#903793#1295760,AC1,water
GYR_30000000000_@6@5@water,44259#334563#669530#983229#1409647,GYR,water
CTB_30000000000_@6@5@water,101695#768748#1538424#2259231#3239041,CTB,water
CTR_30000000000_@6@5@water,100899#762724#1526368#2241528#3213659,CTR,water
CV1_30000000000_@6@5@water,56198#424817#850147#1248472#1789923,CV1,water
VRY_30000000000_@6@5@water,56759#429060#858638#1260941#1807800,VRY,water
PRS_30000000000_@6@5@water,2081#15731#31481#46231#66281,PRS,water
SMG_30000000000_@6@5@water,95573#722464#1445800#2123210#3044029,SMG,water
WTF_30000000000_@6@5@water,2081#15731#31481#46231#66281,WTF,water
AC1_30000000001_@1@1@air,10672#164672#347309,AC1,air
GYR_30000000001_@1@1@air,12695#190954#402364,GYR,air
CTB_30000000001_@1@1@air,28352#437479#922690,CTB,air
CTR_30000000001_@1@1@air,28861#434142#914791,CTR,air
CV1_30000000001_@1@1@air,15677#241887#510165,CV1,air
VRY_30000000001_@1@1@air,15800#243801#514200,VRY,air
SMG_30000000001_@1@1@air,26085#402500#848914,SMG,air
AC1_30000000001_@1@1@water,29305#317061#538262#780996#995345,AC1,water
GYR_30000000001_@1@1@water,31881#344932#585576#849647#1082838,GYR,water
CTB_30000000001_@1@1@water,73157#791522#1343735#1949704#2484813,CTB,water
CTR_30000000001_@1@1@water,72638#785911#1334209#1935882#2467197,CTR,water
CV1_30000000001_@1@1@water,40467#437836#743296#1078492#1374491,CV1,water
VRY_30000000001_@1@1@water,40811#441560#749619#1087666#1386183,VRY,water
PRS_30000000001_@1@1@water,1497#16197#27497#39897#50848,PRS,water
SMG_30000000001_@1@1@water,67250#727613#1235239#1792280#2284183,SMG,water
WTF_30000000001_@1@1@water,1497#16197#27497#39897#50848,WTF,water
AC1_30000000001_@1@2@air,38877#213498#409965,AC1,air
GYR_30000000001_@1@2@air,42628#232564#446262,GYR,air
CTB_30000000001_@1@2@air,97079#533122#1023717,CTB,air
CTR_30000000001_@1@2@air,96936#528860#1014819,CTR,air
CV1_30000000001_@1@2@air,53562#294142#564819,CV1,air
VRY_30000000001_@1@2@air,54100#297100#570500,VRY,air
SMG_30000000001_@1@2@air,89016#488847#938698,SMG,air
AC1_30000000001_@1@2@water,23078#275025#489719#749509#986751,AC1,water
GYR_30000000001_@1@2@water,25082#298915#532259#814616#1072467,GYR,water
CTB_30000000001_@1@2@water,57526#685570#1220752#1868346#2459734,CTB,water
CTR_30000000001_@1@2@water,57119#680712#1212102#1855107#2442304,CTR,water
CV1_30000000001_@1@2@water,31823#379248#675302#1033541#1360688,CV1,water
VRY_30000000001_@1@2@water,32097#382509#681110#1042430#1372391,VRY,water
PRS_30000000001_@1@2@water,1177#14028#24977#38227#50327,PRS,water
SMG_30000000001_@1@2@water,52919#630659#1122975#1718699#2262720,SMG,water
WTF_30000000001_@1@2@water,1178#14029#24981#38232#50334,WTF,water
AC1_30000000001_@1@3@air,15143#201179#379788,AC1,air
GYR_30000000001_@1@3@air,16449#218526#412536,GYR,air
CTB_30000000001_@1@3@air,37761#501674#947066,CTB,air
CTR_30000000001_@1@3@air,37481#497960#940054,CTR,air
CV1_30000000001_@1@3@air,20791#276222#521454,CV1,air
VRY_30000000001_@1@3@air,21000#279001#526700,VRY,air
SMG_30000000001_@1@3@air,34719#461264#870780,SMG,air
AC1_30000000001_@1@3@water,11593#272470#486271#727533#965853,AC1,water
GYR_30000000001_@1@3@water,12581#295704#527738#789573#1048216,GYR,water
CTB_30000000001_@1@3@water,28889#679003#1211803#1813036#2406938,CTB,water
CTR_30000000001_@1@3@water,28646#673280#1201589#1797755#2386650,CTR,water
CV1_30000000001_@1@3@water,15547#374505#668688#1000657#1328577,CV1,water
VRY_30000000001_@1@3@water,16114#378736#675922#1011278#1342546,VRY,water
PRS_30000000001_@1@3@water,591#13891#24791#37091#49241,PRS,water
SMG_30000000001_@1@3@water,26537#623713#1113129#1665405#2210946,SMG,water
WTF_30000000001_@1@3@water,591#13891#24791#37091#49241,WTF,water
AC1_30000000001_@1@4@air,32260#207240#394532,AC1,air
GYR_30000000001_@1@4@air,35003#224860#428076,GYR,air
CTB_30000000001_@1@4@air,80339#516106#982538,CTB,air
CTR_30000000001_@1@4@air,79697#511981#974685,CTR,air
CV1_30000000001_@1@4@air,44518#285983#544441,CV1,air
VRY_30000000001_@1@4@air,44800#287800#547900,VRY,air
SMG_30000000001_@1@4@air,73915#474835#903968,SMG,air
AC1_30000000001_@1@4@water,15227#268998#482597#747146#967603,AC1,water
GYR_30000000001_@1@4@water,16552#292403#524587#812154#1051793,GYR,water
CTB_30000000001_@1@4@water,37960#670626#1203140#1862676#2412290,CTB,water
CTR_30000000001_@1@4@water,37666#665427#1193813#1848236#2393588,CTR,water
CV1_30000000001_@1@4@water,20972#370496#664691#1029060#1332700,CV1,water
VRY_30000000001_@1@4@water,21178#374133#671215#1039160#1345781,VRY,water
PRS_30000000001_@1@4@water,777#13727#24627#38127#49377,PRS,water
SMG_30000000001_@1@4@water,34915#616827#1106621#1713248#2218769,SMG,water
WTF_30000000001_@1@4@water,777#13720#24614#38107#49350,WTF,water
AC1_30000000001_@1@5@air,43566#218523#411480,AC1,air
GYR_30000000001_@1@5@air,47210#236803#445901,GYR,air
CTB_30000000001_@1@5@air,107792#543621#1024288,CTB,air
CTR_30000000001_@1@5@air,107499#539213#1015341,CTR,air
CV1_30000000001_@1@5@air,59502#300083#565415,CV1,air
VRY_30000000001_@1@5@air,60100#303100#571101,VRY,air
SMG_30000000001_@1@5@air,99368#501135#944236,SMG,air
AC1_30000000001_@1@5@water,26712#281292#480061#741495#1023492,AC1,water
GYR_30000000001_@1@5@water,29012#305516#521401#805349#1111630,GYR,water
CTB_30000000001_@1@5@water,66621#701567#1197313#1849353#2552678,CTB,water
CTR_30000000001_@1@5@water,66104#696126#1188028#1835012#2532882,CTR,water
CV1_30000000001_@1@5@water,36788#387399#661146#1021197#1409567,CV1,water
VRY_30000000001_@1@5@water,37171#391432#668028#1031827#1424240,VRY,water
PRS_30000000001_@1@5@water,1364#14364#24514#37865#52264,PRS,water
SMG_30000000001_@1@5@water,61293#645462#1101563#1701460#2348539,SMG,water
WTF_30000000001_@1@5@water,1364#14364#24514#37865#52264,WTF,water
AC1_30000000001_@2@1@air,30083#202192#411832,AC1,air
GYR_30000000001_@2@1@air,32523#218587#445227,GYR,air
CTB_30000000001_@2@1@air,74815#502839#1024202,CTB,air
CTR_30000000001_@2@1@air,74058#497755#1013846,CTR,air
CV1_30000000001_@2@1@air,41288#277501#565224,CV1,air
VRY_30000000001_@2@1@air,41600#279600#569500,VRY,air
SMG_30000000001_@2@1@air,68740#462006#941031,SMG,air
AC1_30000000001_@2@1@water,37205#277457#515748#758942#1007039,AC1,water
GYR_30000000001_@2@1@water,40397#301259#559992#824048#1093428,GYR,water
CTB_30000000001_@2@1@water,92730#691536#1285455#1891594#2509953,CTB,water
CTR_30000000001_@2@1@water,92021#686248#1275624#1877128#2490758,CTR,water
CV1_30000000001_@2@1@water,50837#381906#710272#1045394#1387273,CV1,water
VRY_30000000001_@2@1@water,51309#385449#716862#1055094#1400145,VRY,water
PRS_30000000001_@2@1@water,1897#14147#26297#38697#51347,PRS,water
SMG_30000000001_@2@1@water,84550#635165#1181286#1738643#2307238,SMG,water
WTF_30000000001_@2@1@water,1897#14147#26297#38697#51347,WTF,water
AC1_30000000001_@2@2@air,27120#191133#380180,AC1,air
GYR_30000000001_@2@2@air,29519#208038#413805,GYR,air
CTB_30000000001_@2@2@air,67631#476643#948082,CTB,air
CTR_30000000001_@2@2@air,67087#472810#940459,CTR,air
CV1_30000000001_@2@2@air,37326#263060#523249,CV1,air
VRY_30000000001_@2@2@air,37700#265700#528501,VRY,air
SMG_30000000001_@2@2@air,62646#441507#878194,SMG,air
AC1_30000000001_@2@2@water,27780#278714#504162#736473#988387,AC1,water
GYR_30000000001_@2@2@water,30156#302561#547299#799485#1072953,GYR,water
CTB_30000000001_@2@2@water,69227#694562#1256387#1835310#2463088,CTB,water
CTR_30000000001_@2@2@water,68681#689081#1246471#1820826#2443650,CTR,water
CV1_30000000001_@2@2@water,38215#383415#693556#1013135#1359683,CV1,water
VRY_30000000001_@2@2@water,38625#387530#700999#1024008#1374275,VRY,water
PRS_30000000001_@2@2@water,1417#14217#25718#37567#50417,PRS,water
SMG_30000000001_@2@2@water,63674#638845#1155601#1688084#2265502,SMG,water
WTF_30000000001_@2@2@water,1417#14217#25718#37567#50417,WTF,water
AC1_30000000001_@2@3@air,35856#217884#407323,AC1,air
GYR_30000000001_@2@3@air,38882#236274#441702,GYR,air
CTB_30000000001_@2@3@air,88532#541942#1013811,CTB,air
CTR_30000000001_@2@3@air,88549#538081#1005914,CTR,air
CV1_30000000001_@2@3@air,48911#299401#560090,CV1,air
VRY_30000000001_@2@3@air,49400#302400#565700,VRY,air
SMG_30000000001_@2@3@air,81575#499353#934140,SMG,air
AC1_30000000001_@2@3@water,14192#270976#487577#728679#991344,AC1,water
GYR_30000000001_@2@3@water,15425#294515#529931#791977#1077459,GYR,water
CTB_30000000001_@2@3@water,35339#674756#1214111#1814479#2468539,CTB,water
CTR_30000000001_@2@3@water,35083#669870#1205320#1801341#2450664,CTR,water
CV1_30000000001_@2@3@water,19529#372879#670934#1002705#1364147,CV1,water
VRY_30000000001_@2@3@water,19721#376533#677509#1012532#1377516,VRY,water
PRS_30000000001_@2@3@water,724#13824#24874#37174#50574,PRS,water
SMG_30000000001_@2@3@water,32513#620787#1117004#1669353#2271100,SMG,water
WTF_30000000001_@2@3@water,724#13824#24874#37174#50574,WTF,water
AC1_30000000001_@2@4@air,32608#218173#403810,AC1,air
GYR_30000000001_@2@4@air,35068#236567#438145,GYR,air
CTB_30000000001_@2@4@air,80504#543083#1005842,CTB,air
CTR_30000000001_@2@4@air,79858#538725#997770,CTR,air
CV1_30000000001_@2@4@air,44400#299521#554741,CV1,air
VRY_30000000001_@2@4@air,44900#302900#561000,VRY,air
SMG_30000000001_@2@4@air,74218#500682#927311,SMG,air
AC1_30000000001_@2@4@water,20992#246394#472776#730519#959841,AC1,water
GYR_30000000001_@2@4@water,22775#267319#512926#792556#1041353,GYR,water
CTB_30000000001_@2@4@water,52296#613829#1177803#1819904#2391202,CTB,water
CTR_30000000001_@2@4@water,51855#608653#1167872#1804558#2371039,CTR,water
CV1_30000000001_@2@4@water,28483#338648#650162#1004829#1320389,CV1,water
VRY_30000000001_@2@4@water,28782#342207#656995#1015390#1334266,VRY,water
PRS_30000000001_@2@4@water,1071#12571#24121#37271#48971,PRS,water
SMG_30000000001_@2@4@water,47447#564136#1083071#1673892#2199567,SMG,water
WTF_30000000001_@2@4@water,1071#12571#24121#37271#48971,WTF,water
AC1_30000000001_@2@5@air,9575#191713#377379,AC1,air
GYR_30000000001_@2@5@air,10387#207970#409380,GYR,air
CTB_30000000001_@2@5@air,23876#478048#941016,CTB,air
CTR_30000000001_@2@5@air,23671#473939#932927,CTR,air
CV1_30000000001_@2@5@air,13195#264188#520041,CV1,air
VRY_30000000001_@2@5@air,13300#266300#524200,VRY,air
SMG_30000000001_@2@5@air,21894#438368#862908,SMG,air
AC1_30000000001_@2@5@water,47139#315772#525580#758918#996178,AC1,water
GYR_30000000001_@2@5@water,51105#342340#569801#822771#1079993,GYR,water
CTB_30000000001_@2@5@water,117384#786331#1308794#1889851#2480673,CTB,water
CTR_30000000001_@2@5@water,116378#779593#1297579#1873657#2459417,CTR,water
CV1_30000000001_@2@5@water,64772#433894#722186#1042810#1368822,CV1,water
VRY_30000000001_@2@5@water,65473#438587#729997#1054089#1383628,VRY,water
PRS_30000000001_@2@5@water,2404#16104#26805#38704#50804,PRS,water
SMG_30000000001_@2@5@water,107877#722645#1202793#1736789#2279760,SMG,water
WTF_30000000001_@2@5@water,2404#16104#26805#38704#50804,WTF,water
AC1_30000000001_@3@1@air,46752#225129#423429,AC1,air
GYR_30000000001_@3@1@air,50738#244323#459531,GYR,air
CTB_30000000001_@3@1@air,116382#560420#1054055,CTB,air
CTR_30000000001_@3@1@air,115372#555560#1044915,CTR,air
CV1_30000000001_@3@1@air,64296#309609#582321,CV1,air
VRY_30000000001_@3@1@air,65000#313000#588700,VRY,air
SMG_30000000001_@3@1@air,106931#514910#968459,SMG,air
AC1_30000000001_@3@1@water,39833#316366#537003#769408#1022406,AC1,water
GYR_30000000001_@3@1@water,43246#343474#583017#835336#1110012,GYR,water
CTB_30000000001_@3@1@water,99214#787990#1337546#1916412#2546569,CTB,water
CTR_30000000001_@3@1@water,98454#781960#1327311#1901747#2527082,CTR,water
CV1_30000000001_@3@1@water,54808#435300#738884#1058659#1406769,CV1,water
VRY_30000000001_@3@1@water,55357#439665#746294#1069276#1420877,VRY,water
PRS_30000000001_@3@1@water,2031#16131#27381#39231#52131,PRS,water
SMG_30000000001_@3@1@water,91301#725148#1230877#1763578#2343480,SMG,water
WTF_30000000001_@3@1@water,2031#16131#27381#39231#52131,WTF,water
AC1_30000000001_@3@2@air,23933#194796#379154,AC1,air
GYR_30000000001_@3@2@air,25622#210966#410952,GYR,air
CTB_30000000001_@3@2@air,58897#484957#944672,CTB,air
CTR_30000000001_@3@2@air,58349#480445#935882,CTR,air
CV1_30000000001_@3@2@air,32496#267571#521215,CV1,air
VRY_30000000001_@3@2@air,32900#270900#527700,VRY,air
SMG_30000000001_@3@2@air,54008#444704#866262,SMG,air
AC1_30000000001_@3@2@water,30929#286872#494764#741881#984095,AC1,water
GYR_30000000001_@3@2@water,33602#311662#537520#805992#1069137,GYR,water
CTB_30000000001_@3@2@water,77045#714607#1232473#1848050#2451413,CTB,water
CTR_30000000001_@3@2@water,76416#708773#1222411#1832962#2431398,CTR,water
CV1_30000000001_@3@2@water,42570#394844#680982#1021108#1354486,CV1,water
VRY_30000000001_@3@2@water,42979#398639#687527#1030923#1367505,VRY,water
PRS_30000000001_@3@2@water,1577#14628#25227#37827#50177,PRS,water
SMG_30000000001_@3@2@water,70883#657454#1133901#1700245#2255352,SMG,water
WTF_30000000001_@3@2@water,1577#14628#25227#37827#50177,WTF,water
AC1_30000000001_@3@3@air,47517#237048#418507,AC1,air
GYR_30000000001_@3@3@air,51489#256864#453493,GYR,air
CTB_30000000001_@3@3@air,118202#589684#1041087,CTB,air
CTR_30000000001_@3@3@air,117010#583733#1030582,CTR,air
CV1_30000000001_@3@3@air,64837#325175#574426,CV1,air
VRY_30000000001_@3@3@air,65500#328500#580300,VRY,air
SMG_30000000001_@3@3@air,108896#543259#959124,SMG,air
AC1_30000000001_@3@3@water,22578#275613#492360#761087#986662,AC1,water
GYR_30000000001_@3@3@water,24510#299209#534512#826246#1071132,GYR,water
CTB_30000000001_@3@3@water,56278#687018#1227303#1897158#2459446,CTB,water
CTR_30000000001_@3@3@water,55827#681508#1217460#1881943#2439720,CTR,water
CV1_30000000001_@3@3@water,31076#379359#677694#1047576#1358061,CV1,water
VRY_30000000001_@3@3@water,31378#383050#684289#1057770#1371276,VRY,water
PRS_30000000001_@3@3@water,1151#14051#25101#38802#50301,PRS,water
SMG_30000000001_@3@3@water,51721#631391#1127930#1743548#2260308,SMG,water
WTF_30000000001_@3@3@water,1151#14051#25101#38802#50301,WTF,water
AC1_30000000001_@3@4@air,17478#203044#377533,AC1,air
GYR_30000000001_@3@4@air,18998#220706#410373,GYR,air
CTB_30000000001_@3@4@air,43644#507017#942732,CTB,air
CTR_30000000001_@3@4@air,43267#502642#934597,CTR,air
CV1_30000000001_@3@4@air,24081#279748#520154,CV1,air
VRY_30000000001_@3@4@air,24300#282300#524900,VRY,air
SMG_30000000001_@3@4@air,40073#465531#865594,SMG,air
AC1_30000000001_@3@4@water,29841#286344#517393#762148#984386,AC1,water
GYR_30000000001_@3@4@water,32443#311314#562510#828608#1070225,GYR,water
CTB_30000000001_@3@4@water,74516#715036#1291993#1903176#2458130,CTB,water
CTR_30000000001_@3@4@water,73948#709588#1282149#1888676#2439402,CTR,water
CV1_30000000001_@3@4@water,41143#394797#713355#1050811#1357221,CV1,water
VRY_30000000001_@3@4@water,41538#398590#720209#1060907#1370261,VRY,water
PRS_30000000001_@3@4@water,1524#14624#26424#38924#50274,PRS,water
SMG_30000000001_@3@4@water,68491#657226#1187536#1749305#2259392,SMG,water
WTF_30000000001_@3@4@water,1526#14635#26443#38951#50309,WTF,water
AC1_30000000001_@3@5@air,44226#211777#416291,AC1,air
GYR_30000000001_@3@5@air,47848#229122#450385,GYR,air
CTB_30000000001_@3@5@air,110366#528499#1038872,CTB,air
CTR_30000000001_@3@5@air,109542#524552#1031113,CTR,air
CV1_30000000001_@3@5@air,60951#291868#573726,CV1,air
VRY_30000000001_@3@5@air,61500#294500#578900,VRY,air
SMG_30000000001_@3@5@air,101743#487204#957699,SMG,air
AC1_30000000001_@3@5@water,28274#286733#481557#729247#982811,AC1,water
GYR_30000000001_@3@5@water,30742#311763#523594#792905#1068604,GYR,water
CTB_30000000001_@3@5@water,69814#715134#1201569#1820000#2453098,CTB,water
CTR_30000000001_@3@5@water,69282#709680#1192405#1806120#2434389,CTR,water
CV1_30000000001_@3@5@water,38551#394889#663492#1004982#1354571,CV1,water
VRY_30000000001_@3@5@water,38939#398861#670166#1015092#1368198,VRY,water
PRS_30000000001_@3@5@water,1444#14644#24594#37244#50194,PRS,water
SMG_30000000001_@3@5@water,64178#657401#1104565#1673070#2255057,SMG,water
WTF_30000000001_@3@5@water,1444#14644#24594#37244#50194,WTF,water
AC1_30000000010_@1@1@air,37303#221272#420584,AC1,air
GYR_30000000010_@1@1@air,40368#237889#451884,GYR,air
CTB_30000000010_@1@1@air,92712#546358#1037837,CTB,air
CTR_30000000010_@1@1@air,91624#539944#1025654,CTR,air
CV1_30000000010_@1@1@air,50911#301988#574005,CV1,air
VRY_30000000010_@1@1@air,51300#304301#578400,VRY,air
SMG_30000000010_@1@1@air,84976#504057#958090,SMG,air
AC1_30000000010_@1@1@water,11050#291203#528256#735922#991587,AC1,water
GYR_30000000010_@1@1@water,12016#316671#574456#800284#1078308,GYR,water
CTB_30000000010_@1@1@water,27551#726086#1317155#1834950#2472424,CTB,water
CTR_30000000010_@1@1@water,27330#720262#1306590#1820232#2452593,CTR,water
CV1_30000000010_@1@1@water,15230#401357#728080#1014300#1366675,CV1,water
VRY_30000000010_@1@1@water,15380#405319#735267#1024313#1380166,VRY,water
PRS_30000000010_@1@1@water,564#14864#26964#37564#50614,PRS,water
SMG_30000000010_@1@1@water,25882#682099#1237360#1723787#2322642,SMG,water
WTF_30000000010_@1@1@water,564#14864#26964#37564#50614,WTF,water
AC1_30000000010_@1@2@air,34616#215190#408182,AC1,air
GYR_30000000010_@1@2@air,37627#233906#443684,GYR,air
CTB_30000000010_@1@2@air,86203#535875#1016474,CTB,air
CTR_30000000010_@1@2@air,85690#532687#1010426,CTR,air
CV1_30000000010_@1@2@air,47991#298334#565894,CV1,air
VRY_30000000010_@1@2@air,48500#301500#571901,VRY,air
SMG_30000000010_@1@2@air,81612#507341#962349,SMG,air
AC1_30000000010_@1@2@water,12085#281391#489001#724031#962000,AC1,water
GYR_30000000010_@1@2@water,13158#306372#532414#788310#1047405,GYR,water
CTB_30000000010_@1@2@water,30144#701899#1219761#1806019#2399606,CTB,water
CTR_30000000010_@1@2@water,29874#695614#1208840#1789849#2378122,CTR,water
CV1_30000000010_@1@2@water,16657#387851#674008#997959#1325960,CV1,water
VRY_30000000010_@1@2@water,16821#391662#680630#1007764#1338987,VRY,water
PRS_30000000010_@1@2@water,618#14367#24967#36967#49118,PRS,water
SMG_30000000010_@1@2@water,28310#659205#1145567#1696166#2253647,SMG,water
WTF_30000000010_@1@2@water,617#14366#24964#36962#49111,WTF,water
AC1_30000000010_@1@3@air,36110#249194#413082,AC1,air
GYR_30000000010_@1@3@air,39278#271054#449319,GYR,air
CTB_30000000010_@1@3@air,90042#621378#1030044,CTB,air
CTR_30000000010_@1@3@air,89392#616889#1022601,CTR,air
CV1_30000000010_@1@3@air,50047#345373#572517,CV1,air
VRY_30000000010_@1@3@air,50500#348500#577700,VRY,air
SMG_30000000010_@1@3@air,85142#587564#973990,SMG,air
AC1_30000000010_@1@3@water,50273#283598#516923#791423#1004161,AC1,water
GYR_30000000010_@1@3@water,54601#308015#561428#859561#1090614,GYR,water
CTB_30000000010_@1@3@water,125286#706757#1288229#1972313#2502479,CTB,water
CTR_30000000010_@1@3@water,124283#701098#1277914#1956521#2482442,CTR,water
CV1_30000000010_@1@3@water,68784#390020#711255#1089180#1382071,CV1,water
VRY_30000000010_@1@3@water,69505#394110#718714#1100602#1396565,VRY,water
PRS_30000000010_@1@3@water,2564#14464#26364#40364#51214,PRS,water
SMG_30000000010_@1@3@water,115226#650007#1184788#1813943#2301538,SMG,water
WTF_30000000010_@1@3@water,2564#14464#26364#40364#51214,WTF,water
AC1_30000000010_@1@4@air,45202#216236#409619,AC1,air
GYR_30000000010_@1@4@air,49068#234730#444653,GYR,air
CTB_30000000010_@1@4@air,112647#538875#1020800,CTB,air
CTR_30000000010_@1@4@air,111735#534514#1012539,CTR,air
CV1_30000000010_@1@4@air,62143#297278#563139,CV1,air
VRY_30000000010_@1@4@air,62900#300900#570001,VRY,air
SMG_30000000010_@1@4@air,105930#506744#959933,SMG,air
AC1_30000000010_@1@4@water,64770#362111#583160#796385#1055580,AC1,water
GYR_30000000010_@1@4@water,70520#394259#634934#867089#1149295,GYR,water
CTB_30000000010_@1@4@water,161672#903865#1455627#1987858#2634836,CTB,water
CTR_30000000010_@1@4@water,160293#896159#1443218#1970911#2612373,CTR,water
CV1_30000000010_@1@4@water,88926#499141#804103#1098271#1455859,CV1,water
VRY_30000000010_@1@4@water,90298#504831#813004#1110268#1471621,VRY,water
PRS_30000000010_@1@4@water,3311#18511#29812#40711#53961,PRS,water
SMG_30000000010_@1@4@water,151919#849338#1367815#1867938#2475886,SMG,water
WTF_30000000010_@1@4@water,3310#18504#29799#40695#53939,WTF,water
AC1_30000000010_@1@5@air,11952#179366#386156,AC1,air
GYR_30000000010_@1@5@air,12653#194629#419405,GYR,air
CTB_30000000010_@1@5@air,29028#446526#962217,CTB,air
CTR_30000000010_@1@5@air,28815#443239#955133,CTR,air
CV1_30000000010_@1@5@air,16042#246765#531752,CV1,air
VRY_30000000010_@1@5@air,16200#249200#537000,VRY,air
SMG_30000000010_@1@5@air,27279#419615#904225,SMG,air
AC1_30000000010_@1@5@water,27753#283347#522292#737735#989411,AC1,water
GYR_30000000010_@1@5@water,30221#308542#568734#803333#1077388,GYR,water
CTB_30000000010_@1@5@water,69191#706406#1302116#1839232#2466682,CTB,water
CTR_30000000010_@1@5@water,68637#700751#1291693#1824510#2446936,CTR,water
CV1_30000000010_@1@5@water,38224#390244#719335#1016057#1362682,CV1,water
VRY_30000000010_@1@5@water,38613#394214#726653#1026394#1376545,VRY,water
PRS_30000000010_@1@5@water,1417#14467#26667#37667#50517,PRS,water
SMG_30000000010_@1@5@water,65044#664064#1224068#1728989#2318829,SMG,water
WTF_30000000010_@1@5@water,1417#14465#26664#37662#50510,WTF,water
AC1_30000000010_@2@1@air,22540#190330#401111,AC1,air
GYR_30000000010_@2@1@air,24386#205911#433947,GYR,air
CTB_30000000010_@2@1@air,55905#472061#994846,CTB,air
CTR_30000000010_@2@1@air,55679#470152#990823,CTR,air
CV1_30000000010_@2@1@air,31021#261938#552021,CV1,air
VRY_30000000010_@2@1@air,31300#264300#557000,VRY,air
SMG_30000000010_@2@1@air,52822#446034#939995,SMG,air
AC1_30000000010_@2@1@water,35883#267382#497900#776483#1004058,AC1,water
GYR_30000000010_@2@1@water,39245#290373#540436#842641#1089513,GYR,water
CTB_30000000010_@2@1@water,89410#666232#1240610#1934753#2501798,CTB,water
CTR_30000000010_@2@1@water,89374#661286#1230775#1919008#2481227,CTR,water
CV1_30000000010_@2@1@water,49379#367948#685166#1068528#1381696,CV1,water
VRY_30000000010_@2@1@water,49877#371654#692068#1079292#1395616,VRY,water
PRS_30000000010_@2@1@water,1844#13644#25394#39594#51194,PRS,water
SMG_30000000010_@2@1@water,82179#612354#1140282#1778289#2299477,SMG,water
WTF_30000000010_@2@1@water,1844#13644#25394#39594#51194,WTF,water
AC1_30000000010_@2@2@air,42609#224703#425799,AC1,air
GYR_30000000010_@2@2@air,46254#243924#462220,GYR,air
CTB_30000000010_@2@2@air,106176#559932#1061037,CTB,air
CTR_30000000010_@2@2@air,105466#556188#1053942,CTR,air
CV1_30000000010_@2@2@air,58609#309083#585694,CV1,air
VRY_30000000010_@2@2@air,59200#312200#591600,VRY,air
SMG_30000000010_@2@2@air,99998#527354#999303,SMG,air
AC1_30000000010_@2@2@water,24603#282961#513917#731173#978766,AC1,water
GYR_30000000010_@2@2@water,26748#307623#558709#794900#1064072,GYR,water
CTB_30000000010_@2@2@water,61387#706014#1282272#1824345#2442112,CTB,water
CTR_30000000010_@2@2@water,60880#700182#1271680#1809276#2421941,CTR,water
CV1_30000000010_@2@2@water,33429#388993#706845#1005841#1346589,CV1,water
VRY_30000000010_@2@2@water,33772#392977#714085#1016145#1360383,VRY,water
PRS_30000000010_@2@2@water,1257#14457#26258#37357#50007,PRS,water
SMG_30000000010_@2@2@water,57621#662705#1203614#1712434#2292307,SMG,water
WTF_30000000010_@2@2@water,1255#14434#26215#37297#49926,WTF,water
AC1_30000000010_@2@3@air,18499#207064#373475,AC1,air
GYR_30000000010_@2@3@air,20140#225433#406606,GYR,air
CTB_30000000010_@2@3@air,46194#517078#932638,CTB,air
CTR_30000000010_@2@3@air,45850#513234#925704,CTR,air
CV1_30000000010_@2@3@air,25498#285417#514798,CV1,air
VRY_30000000010_@2@3@air,25800#288800#520900,VRY,air
SMG_30000000010_@2@3@air,43417#486001#876586,SMG,air
AC1_30000000010_@2@3@water,5817#291728#540431#824384#1013359,AC1,water
GYR_30000000010_@2@3@water,6315#316748#586782#895089#1100272,GYR,water
CTB_30000000010_@2@3@water,14511#727804#1348271#2056678#2528136,CTB,water
CTR_30000000010_@2@3@water,14384#721457#1336513#2038743#2506089,CTR,water
CV1_30000000010_@2@3@water,8007#401613#743996#1134906#1395063,CV1,water
VRY_30000000010_@2@3@water,8096#406081#752273#1147531#1410583,VRY,water
PRS_30000000010_@2@3@water,297#14897#27597#42097#51747,PRS,water
SMG_30000000010_@2@3@water,13637#683986#1267097#1932854#2375927,SMG,water
WTF_30000000010_@2@3@water,297#14889#27582#42074#51719,WTF,water
AC1_30000000010_@2@4@air,9710#206048#389082,AC1,air
GYR_30000000010_@2@4@air,10540#223671#422359,GYR,air
CTB_30000000010_@2@4@air,24178#513111#968911,CTB,air
CTR_30000000010_@2@4@air,24019#509728#962523,CTR,air
CV1_30000000010_@2@4@air,13364#283599#535522,CV1,air
VRY_30000000010_@2@4@air,13500#286501#541000,VRY,air
SMG_30000000010_@2@4@air,22771#483242#912509,SMG,air
AC1_30000000010_@2@4@water,43927#316997#528407#762327#1016801,AC1,water
GYR_30000000010_@2@4@water,47737#344493#574239#828450#1104996,GYR,water
CTB_30000000010_@2@4@water,109585#790822#1318232#1901801#2536646,CTB,water
CTR_30000000010_@2@4@water,299528#951678#1456569#2015221#2622960,CTR,water
CV1_30000000010_@2@4@water,60472#436397#727435#1049464#1399788,CV1,water
VRY_30000000010_@2@4@water,61184#441536#736001#1061822#1416272,VRY,water
PRS_30000000010_@2@4@water,2244#16194#26994#38944#51944,PRS,water
SMG_30000000010_@2@4@water,102975#743127#1238728#1787102#2383659,SMG,water
WTF_30000000010_@2@4@water,2243#16185#26979#38923#51916,WTF,water
AC1_30000000010_@2@5@air,11018#178802#396344,AC1,air
GYR_30000000010_@2@5@air,11969#194228#430539,GYR,air
CTB_30000000010_@2@5@air,27438#445281#987042,CTB,air
CTR_30000000010_@2@5@air,27252#442266#980358,CTR,air
CV1_30000000010_@2@5@air,15145#245783#544819,CV1,air
VRY_30000000010_@2@5@air,15300#248300#550401,VRY,air
SMG_30000000010_@2@5@air,25747#417834#926202,SMG,air
AC1_30000000010_@2@5@water,36630#291140#526072#760026#981254,AC1,water
GYR_30000000010_@2@5@water,39850#316733#572317#826836#1067510,GYR,water
CTB_30000000010_@2@5@water,91470#727015#1313672#1897884#2450320,CTB,water
CTR_30000000010_@2@5@water,90662#720591#1302064#1881114#2428668,CTR,water
CV1_30000000010_@2@5@water,50496#401349#725212#1047726#1352698,CV1,water
VRY_30000000010_@2@5@water,51037#405647#732979#1058947#1367185,VRY,water
PRS_30000000010_@2@5@water,1871#14871#26871#38821#50121,PRS,water
SMG_30000000010_@2@5@water,85916#682872#1233908#1782648#2301540,SMG,water
WTF_30000000010_@2@5@water,1870#14857#26846#38785#50074,WTF,water
AC1_30000000010_@3@1@air,34480#205800#390364,AC1,air
GYR_30000000010_@3@1@air,37431#223410#423767,GYR,air
CTB_30000000010_@3@1@air,85750#511812#970813,CTB,air
CTR_30000000010_@3@1@air,85235#508737#964980,CTR,air
CV1_30000000010_@3@1@air,47398#282904#536617,CV1,air
VRY_30000000010_@3@1@air,47900#285900#542300,VRY,air
SMG_30000000010_@3@1@air,80696#481644#913590,SMG,air
AC1_30000000010_@3@1@water,35596#264679#492783#777668#1038079,AC1,water
GYR_30000000010_@3@1@water,38687#287657#535563#845180#1128198,GYR,water
CTB_30000000010_@3@1@water,88843#660603#1229919#1940953#2590902,CTB,water
CTR_30000000010_@3@1@water,88114#655180#1219823#1925020#2569634,CTR,water
CV1_30000000010_@3@1@water,48661#364597#679182#1072076#1431217,CV1,water
VRY_30000000010_@3@1@water,49120#368039#685595#1082199#1444730,VRY,water
PRS_30000000010_@3@1@water,1818#13518#25168#39718#53018,PRS,water
SMG_30000000010_@3@1@water,81701#607494#1131041#1784912#2382609,SMG,water
WTF_30000000010_@3@1@water,1818#13518#25168#39718#53018,WTF,water
AC1_30000000010_@3@2@air,44208#231929#412440,AC1,air
GYR_30000000010_@3@2@air,47748#251937#448284,GYR,air
CTB_30000000010_@3@2@air,109760#579139#1030492,CTB,air
CTR_30000000010_@3@2@air,109391#577189#1027022,CTR,air
CV1_30000000010_@3@2@air,60824#320932#571050,CV1,air
VRY_30000000010_@3@2@air,61500#324500#577400,VRY,air
SMG_30000000010_@3@2@air,102727#542029#964460,SMG,air
AC1_30000000010_@3@2@water,39752#301041#544716#789369#1013472,AC1,water
GYR_30000000010_@3@2@water,43205#327190#592031#857935#1101503,GYR,water
CTB_30000000010_@3@2@water,99184#751127#1359118#1969552#2528709,CTB,water
CTR_30000000010_@3@2@water,98361#744896#1347844#1953213#2507731,CTR,water
CV1_30000000010_@3@2@water,54787#414903#750742#1087930#1396794,CV1,water
VRY_30000000010_@3@2@water,55364#419271#758646#1099383#1411498,VRY,water
PRS_30000000010_@3@2@water,2031#15382#27831#40331#51781,PRS,water
SMG_30000000010_@3@2@water,93239#706106#1277656#1851501#2377143,SMG,water
WTF_30000000010_@3@2@water,2031#15377#27824#40320#51767,WTF,water
AC1_30000000010_@3@3@air,38401#219997#437913,AC1,air
GYR_30000000010_@3@3@air,41776#239334#476403,GYR,air
CTB_30000000010_@3@3@air,95886#549328#1093458,CTB,air
CTR_30000000010_@3@3@air,95247#545667#1086171,CTR,air
CV1_30000000010_@3@3@air,52968#303452#604032,CV1,air
VRY_30000000010_@3@3@air,53500#306500#610101,VRY,air
SMG_30000000010_@3@3@air,90057#515934#1026985,SMG,air
AC1_30000000010_@3@3@water,20974#293180#559510#757300#991318,AC1,water
GYR_30000000010_@3@3@water,22482#318674#608473#823692#1078332,GYR,water
CTB_30000000010_@3@3@water,51622#731717#1397134#1891304#2475990,CTB,water
CTR_30000000010_@3@3@water,51194#725653#1385556#1875631#2455472,CTR,water
CV1_30000000010_@3@3@water,28499#403959#771315#1044131#1366919,CV1,water
VRY_30000000010_@3@3@water,28793#408130#779280#1054913#1381033,VRY,water
PRS_30000000010_@3@3@water,1071#14971#28571#38671#50622,PRS,water
SMG_30000000010_@3@3@water,48489#687307#1312338#1776516#2325716,SMG,water
WTF_30000000010_@3@3@water,1055#14953#28552#38650#50598,WTF,water
AC1_30000000010_@3@4@air,20906#195473#390372,AC1,air
GYR_30000000010_@3@4@air,22755#212769#424911,GYR,air
CTB_30000000010_@3@4@air,52200#488096#974757,CTB,air
CTR_30000000010_@3@4@air,216518#584431#995192,CTR,air
CV1_30000000010_@3@4@air,28755#268869#536947,CV1,air
VRY_30000000010_@3@4@air,29100#272100#543400,VRY,air
SMG_30000000010_@3@4@air,49131#459400#917450,SMG,air
AC1_30000000010_@3@4@water,35083#289730#533603#765724#1015474,AC1,water
GYR_30000000010_@3@4@water,38187#315366#580819#833478#1105327,GYR,water
CTB_30000000010_@3@4@water,87581#723289#1332102#1911574#2535056,CTB,water
CTR_30000000010_@3@4@water,86890#717581#1321589#1896487#2515049,CTR,water
CV1_30000000010_@3@4@water,48344#399246#735302#1055162#1399316,CV1,water
VRY_30000000010_@3@4@water,48879#403666#743443#1066845#1414809,VRY,water
PRS_30000000010_@3@4@water,1791#14791#27242#39091#51841,PRS,water
SMG_30000000010_@3@4@water,82287#679569#1251580#1796025#2381820,SMG,water
WTF_30000000010_@3@4@water,1793#14803#27263#39123#51883,WTF,water
AC1_30000000010_@3@5@air,24362#199504#403980,AC1,air
GYR_30000000010_@3@5@air,26406#216247#437884,GYR,air
CTB_30000000010_@3@5@air,60612#496373#1005118,CTB,air
CTR_30000000010_@3@5@air,60127#492398#997070,CTR,air
CV1_30000000010_@3@5@air,33505#274380#555599,CV1,air
VRY_30000000010_@3@5@air,33801#276800#560500,VRY,air
SMG_30000000010_@3@5@air,55995#458560#928549,SMG,air
AC1_30000000010_@3@5@water,9465#256822#506134#731982#1004759,AC1,water
GYR_30000000010_@3@5@water,10298#279432#550694#796425#1093218,GYR,water
CTB_30000000010_@3@5@water,23634#641324#1263897#1827874#2509042,CTB,water
CTR_30000000010_@3@5@water,23435#635914#1253236#1812457#2487879,CTR,water
CV1_30000000010_@3@5@water,13042#353911#697474#1008701#1384599,CV1,water
VRY_30000000010_@3@5@water,13192#357979#705491#1020295#1400514,VRY,water
PRS_30000000010_@3@5@water,484#13134#25884#37434#51384,PRS,water
SMG_30000000010_@3@5@water,22220#602960#1188291#1718532#2358953,SMG,water
WTF_30000000010_@3@5@water,484#13127#25870#37414#51356,WTF,water
AC1_30000001000_@1@1@air,13432#234650#374778,AC1,air
GYR_30000001000_@1@1@air,14605#255143#407510,GYR,air
CTB_30000001000_@1@1@air,33527#585735#935526,CTB,air
CTR_30000001000_@1@1@air,33256#580998#927960,CTR,air
CV1_30000001000_@1@1@air,18472#322700#515412,CV1,air
VRY_30000001000_@1@1@air,18700#326700#521800,VRY,air
SMG_30000001000_@1@1@air,31425#548996#876848,SMG,air
AC1_30000001000_@1@1@water,23083#280970#496693#737910#985011,AC1,water
GYR_30000001000_@1@1@water,25089#305392#539865#802049#1070628,GYR,water
CTB_30000001000_@1@1@water,56771#699210#1236612#1837524#2453093,CTB,water
CTR_30000001000_@1@1@water,56972#693484#1225927#1821296#2431185,CTR,water
CV1_30000001000_@1@1@water,31356#386183#682996#1014888#1354874,CV1,water
VRY_30000001000_@1@1@water,31658#389907#689582#1024674#1367939,VRY,water
PRS_30000001000_@1@1@water,1177#14328#25327#37627#50227,PRS,water
SMG_30000001000_@1@1@water,53362#657226#1162359#1727190#2305797,SMG,water
WTF_30000001000_@1@1@water,1177#14325#25324#37622#50220,WTF,water
AC1_30000001000_@1@2@air,22544#208317#368456,AC1,air
GYR_30000001000_@1@2@air,24185#226118#400187,GYR,air
CTB_30000001000_@1@2@air,55560#519458#919345,CTB,air
CTR_30000001000_@1@2@air,55073#514904#911286,CTR,air
CV1_30000001000_@1@2@air,30605#286133#506403,CV1,air
VRY_30000001000_@1@2@air,30900#288901#511301,VRY,air
SMG_30000001000_@1@2@air,52075#486871#861672,SMG,air
AC1_30000001000_@1@2@water,17850#255916#489082#731066#963253,AC1,water
GYR_30000001000_@1@2@water,19385#277915#531126#793912#1046058,GYR,water
CTB_30000001000_@1@2@water,44520#638270#1219803#1823326#2402416,CTB,water
CTR_30000001000_@1@2@water,44127#632637#1209038#1807236#2381215,CTR,water
CV1_30000001000_@1@2@water,24562#352141#672979#1005950#1325440,CV1,water
VRY_30000001000_@1@2@water,24826#355920#680202#1016747#1339667,VRY,water
PRS_30000001000_@1@2@water,911#13061#24961#37311#49161,PRS,water
SMG_30000001000_@1@2@water,41841#599862#1146401#1713607#2257850,SMG,water
WTF_30000001000_@1@2@water,911#13061#24961#37311#49161,WTF,water
AC1_30000001000_@1@3@air,11168#174387#359654,AC1,air
GYR_30000001000_@1@3@air,12184#190247#392365,GYR,air
CTB_30000001000_@1@3@air,27908#435794#898780,CTB,air
CTR_30000001000_@1@3@air,27701#432547#892084,CTR,air
CV1_30000001000_@1@3@air,14976#240145#495732,CV1,air
VRY_30000001000_@1@3@air,15600#243600#502400,VRY,air
SMG_30000001000_@1@3@air,26282#410403#846414,SMG,air
AC1_30000001000_@1@3@water,19919#261804#489980#739699#969833,AC1,water
GYR_30000001000_@1@3@water,21670#284815#533045#804713#1055073,GYR,water
CTB_30000001000_@1@3@water,49713#653399#1222868#1846107#2420464,CTB,water
CTR_30000001000_@1@3@water,49282#647731#1212260#1830092#2399467,CTR,water
CV1_30000001000_@1@3@water,27493#361354#676291#1020964#1338605,CV1,water
VRY_30000001000_@1@3@water,27751#364744#682635#1030543#1351163,VRY,water
PRS_30000001000_@1@3@water,1017#13367#25017#37767#49518,PRS,water
SMG_30000001000_@1@3@water,46733#614229#1149559#1735436#2275361,SMG,water
WTF_30000001000_@1@3@water,1017#13367#25017#37767#49518,WTF,water
AC1_30000001000_@1@4@air,32017#199253#394985,AC1,air
GYR_30000001000_@1@4@air,34508#216416#429319,GYR,air
CTB_30000001000_@1@4@air,79166#496488#984916,CTB,air
CTR_30000001000_@1@4@air,78631#493131#978257,CTR,air
CV1_30000001000_@1@4@air,43669#273865#543284,CV1,air
VRY_30000001000_@1@4@air,44200#277200#549900,VRY,air
SMG_30000001000_@1@4@air,74398#466586#925597,SMG,air
AC1_30000001000_@1@4@water,24616#285070#503420#748206#977327,AC1,water
GYR_30000001000_@1@4@water,26736#309618#546771#812638#1061489,GYR,water
CTB_30000001000_@1@4@water,61386#710891#1255401#1865839#2437208,CTB,water
CTR_30000001000_@1@4@water,60844#704610#1244309#1849353#2415674,CTR,water
CV1_30000001000_@1@4@water,33507#392303#693098#1030312#1345944,CV1,water
VRY_30000001000_@1@4@water,33834#396126#699853#1040353#1359062,VRY,water
PRS_30000001000_@1@4@water,1257#14557#25707#38207#49907,PRS,water
SMG_30000001000_@1@4@water,57028#667691#1179638#1753569#2290769,SMG,water
WTF_30000001000_@1@4@water,1257#14557#25707#38207#49907,WTF,water
AC1_30000001000_@1@5@air,34385#190849#349180,AC1,air
GYR_30000001000_@1@5@air,37083#207275#379496,GYR,air
CTB_30000001000_@1@5@air,85068#475486#870559,CTB,air
CTR_30000001000_@1@5@air,84452#472038#864247,CTR,air
CV1_30000001000_@1@5@air,46978#262582#480757,CV1,air
VRY_30000001000_@1@5@air,47500#265500#486100,VRY,air
SMG_30000001000_@1@5@air,80063#447507#819334,SMG,air
AC1_30000001000_@1@5@water,39752#287340#494806#777625#987048,AC1,water
GYR_30000001000_@1@5@water,43269#312768#538592#846438#1074393,GYR,water
CTB_30000001000_@1@5@water,99211#717140#1234930#1940785#2463460,CTB,water
CTR_30000001000_@1@5@water,98416#711393#1225034#1925234#2443721,CTR,water
CV1_30000001000_@1@5@water,54777#395949#681833#1071552#1360132,CV1,water
VRY_30000001000_@1@5@water,55345#400054#688901#1082660#1374232,VRY,water
PRS_30000001000_@1@5@water,2031#14681#25281#39731#50431,PRS,water
SMG_30000001000_@1@5@water,93291#674351#1161246#1824985#2316474,SMG,water
WTF_30000001000_@1@5@water,2031#14680#25278#39726#50425,WTF,water
AC1_30000001000_@2@1@air,36664#203811#381646,AC1,air
GYR_30000001000_@2@1@air,39853#221539#414842,GYR,air
CTB_30000001000_@2@1@air,90752#507813#951545,CTB,air
CTR_30000001000_@2@1@air,90818#504845#945348,CTR,air
CV1_30000001000_@2@1@air,50114#280417#525448,CV1,air
VRY_30000001000_@2@1@air,50700#283700#531601,VRY,air
SMG_30000001000_@2@1@air,85534#478618#896838,SMG,air
AC1_30000001000_@2@1@water,10001#256581#496312#722344#967946,AC1,water
GYR_30000001000_@2@1@water,10893#279472#540590#786788#1054301,GYR,water
CTB_30000001000_@2@1@water,24962#640449#1238838#1803034#2416079,CTB,water
CTR_30000001000_@2@1@water,24755#635136#1228562#1788077#2396036,CTR,water
CV1_30000001000_@2@1@water,13364#353489#684167#995948#1334724,CV1,water
VRY_30000001000_@2@1@water,13501#357130#691214#1006207#1348473,VRY,water
PRS_30000001000_@2@1@water,511#13111#25361#36911#49461,PRS,water
SMG_30000001000_@2@1@water,23466#602065#1164592#1694974#2271277,SMG,water
WTF_30000001000_@2@1@water,511#13111#25361#36911#49461,WTF,water
AC1_30000001000_@2@2@air,12900#202067#372317,AC1,air
GYR_30000001000_@2@2@air,14022#219651#404717,GYR,air
CTB_30000001000_@2@2@air,32275#505574#931543,CTB,air
CTR_30000001000_@2@2@air,31933#500223#921684,CTR,air
CV1_30000001000_@2@2@air,17336#277862#512336,CV1,air
VRY_30000001000_@2@2@air,17500#280500#517200,VRY,air
SMG_30000001000_@2@2@air,30352#475453#876045,SMG,air
AC1_30000001000_@2@2@water,28803#293139#517334#769922#997054,AC1,water
GYR_30000001000_@2@2@water,31331#318863#562732#837485#1084549,GYR,water
CTB_30000001000_@2@2@water,71837#731114#1290278#1920253#2486743,CTB,water
CTR_30000001000_@2@2@water,71215#724781#1279101#1903620#2465202,CTR,water
CV1_30000001000_@2@2@water,39693#403969#712930#1061016#1374024,CV1,water
VRY_30000001000_@2@2@water,40134#408455#720845#1072796#1389279,VRY,water
PRS_30000001000_@2@2@water,1472#14971#26421#39321#50922,PRS,water
SMG_30000001000_@2@2@water,67513#687102#1212606#1804659#2337047,SMG,water
WTF_30000001000_@2@2@water,1472#14971#26421#39321#50922,WTF,water
AC1_30000001000_@2@3@air,25531#207478#373388,AC1,air
GYR_30000001000_@2@3@air,27794#225869#406486,GYR,air
CTB_30000001000_@2@3@air,63661#517358#931065,CTB,air
CTR_30000001000_@2@3@air,63066#512517#922352,CTR,air
CV1_30000001000_@2@3@air,35153#285677#514120,CV1,air
VRY_30000001000_@2@3@air,35500#288500#519201,VRY,air
SMG_30000001000_@2@3@air,59917#486928#876301,SMG,air
AC1_30000001000_@2@3@water,19919#272574#510540#758299#979617,AC1,water
GYR_30000001000_@2@3@water,21661#296414#555192#824620#1065294,GYR,water
CTB_30000001000_@2@3@water,49652#679454#1272639#1890236#2441923,CTB,water
CTR_30000001000_@2@3@water,48449#672784#1260821#1873057#2419955,CTR,water
CV1_30000001000_@2@3@water,27433#375403#703143#1044369#1349180,CV1,water
VRY_30000001000_@2@3@water,27733#379505#710824#1055778#1363919,VRY,water
PRS_30000001000_@2@3@water,1017#13917#26068#38718#50017,PRS,water
SMG_30000001000_@2@3@water,46670#638640#1196193#1776691#2295239,SMG,water
WTF_30000001000_@2@3@water,1017#13917#26068#38718#50017,WTF,water
AC1_30000001000_@2@5@air,25756#228785#393648,AC1,air
GYR_30000001000_@2@5@air,28035#249028#428478,GYR,air
CTB_30000001000_@2@5@air,64185#570149#980999,CTB,air
CTR_30000001000_@2@5@air,63966#568208#977659,CTR,air
CV1_30000001000_@2@5@air,35537#315671#543144,CV1,air
VRY_30000001000_@2@5@air,35900#318900#548700,VRY,air
SMG_30000001000_@2@5@air,60401#536543#923176,SMG,air
AC1_30000001000_@2@5@water,35588#306852#526213#799435#1005087,AC1,water
GYR_30000001000_@2@5@water,38695#333645#572160#869239#1092847,GYR,water
CTB_30000001000_@2@5@water,88710#764898#1311707#1992777#2505411,CTB,water
CTR_30000001000_@2@5@water,87975#758560#1300837#1976264#2484649,CTR,water
CV1_30000001000_@2@5@water,49027#422726#724923#1101320#1384629,CV1,water
VRY_30000001000_@2@5@water,49574#427446#733018#1113619#1400092,VRY,water
PRS_30000001000_@2@5@water,1817#15668#26867#40817#51317,PRS,water
SMG_30000001000_@2@5@water,83371#718858#1232754#1872830#2354607,SMG,water
WTF_30000001000_@2@5@water,1817#15668#26867#40817#51317,WTF,water
AC1_30000001000_@3@1@air,14783#217496#386471,AC1,air
GYR_30000001000_@3@1@air,16070#236423#420103,GYR,air
CTB_30000001000_@3@1@air,35984#540107#960328,CTB,air
CTR_30000001000_@3@1@air,36645#539147#958017,CTR,air
CV1_30000001000_@3@1@air,19969#299731#532932,CV1,air
VRY_30000001000_@3@1@air,20200#303200#539100,VRY,air
SMG_30000001000_@3@1@air,33957#509687#906241,SMG,air
AC1_30000001000_@3@1@water,42896#296431#539199#767283#996345,AC1,water
GYR_30000001000_@3@1@water,46643#322322#586294#834299#1083369,GYR,water
CTB_30000001000_@3@1@water,107042#739718#1345523#1914687#2486293,CTB,water
CTR_30000001000_@3@1@water,106186#733801#1334761#1899372#2466407,CTR,water
CV1_30000001000_@3@1@water,58711#408267#742978#1057443#1373259,CV1,water
VRY_30000001000_@3@1@water,59319#412498#750677#1068401#1387490,VRY,water
PRS_30000001000_@3@1@water,2191#15141#27541#39191#50891,PRS,water
SMG_30000001000_@3@1@water,100600#695195#1264537#1799442#2336644,SMG,water
WTF_30000001000_@3@1@water,2191#15141#27541#39191#50891,WTF,water
AC1_30000001000_@3@2@air,32519#220485#402090,AC1,air
GYR_30000001000_@3@2@air,35517#240808#439152,GYR,air
CTB_30000001000_@3@2@air,81647#553583#1009549,CTB,air
CTR_30000001000_@3@2@air,80547#546123#995943,CTR,air
CV1_30000001000_@3@2@air,45049#305438#557016,CV1,air
VRY_30000001000_@3@2@air,45500#308500#562600,VRY,air
SMG_30000001000_@3@2@air,76319#517454#943662,SMG,air
AC1_30000001000_@3@2@water,43392#323276#523892#766588#1006348,AC1,water
GYR_30000001000_@3@2@water,46930#351829#570375#834763#1095952,GYR,water
CTB_30000001000_@3@2@water,107577#806490#1307460#1913511#2512230,CTB,water
CTR_30000001000_@3@2@water,106615#799278#1295768#1896399#2489765,CTR,water
CV1_30000001000_@3@2@water,59440#445615#722419#1057283#1388097,CV1,water
VRY_30000001000_@3@2@water,60008#449874#729323#1067388#1401364,VRY,water
PRS_30000001000_@3@2@water,2217#16517#26768#39168#51417,PRS,water
SMG_30000001000_@3@2@water,101074#757739#1228425#1797840#2360368,SMG,water
WTF_30000001000_@3@2@water,2217#16517#26768#39168#51417,WTF,water
AC1_30000001000_@3@3@air,13797#259807#397372,AC1,air
GYR_30000001000_@3@3@air,15007#282598#432230,GYR,air
CTB_30000001000_@3@3@air,34451#648759#992270,CTB,air
CTR_30000001000_@3@3@air,34149#643076#983578,CTR,air
CV1_30000001000_@3@3@air,18623#358391#548383,CV1,air
VRY_30000001000_@3@3@air,18800#361800#553600,VRY,air
SMG_30000001000_@3@3@air,31691#609871#933180,SMG,air
AC1_30000001000_@3@3@water,42837#297980#512066#792626#999868,AC1,water
GYR_30000001000_@3@3@water,46660#324570#557760#863355#1089091,GYR,water
CTB_30000001000_@3@3@water,106955#743997#1278526#1979028#2496472,CTB,water
CTR_30000001000_@3@3@water,105997#737335#1267078#1961307#2474118,CTR,water
CV1_30000001000_@3@3@water,58727#410921#706440#1093717#1379790,CV1,water
VRY_30000001000_@3@3@water,59672#415087#713309#1104130#1392820,VRY,water
PRS_30000001000_@3@3@water,2191#15241#26191#40541#51141,PRS,water
SMG_30000001000_@3@3@water,100545#699408#1201902#1860421#2346854,SMG,water
WTF_30000001000_@3@3@water,2191#15241#26191#40541#51141,WTF,water
AC1_30000001000_@3@4@air,11915#200681#366552,AC1,air
GYR_30000001000_@3@4@air,12955#218190#398531,GYR,air
CTB_30000001000_@3@4@air,29754#501145#915361,CTB,air
CTR_30000001000_@3@4@air,29494#496773#907374,CTR,air
CV1_30000001000_@3@4@air,16419#276536#505103,CV1,air
VRY_30000001000_@3@4@air,16600#279600#510700,VRY,air
SMG_30000001000_@3@4@air,27963#470977#860257,SMG,air
AC1_30000001000_@3@4@water,12069#273183#499092#735758#973402,AC1,water
GYR_30000001000_@3@4@water,13140#297439#543406#801085#1059829,GYR,water
CTB_30000001000_@3@4@water,30140#682266#1246464#1837530#2431037,CTB,water
CTR_30000001000_@3@4@water,29894#676702#1236300#1822546#2411214,CTR,water
CV1_30000001000_@3@4@water,16651#376928#688628#1015171#1343063,CV1,water
VRY_30000001000_@3@4@water,16827#380910#695903#1025896#1357253,VRY,water
PRS_30000001000_@3@4@water,617#13967#25518#37617#49767,PRS,water
SMG_30000001000_@3@4@water,28330#641299#1171621#1727196#2285067,SMG,water
WTF_30000001000_@3@4@water,617#13966#25514#37613#49761,WTF,water
AC1_30000001000_@3@5@air,19432#185881#369405,AC1,air
GYR_30000001000_@3@5@air,21168#202488#402408,GYR,air
CTB_30000001000_@3@5@air,48553#464459#923027,CTB,air
CTR_30000001000_@3@5@air,48329#462320#918776,CTR,air
CV1_30000001000_@3@5@air,26940#257710#512151,CV1,air
VRY_30000001000_@3@5@air,27200#260200#517100,VRY,air
SMG_30000001000_@3@5@air,45819#438313#871067,SMG,air
AC1_30000001000_@3@5@water,39741#296071#528920#793077#1007337,AC1,water
GYR_30000001000_@3@5@water,43252#322228#575648#863142#1096332,GYR,water
CTB_30000001000_@3@5@water,99184#738921#1320056#1979327#2514069,CTB,water
CTR_30000001000_@3@5@water,98309#732401#1308408#1961861#2491884,CTR,water
CV1_30000001000_@3@5@water,54784#408140#729128#1093273#1388635,CV1,water
VRY_30000001000_@3@5@water,55324#412164#736317#1104053#1402328,VRY,water
PRS_30000001000_@3@5@water,2031#15131#27031#40531#51481,PRS,water
SMG_30000001000_@3@5@water,93228#694547#1240783#1860463#2363093,SMG,water
WTF_30000001000_@3@5@water,2031#15131#27031#40531#51481,WTF,water
AC1_30000100000_@1@1@air,27252#194309#395351,AC1,air
GYR_30000100000_@1@1@air,29704#211792#430923,GYR,air
CTB_30000100000_@1@1@air,67957#484542#985874,CTB,air
CTR_30000100000_@1@1@air,67460#480998#978664,CTR,air
CV1_30000100000_@1@1@air,37149#267348#544378,CV1,air
VRY_30000100000_@1@1@air,37600#270600#551000,VRY,air
SMG_30000100000_@1@1@air,63221#454989#926455,SMG,air
AC1_30000100000_@1@1@water,41285#317033#520423#785415#1001516,AC1,water
GYR_30000100000_@1@1@water,44909#344864#566108#854363#1089434,GYR,water
CTB_30000100000_@1@1@water,103107#791786#1299747#1961562#2501271,CTB,water
CTR_30000100000_@1@1@water,102240#785127#1288817#1945067#2480238,CTR,water
CV1_30000100000_@1@1@water,56937#437237#717741#1083206#1381242,CV1,water
VRY_30000100000_@1@1@water,57549#441935#725454#1094846#1396084,VRY,water
PRS_30000100000_@1@1@water,2111#16211#26611#40161#51211,PRS,water
SMG_30000100000_@1@1@water,96807#743408#1220334#1841713#2348446,SMG,water
WTF_30000100000_@1@1@water,2111#16211#26611#40161#51211,WTF,water
AC1_30000100000_@1@2@air,37706#211566#401452,AC1,air
GYR_30000100000_@1@2@air,40985#229966#436368,GYR,air
CTB_30000100000_@1@2@air,93957#527189#1000357,CTB,air
CTR_30000100000_@1@2@air,93338#523716#993767,CTR,air
CV1_30000100000_@1@2@air,52040#291994#554067,CV1,air
VRY_30000100000_@1@2@air,52700#295700#561100,VRY,air
SMG_30000100000_@1@2@air,88427#496160#941478,SMG,air
AC1_30000100000_@1@2@water,39741#290201#497613#746116#993640,AC1,water
GYR_30000100000_@1@2@water,43310#316261#542299#813118#1082870,GYR,water
CTB_30000100000_@1@2@water,99334#725367#1243801#1864943#2483639,CTB,water
CTR_30000100000_@1@2@water,98459#718978#1232845#1848516#2461764,CTR,water
CV1_30000100000_@1@2@water,54836#400428#686622#1029514#1371056,CV1,water
VRY_30000100000_@1@2@water,55416#404663#693883#1040401#1385556,VRY,water
PRS_30000100000_@1@2@water,2031#14831#25431#38132#50781,PRS,water
SMG_30000100000_@1@2@water,93201#680578#1167000#1749789#2330283,SMG,water
WTF_30000100000_@1@2@water,2031#14831#25431#38132#50781,WTF,water
AC1_30000100000_@1@3@air,16791#182563#380920,AC1,air
GYR_30000100000_@1@3@air,18288#198842#414886,GYR,air
CTB_30000100000_@1@3@air,42012#456790#953099,CTB,air
CTR_30000100000_@1@3@air,41618#452505#944159,CTR,air
CV1_30000100000_@1@3@air,23315#253497#528926,CV1,air
VRY_30000100000_@1@3@air,23600#256600#535400,VRY,air
SMG_30000100000_@1@3@air,39462#429058#895237,SMG,air
AC1_30000100000_@1@3@water,68927#297769#526612#773057#1012657,AC1,water
GYR_30000100000_@1@3@water,75087#324381#573675#842146#1103159,GYR,water
CTB_30000100000_@1@3@water,172025#743162#1314299#1929370#2527355,CTB,water
CTR_30000100000_@1@3@water,170624#737112#1303599#1913662#2506778,CTR,water
CV1_30000100000_@1@3@water,95012#410461#725909#1065622#1395899,CV1,water
VRY_30000100000_@1@3@water,96120#415245#734371#1078044#1412171,VRY,water
PRS_30000100000_@1@3@water,3524#15224#26924#39524#51774,PRS,water
SMG_30000100000_@1@3@water,161737#698719#1235700#1813987#2376211,SMG,water
WTF_30000100000_@1@3@water,3524#15224#26924#39524#51774,WTF,water
AC1_30000100000_@1@4@air,15641#183309#363498,AC1,air
GYR_30000100000_@1@4@air,16979#198996#394606,GYR,air
CTB_30000100000_@1@4@air,38975#456797#905820,CTB,air
CTR_30000100000_@1@4@air,38612#452537#897374,CTR,air
CV1_30000100000_@1@4@air,21118#252116#500365,CV1,air
VRY_30000100000_@1@4@air,21300#254301#504700,VRY,air
SMG_30000100000_@1@4@air,36681#429912#852507,SMG,air
AC1_30000100000_@1@4@water,42332#295657#515727#774920#1020420,AC1,water
GYR_30000100000_@1@4@water,45764#321657#561333#843618#1110990,GYR,water
CTB_30000100000_@1@4@water,104943#737614#1287231#1934559#2547688,CTB,water
CTR_30000100000_@1@4@water,104045#731301#1276214#1918001#2525882,CTR,water
CV1_30000100000_@1@4@water,57938#407230#710669#1068053#1406556,CV1,water
VRY_30000100000_@1@4@water,58590#411811#718663#1080067#1422378,VRY,water
PRS_30000100000_@1@4@water,2164#15115#26364#39614#52164,PRS,water
SMG_30000100000_@1@4@water,98641#693318#1209930#1818383#2394692,SMG,water
WTF_30000100000_@1@4@water,2164#15115#26364#39614#52164,WTF,water
AC1_30000100000_@1@5@air,19864#194116#384073,AC1,air
GYR_30000100000_@1@5@air,21606#211145#417765,GYR,air
CTB_30000100000_@1@5@air,49635#485056#959718,CTB,air
CTR_30000100000_@1@5@air,49237#481163#952016,CTR,air
CV1_30000100000_@1@5@air,27485#268599#531443,CV1,air
VRY_30000100000_@1@5@air,27700#270700#535600,VRY,air
SMG_30000100000_@1@5@air,46652#455900#902032,SMG,air
AC1_30000100000_@1@5@water,13628#258018#477969#724314#965771,AC1,water
GYR_30000100000_@1@5@water,14844#281042#520620#788948#1051952,GYR,water
CTB_30000100000_@1@5@water,34048#644651#1194194#1809682#2412958,CTB,water
CTR_30000100000_@1@5@water,33770#639390#1184448#1794912#2393265,CTR,water
CV1_30000100000_@1@5@water,18353#355210#658381#997932#1330746,CV1,water
VRY_30000100000_@1@5@water,18560#359203#665782#1009151#1345706,VRY,water
PRS_30000100000_@1@5@water,697#13197#24447#37047#49397,PRS,water
SMG_30000100000_@1@5@water,32003#605931#1122467#1700987#2268029,SMG,water
WTF_30000100000_@1@5@water,697#13197#24447#37047#49397,WTF,water
AC1_30000100000_@2@1@air,10695#156392#328430,AC1,air
GYR_30000100000_@2@1@air,11617#169885#356765,GYR,air
CTB_30000100000_@2@1@air,26669#390006#819031,CTB,air
CTR_30000100000_@2@1@air,26453#386853#812408,CTR,air
CV1_30000100000_@2@1@air,14713#215163#451852,CV1,air
VRY_30000100000_@2@1@air,14900#217900#457600,VRY,air
SMG_30000100000_@2@1@air,25063#366517#769703,SMG,air
AC1_30000100000_@2@1@water,24626#267554#500686#758307#1037478,AC1,water
GYR_30000100000_@2@1@water,26747#290597#543807#823615#1126830,GYR,water
CTB_30000100000_@2@1@water,61344#666479#1247214#1888950#2584368,CTB,water
CTR_30000100000_@2@1@water,60885#661496#1237888#1874826#2565044,CTR,water
CV1_30000100000_@2@1@water,33886#368155#688945#1043432#1427572,CV1,water
VRY_30000100000_@2@1@water,34258#372198#696512#1054893#1443252,VRY,water
PRS_30000100000_@2@1@water,1257#13657#25557#38707#52957,PRS,water
SMG_30000100000_@2@1@water,57652#626369#1172155#1775271#2428837,SMG,water
WTF_30000100000_@2@1@water,1257#13657#25557#38707#52957,WTF,water
AC1_30000100000_@2@2@air,14221#177150#371807,AC1,air
GYR_30000100000_@2@2@air,15830#193293#405314,GYR,air
CTB_30000100000_@2@2@air,36313#443420#929806,CTB,air
CTR_30000100000_@2@2@air,36026#439910#922445,CTR,air
CV1_30000100000_@2@2@air,19681#245171#514571,CV1,air
VRY_30000100000_@2@2@air,19900#247901#520300,VRY,air
SMG_30000100000_@2@2@air,34036#415609#871489,SMG,air
AC1_30000100000_@2@2@water,43657#288580#543300#758832#1017471,AC1,water
GYR_30000100000_@2@2@water,47846#314367#591548#826086#1107532,GYR,water
CTB_30000100000_@2@2@water,109766#721208#1357107#1895176#2540858,CTB,water
CTR_30000100000_@2@2@water,108904#715542#1346445#1880287#2520896,CTR,water
CV1_30000100000_@2@2@water,60210#398005#749312#1046572#1403283,CV1,water
VRY_30000100000_@2@2@water,60841#402174#757160#1057533#1417981,VRY,water
PRS_30000100000_@2@2@water,2244#14744#27744#38744#51945,PRS,water
SMG_30000100000_@2@2@water,103159#677794#1275414#1781092#2387907,SMG,water
WTF_30000100000_@2@2@water,2244#14744#27744#38744#51945,WTF,water
AC1_30000100000_@2@3@air,37759#197836#403712,AC1,air
GYR_30000100000_@2@3@air,41044#215052#438843,GYR,air
CTB_30000100000_@2@3@air,94282#493991#1008056,CTB,air
CTR_30000100000_@2@3@air,93533#490067#1000050,CTR,air
CV1_30000100000_@2@3@air,52051#272721#556524,CV1,air
VRY_30000100000_@2@3@air,52600#275600#562400,VRY,air
SMG_30000100000_@2@3@air,88615#464300#947468,SMG,air
AC1_30000100000_@2@3@water,33471#277992#503930#751386#991995,AC1,water
GYR_30000100000_@2@3@water,36452#302755#548819#818318#1080361,GYR,water
CTB_30000100000_@2@3@water,83557#693994#1258038#1875801#2476471,CTB,water
CTR_30000100000_@2@3@water,82797#687679#1246591#1858732#2453936,CTR,water
CV1_30000100000_@2@3@water,46120#383050#694374#1035348#1366888,CV1,water
VRY_30000100000_@2@3@water,46607#387101#701716#1046296#1381341,VRY,water
PRS_30000100000_@2@3@water,1711#14211#25761#38411#50711,PRS,water
SMG_30000100000_@2@3@water,78528#652228#1182326#1762909#2327429,SMG,water
WTF_30000100000_@2@3@water,1711#14211#25761#38411#50711,WTF,water
AC1_30000100000_@2@4@air,19701#183633#377618,AC1,air
GYR_30000100000_@2@4@air,21754#199944#410801,GYR,air
CTB_30000100000_@2@4@air,49837#458050#941102,CTB,air
CTR_30000100000_@2@4@air,49478#454752#934327,CTR,air
CV1_30000100000_@2@4@air,27171#253257#520792,CV1,air
VRY_30000100000_@2@4@air,27400#255400#525200,VRY,air
SMG_30000100000_@2@4@air,46267#431259#886832,SMG,air
AC1_30000100000_@2@4@water,30349#277874#501918#746507#996967,AC1,water
GYR_30000100000_@2@4@water,33039#302504#546407#812677#1085337,GYR,water
CTB_30000100000_@2@4@water,75723#693313#1252318#1862586#2487500,CTB,water
CTR_30000100000_@2@4@water,75125#687846#1242443#1847899#2467885,CTR,water
CV1_30000100000_@2@4@water,41858#383250#692257#1029601#1375041,CV1,water
VRY_30000100000_@2@4@water,42313#387417#699784#1040795#1389991,VRY,water
PRS_30000100000_@2@4@water,1551#14201#25651#38151#50951,PRS,water
SMG_30000100000_@2@4@water,71134#651300#1176430#1749716#2336762,SMG,water
WTF_30000100000_@2@4@water,1551#14201#25651#38151#50951,WTF,water
AC1_30000100000_@2@5@air,28436#213701#383670,AC1,air
GYR_30000100000_@2@5@air,31167#232145#416531,GYR,air
CTB_30000100000_@2@5@air,71499#532558#955552,CTB,air
CTR_30000100000_@2@5@air,71119#529725#950469,CTR,air
CV1_30000100000_@2@5@air,39153#294234#528256,CV1,air
VRY_30000100000_@2@5@air,39600#297600#534300,VRY,air
SMG_30000100000_@2@5@air,67141#500097#897310,SMG,air
AC1_30000100000_@2@5@water,36072#269835#483057#730513#973078,AC1,water
GYR_30000100000_@2@5@water,39216#293351#525156#794178#1057883,GYR,water
CTB_30000100000_@2@5@water,90040#673541#1205772#1823452#2428926,CTB,water
CTR_30000100000_@2@5@water,89221#667412#1194800#1806860#2406825,CTR,water
CV1_30000100000_@2@5@water,49717#371907#665787#1006850#1341172,CV1,water
VRY_30000100000_@2@5@water,50208#375573#672350#1016775#1354393,VRY,water
PRS_30000100000_@2@5@water,1844#13794#24694#37344#49745,PRS,water
SMG_30000100000_@2@5@water,84609#632909#1133032#1713450#2282398,SMG,water
WTF_30000100000_@2@5@water,1844#13794#24694#37344#49745,WTF,water
AC1_30000100000_@3@1@air,38958#205815#388570,AC1,air
GYR_30000100000_@3@1@air,42462#224328#423521,GYR,air
CTB_30000100000_@3@1@air,97485#515017#972332,CTB,air
CTR_30000100000_@3@1@air,96518#509911#962692,CTR,air
CV1_30000100000_@3@1@air,53838#284431#536994,CV1,air
VRY_30000100000_@3@1@air,54400#287401#542600,VRY,air
SMG_30000100000_@3@1@air,91559#483714#913233,SMG,air
AC1_30000100000_@3@1@water,30373#328032#547359#795081#1038887,AC1,water
GYR_30000100000_@3@1@water,33025#356671#595147#864497#1129588,GYR,water
CTB_30000100000_@3@1@water,75722#817801#1364596#1982181#2590003,CTB,water
CTR_30000100000_@3@1@water,75054#810583#1352552#1964686#2567143,CTR,water
CV1_30000100000_@3@1@water,41785#451278#753009#1093804#1429211,CV1,water
VRY_30000100000_@3@1@water,42265#456464#761663#1106374#1445635,VRY,water
PRS_30000100000_@3@1@water,1551#16751#27951#40601#53051,PRS,water
SMG_30000100000_@3@1@water,71184#768788#1282813#1863385#2434779,SMG,water
WTF_30000100000_@3@1@water,1551#16751#27951#40601#53051,WTF,water
AC1_30000100000_@3@2@air,46035#220009#404721,AC1,air
GYR_30000100000_@3@2@air,50109#239479#440539,GYR,air
CTB_30000100000_@3@2@air,115189#550505#1012692,CTB,air
CTR_30000100000_@3@2@air,114116#545378#1003261,CTR,air
CV1_30000100000_@3@2@air,63489#303423#558168,CV1,air
VRY_30000100000_@3@2@air,64300#307300#565300,VRY,air
SMG_30000100000_@3@2@air,107893#515634#948544,SMG,air
AC1_30000100000_@3@2@water,35054#308087#550783#781736#1039111,AC1,water
GYR_30000100000_@3@2@water,38127#335089#599055#850249#1130181,GYR,water
CTB_30000100000_@3@2@water,87547#769440#1375567#1952366#2595154,CTB,water
CTR_30000100000_@3@2@water,86824#763090#1364216#1936254#2573738,CTR,water
CV1_30000100000_@3@2@water,48331#424771#759384#1077807#1432659,CV1,water
VRY_30000100000_@3@2@water,48848#429319#767515#1089347#1447999,VRY,water
PRS_30000100000_@3@2@water,1791#15741#28141#39941#53091,PRS,water
SMG_30000100000_@3@2@water,82188#722342#1291367#1832859#2436301,SMG,water
WTF_30000100000_@3@2@water,1791#15741#28141#39941#53091,WTF,water
AC1_30000100000_@3@3@air,38047#194244#384547,AC1,air
GYR_30000100000_@3@3@air,41506#211906#419513,GYR,air
CTB_30000100000_@3@3@air,95278#486438#963006,CTB,air
CTR_30000100000_@3@3@air,94431#482114#954446,CTR,air
CV1_30000100000_@3@3@air,52192#268239#531460,CV1,air
VRY_30000100000_@3@3@air,53100#271100#536700,VRY,air
SMG_30000100000_@3@3@air,89544#457163#905050,SMG,air
AC1_30000100000_@3@3@water,47020#278794#498833#737453#980962,AC1,water
GYR_30000100000_@3@3@water,51209#303630#543269#803146#1068347,GYR,water
CTB_30000100000_@3@3@water,117431#696280#1245820#1841766#2449924,CTB,water
CTR_30000100000_@3@3@water,116426#690321#1235158#1826003#2428956,CTR,water
CV1_30000100000_@3@3@water,64826#384368#687731#1016711#1352432,CV1,water
VRY_30000100000_@3@3@water,65515#388457#695046#1027526#1366819,VRY,water
PRS_30000100000_@3@3@water,2404#14254#25504#37704#50154,PRS,water
SMG_30000100000_@3@3@water,110379#654465#1171003#1731160#2302795,SMG,water
WTF_30000100000_@3@3@water,2404#14254#25504#37704#50154,WTF,water
AC1_30000100000_@3@4@air,21838#263839#390209,AC1,air
GYR_30000100000_@3@4@air,23792#287453#425134,GYR,air
CTB_30000100000_@3@4@air,54576#659380#975203,CTB,air
CTR_30000100000_@3@4@air,54178#654566#968083,CTR,air
CV1_30000100000_@3@4@air,30173#364538#539140,CV1,air
VRY_30000100000_@3@4@air,30500#368500#545001,VRY,air
SMG_30000100000_@3@4@air,51332#620190#917241,SMG,air
AC1_30000100000_@3@4@water,27204#275573#497541#737110#979612,AC1,water
GYR_30000100000_@3@4@water,29615#300000#541643#802448#1066446,GYR,water
CTB_30000100000_@3@4@water,67967#688507#1243085#1841637#2447519,CTB,water
CTR_30000100000_@3@4@water,67368#682439#1232129#1825407#2425949,CTR,water
CV1_30000100000_@3@4@water,37535#380233#686503#1017058#1351661,CV1,water
VRY_30000100000_@3@4@water,37895#383878#693082#1026806#1364615,VRY,water
PRS_30000100000_@3@4@water,1392#14091#25441#37691#50091,PRS,water
SMG_30000100000_@3@4@water,63886#647166#1168444#1731057#2300558,SMG,water
WTF_30000100000_@3@4@water,1392#14091#25441#37691#50091,WTF,water
AC1_30000100000_@3@5@air,16804#190557#384474,AC1,air
GYR_30000100000_@3@5@air,18332#207886#419438,GYR,air
CTB_30000100000_@3@5@air,42075#477148#962710,CTB,air
CTR_30000100000_@3@5@air,41766#473640#955632,CTR,air
CV1_30000100000_@3@5@air,23210#263202#531046,CV1,air
VRY_30000100000_@3@5@air,23500#266500#537700,VRY,air
SMG_30000100000_@3@5@air,39488#447811#903518,SMG,air
AC1_30000100000_@3@5@water,42321#294599#518521#768843#1008410,AC1,water
GYR_30000100000_@3@5@water,46027#320403#563937#836186#1096736,GYR,water
CTB_30000100000_@3@5@water,105694#735753#1294992#1920167#2518479,CTB,water
CTR_30000100000_@3@5@water,104016#728682#1283133#1902956#2496146,CTR,water
CV1_30000100000_@3@5@water,58342#406126#714817#1059905#1390165,CV1,water
VRY_30000100000_@3@5@water,58986#410611#722712#1071610#1405517,VRY,water
PRS_30000100000_@3@5@water,2164#15064#26514#39315#51564,PRS,water
SMG_30000100000_@3@5@water,99346#691562#1217211#1804836#2367212,SMG,water
WTF_30000100000_@3@5@water,2165#15066#26518#39320#51571,WTF,water
AC1_30100000000_@1@1@air,31563#222265#400107,AC1,air
GYR_30100000000_@1@1@air,33376#235038#423100,GYR,air
CTB_30100000000_@1@1@air,76615#539534#971233,CTB,air
CTR_30100000000_@1@1@air,76062#535635#964214,CTR,air
CV1_30100000000_@1@1@air,42334#298120#536656,CV1,air
VRY_30100000000_@1@1@air,42700#300700#541300,VRY,air
SMG_30100000000_@1@1@air,71960#506749#912215,SMG,air
AC1_30100000000_@1@1@water,30690#289457#534127#756646#1003330,AC1,water
GYR_30100000000_@1@1@water,32412#305699#564099#799104#1059631,GYR,water
CTB_30100000000_@1@1@water,74425#701955#1295300#1834927#2433155,CTB,water
CTR_30100000000_@1@1@water,73769#695771#1283889#1818762#2411720,CTR,water
CV1_30100000000_@1@1@water,40674#387257#714960#1012994#1343393,CV1,water
VRY_30100000000_@1@1@water,41098#391291#722408#1023546#1357388,VRY,water
PRS_30100000000_@1@1@water,1524#14374#26524#37574#49824,PRS,water
SMG_30100000000_@1@1@water,69203#658879#1216432#1723508#2285650,SMG,water
WTF_30100000000_@1@1@water,1524#14374#26524#37574#49824,WTF,water
AC1_30100000000_@1@2@air,21795#204398#384203,AC1,air
GYR_30100000000_@1@2@air,23065#216305#406584,GYR,air
CTB_30100000000_@1@2@air,53133#498298#936642,CTB,air
CTR_30100000000_@1@2@air,52773#494920#930292,CTR,air
CV1_30100000000_@1@2@air,29444#276134#519043,CV1,air
VRY_30100000000_@1@2@air,29600#277600#521800,VRY,air
SMG_30100000000_@1@2@air,50107#469916#883293,SMG,air
AC1_30100000000_@1@2@water,39807#206925#414312#681096#922713,AC1,water
GYR_30100000000_@1@2@water,42067#218674#437838#719771#975107,GYR,water
CTB_30100000000_@1@2@water,96572#502008#1005140#1652372#2238544,CTB,water
CTR_30100000000_@1@2@water,95747#497716#996545#1638243#2219403,CTR,water
CV1_30100000000_@1@2@water,52972#277173#555399#913310#1237455,CV1,water
VRY_30100000000_@1@2@water,53961#280502#561631#923278#1250808,VRY,water
PRS_30100000000_@1@2@water,1977#10277#20578#33828#45828,PRS,water
SMG_30100000000_@1@2@water,90798#471991#945037#1553568#2104690,SMG,water
WTF_30100000000_@1@2@water,1977#10277#20578#33828#45828,WTF,water
AC1_30100000000_@1@3@air,46147#214760#402305,AC1,air
GYR_30100000000_@1@3@air,48939#227754#426647,GYR,air
CTB_30100000000_@1@3@air,112268#522477#978744,CTB,air
CTR_30100000000_@1@3@air,111450#518670#971613,CTR,air
CV1_30100000000_@1@3@air,61677#287035#537695,CV1,air
VRY_30100000000_@1@3@air,62400#290400#544000,VRY,air
SMG_30100000000_@1@3@air,105484#490906#919604,SMG,air
AC1_30100000000_@1@3@water,23160#269641#491977#756567#1003048,AC1,water
GYR_30100000000_@1@3@water,24515#285420#520768#800842#1061747,GYR,water
CTB_30100000000_@1@3@water,56217#654522#1194218#1836480#2434785,CTB,water
CTR_30100000000_@1@3@water,55699#648488#1183209#1819551#2412341,CTR,water
CV1_30100000000_@1@3@water,31049#361499#659577#1014305#1344754,CV1,water
VRY_30100000000_@1@3@water,31353#365036#666031#1024230#1357912,VRY,water
PRS_30100000000_@1@3@water,1151#13401#24451#37601#49851,PRS,water
SMG_30100000000_@1@3@water,52840#615211#1122492#1726180#2288550,SMG,water
WTF_30100000000_@1@3@water,1151#13401#24451#37601#49851,WTF,water
AC1_30100000000_@1@4@air,41731#210128#408439,AC1,air
GYR_30100000000_@1@4@air,44132#222220#431943,GYR,air
CTB_30100000000_@1@4@air,101440#510788#992849,CTB,air
CTR_30100000000_@1@4@air,100499#506051#983641,CTR,air
CV1_30100000000_@1@4@air,55981#281884#547914,CV1,air
VRY_30100000000_@1@4@air,56500#284501#553000,VRY,air
SMG_30100000000_@1@4@air,95412#480436#933853,SMG,air
AC1_30100000000_@1@4@water,41938#293485#511827#790540#1017938,AC1,water
GYR_30100000000_@1@4@water,44320#310154#540897#835441#1075754,GYR,water
CTB_30100000000_@1@4@water,101786#712303#1242231#1918684#2470591,CTB,water
CTR_30100000000_@1@4@water,100927#706296#1231755#1902503#2449756,CTR,water
CV1_30100000000_@1@4@water,56201#393298#685898#1059401#1364137,CV1,water
VRY_30100000000_@1@4@water,56835#397734#693634#1071350#1379523,VRY,water
PRS_30100000000_@1@4@water,2084#14584#25434#39284#50584,PRS,water
SMG_30100000000_@1@4@water,95673#669524#1167627#1803454#2322215,SMG,water
WTF_30100000000_@1@4@water,2084#14584#25434#39284#50584,WTF,water
AC1_30100000000_@1@5@air,30948#202634#390162,AC1,air
GYR_30100000000_@1@5@air,32776#214600#413202,GYR,air
CTB_30100000000_@1@5@air,75288#492955#949163,CTB,air
CTR_30100000000_@1@5@air,74641#488720#941008,CTR,air
CV1_30100000000_@1@5@air,41575#272218#524142,CV1,air
VRY_30100000000_@1@5@air,42000#275001#529501,VRY,air
SMG_30100000000_@1@5@air,70670#462716#890938,SMG,air
AC1_30100000000_@1@5@water,15120#270795#515397#749933#1002589,AC1,water
GYR_30100000000_@1@5@water,15993#286446#545186#793279#1060537,GYR,water
CTB_30100000000_@1@5@water,36690#657146#1250731#1819889#2433017,CTB,water
CTR_30100000000_@1@5@water,36352#651077#1239180#1803082#2410547,CTR,water
CV1_30100000000_@1@5@water,20272#363073#691029#1005488#1344241,CV1,water
VRY_30100000000_@1@5@water,20461#366460#697475#1014868#1356780,VRY,water
PRS_30100000000_@1@5@water,751#13451#25601#37251#49801,PRS,water
SMG_30100000000_@1@5@water,34477#617507#1175287#1710114#2286257,SMG,water
WTF_30100000000_@1@5@water,751#13451#25601#37251#49801,WTF,water
AC1_30100000000_@2@1@air,38305#208630#404539,AC1,air
GYR_30100000000_@2@1@air,40946#223010#432424,GYR,air
CTB_30100000000_@2@1@air,93930#511596#992001,CTB,air
CTR_30100000000_@2@1@air,92933#506163#981467,CTR,air
CV1_30100000000_@2@1@air,51948#282936#548622,CV1,air
VRY_30100000000_@2@1@air,52400#285400#553401,VRY,air
SMG_30100000000_@2@1@air,88706#483139#936822,SMG,air
AC1_30100000000_@2@1@water,8628#269869#493075#815373#1050590,AC1,water
GYR_30100000000_@2@1@water,9164#286630#523699#866014#1115840,GYR,water
CTB_30100000000_@2@1@water,21037#657988#1202202#1988019#2561519,CTB,water
CTR_30100000000_@2@1@water,20857#652353#1191908#1970995#2539584,CTR,water
CV1_30100000000_@2@1@water,11190#363036#663655#1097732#1414527,CV1,water
VRY_30100000000_@2@1@water,11302#366654#670269#1108673#1428626,VRY,water
PRS_30100000000_@2@1@water,431#13481#24631#40731#52481,PRS,water
SMG_30100000000_@2@1@water,19052#618075#1129884#1868908#2408259,SMG,water
WTF_30100000000_@2@1@water,431#13481#24631#40731#52481,WTF,water
AC1_30100000000_@2@2@air,30418#190202#396529,AC1,air
GYR_30100000000_@2@2@air,32357#202327#421807,GYR,air
CTB_30100000000_@2@2@air,74276#464444#968262,CTB,air
CTR_30100000000_@2@2@air,73799#461464#962050,CTR,air
CV1_30100000000_@2@2@air,41064#256771#535309,CV1,air
VRY_30100000000_@2@2@air,41500#259500#541000,VRY,air
SMG_30100000000_@2@2@air,69891#437028#911105,SMG,air
AC1_30100000000_@2@2@water,43332#301641#534920#779212#1034517,AC1,water
GYR_30100000000_@2@2@water,46078#320757#568820#828593#1100078,GYR,water
CTB_30100000000_@2@2@water,104963#735022#1304029#1899899#2522632,CTB,water
CTR_30100000000_@2@2@water,104747#729158#1293064#1883592#2500743,CTR,water
CV1_30100000000_@2@2@water,57965#405911#720140#1049205#1393104,CV1,water
VRY_30100000000_@2@2@water,58609#410416#728134#1060852#1408569,VRY,water
PRS_30100000000_@2@2@water,2164#15064#26715#38914#51664,PRS,water
SMG_30100000000_@2@2@water,98715#691267#1226401#1786799#2372460,SMG,water
WTF_30100000000_@2@2@water,2164#15064#26715#38914#51664,WTF,water
AC1_30100000000_@2@3@air,43723#207314#403403,AC1,air
GYR_30100000000_@2@3@air,46346#219752#427606,GYR,air
CTB_30100000000_@2@3@air,106302#504039#980789,CTB,air
CTR_30100000000_@2@3@air,105456#500027#972983,CTR,air
CV1_30100000000_@2@3@air,58770#278665#542242,CV1,air
VRY_30100000000_@2@3@air,59600#282600#549900,VRY,air
SMG_30100000000_@2@3@air,99968#474007#922351,SMG,air
AC1_30100000000_@2@3@water,43479#301656#528691#768786#1024954,AC1,water
GYR_30100000000_@2@3@water,46103#319865#560606#815194#1086825,GYR,water
CTB_30100000000_@2@3@water,105695#733319#1285237#1868902#2491641,CTB,water
CTR_30100000000_@2@3@water,104804#727134#1274397#1853140#2470628,CTR,water
CV1_30100000000_@2@3@water,57887#404178#708699#1030736#1374332,CV1,water
VRY_30100000000_@2@3@water,58551#408810#716821#1042549#1390083,VRY,water
PRS_30100000000_@2@3@water,2164#15014#26314#38264#51014,PRS,water
SMG_30100000000_@2@3@water,99373#689458#1208364#1757120#2342612,SMG,water
WTF_30100000000_@2@3@water,2164#15014#26314#38264#51014,WTF,water
AC1_30100000000_@2@4@air,62032#233077#398324,AC1,air
GYR_30100000000_@2@4@air,66062#248221#424203,GYR,air
CTB_30100000000_@2@4@air,151445#569036#972468,CTB,air
CTR_30100000000_@2@4@air,150248#564539#964783,CTR,air
CV1_30100000000_@2@4@air,83615#314173#536915,CV1,air
VRY_30100000000_@2@4@air,84500#317500#542600,VRY,air
SMG_30100000000_@2@4@air,142537#535566#915269,SMG,air
AC1_30100000000_@2@4@water,52551#275445#514404#760390#1006377,AC1,water
GYR_30100000000_@2@4@water,55670#291792#544932#805518#1066103,GYR,water
CTB_30100000000_@2@4@water,127750#669601#1250504#1848492#2446480,CTB,water
CTR_30100000000_@2@4@water,126691#664050#1240138#1833169#2426200,CTR,water
CV1_30100000000_@2@4@water,70642#370270#691492#1022162#1352832,CV1,water
VRY_30100000000_@2@4@water,71289#373661#697826#1031525#1365223,VRY,water
PRS_30100000000_@2@4@water,2617#13717#25617#37867#50118,PRS,water
SMG_30100000000_@2@4@water,120126#629638#1175871#1738170#2300469,SMG,water
WTF_30100000000_@2@4@water,2618#13718#25618#37868#50118,WTF,water
AC1_30100000000_@2@5@air,26885#198502#394942,AC1,air
GYR_30100000000_@2@5@air,28612#211254#420313,GYR,air
CTB_30100000000_@2@5@air,65552#484004#962980,CTB,air
CTR_30100000000_@2@5@air,65114#480770#956544,CTR,air
CV1_30100000000_@2@5@air,36218#267412#532045,CV1,air
VRY_30100000000_@2@5@air,36500#269500#536200,VRY,air
SMG_30100000000_@2@5@air,61644#455145#905562,SMG,air
AC1_30100000000_@2@5@water,44074#304570#522824#793378#1032753,AC1,water
GYR_30100000000_@2@5@water,46572#321836#552462#838353#1091298,GYR,water
CTB_30100000000_@2@5@water,106911#738811#1268241#1924539#2505204,CTB,water
CTR_30100000000_@2@5@water,105381#732806#1258487#1910137#2486690,CTR,water
CV1_30100000000_@2@5@water,59084#408298#700883#1063580#1384480,CV1,water
VRY_30100000000_@2@5@water,59681#412423#707964#1074326#1398467,VRY,water
PRS_30100000000_@2@5@water,2191#15141#25991#39441#51341,PRS,water
SMG_30100000000_@2@5@water,100531#694718#1192550#1809678#2355688,SMG,water
WTF_30100000000_@2@5@water,2192#15148#26002#39458#51362,WTF,water
AC1_30100000000_@3@1@air,23783#199569#387615,AC1,air
GYR_30100000000_@3@1@air,25136#210918#409659,GYR,air
CTB_30100000000_@3@1@air,57778#484833#941673,CTB,air
CTR_30100000000_@3@1@air,57242#480331#932930,CTR,air
CV1_30100000000_@3@1@air,31895#267641#519828,CV1,air
VRY_30100000000_@3@1@air,32200#270200#524800,VRY,air
SMG_30100000000_@3@1@air,54338#455966#885606,SMG,air
AC1_30100000000_@3@1@water,24750#284104#517321#762602#994814,AC1,water
GYR_30100000000_@3@1@water,26198#300724#547586#807216#1053013,GYR,water
CTB_30100000000_@3@1@water,59386#689876#1256829#1853107#2417616,CTB,water
CTR_30100000000_@3@1@water,59635#684560#1246508#1837523#2397049,CTR,water
CV1_30100000000_@3@1@water,32818#381240#694550#1024065#1336024,CV1,water
VRY_30100000000_@3@1@water,33151#385104#701590#1034445#1349566,VRY,water
PRS_30100000000_@3@1@water,1231#14131#25731#37931#49481,PRS,water
SMG_30100000000_@3@1@water,55811#648351#1181178#1741565#2272095,SMG,water
WTF_30100000000_@3@1@water,1231#14131#25731#37931#49481,WTF,water
AC1_30100000000_@3@2@air,12747#191781#383489,AC1,air
GYR_30100000000_@3@2@air,13422#201945#403812,GYR,air
CTB_30100000000_@3@2@air,30832#463905#927631,CTB,air
CTR_30100000000_@3@2@air,30770#462965#925751,CTR,air
CV1_30100000000_@3@2@air,17156#258121#516143,CV1,air
VRY_30100000000_@3@2@air,17300#260301#520500,VRY,air
SMG_30100000000_@3@2@air,28977#435983#871797,SMG,air
AC1_30100000000_@3@2@water,40389#290296#520049#786079#1021879,AC1,water
GYR_30100000000_@3@2@water,42689#306827#549665#830844#1080072,GYR,water
CTB_30100000000_@3@2@water,97866#703418#1260135#1904756#2476124,CTB,water
CTR_30100000000_@3@2@water,97002#697210#1249015#1887946#2454272,CTR,water
CV1_30100000000_@3@2@water,53703#388497#696291#1052683#1368577,CV1,water
VRY_30100000000_@3@2@water,54238#392363#703219#1063159#1382196,VRY,water
PRS_30100000000_@3@2@water,2004#14404#25804#39004#50704,PRS,water
SMG_30100000000_@3@2@water,91353#660858#1184435#1790683#2328038,SMG,water
WTF_30100000000_@3@2@water,2004#14404#25804#39004#50704,WTF,water
AC1_30100000000_@3@3@air,28459#204384#412463,AC1,air
GYR_30100000000_@3@3@air,30103#216191#436292,GYR,air
CTB_30100000000_@3@3@air,69138#496532#1002043,CTB,air
CTR_30100000000_@3@3@air,68493#491902#992700,CTR,air
CV1_30100000000_@3@3@air,38097#273601#552150,CV1,air
VRY_30100000000_@3@3@air,38500#276500#558000,VRY,air
SMG_30100000000_@3@3@air,64974#466628#941693,SMG,air
AC1_30100000000_@3@3@water,22073#294716#519068#757505#1011032,AC1,water
GYR_30100000000_@3@3@water,23339#311620#548839#800951#1069020,GYR,water
CTB_30100000000_@3@3@water,53572#715287#1259797#1838491#2453812,CTB,water
CTR_30100000000_@3@3@water,53128#709353#1249346#1823240#2433457,CTR,water
CV1_30100000000_@3@3@water,29600#395207#696057#1015794#1355768,CV1,water
VRY_30100000000_@3@3@water,29885#399012#702759#1025576#1368824,VRY,water
PRS_30100000000_@3@3@water,1097#14647#25798#37647#50247,PRS,water
SMG_30100000000_@3@3@water,50362#672418#1184294#1728306#2306749,SMG,water
WTF_30100000000_@3@3@water,1097#14647#25798#37647#50247,WTF,water
AC1_30100000000_@3@4@air,48069#219323#415640,AC1,air
GYR_30100000000_@3@4@air,51049#232921#441410,GYR,air
CTB_30100000000_@3@4@air,117110#534333#1012618,CTB,air
CTR_30100000000_@3@4@air,116332#530787#1005898,CTR,air
CV1_30100000000_@3@4@air,64681#295118#559280,CV1,air
VRY_30100000000_@3@4@air,65400#298400#565500,VRY,air
SMG_30100000000_@3@4@air,110301#503266#953742,SMG,air
AC1_30100000000_@3@4@water,39300#308211#538851#810784#1037395,AC1,water
GYR_30100000000_@3@4@water,41549#325851#569691#857187#1096767,GYR,water
CTB_30100000000_@3@4@water,95202#746632#1305349#1964098#2513056,CTB,water
CTR_30100000000_@3@4@water,94387#740238#1294170#1947278#2491534,CTR,water
CV1_30100000000_@3@4@water,52563#412232#720712#1084422#1387514,CV1,water
VRY_30100000000_@3@4@water,53259#417688#730252#1098776#1405879,VRY,water
PRS_30100000000_@3@4@water,1951#15302#26751#40251#51501,PRS,water
SMG_30100000000_@3@4@water,89532#702166#1227608#1847124#2363388,SMG,water
WTF_30100000000_@3@4@water,1951#15302#26751#40251#51501,WTF,water
AC1_30100000000_@3@5@air,45897#232283#411228,AC1,air
GYR_30100000000_@3@5@air,48639#246159#435794,GYR,air
CTB_30100000000_@3@5@air,111579#564696#999725,CTB,air
CTR_30100000000_@3@5@air,111144#562498#995833,CTR,air
CV1_30100000000_@3@5@air,61607#311788#551982,CV1,air
VRY_30100000000_@3@5@air,62300#315300#558201,VRY,air
SMG_30100000000_@3@5@air,105016#531482#940923,SMG,air
AC1_30100000000_@3@5@water,38222#283025#519769#768603#1027510,AC1,water
GYR_30100000000_@3@5@water,40344#298735#548619#811263#1084541,GYR,water
CTB_30100000000_@3@5@water,92591#685619#1259123#1861913#2489107,CTB,water
CTR_30100000000_@3@5@water,91785#679654#1248169#1845715#2467453,CTR,water
CV1_30100000000_@3@5@water,50791#378858#696125#1029592#1376560,CV1,water
VRY_30100000000_@3@5@water,51764#383298#703918#1040909#1391545,VRY,water
PRS_30100000000_@3@5@water,1897#14048#25797#38147#50998,PRS,water
SMG_30100000000_@3@5@water,87052#644606#1183803#1750534#2340210,SMG,water
WTF_30100000000_@3@5@water,1897#14048#25797#38147#50998,WTF,water
AC1_40000000000_@2@1@air,40216#243446#451129,AC1,air
GYR_40000000000_@2@1@air,43536#263544#488373,GYR,air
CTB_40000000000_@2@1@air,100497#608365#1127359,CTB,air
CTR_40000000000_@2@1@air,99411#601792#1115178,CTR,air
CV1_40000000000_@2@1@air,55515#336062#622756,CV1,air
VRY_40000000000_@2@1@air,56000#339000#628200,VRY,air
SMG_40000000000_@2@1@air,94471#571884#1059756,SMG,air
AC1_40000000000_@2@1@water,39390#282887#620261#904830#1225580,AC1,water
GYR_40000000000_@2@1@water,42871#307887#675077#984794#1333891,GYR,water
CTB_40000000000_@2@1@water,98432#706905#1549972#2261080#3062604,CTB,water
CTR_40000000000_@2@1@water,97660#701368#1537830#2243367#3038612,CTR,water
CV1_40000000000_@2@1@water,53966#390067#855749#1248542#1691277,CV1,water
VRY_40000000000_@2@1@water,54535#394178#864767#1261699#1709099,VRY,water
PRS_40000000000_@2@1@water,2014#14464#31714#46264#62664,PRS,water
SMG_40000000000_@2@1@water,92495#664271#1456491#2124711#2877893,SMG,water
WTF_40000000000_@2@1@water,2014#14464#31714#46264#62664,WTF,water
AC1_40000000000_@2@2@air,30523#248644#467773,AC1,air
GYR_40000000000_@2@2@air,33380#269501#506712,GYR,air
CTB_40000000000_@2@2@air,76315#621680#1169564,CTB,air
CTR_40000000000_@2@2@air,76225#615414#1157095,CTR,air
CV1_40000000000_@2@2@air,42135#343238#645732,CV1,air
VRY_40000000000_@2@2@air,42400#345400#649800,VRY,air
SMG_40000000000_@2@2@air,71702#584094#1098854,SMG,air
AC1_40000000000_@2@2@water,30615#266185#612209#893719#1228013,AC1,water
GYR_40000000000_@2@2@water,33647#290094#666783#973242#1337162,GYR,water
CTB_40000000000_@2@2@water,77236#665906#1530592#2234066#3069440,CTB,water
CTR_40000000000_@2@2@water,76630#660684#1518588#2216544#3045366,CTR,water
CV1_40000000000_@2@2@water,42282#367621#845504#1234290#1695974,CV1,water
VRY_40000000000_@2@2@water,42714#371375#854138#1246895#1713294,VRY,water
PRS_40000000000_@2@2@water,1581#13631#31331#45731#62831,PRS,water
SMG_40000000000_@2@2@water,72586#625815#1438442#2099562#2884642,SMG,water
WTF_40000000000_@2@2@water,1581#13631#31331#45731#62831,WTF,water
AC1_40000000000_@2@3@air,17396#213634#439416,AC1,air
GYR_40000000000_@2@3@air,19282#232959#478804,GYR,air
CTB_40000000000_@2@3@air,43496#534164#1098702,CTB,air
CTR_40000000000_@2@3@air,43775#528871#1086997,CTR,air
CV1_40000000000_@2@3@air,24026#295054#606886,CV1,air
VRY_40000000000_@2@3@air,24201#297200#611300,VRY,air
SMG_40000000000_@2@3@air,40865#501852#1032240,SMG,air
AC1_40000000000_@2@3@water,43625#277291#630234#904963#1183603,AC1,water
GYR_40000000000_@2@3@water,47443#301562#685398#984174#1287202,GYR,water
CTB_40000000000_@2@3@water,109037#693074#1575239#2261911#2958357,CTB,water
CTR_40000000000_@2@3@water,108147#687415#1562377#2243441#2934200,CTR,water
CV1_40000000000_@2@3@water,60242#382917#870304#1249683#1634462,CV1,water
VRY_40000000000_@2@3@water,60844#386741#878995#1262163#1650785,VRY,water
PRS_40000000000_@2@3@water,2231#14181#32232#46281#60531,PRS,water
SMG_40000000000_@2@3@water,102416#650989#1479587#2124562#2778718,SMG,water
WTF_40000000000_@2@3@water,2231#14181#32232#46281#60531,WTF,water
AC1_40000000000_@2@4@air,32380#232411#455899,AC1,air
GYR_40000000000_@2@4@air,35034#251462#493270,GYR,air
CTB_40000000000_@2@4@air,80913#580770#1139243,CTB,air
CTR_40000000000_@2@4@air,80041#574514#1126973,CTR,air
CV1_40000000000_@2@4@air,44698#320829#629340,CV1,air
VRY_40000000000_@2@4@air,45000#323000#633601,VRY,air
SMG_40000000000_@2@4@air,76061#545943#1070927,SMG,air
AC1_40000000000_@2@4@water,35499#273974#586728#871139#1173142,AC1,water
GYR_40000000000_@2@4@water,38972#298638#639185#948869#1277709,GYR,water
CTB_40000000000_@2@4@water,88747#684940#1466833#2177867#2932882,CTB,water
CTR_40000000000_@2@4@water,88738#679999#1455423#2160574#2909342,CTR,water
CV1_40000000000_@2@4@water,49027#378381#810321#1203116#1620208,CV1,water
VRY_40000000000_@2@4@water,49527#382242#818589#1215393#1636741,VRY,water
PRS_40000000000_@2@4@water,1831#14032#30031#44581#60031,PRS,water
SMG_40000000000_@2@4@water,83412#643769#1378663#2046958#2756590,SMG,water
WTF_40000000000_@2@4@water,1831#14032#30031#44581#60031,WTF,water
AC1_40000000000_@2@5@air,34779#241298#453267,AC1,air
GYR_40000000000_@2@5@air,38193#262961#493661,GYR,air
CTB_40000000000_@2@5@air,87651#603492#1132944,CTB,air
CTR_40000000000_@2@5@air,86800#597628#1121937,CTR,air
CV1_40000000000_@2@5@air,48009#333093#625699,CV1,air
VRY_40000000000_@2@5@air,48500#336500#632100,VRY,air
SMG_40000000000_@2@5@air,82436#567583#1065532,SMG,air
AC1_40000000000_@2@5@water,35812#284200#592240#865076#1147690,AC1,water
GYR_40000000000_@2@5@water,39317#309656#644920#941867#1249458,GYR,water
CTB_40000000000_@2@5@water,89481#710114#1479798#2161517#2867671,CTB,water
CTR_40000000000_@2@5@water,89573#705478#1469297#2145822#2846595,CTR,water
CV1_40000000000_@2@5@water,49432#392288#817483#1194084#1584183,CV1,water
VRY_40000000000_@2@5@water,49936#396290#825824#1206267#1600347,VRY,water
PRS_40000000000_@2@5@water,1847#14547#30297#44247#58697,PRS,water
SMG_40000000000_@2@5@water,84093#667356#1390695#2031366#2695000,SMG,water
WTF_40000000000_@2@5@water,1847#14547#30297#44247#58697,WTF,water
AC1_40000000000_@3@1@air,29544#229864#457062,AC1,air
GYR_40000000000_@3@1@air,32482#250411#497580,GYR,air
CTB_40000000000_@3@1@air,73684#573292#1139935,CTB,air
CTR_40000000000_@3@1@air,73661#567871#1128391,CTR,air
CV1_40000000000_@3@1@air,40703#316688#629703,CV1,air
VRY_40000000000_@3@1@air,41000#319000#634300,VRY,air
SMG_40000000000_@3@1@air,69299#539180#1072105,SMG,air
AC1_40000000000_@3@1@water,37430#302413#600640#874422#1128648,AC1,water
GYR_40000000000_@3@1@water,40729#329066#653578#951491#1228124,GYR,water
CTB_40000000000_@3@1@water,93525#755621#1500785#2184870#2820091,CTB,water
CTR_40000000000_@3@1@water,92833#750029#1489678#2168701#2799221,CTR,water
CV1_40000000000_@3@1@water,51677#417517#829255#1207245#1558235,CV1,water
VRY_40000000000_@3@1@water,52193#421686#837536#1219300#1573795,VRY,water
PRS_40000000000_@3@1@water,1914#15464#30714#44714#57714,PRS,water
SMG_40000000000_@3@1@water,87922#710355#1410879#2053982#2651150,SMG,water
WTF_40000000000_@3@1@water,1914#15464#30714#44714#57714,WTF,water
AC1_40000000000_@3@2@air,19518#219736#459062,AC1,air
GYR_40000000000_@3@2@air,21254#239281#499894,GYR,air
CTB_40000000000_@3@2@air,48777#549147#1147250,CTB,air
CTR_40000000000_@3@2@air,48277#543510#1135475,CTR,air
CV1_40000000000_@3@2@air,26957#303480#634016,CV1,air
VRY_40000000000_@3@2@air,27100#305100#637400,VRY,air
SMG_40000000000_@3@2@air,45851#516199#1078418,SMG,air
AC1_40000000000_@3@2@water,17875#256456#634862#918422#1176560,AC1,water
GYR_40000000000_@3@2@water,19454#279121#690969#999589#1280539,GYR,water
CTB_40000000000_@3@2@water,44652#640654#1585953#2294317#2939172,CTB,water
CTR_40000000000_@3@2@water,44326#635982#1574388#2277586#2917739,CTR,water
CV1_40000000000_@3@2@water,24686#354184#876790#1268407#1624914,CV1,water
VRY_40000000000_@3@2@water,24927#357644#885356#1280798#1640788,VRY,water
PRS_40000000000_@3@2@water,914#13114#32464#46964#60164,PRS,water
SMG_40000000000_@3@2@water,41986#602405#1491266#2157338#2763693,SMG,water
WTF_40000000000_@3@2@water,914#13114#32464#46964#60164,WTF,water
AC1_40000000000_@3@3@air,43830#207075#382186,AC1,air
GYR_40000000000_@3@3@air,49603#234351#432528,GYR,air
CTB_40000000000_@3@3@air,114567#541277#999004,CTB,air
CTR_40000000000_@3@3@air,113391#535721#988751,CTR,air
CV1_40000000000_@3@3@air,63375#299419#552620,CV1,air
VRY_40000000000_@3@3@air,63900#301900#557200,VRY,air
SMG_40000000000_@3@3@air,107693#508803#939068,SMG,air
AC1_40000000000_@3@3@water,26010#271436#555974#862023#1166117,AC1,water
GYR_40000000000_@3@3@water,28308#295424#605109#938205#1269174,GYR,water
CTB_40000000000_@3@3@water,64974#678071#1388872#2153410#2913064,CTB,water
CTR_40000000000_@3@3@water,64543#673577#1379667#2139138#2893757,CTR,water
CV1_40000000000_@3@3@water,35952#375199#768508#1191552#1611893,CV1,water
VRY_40000000000_@3@3@water,36268#378492#775254#1202011#1626042,VRY,water
PRS_40000000000_@3@3@water,1330#13880#28430#44080#59630,PRS,water
SMG_40000000000_@3@3@water,61036#636968#1304683#2022878#2736484,SMG,water
WTF_40000000000_@3@3@water,1330#13880#28430#44080#59630,WTF,water
AC1_40000000000_@3@4@air,36056#210811#443099,AC1,air
GYR_40000000000_@3@4@air,39263#229562#482511,GYR,air
CTB_40000000000_@3@4@air,90106#526840#1107353,CTB,air
CTR_40000000000_@3@4@air,89231#521721#1096595,CTR,air
CV1_40000000000_@3@4@air,49413#291009#612142,CV1,air
VRY_40000000000_@3@4@air,49700#292700#615701,VRY,air
SMG_40000000000_@3@4@air,84700#495232#1040917,SMG,air
AC1_40000000000_@3@4@water,25711#299433#597595#899667#1214447,AC1,water
GYR_40000000000_@3@4@water,28326#326271#650817#979620#1322256,GYR,water
CTB_40000000000_@3@4@water,65037#749117#1494276#2249207#3035899,CTB,water
CTR_40000000000_@3@4@water,64570#743742#1483555#2233070#3014118,CTR,water
CV1_40000000000_@3@4@water,35540#413901#826043#1243591#1678705,CV1,water
VRY_40000000000_@3@4@water,35868#417715#833655#1255051#1694175,VRY,water
PRS_40000000000_@3@4@water,1331#15331#30581#46031#62131,PRS,water
SMG_40000000000_@3@4@water,60408#703512#1404036#2113747#2853316,SMG,water
WTF_40000000000_@3@4@water,1331#15331#30581#46031#62131,WTF,water
AC1_40000000000_@3@5@air,28955#225102#429655,AC1,air
GYR_40000000000_@3@5@air,31345#243678#465110,GYR,air
CTB_40000000000_@3@5@air,72356#562504#1073659,CTB,air
CTR_40000000000_@3@5@air,71537#556139#1061509,CTR,air
CV1_40000000000_@3@5@air,39971#310740#593113,CV1,air
VRY_40000000000_@3@5@air,40300#313300#598000,VRY,air
SMG_40000000000_@3@5@air,68017#528774#1009278,SMG,air
AC1_40000000000_@3@5@water,48304#330595#606026#871654#1172569,AC1,water
GYR_40000000000_@3@5@water,52468#359093#658266#946793#1273647,GYR,water
CTB_40000000000_@3@5@water,120398#824020#1510539#2172628#2922669,CTB,water
CTR_40000000000_@3@5@water,119495#817838#1499207#2156329#2900743,CTR,water
CV1_40000000000_@3@5@water,66497#455114#834285#1199962#1614217,CV1,water
VRY_40000000000_@3@5@water,67190#459858#842981#1212470#1631042,VRY,water
PRS_40000000000_@3@5@water,2464#16864#30914#44464#59814,PRS,water
SMG_40000000000_@3@5@water,113185#774655#1420048#2042472#2747581,SMG,water
WTF_40000000000_@3@5@water,2464#16864#30914#44464#59814,WTF,water
AC1_40000000000_@4@1@air,35794#243625#421291,AC1,air
GYR_40000000000_@4@1@air,38922#264918#458113,GYR,air
CTB_40000000000_@4@1@air,89230#607339#1050250,CTB,air
CTR_40000000000_@4@1@air,88269#600794#1038932,CTR,air
CV1_40000000000_@4@1@air,49241#335155#579571,CV1,air
VRY_40000000000_@4@1@air,49600#337600#583800,VRY,air
SMG_40000000000_@4@1@air,83836#570620#986754,SMG,air
AC1_40000000000_@4@1@water,24373#293118#620497#908786#1227371,AC1,water
GYR_40000000000_@4@1@water,26530#319058#675411#989214#1335993,GYR,water
CTB_40000000000_@4@1@water,60926#732718#1551084#2271734#3068114,CTB,water
CTR_40000000000_@4@1@water,60442#726898#1538762#2253687#3043739,CTR,water
CV1_40000000000_@4@1@water,33661#404820#856959#1255111#1695102,CV1,water
VRY_40000000000_@4@1@water,34009#408997#865800#1268061#1712592,VRY,water
PRS_40000000000_@4@1@water,1247#14997#31747#46497#62797,PRS,water
SMG_40000000000_@4@1@water,57257#688599#1457689#2134946#2883373,SMG,water
WTF_40000000000_@4@1@water,1247#14997#31747#46497#62797,WTF,water
AC1_40000000000_@4@2@air,48186#262503#488400,AC1,air
GYR_40000000000_@4@2@air,52003#283297#527088,GYR,air
CTB_40000000000_@4@2@air,120364#655713#1219985,CTB,air
CTR_40000000000_@4@2@air,119132#649002#1207499,CTR,air
CV1_40000000000_@4@2@air,66420#361837#673215,CV1,air
VRY_40000000000_@4@2@air,67001#365000#679100,VRY,air
SMG_40000000000_@4@2@air,113024#615726#1145587,SMG,air
AC1_40000000000_@4@2@water,32585#341978#625915#895165#1181061,AC1,water
GYR_40000000000_@4@2@water,35433#371870#680625#973411#1284296,GYR,water
CTB_40000000000_@4@2@water,81291#853157#1561516#2233235#2946479,CTB,water
CTR_40000000000_@4@2@water,80743#847406#1550990#2218181#2926617,CTR,water
CV1_40000000000_@4@2@water,44898#471207#862441#1233438#1627369,CV1,water
VRY_40000000000_@4@2@water,45391#476378#871904#1246971#1645225,VRY,water
PRS_40000000000_@4@2@water,1665#17464#31964#45714#60314,PRS,water
SMG_40000000000_@4@2@water,76396#801787#1467493#2098767#2769065,SMG,water
WTF_40000000000_@4@2@water,1665#17466#31968#45719#60321,WTF,water
AC1_40000000000_@4@3@air,22417#222743#440652,AC1,air
GYR_40000000000_@4@3@air,24067#242003#479067,GYR,air
CTB_40000000000_@4@3@air,55204#555089#1098850,CTB,air
CTR_40000000000_@4@3@air,54609#549108#1087009,CTR,air
CV1_40000000000_@4@3@air,30479#306473#606690,CV1,air
VRY_40000000000_@4@3@air,30700#308700#611101,VRY,air
SMG_40000000000_@4@3@air,51919#522061#1033467,SMG,air
AC1_40000000000_@4@3@water,33928#308325#590562#862020#1148177,AC1,water
GYR_40000000000_@4@3@water,36498#334284#640577#935172#1245719,GYR,water
CTB_40000000000_@4@3@water,83881#768260#1472192#2149238#2862947,CTB,water
CTR_40000000000_@4@3@water,83251#762484#1461124#2133081#2841424,CTR,water
CV1_40000000000_@4@3@water,46297#424030#812554#1186239#1580160,CV1,water
VRY_40000000000_@4@3@water,46825#428867#821824#1199772#1598187,VRY,water
PRS_40000000000_@4@3@water,1731#15731#30131#43982#58581,PRS,water
SMG_40000000000_@4@3@water,78837#722061#1383663#2019995#2690785,SMG,water
WTF_40000000000_@4@3@water,1717#15718#30119#43971#58572,WTF,water
AC1_40000000000_@4@4@air,14959#211292#451207,AC1,air
GYR_40000000000_@4@4@air,16223#229148#489336,GYR,air
CTB_40000000000_@4@4@air,37310#527000#1125391,CTB,air
CTR_40000000000_@4@4@air,36154#520836#1113105,CTR,air
CV1_40000000000_@4@4@air,20600#290964#621344,CV1,air
VRY_40000000000_@4@4@air,20800#293800#627400,VRY,air
SMG_40000000000_@4@4@air,35072#495383#1057873,SMG,air
AC1_40000000000_@4@4@water,35178#299446#564694#829941#1130424,AC1,water
GYR_40000000000_@4@4@water,38256#325655#614119#902582#1229366,GYR,water
CTB_40000000000_@4@4@water,87009#746520#1408473#2070426#2820315,CTB,water
CTR_40000000000_@4@4@water,87168#742014#1399285#2056557#2801141,CTR,water
CV1_40000000000_@4@4@water,47667#412038#777758#1143479#1557782,CV1,water
VRY_40000000000_@4@4@water,48185#416517#786212#1155907#1574714,VRY,water
PRS_40000000000_@4@4@water,1797#15298#28847#42397#57747,PRS,water
SMG_40000000000_@4@4@water,81778#701643#1323803#1945964#2650773,SMG,water
WTF_40000000000_@4@4@water,1797#15298#28847#42397#57747,WTF,water
AC1_40000000000_@4@5@air,18043#214284#429071,AC1,air
GYR_40000000000_@4@5@air,19464#231159#462861,GYR,air
CTB_40000000000_@4@5@air,45002#534466#1070186,CTB,air
CTR_40000000000_@4@5@air,44468#528122#1057484,CTR,air
CV1_40000000000_@4@5@air,24870#295367#591427,CV1,air
VRY_40000000000_@4@5@air,25100#298100#596900,VRY,air
SMG_40000000000_@4@5@air,42302#502399#1005978,SMG,air
AC1_40000000000_@4@5@water,17271#287803#559314#829846#1098417,AC1,water
GYR_40000000000_@4@5@water,18752#312473#607258#900979#1192571,GYR,water
CTB_40000000000_@4@5@water,42264#716499#1393178#2067413#2736763,CTB,water
CTR_40000000000_@4@5@water,42721#711895#1383494#2052668#2716993,CTR,water
CV1_40000000000_@4@5@water,23346#395774#769551#1141979#1511708,CV1,water
VRY_40000000000_@4@5@water,23597#400030#777828#1154262#1527968,VRY,water
PRS_40000000000_@4@5@water,881#14681#28531#42331#56031,PRS,water
SMG_40000000000_@4@5@water,39719#673361#1309299#1942941#2571992,SMG,water
WTF_40000000000_@4@5@water,881#14681#28531#42331#56031,WTF,water
AC1_40000000000_@5@1@air,16934#228063#429464,AC1,air
GYR_40000000000_@5@1@air,18316#246671#464505,GYR,air
CTB_40000000000_@5@1@air,42257#569115#1071698,CTB,air
CTR_40000000000_@5@1@air,41823#563274#1060699,CTR,air
CV1_40000000000_@5@1@air,23331#314216#591699,CV1,air
VRY_40000000000_@5@1@air,23500#316500#596001,VRY,air
SMG_40000000000_@5@1@air,39743#535252#1007930,SMG,air
AC1_40000000000_@5@1@water,17694#311943#580058#865595#1139518,AC1,water
GYR_40000000000_@5@1@water,19056#335950#624698#932211#1227214,GYR,water
CTB_40000000000_@5@1@water,44671#787552#1464454#2185342#2876905,CTB,water
CTR_40000000000_@5@1@water,44311#781205#1452651#2167729#2853718,CTR,water
CV1_40000000000_@5@1@water,24670#434924#808742#1206850#1588765,CV1,water
VRY_40000000000_@5@1@water,24932#439556#817354#1219702#1605684,VRY,water
PRS_40000000000_@5@1@water,914#16114#29964#44714#58864,PRS,water
SMG_40000000000_@5@1@water,41807#737055#1370555#2045220#2692442,SMG,water
WTF_40000000000_@5@1@water,914#16114#29964#44714#58864,WTF,water
AC1_40000000000_@5@2@air,27932#238859#447699,AC1,air
GYR_40000000000_@5@2@air,30341#259461#486314,GYR,air
CTB_40000000000_@5@2@air,69632#595459#1116081,CTB,air
CTR_40000000000_@5@2@air,68879#589022#1104016,CTR,air
CV1_40000000000_@5@2@air,38445#328761#616204,CV1,air
VRY_40000000000_@5@2@air,38800#331800#621901,VRY,air
SMG_40000000000_@5@2@air,65455#559734#1049122,SMG,air
AC1_40000000000_@5@2@water,44408#300379#649519#909412#1189901,AC1,water
GYR_40000000000_@5@2@water,48209#326089#705113#987252#1291749,GYR,water
CTB_40000000000_@5@2@water,110614#748208#1617876#2265242#2963908,CTB,water
CTR_40000000000_@5@2@water,109808#742754#1606082#2248728#2942301,CTR,water
CV1_40000000000_@5@2@water,61107#413332#893761#1251385#1637348,CV1,water
VRY_40000000000_@5@2@water,61757#417731#903273#1264702#1654772,VRY,water
PRS_40000000000_@5@2@water,2264#15314#33114#46364#60664,PRS,water
SMG_40000000000_@5@2@water,103776#701950#1517851#2125193#2780664,SMG,water
WTF_40000000000_@5@2@water,2264#15314#33114#46364#60664,WTF,water
AC1_40000000000_@5@3@air,17960#236507#450510,AC1,air
GYR_40000000000_@5@3@air,19375#255142#486006,GYR,air
CTB_40000000000_@5@3@air,44750#589287#1122502,CTB,air
CTR_40000000000_@5@3@air,44291#583242#1110988,CTR,air
CV1_40000000000_@5@3@air,24756#325996#620973,CV1,air
VRY_40000000000_@5@3@air,24900#327900#624600,VRY,air
SMG_40000000000_@5@3@air,42087#554223#1055710,SMG,air
AC1_40000000000_@5@3@water,42324#284844#562569#837360#1138555,AC1,water
GYR_40000000000_@5@3@water,46059#309982#612217#911259#1239035,GYR,water
CTB_40000000000_@5@3@water,105751#711717#1405645#2092243#2844813,CTB,water
CTR_40000000000_@5@3@water,104958#706378#1395100#2076547#2823472,CTR,water
CV1_40000000000_@5@3@water,58433#393260#776691#1156072#1571905,CV1,water
VRY_40000000000_@5@3@water,59043#397361#784790#1168127#1588297,VRY,water
PRS_40000000000_@5@3@water,2164#14565#28765#42814#58214,PRS,water
SMG_40000000000_@5@3@water,99395#668936#1321153#1966480#2673814,SMG,water
WTF_40000000000_@5@3@water,2164#14565#28765#42814#58214,WTF,water
AC1_40000000000_@5@4@air,40340#290126#499214,AC1,air
GYR_40000000000_@5@4@air,43967#314114#540246,GYR,air
CTB_40000000000_@5@4@air,100658#723950#1245688,CTB,air
CTR_40000000000_@5@4@air,98952#716169#1232823,CTR,air
CV1_40000000000_@5@4@air,55659#400307#688801,CV1,air
VRY_40000000000_@5@4@air,56200#404200#695500,VRY,air
SMG_40000000000_@5@4@air,94719#681230#1172181,SMG,air
AC1_40000000000_@5@4@water,15277#317482#615774#864189#1143899,AC1,water
GYR_40000000000_@5@4@water,16623#345463#670047#940355#1244718,GYR,water
CTB_40000000000_@5@4@water,38162#793094#1538252#2158811#2857550,CTB,water
CTR_40000000000_@5@4@water,37868#786967#1526368#2142133#2835473,CTR,water
CV1_40000000000_@5@4@water,20651#437700#849350#1192166#1578172,CV1,water
VRY_40000000000_@5@4@water,21304#442744#858728#1205155#1595225,VRY,water
PRS_40000000000_@5@4@water,781#16232#31481#44181#58481,PRS,water
SMG_40000000000_@5@4@water,35861#745261#1445479#2028611#2685208,SMG,water
WTF_40000000000_@5@4@water,782#16233#31485#44186#58488,WTF,water
AC1_40000000000_@5@5@air,39916#254235#444030,AC1,air
GYR_40000000000_@5@5@air,43129#274703#479778,GYR,air
CTB_40000000000_@5@5@air,99618#634499#1108175,CTB,air
CTR_40000000000_@5@5@air,261542#724368#1134234,CTR,air
CV1_40000000000_@5@5@air,54966#350097#611456,CV1,air
VRY_40000000000_@5@5@air,55500#353500#617400,VRY,air
SMG_40000000000_@5@5@air,93681#596686#1042133,SMG,air
AC1_40000000000_@5@5@water,10382#245979#545118#811019#1105270,AC1,water
GYR_40000000000_@5@5@water,11299#267687#593226#882594#1202814,GYR,water
CTB_40000000000_@5@5@water,25944#614680#1362204#2026669#2761978,CTB,water
CTR_40000000000_@5@5@water,25741#609860#1351523#2010779#2740323,CTR,water
CV1_40000000000_@5@5@water,14325#339383#752113#1118984#1524969,CV1,water
VRY_40000000000_@5@5@water,14483#343145#760449#1131386#1541871,VRY,water
PRS_40000000000_@5@5@water,531#12581#27881#41481#56531,PRS,water
SMG_40000000000_@5@5@water,24398#578046#1281018#1905882#2597367,SMG,water
WTF_40000000000_@5@5@water,531#12581#27881#41481#56531,WTF,water
AC1_40000000000_@6@1@air,27442#227671#456494,AC1,air
GYR_40000000000_@6@1@air,29636#245877#492998,GYR,air
CTB_40000000000_@6@1@air,68340#566986#1136842,CTB,air
CTR_40000000000_@6@1@air,67674#561461#1125764,CTR,air
CV1_40000000000_@6@1@air,37770#313360#628305,CV1,air
VRY_40000000000_@6@1@air,38100#316100#633800,VRY,air
SMG_40000000000_@6@1@air,64274#533249#1069197,SMG,air
AC1_40000000000_@6@1@water,38736#292934#577439#868788#1151338,AC1,water
GYR_40000000000_@6@1@water,42169#318894#628613#945783#1253373,GYR,water
CTB_40000000000_@6@1@water,96787#731937#1442815#2170794#2876787,CTB,water
CTR_40000000000_@6@1@water,96103#726763#1432617#2155450#2856452,CTR,water
CV1_40000000000_@6@1@water,53480#404430#797224#1199467#1589562,CV1,water
VRY_40000000000_@6@1@water,54038#408649#805541#1211981#1606145,VRY,water
PRS_40000000000_@6@1@water,1981#14981#29531#44431#58881,PRS,water
SMG_40000000000_@6@1@water,90979#688013#1356231#2040523#2704149,SMG,water
WTF_40000000000_@6@1@water,1981#14981#29531#44431#58881,WTF,water
AC1_40000000000_@6@2@air,27819#227655#459766,AC1,air
GYR_40000000000_@6@2@air,30202#247153#499145,GYR,air
CTB_40000000000_@6@2@air,69386#567812#1146739,CTB,air
CTR_40000000000_@6@2@air,68527#560783#1132543,CTR,air
CV1_40000000000_@6@2@air,38309#313497#633130,CV1,air
VRY_40000000000_@6@2@air,38700#316700#639600,VRY,air
SMG_40000000000_@6@2@air,65223#533746#1077940,SMG,air
AC1_40000000000_@6@2@water,27272#298617#589483#978932#1187809,AC1,water
GYR_40000000000_@6@2@water,29748#325727#643000#1067805#1295645,GYR,water
CTB_40000000000_@6@2@water,68277#747622#1475841#2450873#2973822,CTB,water
CTR_40000000000_@6@2@water,67803#742426#1465584#2433838#2953153,CTR,water
CV1_40000000000_@6@2@water,37702#412827#814940#1353339#1642104,CV1,water
VRY_40000000000_@6@2@water,38133#417543#824248#1368797#1660861,VRY,water
PRS_40000000000_@6@2@water,1397#15298#30197#50147#60847,PRS,water
SMG_40000000000_@6@2@water,64187#702835#1387428#2304049#2795670,SMG,water
WTF_40000000000_@6@2@water,1397#15298#30197#50147#60847,WTF,water
AC1_40000000000_@6@3@air,30824#234156#465941,AC1,air
GYR_40000000000_@6@3@air,33530#254718#506855,GYR,air
CTB_40000000000_@6@3@air,76993#584891#1163859,CTB,air
CTR_40000000000_@6@3@air,76161#578568#1151277,CTR,air
CV1_40000000000_@6@3@air,42488#322766#642263,CV1,air
VRY_40000000000_@6@3@air,42900#325900#648500,VRY,air
SMG_40000000000_@6@3@air,72374#549799#1094031,SMG,air
AC1_40000000000_@6@3@water,21178#295447#610856#1000709#1225022,AC1,water
GYR_40000000000_@6@3@water,23009#320987#663661#1087216#1330919,GYR,water
CTB_40000000000_@6@3@water,52816#736824#1523434#2495704#3055125,CTB,water
CTR_40000000000_@6@3@water,52413#731208#1511823#2476682#3031839,CTR,water
CV1_40000000000_@6@3@water,28782#406769#841454#1378735#1687874,CV1,water
VRY_40000000000_@6@3@water,29076#410923#850047#1392815#1705112,VRY,water
PRS_40000000000_@6@3@water,1081#15082#31181#51081#62531,PRS,water
SMG_40000000000_@6@3@water,49609#692083#1430929#2344161#2869614,SMG,water
WTF_40000000000_@6@3@water,1081#15082#31181#51081#62531,WTF,water
AC1_40000000000_@6@4@air,22439#225967#433739,AC1,air
GYR_40000000000_@6@4@air,24408#245798#471804,GYR,air
CTB_40000000000_@6@4@air,56077#564718#1083964,CTB,air
CTR_40000000000_@6@4@air,55440#558305#1071653,CTR,air
CV1_40000000000_@6@4@air,31005#312230#599319,CV1,air
VRY_40000000000_@6@4@air,31200#314200#603100,VRY,air
SMG_40000000000_@6@4@air,52711#530819#1018895,SMG,air
AC1_40000000000_@6@4@water,9731#345794#620310#889942#1203536,AC1,water
GYR_40000000000_@6@4@water,10596#376562#675505#969128#1310625,GYR,water
CTB_40000000000_@6@4@water,24334#864775#1551299#2225606#3009855,CTB,water
CTR_40000000000_@6@4@water,24160#858571#1540169#2209638#2988261,CTR,water
CV1_40000000000_@6@4@water,13439#477571#856702#1229087#1662187,CV1,water
VRY_40000000000_@6@4@water,13582#482655#865823#1242173#1679884,VRY,water
PRS_40000000000_@6@4@water,498#17698#31748#45548#61598,PRS,water
SMG_40000000000_@6@4@water,22867#812620#1457738#2091378#2828328,SMG,water
WTF_40000000000_@6@4@water,498#17698#31748#45548#61598,WTF,water
AC1_40000000000_@6@5@air,45238#248769#455825,AC1,air
GYR_40000000000_@6@5@air,48880#268797#492523,GYR,air
CTB_40000000000_@6@5@air,112774#620164#1136340,CTB,air
CTR_40000000000_@6@5@air,111616#613799#1124677,CTR,air
CV1_40000000000_@6@5@air,62233#342232#627079,CV1,air
VRY_40000000000_@6@5@air,62900#345900#633800,VRY,air
SMG_40000000000_@6@5@air,105952#582651#1067604,SMG,air
AC1_40000000000_@6@5@water,12330#261863#558366#847040#1142565,AC1,water
GYR_40000000000_@6@5@water,13408#284752#607173#921081#1242438,GYR,water
CTB_40000000000_@6@5@water,30794#654006#1394528#2115498#2853576,CTB,water
CTR_40000000000_@6@5@water,30550#648809#1383446#2098687#2830899,CTR,water
CV1_40000000000_@6@5@water,16577#360783#769780#1167978#1575625,CV1,water
VRY_40000000000_@6@5@water,17186#364979#778239#1180588#1592484,VRY,water
PRS_40000000000_@6@5@water,630#13380#28530#43281#58380,PRS,water
SMG_40000000000_@6@5@water,28950#614827#1310986#1988765#2682627,SMG,water
WTF_40000000000_@6@5@water,631#13382#28534#43285#58387,WTF,water
AC1_40000000001_@1@1@air,11528#189797#377195,AC1,air
GYR_40000000001_@1@1@air,12508#205937#409271,GYR,air
CTB_40000000001_@1@1@air,27947#472226#939256,CTB,air
CTR_40000000001_@1@1@air,28515#469501#933069,CTR,air
CV1_40000000001_@1@1@air,15434#260793#518717,CV1,air
VRY_40000000001_@1@1@air,15600#263600#524300,VRY,air
SMG_40000000001_@1@1@air,25695#434169#863562,SMG,air
AC1_40000000001_@1@1@water,8451#256479#495683#726065#967230,AC1,water
GYR_40000000001_@1@1@water,9173#278400#538049#788122#1049899,GYR,water
CTB_40000000001_@1@1@water,21071#639494#1235918#1810342#2411655,CTB,water
CTR_40000000001_@1@1@water,20899#634279#1225839#1795579#2391988,CTR,water
CV1_40000000001_@1@1@water,11630#352969#682166#999220#1331115,CV1,water
VRY_40000000001_@1@1@water,11758#356831#689630#1010153#1345679,VRY,water
PRS_40000000001_@1@1@water,431#13081#25281#37032#49331,PRS,water
SMG_40000000001_@1@1@water,19371#587897#1136199#1664277#2217074,SMG,water
WTF_40000000001_@1@1@water,431#13081#25281#37032#49331,WTF,water
AC1_40000000001_@1@2@air,41153#237191#416139,AC1,air
GYR_40000000001_@1@2@air,44704#257655#452041,GYR,air
CTB_40000000001_@1@2@air,101886#590724#1036945,CTB,air
CTR_40000000001_@1@2@air,101281#587211#1030779,CTR,air
CV1_40000000001_@1@2@air,56244#326092#572416,CV1,air
VRY_40000000001_@1@2@air,56900#329900#579101,VRY,air
SMG_40000000001_@1@2@air,93934#544616#956008,SMG,air
AC1_40000000001_@1@2@water,18873#277299#489717#730522#991884,AC1,water
GYR_40000000001_@1@2@water,20241#301756#533154#795476#1080191,GYR,water
CTB_40000000001_@1@2@water,46334#690779#1220493#1820998#2472767,CTB,water
CTR_40000000001_@1@2@water,45974#685417#1211020#1806865#2453574,CTR,water
CV1_40000000001_@1@2@water,25637#382206#675296#1007554#1368176,CV1,water
VRY_40000000001_@1@2@water,25889#385972#681948#1017480#1381654,VRY,water
PRS_40000000001_@1@2@water,964#14165#25014#37314#50664,PRS,water
SMG_40000000001_@1@2@water,42634#635620#1123037#1675593#2275317,SMG,water
WTF_40000000001_@1@2@water,950#14150#25000#37300#50650,WTF,water
AC1_40000000001_@1@3@air,15941#186840#376551,AC1,air
GYR_40000000001_@1@3@air,17329#203100#409323,GYR,air
CTB_40000000001_@1@3@air,39807#466564#940300,CTB,air
CTR_40000000001_@1@3@air,39432#462167#931439,CTR,air
CV1_40000000001_@1@3@air,22004#257893#519751,CV1,air
VRY_40000000001_@1@3@air,22200#260200#524400,VRY,air
SMG_40000000001_@1@3@air,36576#428695#863979,SMG,air
AC1_40000000001_@1@3@water,32436#274189#523772#750844#976936,AC1,water
GYR_40000000001_@1@3@water,35258#298042#569337#816163#1061924,GYR,water
CTB_40000000001_@1@3@water,80943#684222#1307041#1873684#2437885,CTB,water
CTR_40000000001_@1@3@water,80314#678909#1296893#1859136#2418956,CTR,water
CV1_40000000001_@1@3@water,44709#377934#721951#1034939#1346578,CV1,water
VRY_40000000001_@1@3@water,45156#381712#729168#1045284#1360039,VRY,water
PRS_40000000001_@1@3@water,1657#14007#26758#38357#49907,PRS,water
SMG_40000000001_@1@3@water,74457#629402#1202321#1723565#2242561,SMG,water
WTF_40000000001_@1@3@water,1657#14007#26758#38357#49907,WTF,water
AC1_40000000001_@1@4@air,35494#206148#411650,AC1,air
GYR_40000000001_@1@4@air,38556#223933#447165,GYR,air
CTB_40000000001_@1@4@air,88751#515472#1029329,CTB,air
CTR_40000000001_@1@4@air,87793#509906#1018216,CTR,air
CV1_40000000001_@1@4@air,48847#283706#566524,CV1,air
VRY_40000000001_@1@4@air,49500#287500#574100,VRY,air
SMG_40000000001_@1@4@air,81818#475200#948913,SMG,air
AC1_40000000001_@1@4@water,44413#327979#555810#771906#1042761,AC1,water
GYR_40000000001_@1@4@water,48323#356854#604743#839865#1134566,GYR,water
CTB_40000000001_@1@4@water,110949#819336#1388488#1928328#2604960,CTB,water
CTR_40000000001_@1@4@water,110058#812758#1377342#1912848#2584048,CTR,water
CV1_40000000001_@1@4@water,61226#452145#766228#1064135#1437530,CV1,water
VRY_40000000001_@1@4@water,61936#457386#775109#1076468#1454191,VRY,water
PRS_40000000001_@1@4@water,2271#16772#28421#39471#53322,PRS,water
SMG_40000000001_@1@4@water,102031#753484#1276892#1773344#2395593,SMG,water
WTF_40000000001_@1@4@water,2271#16772#28421#39471#53322,WTF,water
AC1_40000000001_@1@5@air,33928#233331#394145,AC1,air
GYR_40000000001_@1@5@air,36904#253799#428720,GYR,air
CTB_40000000001_@1@5@air,84769#582982#984779,CTB,air
CTR_40000000001_@1@5@air,84039#577967#976307,CTR,air
CV1_40000000001_@1@5@air,46726#321346#542821,CV1,air
VRY_40000000001_@1@5@air,47300#325300#549500,VRY,air
SMG_40000000001_@1@5@air,77894#535705#904917,SMG,air
AC1_40000000001_@1@5@water,32943#300944#527864#761631#976814,AC1,water
GYR_40000000001_@1@5@water,35873#327706#574806#829362#1063681,GYR,water
CTB_40000000001_@1@5@water,82295#751794#1318668#1902647#2440200,CTB,water
CTR_40000000001_@1@5@water,81635#745762#1308089#1887383#2420624,CTR,water
CV1_40000000001_@1@5@water,45428#414994#727912#1050272#1347004,CV1,water
VRY_40000000001_@1@5@water,45906#419365#735578#1061332#1361189,VRY,water
PRS_40000000001_@1@5@water,1685#15384#26984#38934#49934,PRS,water
SMG_40000000001_@1@5@water,75536#690048#1210364#1746380#2239784,SMG,water
WTF_40000000001_@1@5@water,1685#15384#26984#38934#49934,WTF,water
AC1_40000000001_@2@1@air,27659#198636#404886,AC1,air
GYR_40000000001_@2@1@air,29997#215430#439118,GYR,air
CTB_40000000001_@2@1@air,68889#494749#1008464,CTB,air
CTR_40000000001_@2@1@air,229959#586310#1016178,CTR,air
CV1_40000000001_@2@1@air,38133#273859#558215,CV1,air
VRY_40000000001_@2@1@air,38500#276500#563600,VRY,air
SMG_40000000001_@2@1@air,63203#453912#925225,SMG,air
AC1_40000000001_@2@1@water,12093#295298#517746#716675#964602,AC1,water
GYR_40000000001_@2@1@water,13140#320862#562568#778719#1048109,GYR,water
CTB_40000000001_@2@1@water,30156#736398#1291128#1787208#2405476,CTB,water
CTR_40000000001_@2@1@water,29914#730483#1280757#1772852#2386152,CTR,water
CV1_40000000001_@2@1@water,16655#406688#713047#987015#1328463,CV1,water
VRY_40000000001_@2@1@water,16834#411073#720735#997657#1342787,VRY,water
PRS_40000000001_@2@1@water,617#15067#26417#36567#49217,PRS,water
SMG_40000000001_@2@1@water,27759#677859#1188492#1645137#2214255,SMG,water
WTF_40000000001_@2@1@water,618#15069#26421#36572#49224,WTF,water
AC1_40000000001_@2@2@air,32072#224632#397290,AC1,air
GYR_40000000001_@2@2@air,34815#243845#431270,GYR,air
CTB_40000000001_@2@2@air,79246#559741#990573,CTB,air
CTR_40000000001_@2@2@air,79394#556085#983506,CTR,air
CV1_40000000001_@2@2@air,43792#309312#547389,CV1,air
VRY_40000000001_@2@2@air,44200#312200#552500,VRY,air
SMG_40000000001_@2@2@air,72963#515361#912034,SMG,air
AC1_40000000001_@2@2@water,6354#255395#501494#738769#963298,AC1,water
GYR_40000000001_@2@2@water,6898#277277#544462#802067#1045833,GYR,water
CTB_40000000001_@2@2@water,15832#636385#1249609#1840845#2400321,CTB,water
CTR_40000000001_@2@2@water,15709#631441#1239900#1826542#2381670,CTR,water
CV1_40000000001_@2@2@water,8745#351526#690258#1016845#1325887,CV1,water
VRY_40000000001_@2@2@water,8849#355670#698394#1028830#1341515,VRY,water
PRS_40000000001_@2@2@water,324#13024#25574#37674#49124,PRS,water
SMG_40000000001_@2@2@water,14576#585918#1150512#1694861#2209968,SMG,water
WTF_40000000001_@2@2@water,324#13024#25574#37674#49124,WTF,water
AC1_40000000001_@2@3@air,24345#198846#393814,AC1,air
GYR_40000000001_@2@3@air,26463#216150#428084,GYR,air
CTB_40000000001_@2@3@air,60665#495515#981367,CTB,air
CTR_40000000001_@2@3@air,60060#490574#971581,CTR,air
CV1_40000000001_@2@3@air,33452#273239#541150,CV1,air
VRY_40000000001_@2@3@air,33900#276901#548400,VRY,air
SMG_40000000001_@2@3@air,55851#456192#903487,SMG,air
AC1_40000000001_@2@3@water,19933#282561#509911#733341#971470,AC1,water
GYR_40000000001_@2@3@water,21661#307065#554131#796937#1055717,GYR,water
CTB_40000000001_@2@3@water,49653#703881#1270228#1826810#2420009,CTB,water
CTR_40000000001_@2@3@water,49267#698406#1260347#1812600#2401185,CTR,water
CV1_40000000001_@2@3@water,27422#388726#701497#1008876#1336476,CV1,water
VRY_40000000001_@2@3@water,27710#392817#708879#1019491#1350539,VRY,water
PRS_40000000001_@2@3@water,1017#14418#26017#37417#49567,PRS,water
SMG_40000000001_@2@3@water,45772#648862#1170940#1684017#2230849,SMG,water
WTF_40000000001_@2@3@water,1017#14418#26017#37417#49567,WTF,water
AC1_40000000001_@2@4@air,70046#237780#422576,AC1,air
GYR_40000000001_@2@4@air,75962#257863#458267,GYR,air
CTB_40000000001_@2@4@air,174147#591169#1050608,CTB,air
CTR_40000000001_@2@4@air,172969#587169#1043500,CTR,air
CV1_40000000001_@2@4@air,96263#326780#580744,CV1,air
VRY_40000000001_@2@4@air,97300#330300#587000,VRY,air
SMG_40000000001_@2@4@air,160437#544628#967897,SMG,air
AC1_40000000001_@2@4@water,27228#287754#510082#771588#996854,AC1,water
GYR_40000000001_@2@4@water,29606#312877#554617#838953#1083888,GYR,water
CTB_40000000001_@2@4@water,67863#717195#1271324#1923097#2484549,CTB,water
CTR_40000000001_@2@4@water,67346#711729#1261635#1908441#2465614,CTR,water
CV1_40000000001_@2@4@water,37488#396180#702281#1062322#1372469,CV1,water
VRY_40000000001_@2@4@water,37854#400050#709142#1072699#1385876,VRY,water
PRS_40000000001_@2@4@water,1390#14690#26040#39390#50890,PRS,water
SMG_40000000001_@2@4@water,62472#660217#1170323#1770315#2287163,SMG,water
WTF_40000000001_@2@4@water,1390#14690#26040#39390#50890,WTF,water
AC1_40000000001_@2@5@air,24927#213309#398610,AC1,air
GYR_40000000001_@2@5@air,27151#232339#434173,GYR,air
CTB_40000000001_@2@5@air,62244#532649#995364,CTB,air
CTR_40000000001_@2@5@air,61699#527984#986645,CTR,air
CV1_40000000001_@2@5@air,34341#293871#549158,CV1,air
VRY_40000000001_@2@5@air,34800#297800#556500,VRY,air
SMG_40000000001_@2@5@air,57423#491388#918258,SMG,air
AC1_40000000001_@2@5@water,29325#317277#528833#767814#1005815,AC1,water
GYR_40000000001_@2@5@water,31911#345255#575468#835523#1094512,GYR,water
CTB_40000000001_@2@5@water,73097#790878#1318227#1913936#2507204,CTB,water
CTR_40000000001_@2@5@water,72511#784533#1307652#1898582#2487090,CTR,water
CV1_40000000001_@2@5@water,40366#436741#727955#1056919#1384535,CV1,water
VRY_40000000001_@2@5@water,40849#441968#736668#1069569#1401106,VRY,water
PRS_40000000001_@2@5@water,1497#16197#26997#39198#51347,PRS,water
SMG_40000000001_@2@5@water,67260#727722#1212960#1761098#2306991,SMG,water
WTF_40000000001_@2@5@water,1497#16197#26997#39198#51347,WTF,water
AC1_40000000001_@3@1@air,21029#184666#380814,AC1,air
GYR_40000000001_@3@1@air,22874#200865#414220,GYR,air
CTB_40000000001_@3@1@air,52513#461145#950966,CTB,air
CTR_40000000001_@3@1@air,52094#457462#943370,CTR,air
CV1_40000000001_@3@1@air,29008#254730#525300,CV1,air
VRY_40000000001_@3@1@air,29300#257300#530600,VRY,air
SMG_40000000001_@3@1@air,48214#423394#873117,SMG,air
AC1_40000000001_@3@1@water,40308#310590#570100#781625#1012735,AC1,water
GYR_40000000001_@3@1@water,43851#337890#620209#850327#1101751,GYR,water
CTB_40000000001_@3@1@water,100573#774966#1422480#1950266#2526921,CTB,water
CTR_40000000001_@3@1@water,99818#769151#1411808#1935634#2507962,CTR,water
CV1_40000000001_@3@1@water,55543#427986#785586#1077063#1395529,CV1,water
VRY_40000000001_@3@1@water,56232#433298#795335#1090430#1412848,VRY,water
PRS_40000000001_@3@1@water,2058#15858#29109#39908#51708,PRS,water
SMG_40000000001_@3@1@water,92584#713405#1309483#1795343#2326190,SMG,water
WTF_40000000001_@3@1@water,2058#15858#29109#39908#51708,WTF,water
AC1_40000000001_@3@2@air,43845#210496#414126,AC1,air
GYR_40000000001_@3@2@air,47791#229442#451399,GYR,air
CTB_40000000001_@3@2@air,109714#526731#1036280,CTB,air
CTR_40000000001_@3@2@air,108827#522474#1027905,CTR,air
CV1_40000000001_@3@2@air,60387#289915#570373,CV1,air
VRY_40000000001_@3@2@air,61300#294300#579000,VRY,air
SMG_40000000001_@3@2@air,100531#482644#949544,SMG,air
AC1_40000000001_@3@2@water,44971#308291#522667#750747#996447,AC1,water
GYR_40000000001_@3@2@water,48539#334742#567748#815650#1082702,GYR,water
CTB_40000000001_@3@2@water,111399#768255#1303018#1871967#2484870,CTB,water
CTR_40000000001_@3@2@water,110576#762578#1293391#1858136#2466510,CTR,water
CV1_40000000001_@3@2@water,61562#424557#720081#1034496#1373201,CV1,water
VRY_40000000001_@3@2@water,62310#429714#728828#1047063#1389883,VRY,water
PRS_40000000001_@3@2@water,2297#15747#26697#38347#50897,PRS,water
SMG_40000000001_@3@2@water,102511#706958#1199054#1722608#2286609,SMG,water
WTF_40000000001_@3@2@water,2298#15748#26698#38348#50898,WTF,water
AC1_40000000001_@3@3@air,18045#177720#374057,AC1,air
GYR_40000000001_@3@3@air,19697#193992#408305,GYR,air
CTB_40000000001_@3@3@air,45087#444072#934661,CTB,air
CTR_40000000001_@3@3@air,44727#440522#927189,CTR,air
CV1_40000000001_@3@3@air,24889#245137#515952,CV1,air
VRY_40000000001_@3@3@air,25200#248200#522401,VRY,air
SMG_40000000001_@3@3@air,41427#408023#858789,SMG,air
AC1_40000000001_@3@3@water,19898#282061#498248#730086#975620,AC1,water
GYR_40000000001_@3@3@water,21643#306808#541963#794143#1061220,GYR,water
CTB_40000000001_@3@3@water,49699#704530#1244522#1823608#2436901,CTB,water
CTR_40000000001_@3@3@water,49301#698879#1234539#1808980#2417354,CTR,water
CV1_40000000001_@3@3@water,27432#388870#686921#1006550#1345061,CV1,water
VRY_40000000001_@3@3@water,27751#393394#694912#1018260#1360709,VRY,water
PRS_40000000001_@3@3@water,1017#14417#25467#37317#49867,PRS,water
SMG_40000000001_@3@3@water,45700#647832#1144367#1676849#2240787,SMG,water
WTF_40000000001_@3@3@water,1017#14417#25467#37317#49867,WTF,water
AC1_40000000001_@3@4@air,36211#195796#423723,AC1,air
GYR_40000000001_@3@4@air,39523#213703#462476,GYR,air
CTB_40000000001_@3@4@air,90732#490598#1061706,CTB,air
CTR_40000000001_@3@4@air,90007#486678#1053224,CTR,air
CV1_40000000001_@3@4@air,50114#270972#586412,CV1,air
VRY_40000000001_@3@4@air,50600#273600#592100,VRY,air
SMG_40000000001_@3@4@air,83476#451361#976794,SMG,air
AC1_40000000001_@3@4@water,31923#272661#503614#757074#992920,AC1,water
GYR_40000000001_@3@4@water,34711#296477#547601#823200#1079645,GYR,water
CTB_40000000001_@3@4@water,79736#681056#1257932#1891028#2480126,CTB,water
CTR_40000000001_@3@4@water,79064#675315#1247328#1875087#2459219,CTR,water
CV1_40000000001_@3@4@water,43624#375653#694185#1043760#1369040,CV1,water
VRY_40000000001_@3@4@water,44126#379977#702175#1055774#1384798,VRY,water
PRS_40000000001_@3@4@water,1631#13931#25731#38681#50732,PRS,water
SMG_40000000001_@3@4@water,72627#625403#1155708#1737696#2279237,SMG,water
WTF_40000000001_@3@4@water,1631#13931#25731#38681#50732,WTF,water
AC1_40000000001_@3@5@air,14210#213715#402025,AC1,air
GYR_40000000001_@3@5@air,15431#232086#436583,GYR,air
CTB_40000000001_@3@5@air,35524#534282#1005052,CTB,air
CTR_40000000001_@3@5@air,35165#528890#994909,CTR,air
CV1_40000000001_@3@5@air,19592#294659#554291,CV1,air
VRY_40000000001_@3@5@air,19800#297801#560200,VRY,air
SMG_40000000001_@3@5@air,32570#489863#921494,SMG,air
AC1_40000000001_@3@5@water,14697#263232#514703#732905#1004924,AC1,water
GYR_40000000001_@3@5@water,15981#286224#559659#796920#1092698,GYR,water
CTB_40000000001_@3@5@water,36715#657589#1285797#1830895#2510435,CTB,water
CTR_40000000001_@3@5@water,36411#652136#1275134#1815712#2489616,CTR,water
CV1_40000000001_@3@5@water,20274#363119#710013#1011014#1386253,CV1,water
VRY_40000000001_@3@5@water,20512#367378#718340#1022872#1402512,VRY,water
PRS_40000000001_@3@5@water,751#13451#26301#37451#51351,PRS,water
SMG_40000000001_@3@5@water,33765#604756#1182491#1683794#2308736,SMG,water
WTF_40000000001_@3@5@water,751#13451#26301#37451#51351,WTF,water
AC1_40000000010_@1@1@air,40603#222416#422769,AC1,air
GYR_40000000010_@1@1@air,44106#241605#459244,GYR,air
CTB_40000000010_@1@1@air,101254#554655#1054292,CTB,air
CTR_40000000010_@1@1@air,100509#550575#1046536,CTR,air
CV1_40000000010_@1@1@air,55909#306262#582144,CV1,air
VRY_40000000010_@1@1@air,56500#309500#588300,VRY,air
SMG_40000000010_@1@1@air,93281#510978#971270,SMG,air
AC1_40000000010_@1@1@water,31428#271449#486977#744632#978774,AC1,water
GYR_40000000010_@1@1@water,34200#295386#529920#810295#1065084,GYR,water
CTB_40000000010_@1@1@water,78342#676651#1213909#1856175#2439832,CTB,water
CTR_40000000010_@1@1@water,76245#669987#1203142#1840506#2419707,CTR,water
CV1_40000000010_@1@1@water,42844#373336#670103#1024876#1347274,CV1,water
VRY_40000000010_@1@1@water,43255#376921#676540#1034720#1360214,VRY,water
PRS_40000000010_@1@1@water,1604#13854#24854#38005#49954,PRS,water
SMG_40000000010_@1@1@water,71380#621996#1116427#1707496#2244628,SMG,water
WTF_40000000010_@1@1@water,1604#13854#24854#38005#49954,WTF,water
AC1_40000000010_@1@2@air,23137#194150#390885,AC1,air
GYR_40000000010_@1@2@air,25154#211069#424951,GYR,air
CTB_40000000010_@1@2@air,57736#484476#975407,CTB,air
CTR_40000000010_@1@2@air,57464#482195#970813,CTR,air
CV1_40000000010_@1@2@air,31876#267476#538514,CV1,air
VRY_40000000010_@1@2@air,32200#270200#544000,VRY,air
SMG_40000000010_@1@2@air,53087#445467#896869,SMG,air
AC1_40000000010_@1@2@water,27225#266985#495002#735740#983329,AC1,water
GYR_40000000010_@1@2@water,29610#290372#538362#800189#1069465,GYR,water
CTB_40000000010_@1@2@water,67985#666696#1236082#1837237#2455498,CTB,water
CTR_40000000010_@1@2@water,67457#661525#1226495#1822988#2436454,CTR,water
CV1_40000000010_@1@2@water,37536#368101#682474#1014387#1355745,CV1,water
VRY_40000000010_@1@2@water,37922#371886#689493#1024820#1369689,VRY,water
PRS_40000000010_@1@2@water,1391#13641#25291#37591#50241,PRS,water
SMG_40000000010_@1@2@water,62522#613122#1136754#1689602#2258181,SMG,water
WTF_40000000010_@1@2@water,1391#13641#25291#37591#50241,WTF,water
AC1_40000000010_@1@3@air,31915#256395#435333,AC1,air
GYR_40000000010_@1@3@air,34667#278503#472871,GYR,air
CTB_40000000010_@1@3@air,79528#638897#1084785,CTB,air
CTR_40000000010_@1@3@air,79218#636411#1080564,CTR,air
CV1_40000000010_@1@3@air,43993#353420#600072,CV1,air
VRY_40000000010_@1@3@air,44500#357500#607001,VRY,air
SMG_40000000010_@1@3@air,73325#589067#1000178,SMG,air
AC1_40000000010_@1@3@water,24104#279626#501861#740740#967871,AC1,water
GYR_40000000010_@1@3@water,26194#303872#545377#804969#1051793,GYR,water
CTB_40000000010_@1@3@water,60140#697690#1252188#1848212#2414923,CTB,water
CTR_40000000010_@1@3@water,59666#692184#1242305#1833625#2395863,CTR,water
CV1_40000000010_@1@3@water,33200#385150#691253#1020279#1333124,CV1,water
VRY_40000000010_@1@3@water,33533#389013#698186#1030513#1346496,VRY,water
PRS_40000000010_@1@3@water,1231#14281#25631#37831#49431,PRS,water
SMG_40000000010_@1@3@water,55283#641339#1151050#1698934#2219873,SMG,water
WTF_40000000010_@1@3@water,1231#14281#25631#37831#49431,WTF,water
AC1_40000000010_@1@4@air,28070#224051#402158,AC1,air
GYR_40000000010_@1@4@air,30537#243744#437505,GYR,air
CTB_40000000010_@1@4@air,70041#559068#1003492,CTB,air
CTR_40000000010_@1@4@air,69526#554960#996117,CTR,air
CV1_40000000010_@1@4@air,38630#308347#553463,CV1,air
VRY_40000000010_@1@4@air,39100#312100#560200,VRY,air
SMG_40000000010_@1@4@air,64534#515110#924590,SMG,air
AC1_40000000010_@1@4@water,22021#271805#490244#732192#984916,AC1,water
GYR_40000000010_@1@4@water,23907#295093#532248#794926#1069302,GYR,water
CTB_40000000010_@1@4@water,54920#677901#1222703#1826139#2456449,CTB,water
CTR_40000000010_@1@4@water,54502#672735#1213386#1812224#2437731,CTR,water
CV1_40000000010_@1@4@water,29924#373937#674780#1008001#1356062,CV1,water
VRY_40000000010_@1@4@water,30625#378015#681810#1018301#1369777,VRY,water
PRS_40000000010_@1@4@water,1124#13874#25024#37374#50274,PRS,water
SMG_40000000010_@1@4@water,50449#622701#1123142#1677442#2256427,SMG,water
WTF_40000000010_@1@4@water,1124#13871#25018#37364#50261,WTF,water
AC1_40000000010_@1@5@air,23660#197877#390162,AC1,air
GYR_40000000010_@1@5@air,25839#216105#426102,GYR,air
CTB_40000000010_@1@5@air,59156#494754#975525,CTB,air
CTR_40000000010_@1@5@air,58766#491494#969097,CTR,air
CV1_40000000010_@1@5@air,32707#273545#539359,CV1,air
VRY_40000000010_@1@5@air,33001#276000#544200,VRY,air
SMG_40000000010_@1@5@air,54321#454321#895802,SMG,air
AC1_40000000010_@1@5@water,34531#321307#550336#791110#1040693,AC1,water
GYR_40000000010_@1@5@water,37557#349467#598569#860445#1131902,GYR,water
CTB_40000000010_@1@5@water,86232#802382#1374325#1975598#2598869,CTB,water
CTR_40000000010_@1@5@water,85582#796333#1363964#1960705#2579277,CTR,water
CV1_40000000010_@1@5@water,47209#442857#758835#1091017#1435353,CV1,water
VRY_40000000010_@1@5@water,47672#447203#766282#1101724#1449438,VRY,water
PRS_40000000010_@1@5@water,1764#16415#28114#40415#53164,PRS,water
SMG_40000000010_@1@5@water,78562#736974#1262805#1815601#2388622,SMG,water
WTF_40000000010_@1@5@water,1764#16415#28114#40415#53164,WTF,water
AC1_40000000010_@2@1@air,45623#239393#438297,AC1,air
GYR_40000000010_@2@1@air,49257#258458#473202,GYR,air
CTB_40000000010_@2@1@air,113151#593727#1087034,CTB,air
CTR_40000000010_@2@1@air,112617#590925#1081904,CTR,air
CV1_40000000010_@2@1@air,62472#327803#600164,CV1,air
VRY_40000000010_@2@1@air,63100#331100#606200,VRY,air
SMG_40000000010_@2@1@air,104254#547041#1001559,SMG,air
AC1_40000000010_@2@1@water,51875#288290#492333#746406#996555,AC1,water
GYR_40000000010_@2@1@water,56307#312922#534399#810180#1081702,GYR,water
CTB_40000000010_@2@1@water,129139#717688#1225647#1858153#2480891,CTB,water
CTR_40000000010_@2@1@water,128190#712410#1216633#1844488#2462646,CTR,water
CV1_40000000010_@2@1@water,70874#395844#676315#1025556#1369403,CV1,water
VRY_40000000010_@2@1@water,71616#399987#683394#1036290#1383736,VRY,water
PRS_40000000010_@2@1@water,2644#14695#25094#38044#50794,PRS,water
SMG_40000000010_@2@1@water,118142#659844#1127370#1709530#2282700,SMG,water
WTF_40000000010_@2@1@water,2644#14695#25094#38044#50794,WTF,water
AC1_40000000010_@2@2@air,11216#193109#376224,AC1,air
GYR_40000000010_@2@2@air,12208#210191#409505,GYR,air
CTB_40000000010_@2@2@air,27950#481229#937555,CTB,air
CTR_40000000010_@2@2@air,27746#477718#930714,CTR,air
CV1_40000000010_@2@2@air,15439#265824#517891,CV1,air
VRY_40000000010_@2@2@air,15600#268600#523300,VRY,air
SMG_40000000010_@2@2@air,25733#443055#863182,SMG,air
AC1_40000000010_@2@2@water,42378#328292#554477#774787#1014680,AC1,water
GYR_40000000010_@2@2@water,46116#357244#603376#843115#1104164,GYR,water
CTB_40000000010_@2@2@water,105839#819905#1384800#1935022#2534152,CTB,water
CTR_40000000010_@2@2@water,104988#813314#1373669#1919468#2513783,CTR,water
CV1_40000000010_@2@2@water,58463#452899#764935#1068867#1399814,CV1,water
VRY_40000000010_@2@2@water,59025#457247#772279#1079129#1413254,VRY,water
PRS_40000000010_@2@2@water,2164#16764#28314#39564#51814,PRS,water
SMG_40000000010_@2@2@water,97226#753183#1272108#1777554#2327929,SMG,water
WTF_40000000010_@2@2@water,2164#16764#28314#39564#51814,WTF,water
AC1_40000000010_@2@3@air,13508#198880#407244,AC1,air
GYR_40000000010_@2@3@air,14680#216128#442561,GYR,air
CTB_40000000010_@2@3@air,33699#496163#1015987,CTB,air
CTR_40000000010_@2@3@air,33449#492474#1008433,CTR,air
CV1_40000000010_@2@3@air,18603#273898#560857,CV1,air
VRY_40000000010_@2@3@air,18800#276800#566800,VRY,air
SMG_40000000010_@2@3@air,31006#456511#934792,SMG,air
AC1_40000000010_@2@3@water,44468#282369#512439#766005#1020550,AC1,water
GYR_40000000010_@2@3@water,48336#306936#557022#832649#1109339,GYR,water
CTB_40000000010_@2@3@water,110980#704727#1278928#1911770#2547055,CTB,water
CTR_40000000010_@2@3@water,110105#699170#1268841#1896693#2526968,CTR,water
CV1_40000000010_@2@3@water,61246#388912#705791#1055032#1405621,CV1,water
VRY_40000000010_@2@3@water,61908#393118#713423#1066441#1420821,VRY,water
PRS_40000000010_@2@3@water,2271#14421#26171#39121#52121,PRS,water
SMG_40000000010_@2@3@water,102034#647921#1175837#1757667#2341744,SMG,water
WTF_40000000010_@2@3@water,2271#14416#26161#39106#52100,WTF,water
AC1_40000000010_@2@4@air,9419#187723#391191,AC1,air
GYR_40000000010_@2@4@air,10225#203779#424649,GYR,air
CTB_40000000010_@2@4@air,23455#467477#974164,CTB,air
CTR_40000000010_@2@4@air,23315#464695#968366,CTR,air
CV1_40000000010_@2@4@air,12949#258078#537802,CV1,air
VRY_40000000010_@2@4@air,13100#261100#544100,VRY,air
SMG_40000000010_@2@4@air,21581#430124#896324,SMG,air
AC1_40000000010_@2@4@water,37155#295688#522884#761831#1000778,AC1,water
GYR_40000000010_@2@4@water,40378#321343#568251#827930#1087609,GYR,water
CTB_40000000010_@2@4@water,92630#737182#1303607#1899329#2495052,CTB,water
CTR_40000000010_@2@4@water,91910#731447#1293464#1884551#2475638,CTR,water
CV1_40000000010_@2@4@water,50775#407080#720196#1049508#1378820,CV1,water
VRY_40000000010_@2@4@water,51700#411446#727586#1060078#1392571,VRY,water
PRS_40000000010_@2@4@water,1897#15097#26697#38897#51098,PRS,water
SMG_40000000010_@2@4@water,85221#678212#1199326#1747393#2295461,SMG,water
WTF_40000000010_@2@4@water,1897#15097#26697#38897#51098,WTF,water
AC1_40000000010_@2@5@air,50972#243642#435881,AC1,air
GYR_40000000010_@2@5@air,55408#264845#473813,GYR,air
CTB_40000000010_@2@5@air,127207#608045#1087807,CTB,air
CTR_40000000010_@2@5@air,124933#602867#1079730,CTR,air
CV1_40000000010_@2@5@air,70156#335340#599930,CV1,air
VRY_40000000010_@2@5@air,70900#338900#606300,VRY,air
SMG_40000000010_@2@5@air,116870#558631#999404,SMG,air
AC1_40000000010_@2@5@water,25145#297351#506890#766366#999406,AC1,water
GYR_40000000010_@2@5@water,27352#323444#551371#833617#1087105,GYR,water
CTB_40000000010_@2@5@water,62777#742364#1265500#1913308#2495112,CTB,water
CTR_40000000010_@2@5@water,62295#736667#1255788#1898624#2475964,CTR,water
CV1_40000000010_@2@5@water,34653#409785#698555#1056145#1377301,CV1,water
VRY_40000000010_@2@5@water,35024#414176#706041#1067463#1392060,VRY,water
PRS_40000000010_@2@5@water,1284#15184#25884#39134#51034,PRS,water
SMG_40000000010_@2@5@water,57746#682874#1164088#1759983#2295165,SMG,water
WTF_40000000010_@2@5@water,1284#15184#25884#39134#51034,WTF,water
AC1_40000000010_@3@1@air,29343#210681#406426,AC1,air
GYR_40000000010_@3@1@air,31895#229005#441776,GYR,air
CTB_40000000010_@3@1@air,73171#525375#1013506,CTB,air
CTR_40000000010_@3@1@air,72578#521120#1005296,CTR,air
CV1_40000000010_@3@1@air,40119#290738#561268,CV1,air
VRY_40000000010_@3@1@air,40500#293500#566600,VRY,air
SMG_40000000010_@3@1@air,66602#482657#931765,SMG,air
AC1_40000000010_@3@1@water,20479#254877#477507#739367#974747,AC1,water
GYR_40000000010_@3@1@water,22234#276726#518439#802746#1058302,GYR,water
CTB_40000000010_@3@1@water,51005#634817#1189317#1841527#2427782,CTB,water
CTR_40000000010_@3@1@water,50589#629645#1179626#1826521#2408000,CTR,water
CV1_40000000010_@3@1@water,28197#350944#657485#1018043#1342140,CV1,water
VRY_40000000010_@3@1@water,28467#354302#663778#1027787#1354986,VRY,water
PRS_40000000010_@3@1@water,1044#12994#24344#37694#49694,PRS,water
SMG_40000000010_@3@1@water,46913#583895#1093915#1693807#2233035,SMG,water
WTF_40000000010_@3@1@water,1045#12996#24348#37699#49701,WTF,water
AC1_40000000010_@3@2@air,23563#194018#387820,AC1,air
GYR_40000000010_@3@2@air,25669#211360#422485,GYR,air
CTB_40000000010_@3@2@air,58999#485799#971059,CTB,air
CTR_40000000010_@3@2@air,58405#480910#961286,CTR,air
CV1_40000000010_@3@2@air,32534#267879#535462,CV1,air
VRY_40000000010_@3@2@air,32900#270900#541501,VRY,air
SMG_40000000010_@3@2@air,54208#446351#892207,SMG,air
AC1_40000000010_@3@2@water,27233#287616#499055#742797#987518,AC1,water
GYR_40000000010_@3@2@water,29631#312941#542997#808201#1074470,GYR,water
CTB_40000000010_@3@2@water,67952#717665#1245251#1853441#2464073,CTB,water
CTR_40000000010_@3@2@water,67440#712260#1235873#1839483#2445517,CTR,water
CV1_40000000010_@3@2@water,37520#396262#687571#1023386#1360549,CV1,water
VRY_40000000010_@3@2@water,37936#400652#695189#1034724#1375623,VRY,water
PRS_40000000010_@3@2@water,1391#14692#25491#37941#50441,PRS,water
SMG_40000000010_@3@2@water,62532#660427#1145935#1705619#2267550,SMG,water
WTF_40000000010_@3@2@water,1391#14692#25491#37941#50441,WTF,water
AC1_40000000010_@3@3@air,35262#253308#409466,AC1,air
GYR_40000000010_@3@3@air,38283#275011#444548,GYR,air
CTB_40000000010_@3@3@air,88112#632964#1023172,CTB,air
CTR_40000000010_@3@3@air,87170#626199#1012237,CTR,air
CV1_40000000010_@3@3@air,48514#348509#563357,CV1,air
VRY_40000000010_@3@3@air,49000#352000#569000,VRY,air
SMG_40000000010_@3@3@air,80849#580786#938827,SMG,air
AC1_40000000010_@3@3@water,39747#283390#507463#770677#1001599,AC1,water
GYR_40000000010_@3@3@water,43276#308551#552519#839102#1090528,GYR,water
CTB_40000000010_@3@3@water,98506#706827#1266287#1923468#2500029,CTB,water
CTR_40000000010_@3@3@water,97689#700965#1255786#1907517#2479297,CTR,water
CV1_40000000010_@3@3@water,54397#390322#699265#1062172#1380558,CV1,water
VRY_40000000010_@3@3@water,54962#394376#706528#1073205#1394898,VRY,water
PRS_40000000010_@3@3@water,2031#14482#25931#39381#51181,PRS,water
SMG_40000000010_@3@3@water,90618#650225#1164883#1769438#2299829,SMG,water
WTF_40000000010_@3@3@water,2031#14482#25931#39381#51181,WTF,water
AC1_40000000010_@3@4@air,16270#183736#381604,AC1,air
GYR_40000000010_@3@4@air,17662#199459#414260,GYR,air
CTB_40000000010_@3@4@air,39819#457733#951517,CTB,air
CTR_40000000010_@3@4@air,39550#454638#945084,CTR,air
CV1_40000000010_@3@4@air,21984#252712#525328,CV1,air
VRY_40000000010_@3@4@air,22200#255200#530500,VRY,air
SMG_40000000010_@3@4@air,36610#420845#874836,SMG,air
AC1_40000000010_@3@4@water,27240#283777#513877#748872#992680,AC1,water
GYR_40000000010_@3@4@water,29627#308638#558897#814480#1079647,GYR,water
CTB_40000000010_@3@4@water,67957#707954#1281997#1868254#2476495,CTB,water
CTR_40000000010_@3@4@water,67403#702180#1271540#1853015#2456295,CTR,water
CV1_40000000010_@3@4@water,37522#390887#707836#1031529#1367360,CV1,water
VRY_40000000010_@3@4@water,37900#394825#714967#1041921#1381136,VRY,water
PRS_40000000010_@3@4@water,1391#14491#26242#38241#50691,PRS,water
SMG_40000000010_@3@4@water,62505#651152#1179136#1718355#2277794,SMG,water
WTF_40000000010_@3@4@water,1391#14491#26242#38241#50691,WTF,water
AC1_40000000010_@3@5@air,16988#209903#402386,AC1,air
GYR_40000000010_@3@5@air,18429#227699#436500,GYR,air
CTB_40000000010_@3@5@air,42450#524503#1005476,CTB,air
CTR_40000000010_@3@5@air,41964#518501#993971,CTR,air
CV1_40000000010_@3@5@air,23375#288820#553671,CV1,air
VRY_40000000010_@3@5@air,23600#291600#559001,VRY,air
SMG_40000000010_@3@5@air,39058#482591#925132,SMG,air
AC1_40000000010_@3@5@water,41346#284208#505526#766995#996147,AC1,water
GYR_40000000010_@3@5@water,44974#309147#549885#834297#1083556,GYR,water
CTB_40000000010_@3@5@water,103119#708839#1260825#1912951#2484476,CTB,water
CTR_40000000010_@3@5@water,102277#703051#1250530#1897331#2464190,CTR,water
CV1_40000000010_@3@5@water,57001#391820#696938#1057408#1373327,CV1,water
VRY_40000000010_@3@5@water,57518#395373#703257#1066996#1385778,VRY,water
PRS_40000000010_@3@5@water,2111#14511#25811#39161#50861,PRS,water
SMG_40000000010_@3@5@water,94834#651887#1159523#1759253#2284859,SMG,water
WTF_40000000010_@3@5@water,2111#14511#25811#39161#50861,WTF,water
AC1_40000001000_@1@1@air,27607#204520#398197,AC1,air
GYR_40000001000_@1@1@air,30253#224120#436357,GYR,air
CTB_40000001000_@1@1@air,69448#514489#1001701,CTB,air
CTR_40000001000_@1@1@air,68890#510354#993651,CTR,air
CV1_40000001000_@1@1@air,38207#283041#551076,CV1,air
VRY_40000001000_@1@1@air,38700#286700#558200,VRY,air
SMG_40000001000_@1@1@air,65274#483562#941486,SMG,air
AC1_40000001000_@1@1@water,14177#273617#489002#741589#971659,AC1,water
GYR_40000001000_@1@1@water,15397#297179#531111#805450#1055332,GYR,water
CTB_40000001000_@1@1@water,35352#682331#1219446#1849335#2423071,CTB,water
CTR_40000001000_@1@1@water,35092#677314#1210479#1835735#2405252,CTR,water
CV1_40000001000_@1@1@water,19149#376977#674042#1022417#1339737,CV1,water
VRY_40000001000_@1@1@water,19361#381156#681513#1033751#1354588,VRY,water
PRS_40000001000_@1@1@water,724#13975#24974#37874#49624,PRS,water
SMG_40000001000_@1@1@water,33220#641172#1145887#1737780#2276907,SMG,water
WTF_40000001000_@1@1@water,724#13975#24974#37874#49624,WTF,water
AC1_40000001000_@1@2@air,47546#222073#376633,AC1,air
GYR_40000001000_@1@2@air,51684#241400#409411,GYR,air
CTB_40000001000_@1@2@air,118750#554644#940671,CTB,air
CTR_40000001000_@1@2@air,117877#550568#933757,CTR,air
CV1_40000001000_@1@2@air,65487#305867#518746,CV1,air
VRY_40000001000_@1@2@air,66200#309200#524400,VRY,air
SMG_40000001000_@1@2@air,111587#521187#883928,SMG,air
AC1_40000001000_@1@2@water,30849#280262#550214#791801#1074468,AC1,water
GYR_40000001000_@1@2@water,33553#304820#598427#861185#1168621,GYR,water
CTB_40000001000_@1@2@water,77003#699565#1373398#1976429#2682000,CTB,water
CTR_40000001000_@1@2@water,76353#693665#1361814#1959758#2659378,CTR,water
CV1_40000001000_@1@2@water,42566#386709#759192#1092538#1482566,CV1,water
VRY_40000001000_@1@2@water,42972#390394#766427#1102949#1496694,VRY,water
PRS_40000001000_@1@2@water,1577#14328#28127#40477#54927,PRS,water
SMG_40000001000_@1@2@water,72398#657728#1291262#1858229#2521603,SMG,water
WTF_40000001000_@1@2@water,1577#14327#28127#40477#54927,WTF,water
AC1_40000001000_@1@3@air,28964#196386#378610,AC1,air
GYR_40000001000_@1@3@air,31081#212575#410116,GYR,air
CTB_40000001000_@1@3@air,71250#487320#940176,CTB,air
CTR_40000001000_@1@3@air,70782#484119#934000,CTR,air
CV1_40000001000_@1@3@air,39590#270779#522407,CV1,air
VRY_40000001000_@1@3@air,39900#272900#526501,VRY,air
SMG_40000001000_@1@3@air,67216#459727#886941,SMG,air
AC1_40000001000_@1@3@water,22525#270084#479482#730955#976556,AC1,water
GYR_40000001000_@1@3@water,24473#293431#520930#794140#1060973,GYR,water
CTB_40000001000_@1@3@water,56187#673698#1196020#1823294#2435924,CTB,water
CTR_40000001000_@1@3@water,55683#667664#1185308#1806965#2414108,CTR,water
CV1_40000001000_@1@3@water,31030#372052#660507#1006921#1345248,CV1,water
VRY_40000001000_@1@3@water,31381#376261#667978#1018311#1360465,VRY,water
PRS_40000001000_@1@3@water,1151#13801#24501#37351#49901,PRS,water
SMG_40000001000_@1@3@water,52804#633138#1124013#1713522#2289268,SMG,water
WTF_40000001000_@1@3@water,1151#13801#24501#37351#49901,WTF,water
AC1_40000001000_@1@4@air,45715#263166#410429,AC1,air
GYR_40000001000_@1@4@air,49733#286296#446503,GYR,air
CTB_40000001000_@1@4@air,114154#657147#1024876,CTB,air
CTR_40000001000_@1@4@air,113553#653686#1019480,CTR,air
CV1_40000001000_@1@4@air,62666#362796#566053,CV1,air
VRY_40000001000_@1@4@air,63700#366700#571900,VRY,air
SMG_40000001000_@1@4@air,107293#617650#963278,SMG,air
AC1_40000001000_@1@4@water,22012#285408#499845#709387#972782,AC1,water
GYR_40000001000_@1@4@water,23958#310640#544035#772102#1058783,GYR,water
CTB_40000001000_@1@4@water,54989#712987#1248681#1772144#2430143,CTB,water
CTR_40000001000_@1@4@water,54518#706882#1237988#1756969#2409333,CTR,water
CV1_40000001000_@1@4@water,30366#393731#689556#978627#1341992,CV1,water
VRY_40000001000_@1@4@water,30676#397740#696576#988590#1355654,VRY,water
PRS_40000001000_@1@4@water,1124#14574#25524#36224#49675,PRS,water
SMG_40000001000_@1@4@water,51678#670055#1173493#1665437#2283814,SMG,water
WTF_40000001000_@1@4@water,1126#14592#25556#36269#49735,WTF,water
AC1_40000001000_@1@5@air,11785#171061#356907,AC1,air
GYR_40000001000_@1@5@air,12828#186197#388487,GYR,air
CTB_40000001000_@1@5@air,29370#426296#889437,CTB,air
CTR_40000001000_@1@5@air,29173#423450#883498,CTR,air
CV1_40000001000_@1@5@air,16251#235875#492136,CV1,air
VRY_40000001000_@1@5@air,16500#239500#499700,VRY,air
SMG_40000001000_@1@5@air,27698#402038#838824,SMG,air
AC1_40000001000_@1@5@water,27719#276154#494267#755416#976464,AC1,water
GYR_40000001000_@1@5@water,30193#300795#538371#822823#1063595,GYR,water
CTB_40000001000_@1@5@water,69163#689038#1233260#1884861#2436404,CTB,water
CTR_40000001000_@1@5@water,68600#683426#1223214#1869507#2416557,CTR,water
CV1_40000001000_@1@5@water,37781#380245#680913#1040906#1345619,CV1,water
VRY_40000001000_@1@5@water,38178#384249#688082#1051865#1359785,VRY,water
PRS_40000001000_@1@5@water,1417#14117#25268#38618#49917,PRS,water
SMG_40000001000_@1@5@water,64302#647176#1158911#1771617#2290236,SMG,water
WTF_40000001000_@1@5@water,1417#14117#25268#38618#49917,WTF,water
AC1_40000001000_@2@1@air,16025#179861#374381,AC1,air
GYR_40000001000_@2@1@air,17407#195379#406681,GYR,air
CTB_40000001000_@2@1@air,39931#448191#932910,CTB,air
CTR_40000001000_@2@1@air,39638#444906#926072,CTR,air
CV1_40000001000_@2@1@air,21628#247146#514899,CV1,air
VRY_40000001000_@2@1@air,22300#250300#521000,VRY,air
SMG_40000001000_@2@1@air,37608#422114#878631,SMG,air
AC1_40000001000_@2@1@water,20445#259359#505128#750896#1016247,AC1,water
GYR_40000001000_@2@1@water,22245#282196#549604#817012#1105727,GYR,water
CTB_40000001000_@2@1@water,50978#646688#1259488#1872288#2533917,CTB,water
CTR_40000001000_@2@1@water,50589#641757#1249884#1858011#2514595,CTR,water
CV1_40000001000_@2@1@water,28170#357358#695989#1034620#1400234,CV1,water
VRY_40000001000_@2@1@water,28444#360828#702748#1044668#1413832,VRY,water
PRS_40000001000_@2@1@water,1044#13244#25794#38344#51894,PRS,water
SMG_40000001000_@2@1@water,47921#607906#1183956#1760006#2381957,SMG,water
WTF_40000001000_@2@1@water,1044#13244#25794#38344#51894,WTF,water
AC1_40000001000_@2@2@air,17484#195183#371592,AC1,air
GYR_40000001000_@2@2@air,19057#212742#405021,GYR,air
CTB_40000001000_@2@2@air,43716#488037#929134,CTB,air
CTR_40000001000_@2@2@air,43368#484153#921739,CTR,air
CV1_40000001000_@2@2@air,23756#269597#513653,CV1,air
VRY_40000001000_@2@2@air,24400#272400#518600,VRY,air
SMG_40000001000_@2@2@air,41143#459312#874446,SMG,air
AC1_40000001000_@2@2@water,25101#285306#486818#749957#982772,AC1,water
GYR_40000001000_@2@2@water,27321#310537#529869#816279#1069683,GYR,water
CTB_40000001000_@2@2@water,62665#712261#1215332#1872255#2453473,CTB,water
CTR_40000001000_@2@2@water,62187#706827#1206060#1857971#2434755,CTR,water
CV1_40000001000_@2@2@water,34680#394177#672585#1036137#1357792,CV1,water
VRY_40000001000_@2@2@water,34989#397693#678584#1045378#1369903,VRY,water
PRS_40000001000_@2@2@water,1283#14583#24883#38333#50233,PRS,water
SMG_40000001000_@2@2@water,58891#669374#1142153#1759520#2305741,SMG,water
WTF_40000001000_@2@2@water,1283#14583#24883#38333#50233,WTF,water
AC1_40000001000_@2@3@air,32094#188612#403357,AC1,air
GYR_40000001000_@2@3@air,35081#206165#440897,GYR,air
CTB_40000001000_@2@3@air,80243#471584#1008510,CTB,air
CTR_40000001000_@2@3@air,240080#569081#1020476,CTR,air
CV1_40000001000_@2@3@air,44302#260360#556796,CV1,air
VRY_40000001000_@2@3@air,44700#262700#561801,VRY,air
SMG_40000001000_@2@3@air,75374#442967#947310,SMG,air
AC1_40000001000_@2@3@water,11568#256221#483259#779778#983330,AC1,water
GYR_40000001000_@2@3@water,12580#278641#525545#848011#1069373,GYR,water
CTB_40000001000_@2@3@water,28889#639905#1206927#1947478#2455843,CTB,water
CTR_40000001000_@2@3@water,28626#634081#1195943#1929754#2433492,CTR,water
CV1_40000001000_@2@3@water,15977#353891#667475#1077027#1358172,CV1,water
VRY_40000001000_@2@3@water,16118#357021#673378#1086552#1370183,VRY,water
PRS_40000001000_@2@3@water,591#13091#24691#39841#50241,PRS,water
SMG_40000001000_@2@3@water,27117#600657#1132902#1828032#2305217,SMG,water
WTF_40000001000_@2@3@water,591#13091#24691#39841#50241,WTF,water
AC1_40000001000_@2@4@air,33157#204073#413134,AC1,air
GYR_40000001000_@2@4@air,35443#218146#441623,GYR,air
CTB_40000001000_@2@4@air,81106#499192#1010584,CTB,air
CTR_40000001000_@2@4@air,80407#494892#1001879,CTR,air
CV1_40000001000_@2@4@air,44861#276112#558971,CV1,air
VRY_40000001000_@2@4@air,45200#278200#563200,VRY,air
SMG_40000001000_@2@4@air,74876#460849#932962,SMG,air
AC1_40000001000_@2@4@water,8935#284607#509446#753836#999204,AC1,water
GYR_40000001000_@2@4@water,9723#309704#554369#820309#1087314,GYR,water
CTB_40000001000_@2@4@water,22309#710610#1271990#1882186#2494823,CTB,water
CTR_40000001000_@2@4@water,22118#704525#1261098#1866069#2473459,CTR,water
CV1_40000001000_@2@4@water,12332#392796#703103#1040394#1379034,CV1,water
VRY_40000001000_@2@4@water,12445#396400#709555#1049941#1391688,VRY,water
PRS_40000001000_@2@4@water,457#14557#26057#38557#51107,PRS,water
SMG_40000001000_@2@4@water,20975#668104#1195904#1769599#2345590,SMG,water
WTF_40000001000_@2@4@water,457#14556#26054#38552#51101,WTF,water
AC1_40000001000_@2@5@air,25995#179372#396403,AC1,air
GYR_40000001000_@2@5@air,28257#194981#430899,GYR,air
CTB_40000001000_@2@5@air,64698#446433#986596,CTB,air
CTR_40000001000_@2@5@air,64301#443695#980546,CTR,air
CV1_40000001000_@2@5@air,35778#246874#545580,CV1,air
VRY_40000001000_@2@5@air,36100#249100#550500,VRY,air
SMG_40000001000_@2@5@air,61007#420965#930314,SMG,air
AC1_40000001000_@2@5@water,48743#306779#561872#825795#1001417,AC1,water
GYR_40000001000_@2@5@water,52897#332926#609760#896177#1086767,GYR,water
CTB_40000001000_@2@5@water,121406#764109#1399482#2056848#2494278,CTB,water
CTR_40000001000_@2@5@water,120364#757556#1387479#2039207#2472884,CTR,water
CV1_40000001000_@2@5@water,67010#421748#772440#1135271#1376709,CV1,water
VRY_40000001000_@2@5@water,67710#426158#780516#1147141#1391103,VRY,water
PRS_40000001000_@2@5@water,2484#15635#28634#42084#51034,PRS,water
SMG_40000001000_@2@5@water,111826#703819#1289059#1894557#2297472,SMG,water
WTF_40000001000_@2@5@water,2485#15636#28638#42089#51040,WTF,water
AC1_40000001000_@3@1@air,35746#296297#415447,AC1,air
GYR_40000001000_@3@1@air,38854#322067#451580,GYR,air
CTB_40000001000_@3@1@air,89198#739371#1036695,CTB,air
CTR_40000001000_@3@1@air,88896#736871#1033190,CTR,air
CV1_40000001000_@3@1@air,49359#409137#573664,CV1,air
VRY_40000001000_@3@1@air,49800#412800#578800,VRY,air
SMG_40000001000_@3@1@air,83829#694869#974298,SMG,air
AC1_40000001000_@3@1@water,24101#267843#492008#762180#991239,AC1,water
GYR_40000001000_@3@1@water,26190#291067#534669#828267#1077187,GYR,water
CTB_40000001000_@3@1@water,60092#667845#1226782#1900435#2471576,CTB,water
CTR_40000001000_@3@1@water,59610#662479#1216925#1885166#2451719,CTR,water
CV1_40000001000_@3@1@water,33213#369117#678040#1050367#1366035,CV1,water
VRY_40000001000_@3@1@water,33537#372716#684652#1060609#1379355,VRY,water
PRS_40000001000_@3@1@water,1231#13681#25131#38931#50631,PRS,water
SMG_40000001000_@3@1@water,56467#627550#1152764#1785772#2322453,SMG,water
WTF_40000001000_@3@1@water,1231#13679#25128#38926#50624,WTF,water
AC1_40000001000_@3@2@air,16667#199998#379270,AC1,air
GYR_40000001000_@3@2@air,17951#215404#408487,GYR,air
CTB_40000001000_@3@2@air,41305#495652#939943,CTB,air
CTR_40000001000_@3@2@air,40924#491088#931287,CTR,air
CV1_40000001000_@3@2@air,22861#274327#520227,CV1,air
VRY_40000001000_@3@2@air,23000#276000#523400,VRY,air
SMG_40000001000_@3@2@air,38089#457066#866768,SMG,air
AC1_40000001000_@3@2@water,39736#296028#520040#751877#995452,AC1,water
GYR_40000001000_@3@2@water,43205#321873#565441#817519#1082359,GYR,water
CTB_40000001000_@3@2@water,99171#738824#1297910#1876527#2484442,CTB,water
CTR_40000001000_@3@2@water,98364#732808#1287341#1861247#2464212,CTR,water
CV1_40000001000_@3@2@water,54812#408345#717349#1037148#1373139,CV1,water
VRY_40000001000_@3@2@water,55351#412365#724411#1047359#1386658,VRY,water
PRS_40000001000_@3@2@water,2031#15131#26581#38431#50881,PRS,water
SMG_40000001000_@3@2@water,93239#694628#1220270#1764274#2335823,SMG,water
WTF_40000001000_@3@2@water,2031#15131#26581#38431#50881,WTF,water
AC1_40000001000_@3@3@air,32448#197217#384245,AC1,air
GYR_40000001000_@3@3@air,34939#212355#413738,GYR,air
CTB_40000001000_@3@3@air,80449#488960#952656,CTB,air
CTR_40000001000_@3@3@air,79709#484467#943902,CTR,air
CV1_40000001000_@3@3@air,44331#269441#524961,CV1,air
VRY_40000001000_@3@3@air,44900#272900#531700,VRY,air
SMG_40000001000_@3@3@air,74237#451207#879101,SMG,air
AC1_40000001000_@3@3@water,35045#309962#522264#735544#1007526,AC1,water
GYR_40000001000_@3@3@water,38188#337757#569097#801503#1097874,GYR,water
CTB_40000001000_@3@3@water,86721#773140#1303221#1835745#2514835,CTB,water
CTR_40000001000_@3@3@water,86895#768567#1294983#1823825#2498219,CTR,water
CV1_40000001000_@3@3@water,47905#427086#719906#1014074#1389207,CV1,water
VRY_40000001000_@3@3@water,48389#431397#727173#1024311#1403230,VRY,water
PRS_40000001000_@3@3@water,1791#15841#26692#37591#51491,PRS,water
SMG_40000001000_@3@3@water,81511#726691#1224927#1725458#2363750,SMG,water
WTF_40000001000_@3@3@water,1792#15844#26695#37597#51499,WTF,water
AC1_40000001000_@3@4@air,55469#238913#442949,AC1,air
GYR_40000001000_@3@4@air,60036#258583#479419,GYR,air
CTB_40000001000_@3@4@air,137713#593155#1099721,CTB,air
CTR_40000001000_@3@4@air,136105#586229#1086880,CTR,air
CV1_40000001000_@3@4@air,76172#328084#608275,CV1,air
VRY_40000001000_@3@4@air,76500#329500#610901,VRY,air
SMG_40000001000_@3@4@air,126999#547006#1014160,SMG,air
AC1_40000001000_@3@4@water,36127#258486#466152#729652#968664,AC1,water
GYR_40000001000_@3@4@water,39265#280941#506648#793040#1052815,GYR,water
CTB_40000001000_@3@4@water,90078#644514#1162314#1819333#2415291,CTB,water
CTR_40000001000_@3@4@water,89342#639250#1152821#1804474#2395565,CTR,water
CV1_40000001000_@3@4@water,49362#355671#641740#1004723#1333972,CV1,water
VRY_40000001000_@3@4@water,49882#359421#648505#1015315#1348035,VRY,water
PRS_40000001000_@3@4@water,1844#13194#23794#37244#49444,PRS,water
SMG_40000001000_@3@4@water,83991#605195#1091957#1709594#2269831,SMG,water
WTF_40000001000_@3@4@water,1844#13194#23794#37244#49444,WTF,water
AC1_40000001000_@3@5@air,46302#263810#449099,AC1,air
GYR_40000001000_@3@5@air,50405#287191#488893,GYR,air
CTB_40000001000_@3@5@air,115613#658723#1121373,CTB,air
CTR_40000001000_@3@5@air,114762#653874#1113118,CTR,air
CV1_40000001000_@3@5@air,63892#364035#619709,CV1,air
VRY_40000001000_@3@5@air,64500#367500#625608,VRY,air
SMG_40000001000_@3@5@air,108665#619133#1053986,SMG,air
AC1_40000001000_@3@5@water,40256#290750#513846#755534#999179,AC1,water
GYR_40000001000_@3@5@water,43818#316477#559313#822387#1087590,GYR,water
CTB_40000001000_@3@5@water,100467#725638#1282431#1885623#2493699,CTB,water
CTR_40000001000_@3@5@water,99622#719534#1271644#1869762#2472723,CTR,water
CV1_40000001000_@3@5@water,55450#400496#707802#1040716#1376327,CV1,water
VRY_40000001000_@3@5@water,56038#404741#715305#1051749#1390917,VRY,water
PRS_40000001000_@3@5@water,2057#14858#26257#38607#51057,PRS,water
SMG_40000001000_@3@5@water,94420#681963#1205244#1772130#2343608,SMG,water
WTF_40000001000_@3@5@water,2057#14858#26257#38607#51057,WTF,water
AC1_40000100000_@1@1@air,47386#221852#409026,AC1,air
GYR_40000100000_@1@1@air,51556#241373#445017,GYR,air
CTB_40000100000_@1@1@air,118488#554740#1022767,CTB,air
CTR_40000100000_@1@1@air,117397#549631#1013348,CTR,air
CV1_40000100000_@1@1@air,65333#305876#563941,CV1,air
VRY_40000100000_@1@1@air,66000#309001#569700,VRY,air
SMG_40000100000_@1@1@air,111210#520662#959939,SMG,air
AC1_40000100000_@1@1@water,37114#282648#504704#751215#986967,AC1,water
GYR_40000100000_@1@1@water,40365#307408#548916#817023#1073426,GYR,water
CTB_40000100000_@1@1@water,92578#705045#1258949#1873855#2461921,CTB,water
CTR_40000100000_@1@1@water,91848#699481#1249014#1859068#2442493,CTR,water
CV1_40000100000_@1@1@water,50665#388692#694398#1033772#1358332,CV1,water
VRY_40000100000_@1@1@water,51714#393836#703245#1046730#1375222,VRY,water
PRS_40000100000_@1@1@water,1897#14447#25797#38397#50448,PRS,water
SMG_40000100000_@1@1@water,87031#662802#1183518#1761582#2314413,SMG,water
WTF_40000100000_@1@1@water,1896#14434#25773#38361#50400,WTF,water
AC1_40000100000_@1@2@air,17164#176640#373447,AC1,air
GYR_40000100000_@1@2@air,18723#192687#407372,GYR,air
CTB_40000100000_@1@2@air,42975#442282#935058,CTB,air
CTR_40000100000_@1@2@air,42606#438483#927027,CTR,air
CV1_40000100000_@1@2@air,23704#243954#515760,CV1,air
VRY_40000100000_@1@2@air,24000#247000#522200,VRY,air
SMG_40000100000_@1@2@air,40334#415095#877581,SMG,air
AC1_40000100000_@1@2@water,32415#294546#514620#765014#989978,AC1,water
GYR_40000100000_@1@2@water,35280#320586#560114#832645#1077496,GYR,water
CTB_40000100000_@1@2@water,80979#735845#1285638#1911181#2473193,CTB,water
CTR_40000100000_@1@2@water,80337#730007#1275439#1896020#2453572,CTR,water
CV1_40000100000_@1@2@water,44724#406397#710040#1055518#1365909,CV1,water
VRY_40000100000_@1@2@water,45192#410650#717471#1066565#1380204,VRY,water
PRS_40000100000_@1@2@water,1657#15057#26307#39107#50607,PRS,water
SMG_40000100000_@1@2@water,76092#691438#1208054#1795847#2323943,SMG,water
WTF_40000100000_@1@2@water,1657#15057#26307#39107#50607,WTF,water
AC1_40000100000_@1@3@air,39384#213702#404950,AC1,air
GYR_40000100000_@1@3@air,42781#232139#439886,GYR,air
CTB_40000100000_@1@3@air,98217#532947#1009898,CTB,air
CTR_40000100000_@1@3@air,97619#529700#1003744,CTR,air
CV1_40000100000_@1@3@air,54325#294780#558587,CV1,air
VRY_40000100000_@1@3@air,54900#297900#564501,VRY,air
SMG_40000100000_@1@3@air,92298#500828#949033,SMG,air
AC1_40000100000_@1@3@water,37099#290358#515259#770473#996353,AC1,water
GYR_40000100000_@1@3@water,40409#316264#561231#839216#1085248,GYR,water
CTB_40000100000_@1@3@water,92628#724959#1286489#1923703#2487674,CTB,water
CTR_40000100000_@1@3@water,91873#719045#1275993#1908008#2467378,CTR,water
CV1_40000100000_@1@3@water,51208#400777#711206#1063475#1375253,CV1,water
VRY_40000100000_@1@3@water,51715#404746#718248#1074005#1388870,VRY,water
PRS_40000100000_@1@3@water,1897#14847#26347#39397#50947,PRS,water
SMG_40000100000_@1@3@water,87054#681328#1209061#1807924#2337953,SMG,water
WTF_40000100000_@1@3@water,1897#14847#26347#39397#50947,WTF,water
AC1_40000100000_@1@4@air,30403#204642#391572,AC1,air
GYR_40000100000_@1@4@air,33092#222743#426209,GYR,air
CTB_40000100000_@1@4@air,75869#510680#977162,CTB,air
CTR_40000100000_@1@4@air,75152#505854#967928,CTR,air
CV1_40000100000_@1@4@air,41552#282003#539969,CV1,air
VRY_40000100000_@1@4@air,42400#285400#546100,VRY,air
SMG_40000100000_@1@4@air,71351#480271#918976,SMG,air
AC1_40000100000_@1@4@water,18347#270663#491683#741065#966975,AC1,water
GYR_40000100000_@1@4@water,19981#294771#535478#807072#1053105,GYR,water
CTB_40000100000_@1@4@water,45827#676058#1228121#1851025#2415302,CTB,water
CTR_40000100000_@1@4@water,45441#670365#1217780#1835438#2394963,CTR,water
CV1_40000100000_@1@4@water,25312#373406#678326#1022373#1334039,CV1,water
VRY_40000100000_@1@4@water,25560#377071#684983#1032407#1347132,VRY,water
PRS_40000100000_@1@4@water,938#13838#25138#37888#49438,PRS,water
SMG_40000100000_@1@4@water,43075#635465#1154380#1739881#2270276,SMG,water
WTF_40000100000_@1@4@water,938#13838#25138#37888#49438,WTF,water
AC1_40000100000_@1@5@air,36689#191688#376622,AC1,air
GYR_40000100000_@1@5@air,40185#209956#412513,GYR,air
CTB_40000100000_@1@5@air,92483#483202#949376,CTB,air
CTR_40000100000_@1@5@air,91362#477347#937873,CTR,air
CV1_40000100000_@1@5@air,50888#265879#522390,CV1,air
VRY_40000100000_@1@5@air,51600#269600#529700,VRY,air
SMG_40000100000_@1@5@air,86685#452912#889865,SMG,air
AC1_40000100000_@1@5@water,19900#258622#489516#726281#967937,AC1,water
GYR_40000100000_@1@5@water,21661#281507#532833#790548#1053588,GYR,water
CTB_40000100000_@1@5@water,49653#645290#1221397#1812152#2415112,CTB,water
CTR_40000100000_@1@5@water,49229#639777#1210962#1796669#2394477,CTR,water
CV1_40000100000_@1@5@water,27409#356200#674212#1000309#1333143,CV1,water
VRY_40000100000_@1@5@water,27699#359978#681363#1010918#1347282,VRY,water
PRS_40000100000_@1@5@water,1017#13217#25017#37117#49467,PRS,water
SMG_40000100000_@1@5@water,46670#606522#1148019#1703282#2270018,SMG,water
WTF_40000100000_@1@5@water,1017#13217#25017#37117#49467,WTF,water
AC1_40000100000_@2@1@air,13939#202902#380369,AC1,air
GYR_40000100000_@2@1@air,15155#220594#413536,GYR,air
CTB_40000100000_@2@1@air,34737#505646#947906,CTB,air
CTR_40000100000_@2@1@air,34459#501598#940319,CTR,air
CV1_40000100000_@2@1@air,19183#279240#523476,CV1,air
VRY_40000100000_@2@1@air,19400#282401#529400,VRY,air
SMG_40000100000_@2@1@air,32667#475517#891425,SMG,air
AC1_40000100000_@2@1@water,43909#290453#518408#763973#1008561,AC1,water
GYR_40000100000_@2@1@water,47807#316240#564434#831801#1098104,GYR,water
CTB_40000100000_@2@1@water,109556#724710#1293483#1906195#2516467,CTB,water
CTR_40000100000_@2@1@water,108619#718510#1282416#1889886#2494937,CTR,water
CV1_40000100000_@2@1@water,60483#400090#714092#1052352#1389264,CV1,water
VRY_40000100000_@2@1@water,61123#404327#721655#1063497#1403977,VRY,water
PRS_40000100000_@2@1@water,2244#14844#26495#39044#51544,PRS,water
SMG_40000100000_@2@1@water,102961#681084#1215619#1791448#2364982,SMG,water
WTF_40000100000_@2@1@water,2244#14840#26487#39034#51530,WTF,water
AC1_40000100000_@2@2@air,42004#210065#400414,AC1,air
GYR_40000100000_@2@2@air,45199#227402#433767,GYR,air
CTB_40000100000_@2@2@air,104103#523757#999065,CTB,air
CTR_40000100000_@2@2@air,102505#515714#983722,CTR,air
CV1_40000100000_@2@2@air,57282#288190#549720,CV1,air
VRY_40000100000_@2@2@air,57800#290800#554700,VRY,air
SMG_40000100000_@2@2@air,97627#491171#936907,SMG,air
AC1_40000100000_@2@2@water,13110#256722#496419#727312#973858,AC1,water
GYR_40000100000_@2@2@water,14255#279131#539753#790800#1058868,GYR,water
CTB_40000100000_@2@2@water,32729#640887#1239275#1815682#2431167,CTB,water
CTR_40000100000_@2@2@water,32435#635145#1228173#1799416#2409388,CTR,water
CV1_40000100000_@2@2@water,18089#354220#684951#1003532#1343713,CV1,water
VRY_40000100000_@2@2@water,18267#357705#691691#1013407#1356934,VRY,water
PRS_40000100000_@2@2@water,670#13120#25370#37170#49770,PRS,water
SMG_40000100000_@2@2@water,30750#602142#1164355#1705915#2284191,SMG,water
WTF_40000100000_@2@2@water,670#13115#25360#37155#49750,WTF,water
AC1_40000100000_@2@3@air,20467#179995#377795,AC1,air
GYR_40000100000_@2@3@air,22232#195524#410389,GYR,air
CTB_40000100000_@2@3@air,51207#450349#945250,CTB,air
CTR_40000100000_@2@3@air,50764#446451#937068,CTR,air
CV1_40000100000_@2@3@air,27929#248778#522611,CV1,air
VRY_40000100000_@2@3@air,28200#251200#527700,VRY,air
SMG_40000100000_@2@3@air,48080#422847#887525,SMG,air
AC1_40000100000_@2@3@water,14685#258132#484957#727426#969894,AC1,water
GYR_40000100000_@2@3@water,15660#280900#528032#792207#1056382,GYR,water
CTB_40000100000_@2@3@water,35915#644240#1211033#1816915#2422797,CTB,water
CTR_40000100000_@2@3@water,35594#638469#1200185#1800639#2401094,CTR,water
CV1_40000100000_@2@3@water,19823#355568#668390#1002787#1337184,CV1,water
VRY_40000100000_@2@3@water,20024#359187#675195#1012996#1350797,VRY,water
PRS_40000100000_@2@3@water,751#13201#24801#37201#49601,PRS,water
SMG_40000100000_@2@3@water,33749#605386#1137996#1707337#2276678,SMG,water
WTF_40000100000_@2@3@water,736#13186#24786#37186#49586,WTF,water
AC1_40000100000_@2@4@air,19463#186799#370150,AC1,air
GYR_40000100000_@2@4@air,21203#203494#403232,GYR,air
CTB_40000100000_@2@4@air,48633#466768#924921,CTB,air
CTR_40000100000_@2@4@air,48278#463359#918166,CTR,air
CV1_40000100000_@2@4@air,26847#257666#510577,CV1,air
VRY_40000100000_@2@4@air,27100#260100#515400,VRY,air
SMG_40000100000_@2@4@air,45644#438077#868069,SMG,air
AC1_40000100000_@2@4@water,39234#285913#504205#767525#1007352,AC1,water
GYR_40000100000_@2@4@water,42393#310935#548574#835232#1096315,GYR,water
CTB_40000100000_@2@4@water,97148#712547#1257126#1914040#2512344,CTB,water
CTR_40000100000_@2@4@water,96265#706071#1245700#1896644#2489511,CTR,water
CV1_40000100000_@2@4@water,53662#393594#694406#1057269#1387758,CV1,water
VRY_40000100000_@2@4@water,54170#397315#700971#1067265#1400879,VRY,water
PRS_40000100000_@2@4@water,2004#14604#25755#39204#51455,PRS,water
SMG_40000100000_@2@4@water,91289#669573#1181309#1798604#2360825,SMG,water
WTF_40000100000_@2@4@water,2004#14604#25755#39204#51455,WTF,water
AC1_40000100000_@2@5@air,44627#237115#423713,AC1,air
GYR_40000100000_@2@5@air,48204#257578#460546,GYR,air
CTB_40000100000_@2@5@air,110726#591676#1057909,CTB,air
CTR_40000100000_@2@5@air,109483#585030#1046027,CTR,air
CV1_40000100000_@2@5@air,61018#326051#582976,CV1,air
VRY_40000100000_@2@5@air,61700#329700#589500,VRY,air
SMG_40000100000_@2@5@air,104069#556100#994300,SMG,air
AC1_40000100000_@2@5@water,22507#273775#491801#759689#981626,AC1,water
GYR_40000100000_@2@5@water,24512#298163#535611#827364#1069071,GYR,water
CTB_40000100000_@2@5@water,56210#683748#1228265#1897313#2451597,CTB,water
CTR_40000100000_@2@5@water,55698#677517#1217072#1880024#2429257,CTR,water
CV1_40000100000_@2@5@water,31087#378147#679293#1049310#1355857,CV1,water
VRY_40000100000_@2@5@water,31363#381498#685312#1058609#1367872,VRY,water
PRS_40000100000_@2@5@water,1151#14001#25151#38851#50201,PRS,water
SMG_40000100000_@2@5@water,52797#642231#1153685#1782108#2302736,SMG,water
WTF_40000100000_@2@5@water,1152#14002#25152#38852#50202,WTF,water
AC1_40000100000_@3@1@air,14841#167548#355743,AC1,air
GYR_40000100000_@3@1@air,16167#182517#387526,GYR,air
CTB_40000100000_@3@1@air,37060#418400#888361,CTB,air
CTR_40000100000_@3@1@air,36761#415021#881187,CTR,air
CV1_40000100000_@3@1@air,20484#231261#491022,CV1,air
VRY_40000100000_@3@1@air,20700#233700#496200,VRY,air
SMG_40000100000_@3@1@air,34831#393235#834930,SMG,air
AC1_40000100000_@3@1@water,31389#316916#549639#841033#1046378,AC1,water
GYR_40000100000_@3@1@water,34194#345239#598762#916198#1139895,GYR,water
CTB_40000100000_@3@1@water,78371#791278#1372346#2099902#2612609,CTB,water
CTR_40000100000_@3@1@water,77733#784828#1361159#2082784#2591312,CTR,water
CV1_40000100000_@3@1@water,43291#437091#758065#1159956#1443168,CV1,water
VRY_40000100000_@3@1@water,43796#442182#766895#1173467#1459978,VRY,water
PRS_40000100000_@3@1@water,1605#16205#28105#43006#53506,PRS,water
SMG_40000100000_@3@1@water,73663#743738#1289894#1973738#2455641,SMG,water
WTF_40000100000_@3@1@water,1605#16205#28105#43006#53506,WTF,water
AC1_40000100000_@3@2@air,15948#201280#428995,AC1,air
GYR_40000100000_@3@2@air,17370#219237#467266,GYR,air
CTB_40000100000_@3@2@air,39875#503281#1072660,CTB,air
CTR_40000100000_@3@2@air,39554#499234#1064034,CTR,air
CV1_40000100000_@3@2@air,22008#277772#592024,CV1,air
VRY_40000100000_@3@2@air,22200#280200#597200,VRY,air
SMG_40000100000_@3@2@air,37376#471740#1005436,SMG,air
AC1_40000100000_@3@2@water,30370#278062#507153#739181#980999,AC1,water
GYR_40000100000_@3@2@water,33079#302871#552403#805133#1068527,GYR,water
CTB_40000100000_@3@2@water,75693#693043#1264031#1842339#2445048,CTB,water
CTR_40000100000_@3@2@water,75198#688509#1255761#1830285#2429052,CTR,water
CV1_40000100000_@3@2@water,41912#383745#699907#1020122#1353848,CV1,water
VRY_40000100000_@3@2@water,42351#387764#707236#1030804#1368025,VRY,water
PRS_40000100000_@3@2@water,1551#14202#25902#37751#50101,PRS,water
SMG_40000100000_@3@2@water,71175#651674#1188579#1732367#2299099,SMG,water
WTF_40000100000_@3@2@water,1553#14217#25930#37793#50156,WTF,water
AC1_40000100000_@3@3@air,42706#212957#398086,AC1,air
GYR_40000100000_@3@3@air,46460#231675#433077,GYR,air
CTB_40000100000_@3@3@air,107000#533566#997412,CTB,air
CTR_40000100000_@3@3@air,106070#528926#988738,CTR,air
CV1_40000100000_@3@3@air,59124#294827#551128,CV1,air
VRY_40000100000_@3@3@air,59700#297701#556500,VRY,air
SMG_40000100000_@3@3@air,100420#500753#936073,SMG,air
AC1_40000100000_@3@3@water,23553#274921#491079#742447#968385,AC1,water
GYR_40000100000_@3@3@water,25577#298554#533293#806269#1051629,GYR,water
CTB_40000100000_@3@3@water,58702#685211#1223960#1850469#2413596,CTB,water
CTR_40000100000_@3@3@water,58279#680266#1215126#1837113#2396176,CTR,water
CV1_40000100000_@3@3@water,32437#378628#676325#1022515#1333682,CV1,water
VRY_40000100000_@3@3@water,32802#382886#683930#1034014#1348681,VRY,water
PRS_40000100000_@3@3@water,1204#14054#25104#37954#49504,PRS,water
SMG_40000100000_@3@3@water,55191#644228#1150754#1739791#2269237,SMG,water
WTF_40000100000_@3@3@water,1204#14047#25091#37934#49478,WTF,water
AC1_40000100000_@3@4@air,29575#186063#381744,AC1,air
GYR_40000100000_@3@4@air,32170#202385#415232,GYR,air
CTB_40000100000_@3@4@air,73797#464276#952553,CTB,air
CTR_40000100000_@3@4@air,73302#461160#946160,CTR,air
CV1_40000100000_@3@4@air,40746#256344#525939,CV1,air
VRY_40000100000_@3@4@air,41200#259200#531800,VRY,air
SMG_40000100000_@3@4@air,68988#434020#890477,SMG,air
AC1_40000100000_@3@4@water,44964#304333#509871#754558#989458,AC1,water
GYR_40000100000_@3@4@water,48970#331444#555292#821777#1077603,GYR,water
CTB_40000100000_@3@4@water,112160#759143#1271846#1882207#2468153,CTB,water
CTR_40000100000_@3@4@water,111200#752641#1260954#1866087#2447016,CTR,water
CV1_40000100000_@3@4@water,61934#419193#702304#1039340#1362895,CV1,water
VRY_40000100000_@3@4@water,62674#424198#710689#1051750#1379168,VRY,water
PRS_40000100000_@3@4@water,2297#15547#26047#38547#50547,PRS,water
SMG_40000100000_@3@4@water,105408#713440#1195277#1768892#2319563,SMG,water
WTF_40000100000_@3@4@water,2301#15573#26090#38611#50630,WTF,water
AC1_40100000000_@1@1@air,26510#190307#378890,AC1,air
GYR_40100000000_@1@1@air,28796#206721#411568,GYR,air
CTB_40100000000_@1@1@air,66101#474530#944760,CTB,air
CTR_40100000000_@1@1@air,65659#471354#938438,CTR,air
CV1_40100000000_@1@1@air,36570#262526#522672,CV1,air
VRY_40100000000_@1@1@air,36900#264900#527400,VRY,air
SMG_40100000000_@1@1@air,62299#447231#890410,SMG,air
AC1_40100000000_@1@1@water,22516#273887#499826#730657#971268,AC1,water
GYR_40100000000_@1@1@water,24519#298243#544275#795632#1057641,GYR,water
CTB_40100000000_@1@1@water,56209#683738#1247781#1824033#2424703,CTB,water
CTR_40100000000_@1@1@water,55751#678160#1237602#1809152#2404921,CTR,water
CV1_40100000000_@1@1@water,31077#378017#689859#1008450#1340542,CV1,water
VRY_40100000000_@1@1@water,31382#381732#696638#1018360#1353715,VRY,water
PRS_40100000000_@1@1@water,1151#14001#25551#37352#49651,PRS,water
SMG_40100000000_@1@1@water,52864#643041#1173511#1715463#2280380,SMG,water
WTF_40100000000_@1@1@water,1152#14003#25555#37357#49658,WTF,water
AC1_40100000000_@1@2@air,17226#170100#370918,AC1,air
GYR_40100000000_@1@2@air,18750#185148#403732,GYR,air
CTB_40100000000_@1@2@air,43013#424745#926194,CTB,air
CTR_40100000000_@1@2@air,42613#420798#917587,CTR,air
CV1_40100000000_@1@2@air,23774#234767#511930,CV1,air
VRY_40100000000_@1@2@air,24000#237000#516801,VRY,air
SMG_40100000000_@1@2@air,40369#398643#869277,SMG,air
AC1_40100000000_@1@2@water,15730#263220#483320#742549#968518,AC1,water
GYR_40100000000_@1@2@water,17099#286123#525374#807159#1052790,GYR,water
CTB_40100000000_@1@2@water,39254#656856#1206108#1853004#2416902,CTB,water
CTR_40100000000_@1@2@water,38912#651137#1195605#1836868#2395856,CTR,water
CV1_40100000000_@1@2@water,21687#362906#666362#1023765#1335313,CV1,water
VRY_40100000000_@1@2@water,21930#366967#673819#1035222#1350256,VRY,water
PRS_40100000000_@1@2@water,804#13454#24704#37954#49504,PRS,water
SMG_40100000000_@1@2@water,36891#617317#1133506#1741462#2271416,SMG,water
WTF_40100000000_@1@2@water,804#13454#24704#37954#49504,WTF,water
AC1_40100000000_@1@3@air,14453#174003#364032,AC1,air
GYR_40100000000_@1@3@air,15700#189018#395445,GYR,air
CTB_40100000000_@1@3@air,35968#433040#905965,CTB,air
CTR_40100000000_@1@3@air,35775#430717#901104,CTR,air
CV1_40100000000_@1@3@air,19906#239649#501371,CV1,air
VRY_40100000000_@1@3@air,20200#243201#508801,VRY,air
SMG_40100000000_@1@3@air,33966#408934#855532,SMG,air
AC1_40100000000_@1@3@water,40789#294252#516400#748333#998860,AC1,water
GYR_40100000000_@1@3@water,44351#319948#561494#813681#1086085,GYR,water
CTB_40100000000_@1@3@water,101939#735384#1290566#1870205#2496313,CTB,water
CTR_40100000000_@1@3@water,101054#729000#1279363#1853970#2474643,CTR,water
CV1_40100000000_@1@3@water,56308#406201#712864#1033037#1378878,CV1,water
VRY_40100000000_@1@3@water,56824#409927#719404#1042514#1391527,VRY,water
PRS_40100000000_@1@3@water,2084#15035#26384#38234#51034,PRS,water
SMG_40100000000_@1@3@water,95674#690191#1211254#1755271#2342902,SMG,water
WTF_40100000000_@1@3@water,2086#15049#26410#38271#51083,WTF,water
AC1_40100000000_@1@4@air,23486#183644#377988,AC1,air
GYR_40100000000_@1@4@air,25546#199753#411146,GYR,air
CTB_40100000000_@1@4@air,58567#457966#942617,CTB,air
CTR_40100000000_@1@4@air,58093#454262#934994,CTR,air
CV1_40100000000_@1@4@air,32374#253147#521044,CV1,air
VRY_40100000000_@1@4@air,32700#255700#526300,VRY,air
SMG_40100000000_@1@4@air,55036#430354#885785,SMG,air
AC1_40100000000_@1@4@water,41301#329877#639973#833661#1061587,AC1,water
GYR_40100000000_@1@4@water,44968#359166#696797#907682#1155846,GYR,water
CTB_40100000000_@1@4@water,103231#824528#1599616#2083741#2653443,CTB,water
CTR_40100000000_@1@4@water,102338#817388#1585763#2065695#2630464,CTR,water
CV1_40100000000_@1@4@water,57038#455570#883824#1151314#1466087,CV1,water
VRY_40100000000_@1@4@water,57603#460083#892579#1162718#1480609,VRY,water
PRS_40100000000_@1@4@water,2111#16861#32711#42611#54261,PRS,water
SMG_40100000000_@1@4@water,96887#773850#1501299#1955668#2490354,SMG,water
WTF_40100000000_@1@4@water,2111#16861#32711#42611#54261,WTF,water
AC1_40100000000_@1@5@air,10356#170718#362218,AC1,air
GYR_40100000000_@1@5@air,11256#185567#393723,GYR,air
CTB_40100000000_@1@5@air,25824#425724#903273,CTB,air
CTR_40100000000_@1@5@air,25650#422855#897187,CTR,air
CV1_40100000000_@1@5@air,14277#235361#499374,CV1,air
VRY_40100000000_@1@5@air,14400#237400#503700,VRY,air
SMG_40100000000_@1@5@air,24250#399786#848240,SMG,air
AC1_40100000000_@1@5@water,24593#271108#496101#757289#981304,AC1,water
GYR_40100000000_@1@5@water,26747#294853#539553#823617#1067253,GYR,water
CTB_40100000000_@1@5@water,61412#676989#1238825#1891043#2450437,CTB,water
CTR_40100000000_@1@5@water,60836#670648#1227223#1873333#2427488,CTR,water
CV1_40100000000_@1@5@water,33927#373997#684378#1044691#1353723,CV1,water
VRY_40100000000_@1@5@water,34261#377683#691125#1054989#1367067,VRY,water
PRS_40100000000_@1@5@water,1257#13857#25358#38707#50157,PRS,water
SMG_40100000000_@1@5@water,57724#636334#1164430#1777481#2303281,SMG,water
WTF_40100000000_@1@5@water,1257#13857#25358#38707#50157,WTF,water
AC1_40100000000_@2@1@air,21643#196363#377986,AC1,air
GYR_40100000000_@2@1@air,23478#213011#410032,GYR,air
CTB_40100000000_@2@1@air,54076#490636#944442,CTB,air
CTR_40100000000_@2@1@air,53538#485748#935034,CTR,air
CV1_40100000000_@2@1@air,29871#271014#521684,CV1,air
VRY_40100000000_@2@1@air,30100#273100#525700,VRY,air
SMG_40100000000_@2@1@air,50793#460842#887092,SMG,air
AC1_40100000000_@2@1@water,37642#293936#528710#753700#989452,AC1,water
GYR_40100000000_@2@1@water,40928#319595#574863#819494#1075825,GYR,water
CTB_40100000000_@2@1@water,93959#733696#1319714#1881315#2469776,CTB,water
CTR_40100000000_@2@1@water,93181#727623#1308790#1865743#2449332,CTR,water
CV1_40100000000_@2@1@water,51941#405594#729550#1040008#1365314,CV1,water
VRY_40100000000_@2@1@water,52424#409364#736331#1049674#1378004,VRY,water
PRS_40100000000_@2@1@water,1924#15025#27024#38524#50574,PRS,water
SMG_40100000000_@2@1@water,88341#689830#1240812#1768837#2322115,SMG,water
WTF_40100000000_@2@1@water,1924#15025#27024#38524#50574,WTF,water
AC1_40100000000_@2@2@air,10867#164155#356305,AC1,air
GYR_40100000000_@2@2@air,11804#178310#387029,GYR,air
CTB_40100000000_@2@2@air,27061#408776#887264,CTB,air
CTR_40100000000_@2@2@air,26916#406581#882501,CTR,air
CV1_40100000000_@2@2@air,14963#226030#490607,CV1,air
VRY_40100000000_@2@2@air,15100#228100#495100,VRY,air
SMG_40100000000_@2@2@air,25467#384694#834993,SMG,air
AC1_40100000000_@2@2@water,43921#293470#509745#756358#1011778,AC1,water
GYR_40100000000_@2@2@water,47775#319224#554479#822734#1100570,GYR,water
CTB_40100000000_@2@2@water,109676#732831#1272899#1888723#2526541,CTB,water
CTR_40100000000_@2@2@water,108736#726551#1261991#1872538#2504890,CTR,water
CV1_40100000000_@2@2@water,60155#404393#702733#1042921#1395259,CV1,water
VRY_40100000000_@2@2@water,60772#408538#709934#1053609#1409557,VRY,water
PRS_40100000000_@2@2@water,2244#14994#26044#38645#51694,PRS,water
SMG_40100000000_@2@2@water,103088#688815#1196445#1775281#2374790,SMG,water
WTF_40100000000_@2@2@water,2244#14994#26044#38645#51694,WTF,water
AC1_40100000000_@2@3@air,18773#185716#369282,AC1,air
GYR_40100000000_@2@3@air,20392#201739#401142,GYR,air
CTB_40100000000_@2@3@air,46852#463513#921660,CTB,air
CTR_40100000000_@2@3@air,46561#460628#915924,CTR,air
CV1_40100000000_@2@3@air,25900#256227#509489,CV1,air
VRY_40100000000_@2@3@air,26200#259200#515400,VRY,air
SMG_40100000000_@2@3@air,44061#435896#866747,SMG,air
AC1_40100000000_@2@3@water,42361#298795#529782#776429#1005458,AC1,water
GYR_40100000000_@2@3@water,45761#324706#575970#844268#1093402,GYR,water
CTB_40100000000_@2@3@water,105063#745497#1322376#1938366#2510356,CTB,water
CTR_40100000000_@2@3@water,104152#739031#1310908#1921556#2488586,CTR,water
CV1_40100000000_@2@3@water,58031#411771#730406#1070644#1386580,CV1,water
VRY_40100000000_@2@3@water,58615#415917#737762#1081426#1400544,VRY,water
PRS_40100000000_@2@3@water,2164#15264#27064#39664#51364,PRS,water
SMG_40100000000_@2@3@water,98699#700342#1242280#1820960#2358306,SMG,water
WTF_40100000000_@2@3@water,2164#15264#27064#39664#51364,WTF,water
AC1_40100000000_@2@4@air,25476#188636#390868,AC1,air
GYR_40100000000_@2@4@air,27716#205217#425225,GYR,air
CTB_40100000000_@2@4@air,63572#470718#975364,CTB,air
CTR_40100000000_@2@4@air,63235#468219#970187,CTR,air
CV1_40100000000_@2@4@air,35085#259781#538286,CV1,air
VRY_40100000000_@2@4@air,35600#263600#546201,VRY,air
SMG_40100000000_@2@4@air,59746#442386#916658,SMG,air
AC1_40100000000_@2@4@water,35055#286560#509686#747490#989210,AC1,water
GYR_40100000000_@2@4@water,38156#311916#554785#813631#1076739,GYR,water
CTB_40100000000_@2@4@water,87417#714611#1271032#1864060#2466850,CTB,water
CTR_40100000000_@2@4@water,86670#708504#1260169#1848129#2445767,CTR,water
CV1_40100000000_@2@4@water,48320#395000#702560#1030355#1363545,CV1,water
VRY_40100000000_@2@4@water,48796#398890#709480#1040503#1376975,VRY,water
PRS_40100000000_@2@4@water,1792#14641#26041#38191#50541,PRS,water
SMG_40100000000_@2@4@water,82189#671870#1195010#1752569#2319305,SMG,water
WTF_40100000000_@2@4@water,1792#14641#26041#38191#50541,WTF,water
AC1_40100000000_@2@5@air,17825#174283#371220,AC1,air
GYR_40100000000_@2@5@air,19375#189442#403507,GYR,air
CTB_40100000000_@2@5@air,44387#433990#924391,CTB,air
CTR_40100000000_@2@5@air,44003#430238#916399,CTR,air
CV1_40100000000_@2@5@air,24110#239519#510657,CV1,air
VRY_40100000000_@2@5@air,24401#242401#516800,VRY,air
SMG_40100000000_@2@5@air,41934#410010#873314,SMG,air
AC1_40100000000_@2@5@water,12080#249949#479986#733517#965513,AC1,water
GYR_40100000000_@2@5@water,13142#271919#522177#797993#1050381,GYR,water
CTB_40100000000_@2@5@water,30128#623397#1197134#1829465#2408085,CTB,water
CTR_40100000000_@2@5@water,29890#618475#1187683#1815022#2389074,CTR,water
CV1_40100000000_@2@5@water,16652#344550#661654#1011143#1330945,CV1,water
VRY_40100000000_@2@5@water,16829#348226#668712#1021929#1345142,VRY,water
PRS_40100000000_@2@5@water,617#12767#24518#37467#49317,PRS,water
SMG_40100000000_@2@5@water,28326#586114#1125539#1720055#2264070,SMG,water
WTF_40100000000_@2@5@water,617#12767#24518#37467#49317,WTF,water
AC1_40100000000_@3@1@air,15236#186213#367392,AC1,air
GYR_40100000000_@3@1@air,16539#202140#398815,GYR,air
CTB_40100000000_@3@1@air,37965#464023#915502,CTB,air
CTR_40100000000_@3@1@air,37659#460284#908124,CTR,air
CV1_40100000000_@3@1@air,20585#256121#505709,CV1,air
VRY_40100000000_@3@1@air,20800#258801#511000,VRY,air
SMG_40100000000_@3@1@air,35043#436004#860888,SMG,air
AC1_40100000000_@3@1@water,22541#325100#549327#817615#1034009,AC1,water
GYR_40100000000_@3@1@water,24485#353142#596709#888140#1123198,GYR,water
CTB_40100000000_@3@1@water,56180#810281#1369146#2037831#2577172,CTB,water
CTR_40100000000_@3@1@water,55728#803770#1358143#2021455#2556462,CTR,water
CV1_40100000000_@3@1@water,31064#448038#757057#1126801#1425025,CV1,water
VRY_40100000000_@3@1@water,31361#452311#764278#1137548#1438616,VRY,water
PRS_40100000000_@3@1@water,1151#16601#28051#41751#52801,PRS,water
SMG_40100000000_@3@1@water,52849#762238#1287967#1917005#2424368,SMG,water
WTF_40100000000_@3@1@water,1151#16597#28044#41740#52787,WTF,water
AC1_40100000000_@3@2@air,15271#171565#363419,AC1,air
GYR_40100000000_@3@2@air,16659#187158#396449,GYR,air
CTB_40100000000_@3@2@air,38212#429298#909364,CTB,air
CTR_40100000000_@3@2@air,37806#424734#899698,CTR,air
CV1_40100000000_@3@2@air,21122#237300#502663,CV1,air
VRY_40100000000_@3@2@air,21300#239300#506901,VRY,air
SMG_40100000000_@3@2@air,35911#403442#854596,SMG,air
AC1_40100000000_@3@2@water,17833#294819#515037#757767#988752,AC1,water
GYR_40100000000_@3@2@water,19401#320735#560311#824377#1075666,GYR,water
CTB_40100000000_@3@2@water,44471#735200#1284367#1889671#2465686,CTB,water
CTR_40100000000_@3@2@water,44091#728917#1273391#1873522#2444614,CTR,water
CV1_40100000000_@3@2@water,24586#406464#710077#1044726#1363183,CV1,water
VRY_40100000000_@3@2@water,24818#410293#716766#1054567#1376023,VRY,water
PRS_40100000000_@3@2@water,911#15061#26311#38711#50511,PRS,water
SMG_40100000000_@3@2@water,41817#691328#1207723#1776906#2318548,SMG,water
WTF_40100000000_@3@2@water,911#15061#26311#38711#50511,WTF,water
AC1_40100000000_@3@3@air,36961#197316#374786,AC1,air
GYR_40100000000_@3@3@air,40040#213755#406009,GYR,air
CTB_40100000000_@3@3@air,92042#491367#933309,CTB,air
CTR_40100000000_@3@3@air,91178#486753#924546,CTR,air
CV1_40100000000_@3@3@air,50922#271848#516352,CV1,air
VRY_40100000000_@3@3@air,51400#274400#521200,VRY,air
SMG_40100000000_@3@3@air,86392#461201#876013,SMG,air
AC1_40100000000_@3@3@water,19405#269055#504020#736048#981782,AC1,water
GYR_40100000000_@3@3@water,21087#292384#547722#799869#1066910,GYR,water
CTB_40100000000_@3@3@water,48409#671229#1257412#1836268#2449317,CTB,water
CTR_40100000000_@3@3@water,47988#665391#1246475#1820296#2428014,CTR,water
CV1_40100000000_@3@3@water,26344#370470#694354#1014189#1352917,CV1,water
VRY_40100000000_@3@3@water,27011#374518#701584#1024561#1366617,VRY,water
PRS_40100000000_@3@3@water,991#13741#25741#37591#50141,PRS,water
SMG_40100000000_@3@3@water,45502#630909#1181881#1725965#2302189,SMG,water
WTF_40100000000_@3@3@water,991#13741#25741#37591#50141,WTF,water
AC1_40100000000_@3@4@air,28008#190906#367379,AC1,air
GYR_40100000000_@3@4@air,30404#207242#398817,GYR,air
CTB_40100000000_@3@4@air,70030#477341#918596,CTB,air
CTR_40100000000_@3@4@air,69231#471900#908125,CTR,air
CV1_40100000000_@3@4@air,38755#264165#508360,CV1,air
VRY_40100000000_@3@4@air,39200#267200#514200,VRY,air
SMG_40100000000_@3@4@air,65945#449499#865016,SMG,air
AC1_40100000000_@3@4@water,7896#257682#483960#741583#970799,AC1,water
GYR_40100000000_@3@4@water,8584#280141#526139#806216#1055409,GYR,water
CTB_40100000000_@3@4@water,19681#642330#1206376#1848558#2419930,CTB,water
CTR_40100000000_@3@4@water,19520#637082#1196521#1833457#2400161,CTR,water
CV1_40100000000_@3@4@water,10878#355030#666790#1021739#1337548,CV1,water
VRY_40100000000_@3@4@water,10982#358428#673172#1031518#1350350,VRY,water
PRS_40100000000_@3@4@water,403#13153#24704#37853#49553,PRS,water
SMG_40100000000_@3@4@water,18507#604002#1134391#1738254#2275532,SMG,water
WTF_40100000000_@3@4@water,403#13153#24704#37853#49553,WTF,water
AC1_40100000000_@3@5@air,37944#191012#388779,AC1,air
GYR_40100000000_@3@5@air,41308#207945#423243,GYR,air
CTB_40100000000_@3@5@air,94624#476342#969529,CTB,air
CTR_40100000000_@3@5@air,93863#472511#961732,CTR,air
CV1_40100000000_@3@5@air,52305#263305#535920,CV1,air
VRY_40100000000_@3@5@air,52800#265800#541000,VRY,air
SMG_40100000000_@3@5@air,88985#447959#911759,SMG,air
AC1_40100000000_@3@5@water,23566#271159#500159#752645#977730,AC1,water
GYR_40100000000_@3@5@water,25616#294748#543669#818120#1062785,GYR,water
CTB_40100000000_@3@5@water,58822#676840#1248446#1878679#2440513,CTB,water
CTR_40100000000_@3@5@water,58295#670775#1237258#1861842#2418642,CTR,water
CV1_40100000000_@3@5@water,32498#373941#689742#1037932#1348335,CV1,water
VRY_40100000000_@3@5@water,32818#377625#696537#1048158#1361618,VRY,water
PRS_40100000000_@3@5@water,1204#13854#25554#38455#49954,PRS,water
SMG_40100000000_@3@5@water,55290#636198#1173481#1765870#2293968,SMG,water
WTF_40100000000_@3@5@water,1204#13853#25551#38449#49948,WTF,water
