0,1,2,key
82827,513661,1078922,00000000000_1_1_SMG
35707,221439,465122,00000000000_1_1_AC1
49146,304781,640179,00000000000_1_1_CV1
38744,240273,504682,00000000000_1_1_GYR
88123,546504,1147907,00000000000_1_1_CTR
88966,551730,1158884,00000000000_1_1_CTB
49600,307600,646100,00000000000_1_1_VRY
160792,728591,1381132,00000000000_1_4_SMG
68306,309511,586715,00000000000_1_4_AC1
93096,423351,802895,00000000000_1_4_CV1
74392,337090,638994,00000000000_1_4_GYR
169958,770127,1459870,00000000000_1_4_CTR
171124,775411,1469885,00000000000_1_4_CTB
94300,427300,809990,00000000000_1_4_VRY
150984,684971,1211621,00000000000_2_1_SMG
64168,291111,514937,00000000000_2_1_AC1
87681,397784,703627,00000000000_2_1_CV1
69980,317477,561573,00000000000_2_1_GYR
159584,723988,1280638,00000000000_2_1_CTR
160680,728958,1289429,00000000000_2_1_CTB
88500,401500,710200,00000000000_2_1_VRY
209498,649648,1059772,00000000000_2_2_SMG
89168,276506,451064,00000000000_2_2_AC1
121600,377079,615130,00000000000_2_2_CV1
96881,300424,490081,00000000000_2_2_GYR
218762,678376,1106637,00000000000_2_2_CTR
222954,691373,1127838,00000000000_2_2_CTB
122800,380800,621200,00000000000_2_2_VRY
78623,479991,923810,00000000000_2_3_SMG
34116,208275,400854,00000000000_2_3_AC1
47042,287191,552738,00000000000_2_3_CV1
37073,226327,435597,00000000000_2_3_GYR
84485,515783,992695,00000000000_2_3_CTR
85118,519647,1000131,00000000000_2_3_CTB
47600,290600,559300,00000000000_2_3_VRY
88650,506618,1103401,00000000000_2_4_SMG
37731,215626,469627,00000000000_2_4_AC1
51350,293455,639138,00000000000_2_4_CV1
41333,234605,510562,00000000000_2_4_GYR
93290,529518,1152374,00000000000_2_4_CTR
95078,539663,1174452,00000000000_2_4_CTB
52600,300600,654700,00000000000_2_4_VRY
209942,650308,1170213,00000000000_2_5_SMG
89183,276248,497100,00000000000_2_5_AC1
121239,375544,675782,00000000000_2_5_CV1
96901,300157,540125,00000000000_2_5_GYR
221581,686360,1235088,00000000000_2_5_CTR
223205,691391,1244141,00000000000_2_5_CTB
123000,381000,685600,00000000000_2_5_VRY
220400,637965,1253873,00000000000_3_3_SMG
93671,271138,532901,00000000000_3_3_AC1
127794,369908,727027,00000000000_3_3_CV1
102064,295430,580646,00000000000_3_3_GYR
232849,673999,1324694,00000000000_3_3_CTR
234556,678939,1334405,00000000000_3_3_CTB
130900,378900,744700,00000000000_3_3_VRY
204048,646094,1246302,00000000000_3_4_SMG
87181,276047,532489,00000000000_3_4_AC1
120231,380698,734359,00000000000_3_4_CV1
94849,300328,579326,00000000000_3_4_GYR
215703,683000,1317492,00000000000_3_4_CTR
217761,689515,1330060,00000000000_3_4_CTB
121400,384400,741500,00000000000_3_4_VRY
156989,683087,1197251,00000000000_3_5_SMG
67172,292276,512273,00000000000_3_5_AC1
92546,402683,705785,00000000000_3_5_CV1
72842,316946,555513,00000000000_3_5_GYR
166111,722778,1266818,00000000000_3_5_CTR
167616,729327,1278295,00000000000_3_5_CTB
93400,406400,712301,00000000000_3_5_VRY
163630,638575,1192062,10000000000_1_1_SMG
70639,274762,512640,10000000000_1_1_AC1
96609,377020,703803,10000000000_1_1_CV1
76307,297791,555902,10000000000_1_1_GYR
174087,677141,1263384,10000000000_1_1_CTR
175054,683159,1275289,10000000000_1_1_CTB
97500,380501,710300,10000000000_1_1_VRY
202331,729197,1269361,10000000000_1_2_SMG
86572,312005,543127,10000000000_1_2_AC1
119393,430289,749032,10000000000_1_2_CV1
94213,339541,591061,10000000000_1_2_GYR
214795,774118,1347558,10000000000_1_2_CTR
216337,779675,1357232,10000000000_1_2_CTB
120200,433200,754101,10000000000_1_2_VRY
82697,549966,1122623,10000000000_1_3_SMG
35384,235317,480341,10000000000_1_3_AC1
48750,324208,661791,10000000000_1_3_CV1
38506,256077,522720,10000000000_1_3_GYR
87502,581922,1187853,10000000000_1_3_CTR
88292,587176,1198578,10000000000_1_3_CTB
49200,327200,667900,10000000000_1_3_VRY
59508,467914,929512,10000000000_1_4_SMG
26034,204705,406646,10000000000_1_4_AC1
35412,281407,559442,10000000000_1_4_CV1
28289,222439,441875,10000000000_1_4_GYR
64292,505533,1004243,10000000000_1_4_CTR
64810,509607,1012334,10000000000_1_4_CTB
35700,283700,564000,10000000000_1_4_VRY
35670,436957,878206,10000000000_1_5_SMG
15838,190701,382979,10000000000_1_5_AC1
21420,262394,527365,10000000000_1_5_CV1
17209,207212,416136,10000000000_1_5_GYR
38379,470140,944899,10000000000_1_5_CTR
38775,474985,954638,10000000000_1_5_CTB
21600,264600,531800,10000000000_1_5_VRY
87336,479523,931691,10000000000_2_1_SMG
38156,209498,407045,10000000000_2_1_AC1
52511,288314,560181,10000000000_2_1_CV1
41414,227386,441800,10000000000_2_1_GYR
94222,517330,1005148,10000000000_2_1_CTR
95003,521616,1013476,10000000000_2_1_CTB
53000,291000,565400,10000000000_2_1_VRY
90591,450969,884746,10000000000_2_2_SMG
39419,196229,384976,10000000000_2_2_AC1
54200,269811,529336,10000000000_2_2_CV1
42803,213077,418030,10000000000_2_2_GYR
97469,485209,951921,10000000000_2_2_CTR
98204,488868,959098,10000000000_2_2_CTB
54800,272800,535200,10000000000_2_2_VRY
105120,516311,945906,10000000000_2_3_SMG
46082,225185,412305,10000000000_2_3_AC1
62870,308796,565728,10000000000_2_3_CV1
50124,244939,448474,10000000000_2_3_GYR
114150,557815,1021338,10000000000_2_3_CTR
113806,558978,1024075,10000000000_2_3_CTB
63400,311400,570500,10000000000_2_3_VRY
151867,586252,1171999,10000000000_2_4_SMG
64744,249930,499644,10000000000_2_4_AC1
89373,345006,689715,10000000000_2_4_CV1
69543,268457,536682,10000000000_2_4_GYR
159980,617573,1234613,10000000000_2_4_CTR
161639,623977,1247415,10000000000_2_4_CTB
90200,348200,696100,10000000000_2_4_VRY
125931,652888,1289614,10000000000_2_5_SMG
51306,265994,525402,10000000000_2_5_AC1
73941,383345,749990,10000000000_2_5_CV1
58188,301675,595882,10000000000_2_5_GYR
132660,687773,1358519,10000000000_2_5_CTR
134110,695289,1373366,10000000000_2_5_CTB
74800,387801,766000,10000000000_2_5_VRY
180573,640428,1208593,10000000000_3_1_SMG
77134,273566,516264,10000000000_3_1_AC1
106270,376901,711273,10000000000_3_1_CV1
83040,294513,555794,10000000000_3_1_GYR
190023,673943,1271840,10000000000_3_1_CTR
192199,681661,1286406,10000000000_3_1_CTB
107200,380201,717500,10000000000_3_1_VRY
74827,484353,908541,10000000000_3_2_SMG
31870,206288,386952,10000000000_3_2_AC1
44014,284898,534407,10000000000_3_2_CV1
34483,223207,418688,10000000000_3_2_GYR
78784,509965,956584,10000000000_3_2_CTR
79642,515521,967004,10000000000_3_2_CTB
44400,287400,539100,10000000000_3_2_VRY
124987,450086,900340,10000000000_3_3_SMG
53233,191694,383459,10000000000_3_3_AC1
73484,264620,529338,10000000000_3_3_CV1
57567,207303,414684,10000000000_3_3_GYR
131596,473886,947949,10000000000_3_3_CTR
133034,479065,958309,10000000000_3_3_CTB
74200,267200,534500,10000000000_3_3_VRY
79040,479174,911419,10000000000_3_4_SMG
34685,208792,396870,10000000000_3_4_AC1
47386,287272,546409,10000000000_3_4_CV1
37615,226428,430393,10000000000_3_4_GYR
85832,516678,982098,10000000000_3_4_CTR
85850,520465,989956,10000000000_3_4_CTB
48000,291001,553500,10000000000_3_4_VRY
116503,559282,1094320,10000000000_3_5_SMG
47376,227429,444999,10000000000_3_5_AC1
68598,329307,644339,10000000000_3_5_CV1
53717,257872,504566,10000000000_3_5_GYR
122728,589165,1152791,10000000000_3_5_CTR
124135,595916,1166000,10000000000_3_5_CTB
69200,332200,650000,10000000000_3_5_VRY
94974,479591,954628,10000000000_4_1_SMG
40450,204260,406580,10000000000_4_1_AC1
55811,281828,560978,10000000000_4_1_CV1
43674,220542,438990,10000000000_4_1_GYR
99996,504952,1005107,10000000000_4_1_CTR
101089,510470,1016092,10000000000_4_1_CTB
56301,284300,565900,10000000000_4_1_VRY
125907,519154,1062105,10000000000_4_2_SMG
53521,220682,451480,10000000000_4_2_AC1
73702,305248,624939,10000000000_4_2_CV1
57870,238614,488165,10000000000_4_2_GYR
132496,546322,1117687,10000000000_4_2_CTR
134088,552888,1131119,10000000000_4_2_CTB
74600,307600,629300,10000000000_4_2_VRY
158591,610261,1196421,10000000000_4_3_SMG
67543,259907,509549,10000000000_4_3_AC1
93281,358946,703717,10000000000_4_3_CV1
73152,280528,549652,10000000000_4_3_GYR
167483,642279,1258451,10000000000_4_3_CTR
168713,649212,1272784,10000000000_4_3_CTB
94100,362100,709900,10000000000_4_3_VRY
110717,554598,1204554,10000000000_4_4_SMG
47132,236088,512768,10000000000_4_4_AC1
65062,325905,707845,10000000000_4_4_CV1
50861,254767,553339,10000000000_4_4_GYR
116508,583602,1267548,10000000000_4_4_CTR
117846,590306,1282109,10000000000_4_4_CTB
65600,328600,713700,10000000000_4_4_VRY
93824,578946,1115274,10000000000_4_5_SMG
39942,246460,474778,10000000000_4_5_AC1
55164,340391,655726,10000000000_4_5_CV1
42921,264843,510191,10000000000_4_5_GYR
98734,609243,1173638,10000000000_4_5_CTR
99865,616220,1187079,10000000000_4_5_CTB
55700,343700,662100,10000000000_4_5_VRY
120382,554768,1127214,10000000000_5_1_SMG
51711,237170,481574,10000000000_5_1_AC1
70845,326478,663359,10000000000_5_1_CV1
55785,255857,519517,10000000000_5_1_GYR
127315,583929,1185668,10000000000_5_1_CTR
128129,590466,1199748,10000000000_5_1_CTB
71500,329500,669500,10000000000_5_1_VRY
100731,493207,1190232,10000000000_5_2_SMG
42903,210066,506942,10000000000_5_2_AC1
59309,290394,700792,10000000000_5_2_CV1
46372,227049,547925,10000000000_5_2_GYR
106002,519018,1252519,10000000000_5_2_CTR
107216,524961,1266863,10000000000_5_2_CTB
59800,292800,706600,10000000000_5_2_VRY
186911,622135,1220484,10000000000_5_3_SMG
79609,264979,519827,10000000000_5_3_AC1
110000,366135,718271,10000000000_5_3_CV1
85683,285195,559486,10000000000_5_3_GYR
196692,654692,1284354,10000000000_5_3_CTR
198840,661843,1298383,10000000000_5_3_CTB
110800,368800,723500,10000000000_5_3_VRY
202714,721282,1332284,10000000000_5_4_SMG
86606,307356,567454,10000000000_5_4_AC1
119241,424274,783678,10000000000_5_4_CV1
93016,330104,609452,10000000000_5_4_GYR
213977,759383,1399990,10000000000_5_4_CTR
215765,767722,1399990,10000000000_5_4_CTB
120400,428400,791300,10000000000_5_4_VRY
97824,650080,1399990,10000000000_5_5_SMG
41976,277179,624990,10000000000_5_5_AC1
57539,382368,866540,10000000000_5_5_CV1
45276,298972,624990,10000000000_5_5_GYR
103605,684138,1399990,10000000000_5_5_CTR
104122,691935,1399990,10000000000_5_5_CTB
58100,386100,874990,10000000000_5_5_VRY
49525,517817,1187576,10000000000_6_1_SMG
21155,221191,507286,10000000000_6_1_AC1
29103,304291,697868,10000000000_6_1_CV1
22763,238000,545835,10000000000_6_1_GYR
52088,544615,1249036,10000000000_6_1_CTR
52684,550849,1263333,10000000000_6_1_CTB
29400,307400,705000,10000000000_6_1_VRY
120667,563898,1202622,10000000000_6_2_SMG
51369,240055,511963,10000000000_6_2_AC1
71014,331862,707759,10000000000_6_2_CV1
55461,259179,552750,10000000000_6_2_GYR
126982,593408,1265558,10000000000_6_2_CTR
128369,599889,1279381,10000000000_6_2_CTB
71600,334600,713600,10000000000_6_2_VRY
132908,491707,1118680,10000000000_6_3_SMG
56578,209316,476212,10000000000_6_3_AC1
78216,289367,658336,10000000000_6_3_CV1
61055,225877,513891,10000000000_6_3_GYR
139786,517154,1176574,10000000000_6_3_CTR
141307,522782,1189377,10000000000_6_3_CTB
78900,291901,664100,10000000000_6_3_VRY
33702,443413,853784,10000000000_6_4_SMG
14696,193352,372295,10000000000_6_4_AC1
20274,266736,513596,10000000000_6_4_CV1
15913,209364,403126,10000000000_6_4_GYR
36264,477120,918687,10000000000_6_4_CTR
36505,480289,924789,10000000000_6_4_CTB
20400,268401,516800,10000000000_6_4_VRY
60137,494739,1043382,20000000000_1_1_SMG
26002,211641,445992,20000000000_1_1_AC1
35391,291151,614024,20000000000_1_1_CV1
27846,226651,477624,20000000000_1_1_GYR
64056,521386,1098722,20000000000_1_1_CTR
63973,526299,1109941,20000000000_1_1_CTB
35700,293700,619400,20000000000_1_1_VRY
122190,540741,1196582,20000000000_1_2_SMG
52017,230196,509391,20000000000_1_2_AC1
71911,318233,704204,20000000000_1_2_CV1
56133,248410,549695,20000000000_1_2_GYR
128514,568724,1258506,20000000000_1_2_CTR
129917,574933,1272245,20000000000_1_2_CTB
72400,320400,709000,20000000000_1_2_VRY
106108,566636,1091268,20000000000_1_3_SMG
45192,241333,464776,20000000000_1_3_AC1
62444,333462,642205,20000000000_1_3_CV1
48565,259343,499461,20000000000_1_3_GYR
111599,595961,1147744,20000000000_1_3_CTR
112939,603120,1161530,20000000000_1_3_CTB
62900,335900,646900,20000000000_1_3_VRY
116178,542780,1094327,20000000000_1_4_SMG
49432,230943,465616,20000000000_1_4_AC1
68337,319266,643688,20000000000_1_4_CV1
53343,249216,502457,20000000000_1_4_GYR
122193,570885,1150991,20000000000_1_4_CTR
123524,577100,1163522,20000000000_1_4_CTB
68900,321900,649000,20000000000_1_4_VRY
151415,611729,1209462,20000000000_1_5_SMG
64456,260408,514858,20000000000_1_5_AC1
88762,359922,712033,20000000000_1_5_CV1
69778,281906,557363,20000000000_1_5_GYR
159334,643721,1272714,20000000000_1_5_CTR
161158,651093,1287289,20000000000_1_5_CTB
89800,362800,717300,20000000000_1_5_VRY
92982,502303,1188379,20000000000_2_1_SMG
39719,214565,507630,20000000000_2_1_AC1
54747,295749,699701,20000000000_2_1_CV1
42783,231119,546795,20000000000_2_1_GYR
97848,528590,1250569,20000000000_2_1_CTR
98969,534643,1264891,20000000000_2_1_CTB
55200,298200,705500,20000000000_2_1_VRY
39360,480710,870515,20000000000_2_2_SMG
17225,210369,380955,20000000000_2_2_AC1
23651,288848,523073,20000000000_2_2_CV1
18660,227890,412685,20000000000_2_2_GYR
43183,518729,938736,20000000000_2_2_CTR
42835,523153,947374,20000000000_2_2_CTB
23900,291900,528600,20000000000_2_2_VRY
61682,429075,897080,20000000000_2_3_SMG
26259,182660,381892,20000000000_2_3_AC1
36301,252517,527943,20000000000_2_3_CV1
28231,196383,410583,20000000000_2_3_GYR
64910,451529,944025,20000000000_2_3_CTR
65653,456700,954836,20000000000_2_3_CTB
36601,254600,532300,20000000000_2_3_VRY
124252,524953,982225,20000000000_2_4_SMG
52947,223697,418553,20000000000_2_4_AC1
73160,309094,578337,20000000000_2_4_CV1
57139,241406,451688,20000000000_2_4_GYR
130751,552411,1033600,20000000000_2_4_CTR
132316,559026,1045978,20000000000_2_4_CTB
73800,311800,583400,20000000000_2_4_VRY
101065,527220,1059156,20000000000_2_5_SMG
43067,224663,451336,20000000000_2_5_AC1
59394,309835,622442,20000000000_2_5_CV1
46233,241178,484513,20000000000_2_5_GYR
106351,554796,1114555,20000000000_2_5_CTR
107628,561460,1127942,20000000000_2_5_CTB
60001,313000,628801,20000000000_2_5_VRY
56122,465658,983898,20000000000_3_1_SMG
23914,198421,419247,20000000000_3_1_AC1
32995,273767,578448,20000000000_3_1_CV1
25673,213015,450083,20000000000_3_1_GYR
59061,490040,1035416,20000000000_3_1_CTR
59704,495379,1046695,20000000000_3_1_CTB
33300,276300,583800,20000000000_3_1_VRY
155300,573480,1150163,20000000000_3_2_SMG
66075,243994,489350,20000000000_3_2_AC1
91301,337147,676177,20000000000_3_2_CV1
71496,264015,529505,20000000000_3_2_GYR
163350,603206,1209782,20000000000_3_2_CTR
165229,610143,1223694,20000000000_3_2_CTB
92100,340100,682100,20000000000_3_2_VRY
96450,488172,950338,20000000000_3_3_SMG
42329,214242,417070,20000000000_3_3_AC1
57956,293337,571047,20000000000_3_3_CV1
45767,231647,450953,20000000000_3_3_GYR
104972,528151,1027432,20000000000_3_3_CTR
105065,531779,1035230,20000000000_3_3_CTB
58600,296600,577400,20000000000_3_3_VRY
105203,599975,1282017,20000000000_3_5_SMG
44762,255279,545475,20000000000_3_5_AC1
61850,352734,753716,20000000000_3_5_CV1
48049,274025,585531,20000000000_3_5_GYR
110650,631041,1348399,20000000000_3_5_CTR
111980,638625,1364604,20000000000_3_5_CTB
62300,355300,759200,20000000000_3_5_VRY
198766,650199,1210953,20000000000_4_1_SMG
84655,276923,515750,20000000000_4_1_AC1
116918,382461,712309,20000000000_4_1_CV1
91407,299007,556880,20000000000_4_1_GYR
209392,684959,1275691,20000000000_4_1_CTR
211674,692425,1289596,20000000000_4_1_CTB
118000,386000,718900,20000000000_4_1_VRY
35092,435428,883870,20000000000_4_2_SMG
15365,190650,386999,20000000000_4_2_AC1
21053,261228,530263,20000000000_4_2_CV1
16614,206149,418460,20000000000_4_2_GYR
37863,469820,953682,20000000000_4_2_CTR
38139,473238,960620,20000000000_4_2_CTB
21300,264301,536500,20000000000_4_2_VRY
28710,454401,887847,20000000000_4_3_SMG
12564,198850,388530,20000000000_4_3_AC1
17277,273447,534283,20000000000_4_3_CV1
13585,215003,420091,20000000000_4_3_GYR
31619,489687,956100,20000000000_4_3_CTR
31248,494571,966335,20000000000_4_3_CTB
17400,275401,538100,20000000000_4_3_VRY
77202,478914,940140,20000000000_4_4_SMG
33681,208938,410159,20000000000_4_4_AC1
46296,287188,563769,20000000000_4_4_CV1
36479,226289,444220,20000000000_4_4_GYR
83800,516066,1012371,20000000000_4_4_CTR
83681,519109,1019045,20000000000_4_4_CTB
46700,289700,568700,20000000000_4_4_VRY
177041,653752,1179988,20000000000_4_5_SMG
75588,279120,503797,20000000000_4_5_AC1
104085,384350,693731,20000000000_4_5_CV1
81588,301277,543789,20000000000_4_5_GYR
186407,688340,1242417,20000000000_4_5_CTR
188446,695866,1256002,20000000000_4_5_CTB
105100,388100,700501,20000000000_4_5_VRY
82035,474874,927465,20000000000_5_1_SMG
35791,207185,404648,20000000000_5_1_AC1
49171,284633,555910,20000000000_5_1_CV1
38788,224529,438522,20000000000_5_1_GYR
88393,511684,999357,20000000000_5_1_CTR
89037,515409,1006632,20000000000_5_1_CTB
49700,287700,561900,20000000000_5_1_VRY
57813,459945,891865,20000000000_5_2_SMG
24851,199885,387884,20000000000_5_2_AC1
34140,274601,532875,20000000000_5_2_CV1
27373,217772,422274,20000000000_5_2_GYR
62256,495291,960403,20000000000_5_2_CTR
62793,499558,968677,20000000000_5_2_CTB
34500,277500,538500,20000000000_5_2_VRY
40111,416457,897619,20000000000_5_4_SMG
17412,180782,389651,20000000000_5_4_AC1
24027,249464,537688,20000000000_5_4_CV1
18927,196505,423541,20000000000_5_4_GYR
43901,448545,965886,20000000000_5_4_CTR
43392,450521,971038,20000000000_5_4_CTB
24300,252300,543801,20000000000_5_4_VRY
92027,474925,921421,20000000000_5_5_SMG
40071,206795,401211,20000000000_5_5_AC1
55347,285626,554154,20000000000_5_5_CV1
43939,225335,436860,20000000000_5_5_GYR
100055,513121,994795,20000000000_5_5_CTR
100171,516949,1002953,20000000000_5_5_CTB
56000,289000,560700,20000000000_5_5_VRY
120727,530457,1169501,20000000000_6_1_SMG
51419,225924,498096,20000000000_6_1_AC1
70945,311719,687247,20000000000_6_1_CV1
55547,244065,538091,20000000000_6_1_GYR
127046,558218,1230705,20000000000_6_1_CTR
128501,564611,1244800,20000000000_6_1_CTB
71600,314601,693600,20000000000_6_1_VRY
102076,536653,1171169,20000000000_6_2_SMG
43477,228576,498834,20000000000_6_2_AC1
60132,316139,689929,20000000000_6_2_CV1
46966,246920,538868,20000000000_6_2_GYR
107474,565034,1233107,20000000000_6_2_CTR
108705,571505,1247229,20000000000_6_2_CTB
60600,318601,695300,20000000000_6_2_VRY
87556,539674,1235902,20000000000_6_3_SMG
37234,229501,525578,20000000000_6_3_AC1
51500,317429,726941,20000000000_6_3_CV1
40222,247919,567757,20000000000_6_3_GYR
92041,567320,1299214,20000000000_6_3_CTR
93095,573817,1314092,20000000000_6_3_CTB
51900,319900,732600,20000000000_6_3_VRY
131357,574832,1093682,20000000000_6_4_SMG
55889,244575,465330,20000000000_6_4_AC1
77224,337942,642971,20000000000_6_4_CV1
60060,262827,500057,20000000000_6_4_GYR
138162,604613,1150344,20000000000_6_4_CTR
139672,611221,1162915,20000000000_6_4_CTB
77900,340900,648600,20000000000_6_4_VRY
172579,818061,1319111,20000000000_6_5_SMG
73429,348070,561258,20000000000_6_5_AC1
101512,481187,775907,20000000000_6_5_CV1
79282,375813,605993,20000000000_6_5_GYR
181715,861372,1388948,20000000000_6_5_CTR
183696,870760,1399990,20000000000_6_5_CTB
102400,485400,782700,20000000000_6_5_VRY
105638,382936,939183,30000000000_1_1_SMG
46087,167066,409742,30000000000_1_1_AC1
63202,229107,561903,30000000000_1_1_CV1
49982,181184,444367,30000000000_1_1_GYR
114395,412774,1011308,30000000000_1_1_CTR
114583,415361,1018707,30000000000_1_1_CTB
64000,232001,569001,30000000000_1_1_VRY
59183,494203,1106939,30000000000_1_2_SMG
24099,201229,450723,30000000000_1_2_AC1
34812,290692,651107,30000000000_1_2_CV1
27203,227149,508780,30000000000_1_2_GYR
62282,520079,1164899,30000000000_1_2_CTR
62996,526039,1178247,30000000000_1_2_CTB
35100,293100,656500,30000000000_1_2_VRY
44999,496669,1107266,30000000000_1_3_SMG
19212,212046,472733,30000000000_1_3_AC1
26481,292278,651600,30000000000_1_3_CV1
20715,228639,509723,30000000000_1_3_GYR
47354,522658,1165205,30000000000_1_3_CTR
47871,528370,1177940,30000000000_1_3_CTB
26700,294700,657000,30000000000_1_3_VRY
63536,489915,1053308,30000000000_1_4_SMG
27114,209069,449495,30000000000_1_4_AC1
37373,288179,619578,30000000000_1_4_CV1
29264,225648,485138,30000000000_1_4_GYR
66896,515821,1109005,30000000000_1_4_CTR
67627,521458,1121125,30000000000_1_4_CTB
37700,290700,625000,30000000000_1_4_VRY
50729,502398,1130522,30000000000_1_5_SMG
21659,214500,482677,30000000000_1_5_AC1
29781,294939,663687,30000000000_1_5_CV1
23317,230916,519619,30000000000_1_5_GYR
53413,528978,1190334,30000000000_1_5_CTR
53967,534464,1202677,30000000000_1_5_CTB
30100,298100,670800,30000000000_1_5_VRY
48481,441822,913666,30000000000_2_1_SMG
20915,193152,399764,30000000000_2_1_AC1
28605,264172,546753,30000000000_2_1_CV1
22922,208893,431980,30000000000_2_1_GYR
52201,475720,983766,30000000000_2_1_CTR
52583,479208,990978,30000000000_2_1_CTB
28900,266900,552400,30000000000_2_1_VRY
53257,471220,1057547,30000000000_2_2_SMG
22984,200903,450491,30000000000_2_2_AC1
31251,276508,620559,30000000000_2_2_CV1
24479,216586,486078,30000000000_2_2_GYR
56788,496392,1113080,30000000000_2_2_CTR
56688,501575,1125674,30000000000_2_2_CTB
31600,279600,627500,30000000000_2_2_VRY
107858,516857,947790,30000000000_2_3_SMG
47227,226311,415000,30000000000_2_3_AC1
64714,310110,568667,30000000000_2_3_CV1
51101,244877,449045,30000000000_2_3_GYR
116949,557675,1022036,30000000000_2_3_CTR
117157,561421,1029510,30000000000_2_3_CTB
65400,313400,574701,30000000000_2_3_VRY
162716,580887,1182851,30000000000_2_4_SMG
69437,247886,504766,30000000000_2_4_AC1
95711,341681,695758,30000000000_2_4_CV1
74711,266713,543102,30000000000_2_4_GYR
171236,611303,1244786,30000000000_2_4_CTR
173102,617962,1258346,30000000000_2_4_CTB
96500,344500,701500,30000000000_2_4_VRY
42957,454283,899941,30000000000_2_5_SMG
18720,197966,392174,30000000000_2_5_AC1
25697,271747,538335,30000000000_2_5_CV1
20257,214219,424371,30000000000_2_5_GYR
46901,488581,967126,30000000000_2_5_CTR
46536,492122,974901,30000000000_2_5_CTB
25900,273901,542600,30000000000_2_5_VRY
86832,563059,1205713,30000000000_3_1_SMG
37002,239935,513788,30000000000_3_1_AC1
51028,330887,708549,30000000000_3_1_CV1
39993,259333,555325,30000000000_3_1_GYR
91323,592183,1268078,30000000000_3_1_CTR
92468,599605,1283972,30000000000_3_1_CTB
51600,334600,716500,30000000000_3_1_VRY
149074,726840,1384112,30000000000_3_2_SMG
63524,309720,589796,30000000000_3_2_AC1
87521,426727,812611,30000000000_3_2_CV1
68664,334783,624990,30000000000_3_2_GYR
156876,764877,1399990,30000000000_3_2_CTR
158672,773636,1399990,30000000000_3_2_CTB
88500,431500,821700,30000000000_3_2_VRY
178473,613278,1314359,30000000000_3_3_SMG
76089,261460,560353,30000000000_3_3_AC1
105030,360911,773493,30000000000_3_3_CV1
82074,282028,604434,30000000000_3_3_GYR
187813,645373,1383144,30000000000_3_3_CTR
189964,652764,1398985,30000000000_3_3_CTB
105900,363900,779900,30000000000_3_3_VRY
153214,621272,1214594,30000000000_3_4_SMG
65320,264868,517820,30000000000_3_4_AC1
90038,365097,713769,30000000000_3_4_CV1
70571,286158,559443,30000000000_3_4_GYR
161232,653784,1278156,30000000000_3_4_CTR
163078,661271,1292793,30000000000_3_4_CTB
91000,369000,721400,30000000000_3_4_VRY
151526,611155,1251267,30000000000_3_5_SMG
64633,260683,533718,30000000000_3_5_AC1
89090,359328,735682,30000000000_3_5_CV1
69389,279866,572992,30000000000_3_5_GYR
159452,643121,1316714,30000000000_3_5_CTR
161452,651187,1333228,30000000000_3_5_CTB
90000,363000,743200,30000000000_3_5_VRY
134858,586065,1216913,30000000000_4_1_SMG
57606,250345,519819,30000000000_4_1_AC1
79251,344407,715132,30000000000_4_1_CV1
61984,269368,559318,30000000000_4_1_GYR
141915,616735,1280596,30000000000_4_1_CTR
143540,623798,1295262,30000000000_4_1_CTB
80100,348100,722801,30000000000_4_1_VRY
131656,667030,1195839,30000000000_4_2_SMG
53814,272644,488791,30000000000_4_2_AC1
77407,392180,703093,30000000000_4_2_CV1
60257,305288,547315,30000000000_4_2_GYR
138618,702307,1259082,30000000000_4_2_CTR
140206,710350,1273501,30000000000_4_2_CTB
78201,396200,710300,30000000000_4_2_VRY
83886,661652,1164292,30000000000_4_3_SMG
35728,281801,495878,30000000000_4_3_AC1
49320,389007,684525,30000000000_4_3_CV1
38536,303955,534862,30000000000_4_3_GYR
88227,695893,1224545,30000000000_4_3_CTR
89237,703858,1238560,30000000000_4_3_CTB
49800,392800,691200,30000000000_4_3_VRY
149748,618025,1161091,30000000000_4_4_SMG
63999,264129,496223,30000000000_4_4_AC1
88001,363189,682327,30000000000_4_4_CV1
68865,284211,533950,30000000000_4_4_GYR
157498,650008,1221179,30000000000_4_4_CTR
159389,657815,1235846,30000000000_4_4_CTB
88900,366900,689300,30000000000_4_4_VRY
169372,654735,1215262,30000000000_4_5_SMG
72209,279135,518105,30000000000_4_5_AC1
99533,384762,714161,30000000000_4_5_CV1
77562,299826,556511,30000000000_4_5_GYR
178236,688999,1278859,30000000000_4_5_CTR
180277,696889,1293505,30000000000_4_5_CTB
100500,388500,721101,30000000000_4_5_VRY
205071,664711,1169305,30000000000_5_1_SMG
87599,283939,499482,30000000000_5_1_AC1
120508,390612,687132,30000000000_5_1_CV1
94504,306322,538857,30000000000_5_1_GYR
215684,699112,1229820,30000000000_5_1_CTR
218267,707484,1244548,30000000000_5_1_CTB
121800,394800,694500,30000000000_5_1_VRY
123973,550128,1180096,30000000000_5_2_SMG
52906,234770,503613,30000000000_5_2_AC1
72892,323458,693858,30000000000_5_2_CV1
57101,253386,543545,30000000000_5_2_GYR
130385,578583,1241136,30000000000_5_2_CTR
132024,585855,1256737,30000000000_5_2_CTB
73600,326600,700601,30000000000_5_2_VRY
135000,579322,1221984,30000000000_5_3_SMG
57553,246975,520954,30000000000_5_3_AC1
78812,339536,716644,30000000000_5_3_CV1
62312,267398,564031,30000000000_5_3_GYR
141986,609303,1285225,30000000000_5_3_CTR
143611,616277,1299936,30000000000_5_3_CTB
79500,342500,722900,30000000000_5_3_VRY
129326,589637,1191919,30000000000_5_4_SMG
55107,251249,507887,30000000000_5_4_AC1
75960,346325,700076,30000000000_5_4_CV1
59599,271730,549287,30000000000_5_4_GYR
136098,620511,1254329,30000000000_5_4_CTR
137580,627270,1267993,30000000000_5_4_CTB
76700,349700,706900,30000000000_5_4_VRY
151974,579190,1156015,30000000000_5_5_SMG
64948,247524,494037,30000000000_5_5_AC1
89265,340198,679008,30000000000_5_5_CV1
70482,268612,536127,30000000000_5_5_GYR
160011,609816,1217143,30000000000_5_5_CTR
161759,616481,1230445,30000000000_5_5_CTB
90000,343000,684600,30000000000_5_5_VRY
161953,655730,1173606,30000000000_6_1_SMG
69045,279556,500341,30000000000_6_1_AC1
95311,385905,690682,30000000000_6_1_CV1
75108,304103,544275,30000000000_6_1_GYR
170606,690767,1236314,30000000000_6_1_CTR
172465,698291,1249781,30000000000_6_1_CTB
96100,389100,696401,30000000000_6_1_VRY
156131,557417,1070321,30000000000_6_2_SMG
66497,237407,455855,30000000000_6_2_AC1
91408,327453,629155,30000000000_6_2_CV1
72412,258523,496401,30000000000_6_2_GYR
164478,587216,1127540,30000000000_6_2_CTR
166183,593305,1139232,30000000000_6_2_CTB
92600,330600,634800,30000000000_6_2_VRY
107250,710002,1376228,30000000000_6_3_SMG
45656,302242,585848,30000000000_6_3_AC1
63056,417432,809127,30000000000_6_3_CV1
49425,327194,624990,30000000000_6_3_GYR
113042,748347,1399990,30000000000_6_3_CTR
114151,755689,1399990,30000000000_6_3_CTB
63700,421700,817400,30000000000_6_3_VRY
170290,631033,1298350,30000000000_6_4_SMG
72530,268769,552991,30000000000_6_4_AC1
100023,370650,762613,30000000000_6_4_CV1
78478,290812,598345,30000000000_6_4_GYR
179201,664056,1366295,30000000000_6_4_CTR
181355,672036,1382715,30000000000_6_4_CTB
100900,373900,769300,30000000000_6_4_VRY
54816,516691,1130832,30000000000_6_5_SMG
23336,219958,481401,30000000000_6_5_AC1
32121,302761,662624,30000000000_6_5_CV1
25262,238117,521144,30000000000_6_5_GYR
57623,543149,1188739,30000000000_6_5_CTR
58346,549957,1203639,30000000000_6_5_CTB
32400,305400,668401,30000000000_6_5_VRY
94471,571884,1059756,40000000000_2_1_SMG
40216,243446,451129,40000000000_2_1_AC1
55515,336062,622756,40000000000_2_1_CV1
43536,263544,488373,40000000000_2_1_GYR
99411,601792,1115178,40000000000_2_1_CTR
100497,608365,1127359,40000000000_2_1_CTB
56000,339000,628200,40000000000_2_1_VRY
71702,584094,1098854,40000000000_2_2_SMG
30523,248644,467773,40000000000_2_2_AC1
42135,343238,645732,40000000000_2_2_CV1
33380,269501,506712,40000000000_2_2_GYR
76225,615414,1157095,40000000000_2_2_CTR
76315,621680,1169564,40000000000_2_2_CTB
42400,345400,649800,40000000000_2_2_VRY
40865,501852,1032240,40000000000_2_3_SMG
17396,213634,439416,40000000000_2_3_AC1
24026,295054,606886,40000000000_2_3_CV1
19282,232959,478804,40000000000_2_3_GYR
43775,528871,1086997,40000000000_2_3_CTR
43496,534164,1098702,40000000000_2_3_CTB
24201,297200,611300,40000000000_2_3_VRY
76061,545943,1070927,40000000000_2_4_SMG
32380,232411,455899,40000000000_2_4_AC1
44698,320829,629340,40000000000_2_4_CV1
35034,251462,493270,40000000000_2_4_GYR
80041,574514,1126973,40000000000_2_4_CTR
80913,580770,1139243,40000000000_2_4_CTB
45000,323000,633601,40000000000_2_4_VRY
82436,567583,1065532,40000000000_2_5_SMG
34779,241298,453267,40000000000_2_5_AC1
48009,333093,625699,40000000000_2_5_CV1
38193,262961,493661,40000000000_2_5_GYR
86800,597628,1121937,40000000000_2_5_CTR
87651,603492,1132944,40000000000_2_5_CTB
48500,336500,632100,40000000000_2_5_VRY
69299,539180,1072105,40000000000_3_1_SMG
29544,229864,457062,40000000000_3_1_AC1
40703,316688,629703,40000000000_3_1_CV1
32482,250411,497580,40000000000_3_1_GYR
73661,567871,1128391,40000000000_3_1_CTR
73684,573292,1139935,40000000000_3_1_CTB
41000,319000,634300,40000000000_3_1_VRY
45851,516199,1078418,40000000000_3_2_SMG
19518,219736,459062,40000000000_3_2_AC1
26957,303480,634016,40000000000_3_2_CV1
21254,239281,499894,40000000000_3_2_GYR
48277,543510,1135475,40000000000_3_2_CTR
48777,549147,1147250,40000000000_3_2_CTB
27100,305100,637400,40000000000_3_2_VRY
107693,508803,939068,40000000000_3_3_SMG
43830,207075,382186,40000000000_3_3_AC1
63375,299419,552620,40000000000_3_3_CV1
49603,234351,432528,40000000000_3_3_GYR
113391,535721,988751,40000000000_3_3_CTR
114567,541277,999004,40000000000_3_3_CTB
63900,301900,557200,40000000000_3_3_VRY
84700,495232,1040917,40000000000_3_4_SMG
36056,210811,443099,40000000000_3_4_AC1
49413,291009,612142,40000000000_3_4_CV1
39263,229562,482511,40000000000_3_4_GYR
89231,521721,1096595,40000000000_3_4_CTR
90106,526840,1107353,40000000000_3_4_CTB
49700,292700,615701,40000000000_3_4_VRY
68017,528774,1009278,40000000000_3_5_SMG
28955,225102,429655,40000000000_3_5_AC1
39971,310740,593113,40000000000_3_5_CV1
31345,243678,465110,40000000000_3_5_GYR
71537,556139,1061509,40000000000_3_5_CTR
72356,562504,1073659,40000000000_3_5_CTB
40300,313300,598000,40000000000_3_5_VRY
83836,570620,986754,40000000000_4_1_SMG
35794,243625,421291,40000000000_4_1_AC1
49241,335155,579571,40000000000_4_1_CV1
38922,264918,458113,40000000000_4_1_GYR
88269,600794,1038932,40000000000_4_1_CTR
89230,607339,1050250,40000000000_4_1_CTB
49600,337600,583800,40000000000_4_1_VRY
113024,615726,1145587,40000000000_4_2_SMG
48186,262503,488400,40000000000_4_2_AC1
66420,361837,673215,40000000000_4_2_CV1
52003,283297,527088,40000000000_4_2_GYR
119132,649002,1207499,40000000000_4_2_CTR
120364,655713,1219985,40000000000_4_2_CTB
67001,365000,679100,40000000000_4_2_VRY
51919,522061,1033467,40000000000_4_3_SMG
22417,222743,440652,40000000000_4_3_AC1
30479,306473,606690,40000000000_4_3_CV1
24067,242003,479067,40000000000_4_3_GYR
54609,549108,1087009,40000000000_4_3_CTR
55204,555089,1098850,40000000000_4_3_CTB
30700,308700,611101,40000000000_4_3_VRY
35072,495383,1057873,40000000000_4_4_SMG
14959,211292,451207,40000000000_4_4_AC1
20600,290964,621344,40000000000_4_4_CV1
16223,229148,489336,40000000000_4_4_GYR
36154,520836,1113105,40000000000_4_4_CTR
37310,527000,1125391,40000000000_4_4_CTB
20800,293800,627400,40000000000_4_4_VRY
42302,502399,1005978,40000000000_4_5_SMG
18043,214284,429071,40000000000_4_5_AC1
24870,295367,591427,40000000000_4_5_CV1
19464,231159,462861,40000000000_4_5_GYR
44468,528122,1057484,40000000000_4_5_CTR
45002,534466,1070186,40000000000_4_5_CTB
25100,298100,596900,40000000000_4_5_VRY
39743,535252,1007930,40000000000_5_1_SMG
16934,228063,429464,40000000000_5_1_AC1
23331,314216,591699,40000000000_5_1_CV1
18316,246671,464505,40000000000_5_1_GYR
41823,563274,1060699,40000000000_5_1_CTR
42257,569115,1071698,40000000000_5_1_CTB
23500,316500,596001,40000000000_5_1_VRY
65455,559734,1049122,40000000000_5_2_SMG
27932,238859,447699,40000000000_5_2_AC1
38445,328761,616204,40000000000_5_2_CV1
30341,259461,486314,40000000000_5_2_GYR
68879,589022,1104016,40000000000_5_2_CTR
69632,595459,1116081,40000000000_5_2_CTB
38800,331800,621901,40000000000_5_2_VRY
42087,554223,1055710,40000000000_5_3_SMG
17960,236507,450510,40000000000_5_3_AC1
24756,325996,620973,40000000000_5_3_CV1
19375,255142,486006,40000000000_5_3_GYR
44291,583242,1110988,40000000000_5_3_CTR
44750,589287,1122502,40000000000_5_3_CTB
24900,327900,624600,40000000000_5_3_VRY
94719,681230,1172181,40000000000_5_4_SMG
40340,290126,499214,40000000000_5_4_AC1
55659,400307,688801,40000000000_5_4_CV1
43967,314114,540246,40000000000_5_4_GYR
98952,716169,1232823,40000000000_5_4_CTR
100658,723950,1245688,40000000000_5_4_CTB
56200,404200,695500,40000000000_5_4_VRY
93681,596686,1042133,40000000000_5_5_SMG
39916,254235,444030,40000000000_5_5_AC1
54966,350097,611456,40000000000_5_5_CV1
43129,274703,479778,40000000000_5_5_GYR
261542,724368,1134234,40000000000_5_5_CTR
99618,634499,1108175,40000000000_5_5_CTB
55500,353500,617400,40000000000_5_5_VRY
64274,533249,1069197,40000000000_6_1_SMG
27442,227671,456494,40000000000_6_1_AC1
37770,313360,628305,40000000000_6_1_CV1
29636,245877,492998,40000000000_6_1_GYR
67674,561461,1125764,40000000000_6_1_CTR
68340,566986,1136842,40000000000_6_1_CTB
38100,316100,633800,40000000000_6_1_VRY
65223,533746,1077940,40000000000_6_2_SMG
27819,227655,459766,40000000000_6_2_AC1
38309,313497,633130,40000000000_6_2_CV1
30202,247153,499145,40000000000_6_2_GYR
68527,560783,1132543,40000000000_6_2_CTR
69386,567812,1146739,40000000000_6_2_CTB
38700,316700,639600,40000000000_6_2_VRY
72374,549799,1094031,40000000000_6_3_SMG
30824,234156,465941,40000000000_6_3_AC1
42488,322766,642263,40000000000_6_3_CV1
33530,254718,506855,40000000000_6_3_GYR
76161,578568,1151277,40000000000_6_3_CTR
76993,584891,1163859,40000000000_6_3_CTB
42900,325900,648500,40000000000_6_3_VRY
52711,530819,1018895,40000000000_6_4_SMG
22439,225967,433739,40000000000_6_4_AC1
31005,312230,599319,40000000000_6_4_CV1
24408,245798,471804,40000000000_6_4_GYR
55440,558305,1071653,40000000000_6_4_CTR
56077,564718,1083964,40000000000_6_4_CTB
31200,314200,603100,40000000000_6_4_VRY
105952,582651,1067604,40000000000_6_5_SMG
45238,248769,455825,40000000000_6_5_AC1
62233,342232,627079,40000000000_6_5_CV1
48880,268797,492523,40000000000_6_5_GYR
111616,613799,1124677,40000000000_6_5_CTR
112774,620164,1136340,40000000000_6_5_CTB
62900,345900,633800,40000000000_6_5_VRY
30734,533961,968289,01000000000_1_1_SMG
13057,226846,411364,01000000000_1_1_AC1
18034,313304,568148,01000000000_1_1_CV1
14157,245955,446017,01000000000_1_1_GYR
32328,561639,1018480,01000000000_1_1_CTR
32663,567463,1029042,01000000000_1_1_CTB
18200,316201,573401,01000000000_1_1_VRY
31854,466682,957464,01000000000_1_2_SMG
12964,189923,389655,01000000000_1_2_AC1
18682,273701,561536,01000000000_1_2_CV1
14751,216103,443367,01000000000_1_2_GYR
33487,490605,1006547,01000000000_1_2_CTR
33871,496224,1018074,01000000000_1_2_CTB
18900,276901,568100,01000000000_1_2_VRY
64853,465763,945507,01000000000_1_3_SMG
27676,198758,403482,01000000000_1_3_AC1
38147,273964,556151,01000000000_1_3_CV1
30031,215674,437821,01000000000_1_3_GYR
68360,490947,996632,01000000000_1_3_CTR
69031,495767,1006415,01000000000_1_3_CTB
38500,276500,561300,01000000000_1_3_VRY
40659,484355,858545,01000000000_1_4_SMG
17359,206785,366537,01000000000_1_4_AC1
23880,284478,504252,01000000000_1_4_CV1
19066,223655,396194,01000000000_1_4_GYR
43468,509910,903282,01000000000_1_4_CTR
43989,516020,914106,01000000000_1_4_CTB
24100,287101,508901,01000000000_1_4_VRY
28344,472053,871559,01000000000_1_5_SMG
12089,201332,371722,01000000000_1_5_AC1
16655,277372,512117,01000000000_1_5_CV1
13084,217897,402306,01000000000_1_5_GYR
29829,496780,917213,01000000000_1_5_CTR
30155,502215,927248,01000000000_1_5_CTB
16800,279800,516600,01000000000_1_5_VRY
54907,482333,1013658,01000000000_2_1_SMG
23385,205423,431712,01000000000_2_1_AC1
32219,283028,594805,01000000000_2_1_CV1
25317,222400,467390,01000000000_2_1_GYR
57750,507307,1066145,01000000000_2_1_CTR
58411,513117,1078354,01000000000_2_1_CTB
32500,285500,600000,01000000000_2_1_VRY
97095,549639,1131868,01000000000_2_2_SMG
41353,234094,482068,01000000000_2_2_AC1
56976,322533,664190,01000000000_2_2_CV1
44769,253431,521887,01000000000_2_2_GYR
102176,578404,1191102,01000000000_2_2_CTR
103346,585028,1204744,01000000000_2_2_CTB
57500,325500,670300,01000000000_2_2_VRY
65180,602155,1201607,01000000000_2_3_SMG
27761,256460,511770,01000000000_2_3_AC1
38284,353676,705765,01000000000_2_3_CV1
30069,277786,554325,01000000000_2_3_GYR
68516,632968,1263096,01000000000_2_3_CTR
69375,640902,1278928,01000000000_2_3_CTB
38600,356600,711600,01000000000_2_3_VRY
113815,566371,1120752,01000000000_2_4_SMG
48744,241395,477392,01000000000_2_4_AC1
66817,332495,657951,01000000000_2_4_CV1
52742,261193,516545,01000000000_2_4_GYR
120371,596114,1178898,01000000000_2_4_CTR
121147,602856,1192950,01000000000_2_4_CTB
67400,335400,663700,01000000000_2_4_VRY
122471,515522,1024464,01000000000_2_5_SMG
52341,220322,437832,01000000000_2_5_AC1
72040,303242,602613,01000000000_2_5_CV1
56321,237073,471120,01000000000_2_5_GYR
129089,543382,1079828,01000000000_2_5_CTR
130428,549020,1091032,01000000000_2_5_CTB
72600,305600,607300,01000000000_2_5_VRY
36998,422178,966498,01000000000_3_1_SMG
15781,180072,412242,01000000000_3_1_AC1
21732,247974,567691,01000000000_3_1_CV1
17105,195176,446819,01000000000_3_1_GYR
38976,444748,1018168,01000000000_3_1_CTR
39379,449344,1028690,01000000000_3_1_CTB
21900,249900,572101,01000000000_3_1_VRY
123823,567494,1129084,01000000000_3_2_SMG
52762,241814,481112,01000000000_3_2_AC1
72728,333319,663169,01000000000_3_2_CV1
57429,263202,523665,01000000000_3_2_GYR
130163,596549,1186891,01000000000_3_2_CTR
131800,604052,1201818,01000000000_3_2_CTB
73400,336400,669301,01000000000_3_2_VRY
107587,575645,1070643,01000000000_3_3_SMG
45800,245055,455778,01000000000_3_3_AC1
63193,338116,628863,01000000000_3_3_CV1
49607,265422,493657,01000000000_3_3_GYR
113217,605771,1126673,01000000000_3_3_CTR
114574,613030,1140174,01000000000_3_3_CTB
63900,341900,635900,01000000000_3_3_VRY
45944,481602,987844,01000000000_3_4_SMG
19275,204823,420434,01000000000_3_4_AC1
26607,282744,580379,01000000000_3_4_CV1
21252,222769,456935,01000000000_3_4_GYR
48373,507069,1040080,01000000000_3_4_CTR
48902,512610,1051447,01000000000_3_4_CTB
26800,284800,584600,01000000000_3_4_VRY
40765,483787,995368,01000000000_3_5_SMG
17371,206146,424134,01000000000_3_5_AC1
23955,284285,584902,01000000000_3_5_CV1
18817,223305,459439,01000000000_3_5_GYR
42946,509664,1048608,01000000000_3_5_CTR
43391,514952,1059488,01000000000_3_5_CTB
24200,287200,590900,01000000000_3_5_VRY
140894,634697,1038671,00100000000_1_1_SMG
60242,271376,444103,00100000000_1_1_AC1
82793,372963,610348,00100000000_1_1_CV1
65250,292823,478998,00100000000_1_1_GYR
149079,669025,1094387,00100000000_1_1_CTR
150704,676317,1106315,00100000000_1_1_CTB
83600,376600,616300,00100000000_1_1_VRY
95806,557910,1043202,00100000000_1_2_SMG
40785,237499,444086,00100000000_1_2_AC1
56110,326742,610956,00100000000_1_2_CV1
44152,257109,480752,00100000000_1_2_GYR
100715,586494,1096651,00100000000_1_2_CTR
101868,593207,1109203,00100000000_1_2_CTB
56600,329600,616300,00100000000_1_2_VRY
105544,600329,1107780,00100000000_1_3_SMG
44906,255423,471329,00100000000_1_3_AC1
61987,352583,650616,00100000000_1_3_CV1
48640,276662,510521,00100000000_1_3_GYR
111069,631758,1165776,00100000000_1_3_CTR
112221,638310,1177865,00100000000_1_3_CTB
62500,355500,656000,00100000000_1_3_VRY
86795,538465,1073895,00100000000_1_4_SMG
37075,230006,458716,00100000000_1_4_AC1
50979,316268,630754,00100000000_1_4_CV1
39957,247887,494377,00100000000_1_4_GYR
91390,566972,1130750,00100000000_1_4_CTR
92386,573152,1143074,00100000000_1_4_CTB
51500,319500,637201,00100000000_1_4_VRY
108981,527359,1031943,00100000000_1_5_SMG
46414,224594,439488,00100000000_1_5_AC1
63664,309627,606269,00100000000_1_5_CV1
50199,242910,475329,00100000000_1_5_GYR
114627,554680,1085406,00100000000_1_5_CTR
115880,560742,1097268,00100000000_1_5_CTB
64600,312601,611700,00100000000_1_5_VRY
85526,479348,977965,00100000000_2_1_SMG
36426,204157,416520,00100000000_2_1_AC1
50235,281555,574426,00100000000_2_1_CV1
39644,222195,453321,00100000000_2_1_GYR
90048,504696,1029678,00100000000_2_1_CTR
91080,510479,1041477,00100000000_2_1_CTB
50600,283600,578600,00100000000_2_1_VRY
63863,449066,957938,00100000000_2_2_SMG
27173,191069,407585,00100000000_2_2_AC1
37528,263881,562906,00100000000_2_2_CV1
29604,208162,444047,00100000000_2_2_GYR
67096,471798,1006430,00100000000_2_2_CTR
67939,477728,1019080,00100000000_2_2_CTB
37800,265800,567000,00100000000_2_2_VRY
72769,515779,996184,00100000000_2_3_SMG
31008,219783,424492,00100000000_2_3_AC1
42578,301790,582883,00100000000_2_3_CV1
33446,237063,457867,00100000000_2_3_GYR
76371,541313,1045501,00100000000_2_3_CTR
77454,548986,1060321,00100000000_2_3_CTB
43200,306200,591400,00100000000_2_3_VRY
45638,515530,957872,00100000000_2_4_SMG
19409,219241,407356,00100000000_2_4_AC1
26779,302499,562053,00100000000_2_4_CV1
21022,237461,441211,00100000000_2_4_GYR
48002,542238,1007495,00100000000_2_4_CTR
48526,548164,1018506,00100000000_2_4_CTB
27000,305000,566700,00100000000_2_4_VRY
96444,548312,991413,00100000000_2_5_SMG
41078,233536,422261,00100000000_2_5_AC1
56272,321949,582470,00100000000_2_5_CV1
44683,254032,459319,00100000000_2_5_GYR
101271,575754,1041032,00100000000_2_5_CTR
102596,583289,1054654,00100000000_2_5_CTB
57201,325200,588001,00100000000_2_5_VRY
24052,466391,954983,00100000000_3_1_SMG
10240,198555,406560,00100000000_3_1_AC1
14121,273826,560687,00100000000_3_1_CV1
11084,214922,440075,00100000000_3_1_GYR
25350,491569,1006536,00100000000_3_1_CTR
25626,496924,1017501,00100000000_3_1_CTB
14300,277301,567800,00100000000_3_1_VRY
26279,519835,1048429,00100000000_3_2_SMG
11193,221402,446534,00100000000_3_2_AC1
15443,305477,616101,00100000000_3_2_CV1
12111,239570,483177,00100000000_3_2_GYR
27595,545885,1100968,00100000000_3_2_CTR
27957,553033,1115384,00100000000_3_2_CTB
15600,308601,622400,00100000000_3_2_VRY
52982,515087,947062,00100000000_3_3_SMG
22565,219378,403358,00100000000_3_3_AC1
31135,302696,556549,00100000000_3_3_CV1
24416,237370,436439,00100000000_3_3_GYR
55754,542043,996625,00100000000_3_3_CTR
56393,548251,1008039,00100000000_3_3_CTB
31301,304300,559500,00100000000_3_3_VRY
88234,523495,930751,00100000000_3_4_SMG
37559,222837,396194,00100000000_3_4_AC1
51847,307609,546914,00100000000_3_4_CV1
40873,240934,428123,00100000000_3_4_GYR
93179,549274,976022,00100000000_3_4_CTR
94397,556454,988781,00100000000_3_4_CTB
52300,310300,551700,00100000000_3_4_VRY
86962,707149,1126955,00100000000_3_5_SMG
37056,301329,480216,00100000000_3_5_AC1
51102,415550,662245,00100000000_3_5_CV1
40267,327443,521832,00100000000_3_5_GYR
91314,742541,1183359,00100000000_3_5_CTR
92509,752259,1198845,00100000000_3_5_CTB
51600,419601,668700,00100000000_3_5_VRY
91096,543202,964774,00010000000_1_2_SMG
38780,231238,410699,00010000000_1_2_AC1
53506,319051,566662,00010000000_1_2_CV1
42227,251798,447215,00010000000_1_2_GYR
95866,571644,1015290,00010000000_1_2_CTR
96965,578195,1026924,00010000000_1_2_CTB
54000,322000,571900,00010000000_1_2_VRY
42997,494880,909837,00010000000_1_3_SMG
18340,211082,388074,00010000000_1_3_AC1
25255,290677,534410,00010000000_1_3_CV1
19942,229519,421971,00010000000_1_3_GYR
45222,520491,956923,00010000000_1_3_CTR
45765,526743,968417,00010000000_1_3_CTB
25500,293500,539600,00010000000_1_3_VRY
82876,542731,998712,00010000000_1_4_SMG
35349,231492,425982,00010000000_1_4_AC1
48701,318931,586884,00010000000_1_4_CV1
38172,249974,459992,00010000000_1_4_GYR
86485,570389,1050217,00010000000_1_4_CTR
88162,577352,1062421,00010000000_1_4_CTB
49200,322200,592900,00010000000_1_4_VRY
68186,545822,966073,00010000000_1_5_SMG
29112,233037,412462,00010000000_1_5_AC1
39722,320807,568123,00010000000_1_5_CV1
31390,251270,444734,00010000000_1_5_GYR
71675,573752,1015510,00010000000_1_5_CTR
72576,580964,1028274,00010000000_1_5_CTB
40400,323400,572400,00010000000_1_5_VRY
25823,486581,947170,00010000000_2_2_SMG
11015,207543,403998,00010000000_2_2_AC1
15190,286218,557146,00010000000_2_2_CV1
12226,224337,436370,00010000000_2_2_GYR
27932,512536,996962,00010000000_2_2_CTR
28283,518964,1009465,00010000000_2_2_CTB
15300,288300,561200,00010000000_2_2_VRY
44936,489219,894649,00010000000_2_3_SMG
19149,208475,381244,00010000000_2_3_AC1
26396,287371,525523,00010000000_2_3_CV1
20873,227248,415575,00010000000_2_3_GYR
47386,515897,943435,00010000000_2_3_CTR
47877,521246,953218,00010000000_2_3_CTB
26600,289600,529600,00010000000_2_3_VRY
100849,535223,954445,00010000000_2_4_SMG
42953,227960,406512,00010000000_2_4_AC1
59209,314229,560353,00010000000_2_4_CV1
46747,248090,442410,00010000000_2_4_GYR
105952,562306,1002741,00010000000_2_4_CTR
107339,569665,1015863,00010000000_2_4_CTB
59900,317900,566900,00010000000_2_4_VRY
58265,501142,937452,00010000000_2_5_SMG
24743,212814,398096,00010000000_2_5_AC1
34229,294408,550729,00010000000_2_5_CV1
26991,232146,434259,00010000000_2_5_GYR
61280,527078,985968,00010000000_2_5_CTR
61982,533111,997253,00010000000_2_5_CTB
34600,297600,556700,00010000000_2_5_VRY
85632,495247,917167,00010000000_3_1_SMG
36401,210521,389871,00010000000_3_1_AC1
50331,291087,539075,00010000000_3_1_CV1
39671,229434,424897,00010000000_3_1_GYR
89922,520061,963121,00010000000_3_1_CTR
91050,526579,975193,00010000000_3_1_CTB
50800,293800,544100,00010000000_3_1_VRY
52963,436313,902050,00010000000_3_2_SMG
22617,186321,385206,00010000000_3_2_AC1
31194,256979,531287,00010000000_3_2_CV1
24598,202641,418946,00010000000_3_2_GYR
55818,459826,950662,00010000000_3_2_CTR
56395,464587,960504,00010000000_3_2_CTB
31501,259500,536500,00010000000_3_2_VRY
21050,438666,840791,00010000000_3_3_SMG
8948,186470,357406,00010000000_3_3_AC1
12373,257840,494201,00010000000_3_3_CV1
9757,203328,389719,00010000000_3_3_GYR
22140,461380,884326,00010000000_3_3_CTR
22393,466664,894454,00010000000_3_3_CTB
12500,260500,499300,00010000000_3_3_VRY
22570,591459,916466,00010000000_3_4_SMG
9311,251372,389662,00010000000_3_4_AC1
12834,346517,537150,00010000000_3_4_CV1
10462,274151,424796,00010000000_3_4_GYR
23713,621399,962858,00010000000_3_4_CTR
24011,629209,974961,00010000000_3_4_CTB
13000,351000,544100,00010000000_3_4_VRY
95309,580269,971268,00010000000_3_5_SMG
40598,247170,413720,00010000000_3_5_AC1
55851,340037,569162,00010000000_3_5_CV1
44078,268361,449190,00010000000_3_5_GYR
100404,611289,1023191,00010000000_3_5_CTR
101445,617628,1033801,00010000000_3_5_CTB
56600,344600,576800,00010000000_3_5_VRY
36037,445234,793640,00001000000_1_1_SMG
15296,188973,336848,00001000000_1_1_AC1
21192,261829,466716,00001000000_1_1_CV1
16741,206828,368675,00001000000_1_1_GYR
38026,469812,837452,00001000000_1_1_CTR
38400,474429,845682,00001000000_1_1_CTB
21400,264400,471300,00001000000_1_1_VRY
21050,421829,866053,00001000000_1_2_SMG
8930,178946,367393,00001000000_1_2_AC1
12385,248195,509567,00001000000_1_2_CV1
9757,195516,401412,00001000000_1_2_GYR
22139,443659,910874,00001000000_1_2_CTR
22405,448988,921814,00001000000_1_2_CTB
12500,250500,514300,00001000000_1_2_VRY
58481,492043,889306,00001000000_1_3_SMG
25249,210117,379507,00001000000_1_3_AC1
34427,289660,523524,00001000000_1_3_CV1
27176,228653,413262,00001000000_1_3_GYR
61666,518845,937748,00001000000_1_3_CTR
62305,524220,947462,00001000000_1_3_CTB
34800,292801,529200,00001000000_1_3_VRY
95696,496674,939265,00001000000_1_4_SMG
40638,210916,398866,00001000000_1_4_AC1
56278,292089,552372,00001000000_1_4_CV1
44159,229189,433423,00001000000_1_4_GYR
100648,522377,987873,00001000000_1_4_CTR
101857,528651,999738,00001000000_1_4_CTB
56800,294800,557500,00001000000_1_4_VRY
86724,504342,893501,00001000000_1_5_SMG
36922,214717,380396,00001000000_1_5_AC1
50818,295534,523573,00001000000_1_5_CV1
40241,234018,414590,00001000000_1_5_GYR
91262,530736,940261,00001000000_1_5_CTR
92208,536234,950002,00001000000_1_5_CTB
51500,299500,530600,00001000000_1_5_VRY
82380,501892,888418,00001000000_2_1_SMG
35093,213798,378452,00001000000_2_1_AC1
48246,293932,520300,00001000000_2_1_CV1
37926,231055,409000,00001000000_2_1_GYR
86578,527468,933690,00001000000_2_1_CTR
87683,534198,945603,00001000000_2_1_CTB
48700,296701,525200,00001000000_2_1_VRY
81900,491399,910840,00001000000_2_2_SMG
34933,209593,388494,00001000000_2_2_AC1
47904,287420,532751,00001000000_2_2_CV1
37992,227952,422523,00001000000_2_2_GYR
86401,518401,960890,00001000000_2_2_CTR
87168,523008,969429,00001000000_2_2_CTB
48600,291600,540500,00001000000_2_2_VRY
73859,508915,911090,00001000000_2_3_SMG
31522,217193,388832,00001000000_2_3_AC1
43389,298964,535222,00001000000_2_3_CV1
34240,235925,422366,00001000000_2_3_GYR
77187,536132,960389,00001000000_2_3_CTR
78610,541652,969697,00001000000_2_3_CTB
43800,301800,540301,00001000000_2_3_VRY
67705,479011,924677,00001000000_2_4_SMG
28861,204191,394168,00001000000_2_4_AC1
39627,280360,541203,00001000000_2_4_CV1
31152,220395,425448,00001000000_2_4_GYR
71069,502808,970615,00001000000_2_4_CTR
72019,509531,983593,00001000000_2_4_CTB
40000,283000,546300,00001000000_2_4_VRY
52985,496774,943600,00001000000_2_5_SMG
22626,212134,402938,00001000000_2_5_AC1
30837,289119,549168,00001000000_2_5_CV1
24453,229265,435478,00001000000_2_5_GYR
55823,523379,994134,00001000000_2_5_CTR
56463,529378,1005529,00001000000_2_5_CTB
31400,294400,559200,00001000000_2_5_VRY
59732,495067,900366,00001000000_3_1_SMG
25461,211021,383779,00001000000_3_1_AC1
35068,290646,528591,00001000000_3_1_CV1
27568,228486,415542,00001000000_3_1_GYR
62934,521601,948623,00001000000_3_1_CTR
63575,526913,958285,00001000000_3_1_CTB
35400,293400,533601,00001000000_3_1_VRY
47167,466425,896333,00001000000_3_2_SMG
20093,198691,381825,00001000000_3_2_AC1
27743,274342,527206,00001000000_3_2_CV1
21894,216499,416048,00001000000_3_2_GYR
49601,490490,942579,00001000000_3_2_CTR
50232,496732,954575,00001000000_3_2_CTB
27900,275901,530200,00001000000_3_2_VRY
107550,509385,933843,00001000000_3_3_SMG
45785,216848,397543,00001000000_3_3_AC1
62712,297017,544515,00001000000_3_3_CV1
49607,234950,430728,00001000000_3_3_GYR
113245,536356,983290,00001000000_3_3_CTR
114473,542172,993952,00001000000_3_3_CTB
63700,301700,553100,00001000000_3_3_VRY
76315,587894,919661,00001000000_3_4_SMG
32532,250608,392034,00001000000_3_4_AC1
44390,341954,534928,00001000000_3_4_CV1
35200,271162,424186,00001000000_3_4_GYR
80356,619023,968357,00001000000_3_4_CTR
81174,625328,978219,00001000000_3_4_CTB
45200,348200,544700,00001000000_3_4_VRY
23637,442342,869319,00001000000_3_5_SMG
10070,188448,370349,00001000000_3_5_AC1
13861,259384,509758,00001000000_3_5_CV1
10903,204033,400980,00001000000_3_5_GYR
194110,571261,955863,00001000000_3_5_CTR
25158,470813,925273,00001000000_3_5_CTB
14000,262000,514900,00001000000_3_5_VRY
38810,450629,889903,00002000000_1_1_SMG
16523,191852,378868,00002000000_1_1_AC1
22518,261465,516341,00002000000_1_1_CV1
17992,208911,412558,00002000000_1_1_GYR
40712,472712,933512,00002000000_1_1_CTR
41283,479341,946603,00002000000_1_1_CTB
22900,265900,525100,00002000000_1_1_VRY
23853,443380,873735,00002000000_1_2_SMG
10127,188235,370940,00002000000_1_2_AC1
13969,259655,511681,00002000000_1_2_CV1
10981,204119,402241,00002000000_1_2_GYR
25036,465376,917079,00002000000_1_2_CTR
25387,471902,929939,00002000000_1_2_CTB
14100,262100,516500,00002000000_1_2_VRY
51149,444469,915441,00002000000_1_3_SMG
21776,189223,389728,00002000000_1_3_AC1
29978,260494,536520,00002000000_1_3_CV1
23597,205047,422320,00002000000_1_3_GYR
223241,576250,998952,00002000000_1_3_CTR
54487,473479,975190,00002000000_1_3_CTB
30300,263300,542300,00002000000_1_3_VRY
72939,643614,1037178,00002000000_1_4_SMG
31367,274333,441894,00002000000_1_4_AC1
42584,375757,605528,00002000000_1_4_CV1
33960,297008,478418,00002000000_1_4_GYR
77475,677590,1091455,00002000000_1_4_CTR
77533,684150,1102501,00002000000_1_4_CTB
43200,381200,614301,00002000000_1_4_VRY
80084,473742,931602,00002000000_1_5_SMG
34179,202185,397592,00002000000_1_5_AC1
46928,277605,545904,00002000000_1_5_CV1
36937,218503,429680,00002000000_1_5_GYR
84213,498169,979636,00002000000_1_5_CTR
85232,504196,991489,00002000000_1_5_CTB
47400,280400,551400,00002000000_1_5_VRY
36709,456233,899440,00002000000_2_1_SMG
15647,194468,383384,00002000000_2_1_AC1
21578,268179,528702,00002000000_2_1_CV1
16889,209902,413811,00002000000_2_1_GYR
38433,477661,941685,00002000000_2_1_CTR
39070,485581,957299,00002000000_2_1_CTB
21700,269700,531700,00002000000_2_1_VRY
72571,500554,936148,00002000000_2_2_SMG
30934,213360,399031,00002000000_2_2_AC1
42499,293129,548218,00002000000_2_2_CV1
33684,232332,434513,00002000000_2_2_GYR
76267,526045,983823,00002000000_2_2_CTR
77287,533079,996978,00002000000_2_2_CTB
42900,295900,553400,00002000000_2_2_VRY
108851,538480,964544,00002000000_2_3_SMG
46424,229658,411370,00002000000_2_3_AC1
63781,315521,565171,00002000000_2_3_CV1
50267,248665,445417,00002000000_2_3_GYR
113956,563734,1009779,00002000000_2_3_CTR
115769,572702,1025843,00002000000_2_3_CTB
64100,317101,568000,00002000000_2_3_VRY
56705,451097,887467,00002000000_2_4_SMG
24123,191901,377538,00002000000_2_4_AC1
33229,264342,520054,00002000000_2_4_CV1
26321,209384,411932,00002000000_2_4_GYR
59556,473779,932090,00002000000_2_4_CTR
60276,479507,943360,00002000000_2_4_CTB
33500,266500,524301,00002000000_2_4_VRY
90329,509046,913074,00002000000_2_5_SMG
38479,216847,388957,00002000000_2_5_AC1
52998,298670,535723,00002000000_2_5_CV1
41664,234794,421149,00002000000_2_5_GYR
95050,535655,960803,00002000000_2_5_CTR
96139,541791,971809,00002000000_2_5_CTB
53500,301500,540800,00002000000_2_5_VRY
105588,508957,969272,00002000000_3_1_SMG
45011,216963,413191,00002000000_3_1_AC1
61836,298063,567639,00002000000_3_1_CV1
48854,235486,448467,00002000000_3_1_GYR
110756,533868,1016712,00002000000_3_1_CTR
112307,541345,1030952,00002000000_3_1_CTB
62300,300300,571900,00002000000_3_1_VRY
71637,566670,982971,00002000000_3_2_SMG
30517,241394,418732,00002000000_3_2_AC1
41978,332055,575997,00002000000_3_2_CV1
33021,261204,453096,00002000000_3_2_GYR
75378,596268,1034312,00002000000_3_2_CTR
76245,603122,1046202,00002000000_3_2_CTB
42400,335400,581800,00002000000_3_2_VRY
105021,498425,947041,00002000000_3_3_SMG
44765,212453,403674,00002000000_3_3_AC1
61311,290979,552879,00002000000_3_3_CV1
48439,229888,436802,00002000000_3_3_GYR
110090,522484,992755,00002000000_3_3_CTR
111772,530466,1007922,00002000000_3_3_CTB
62200,295201,560901,00002000000_3_3_VRY
71047,482101,926479,00002000000_3_4_SMG
30265,205367,394665,00002000000_3_4_AC1
41582,282161,542244,00002000000_3_4_CV1
32958,223638,429778,00002000000_3_4_GYR
74667,506667,973690,00002000000_3_4_CTR
75666,513446,986717,00002000000_3_4_CTB
42000,285000,547700,00002000000_3_4_VRY
102492,529683,947417,00002000000_3_5_SMG
43627,225462,403273,00002000000_3_5_AC1
60021,310188,554817,00002000000_3_5_CV1
47541,245692,439458,00002000000_3_5_GYR
107912,557690,997512,00002000000_3_5_CTR
109081,563733,1008322,00002000000_3_5_CTB
60700,313700,561100,00002000000_3_5_VRY
33788,463352,842999,00000100000_1_1_SMG
14361,196940,358301,00000100000_1_1_AC1
19789,271375,493725,00000100000_1_1_CV1
15665,214818,390828,00000100000_1_1_GYR
35378,485156,882668,00000100000_1_1_CTR
35943,492894,896746,00000100000_1_1_CTB
19900,272900,496500,00000100000_1_1_VRY
60916,487831,907827,00000100000_1_2_SMG
25964,207928,386942,00000100000_1_2_AC1
35474,284083,528663,00000100000_1_2_CV1
28113,225137,418969,00000100000_1_2_GYR
64178,513956,956446,00000100000_1_2_CTR
64832,519191,966187,00000100000_1_2_CTB
36100,289100,538000,00000100000_1_2_VRY
35583,487532,935940,00000100000_1_3_SMG
15169,207833,398988,00000100000_1_3_AC1
20786,284794,546732,00000100000_1_3_CV1
16432,225137,432207,00000100000_1_3_GYR
37487,513625,986032,00000100000_1_3_CTR
37894,519191,996717,00000100000_1_3_CTB
21100,289100,555000,00000100000_1_3_VRY
68507,537592,978329,00000100000_1_4_SMG
29183,229007,416755,00000100000_1_4_AC1
40120,314827,572934,00000100000_1_4_CV1
31778,249370,453813,00000100000_1_4_GYR
71681,562497,1023652,00000100000_1_4_CTR
72914,572173,1041261,00000100000_1_4_CTB
40600,318600,579800,00000100000_1_4_VRY
54293,497241,914083,00000100000_1_5_SMG
23110,211653,389084,00000100000_1_5_AC1
31306,290216,533866,00000100000_1_5_CV1
25184,230644,423996,00000100000_1_5_GYR
57273,524526,964242,00000100000_1_5_CTR
57746,528861,972211,00000100000_1_5_CTB
31800,294800,542300,00000100000_1_5_VRY
25140,654479,995469,00000100000_2_1_SMG
10696,278445,423518,00000100000_2_1_AC1
14678,382114,581200,00000100000_2_1_CV1
11596,301883,459167,00000100000_2_1_GYR
26472,689156,1048213,00000100000_2_1_CTR
26742,696179,1058895,00000100000_2_1_CTB
14900,387901,590001,00000100000_2_1_VRY
98886,639189,1101165,00000100000_2_2_SMG
42152,272464,449990,00000100000_2_2_AC1
57910,374325,644870,00000100000_2_2_CV1
45638,295000,508213,00000100000_2_2_GYR
103467,668801,1152179,00000100000_2_2_CTR
105179,679863,1171236,00000100000_2_2_CTB
58200,376200,648100,00000100000_2_2_VRY
48596,458623,902735,00000100000_2_3_SMG
20704,195387,384591,00000100000_2_3_AC1
28406,268079,527676,00000100000_2_3_CV1
22414,211528,416363,00000100000_2_3_GYR
51201,483201,951112,00000100000_2_3_CTR
51689,487807,960179,00000100000_2_3_CTB
28800,271800,535000,00000100000_2_3_VRY
72201,526419,946741,00000100000_2_4_SMG
30735,224091,403018,00000100000_2_4_AC1
42310,308481,554789,00000100000_2_4_CV1
33386,243417,437773,00000100000_2_4_GYR
75734,552179,993068,00000100000_2_4_CTR
76845,560282,1007641,00000100000_2_4_CTB
42600,310600,558601,00000100000_2_4_VRY
43075,455171,895418,00000100000_2_5_SMG
18637,193940,381218,00000100000_2_5_AC1
25195,266231,523732,00000100000_2_5_CV1
19969,211010,415100,00000100000_2_5_GYR
45897,477620,938836,00000100000_2_5_CTR
45846,484451,953017,00000100000_2_5_CTB
25400,268400,528000,00000100000_2_5_VRY
27946,439500,881878,00000100000_3_1_SMG
11890,186983,375191,00000100000_3_1_AC1
16418,258202,518095,00000100000_3_1_CV1
12972,204008,409353,00000100000_3_1_GYR
29334,461334,925690,00000100000_3_1_CTR
29726,467503,938067,00000100000_3_1_CTB
16500,259500,520701,00000100000_3_1_VRY
74629,484918,923910,00000100000_3_2_SMG
31789,206551,393540,00000100000_3_2_AC1
43842,284870,542760,00000100000_3_2_CV1
34618,224937,428571,00000100000_3_2_GYR
78578,510579,972801,00000100000_3_2_CTR
79478,516427,983944,00000100000_3_2_CTB
44200,287200,547200,00000100000_3_2_VRY
63945,491931,907568,00000100000_3_3_SMG
27221,209410,386342,00000100000_3_3_AC1
37611,289345,533815,00000100000_3_3_CV1
29643,228042,420716,00000100000_3_3_GYR
67201,516979,953779,00000100000_3_3_CTR
68058,523575,965949,00000100000_3_3_CTB
37800,290800,536500,00000100000_3_3_VRY
123955,600571,1033400,00000100000_3_4_SMG
54731,264012,454066,00000100000_3_4_AC1
72548,351499,604822,00000100000_3_4_CV1
57536,278765,479669,00000100000_3_4_GYR
129619,628015,1080623,00000100000_3_4_CTR
132014,639620,1100590,00000100000_3_4_CTB
73600,356600,613600,00000100000_3_4_VRY
109530,516496,907887,00000100000_3_5_SMG
48398,228222,401165,00000100000_3_5_AC1
64707,305129,536350,00000100000_3_5_CV1
51253,241689,424835,00000100000_3_5_GYR
116047,547231,961912,00000100000_3_5_CTR
117599,554548,974774,00000100000_3_5_CTB
65400,308400,542101,00000100000_3_5_VRY
45869,523101,953791,00000200000_1_1_SMG
20104,229269,418036,00000200000_1_1_AC1
26946,307297,560306,00000200000_1_1_CV1
21263,242491,442143,00000200000_1_1_GYR
48356,551468,1005512,00000200000_1_1_CTR
48758,556048,1013864,00000200000_1_1_CTB
27200,310200,565601,00000200000_1_1_VRY
25545,462003,966975,00000200000_1_2_SMG
11203,202607,424058,00000200000_1_2_AC1
14941,270220,565572,00000200000_1_2_CV1
11857,214439,448821,00000200000_1_2_GYR
26862,485825,1016833,00000200000_1_2_CTR
27204,492003,1029766,00000200000_1_2_CTB
15100,273100,571600,00000200000_1_2_VRY
24926,425755,883845,00000200000_1_3_SMG
10912,186375,386904,00000200000_1_3_AC1
14606,249482,517911,00000200000_1_3_CV1
11555,197365,409719,00000200000_1_3_GYR
26328,449696,933545,00000200000_1_3_CTR
26529,453142,940700,00000200000_1_3_CTB
14800,252800,524800,00000200000_1_3_VRY
69011,486443,876270,00000200000_1_4_SMG
30247,213202,384059,00000200000_1_4_AC1
40313,284153,511868,00000200000_1_4_CV1
31931,225069,405436,00000200000_1_4_GYR
72845,513467,924951,00000200000_1_4_CTR
73448,517714,932600,00000200000_1_4_CTB
41000,289000,520600,00000200000_1_4_VRY
46872,587573,1021640,00000200000_1_5_SMG
20669,259090,450491,00000200000_1_5_AC1
27668,346836,603059,00000200000_1_5_CV1
21806,273343,475274,00000200000_1_5_GYR
49778,624001,1084979,00000200000_1_5_CTR
50158,628755,1093244,00000200000_1_5_CTB
28000,351000,610300,00000200000_1_5_VRY
59590,477054,902935,00000200000_2_1_SMG
25948,207728,393173,00000200000_2_1_AC1
35083,280860,531591,00000200000_2_1_CV1
27656,221404,419058,00000200000_2_1_GYR
62983,504214,954341,00000200000_2_1_CTR
63534,508628,962695,00000200000_2_1_CTB
35400,283400,536400,00000200000_2_1_VRY
39271,431978,885529,00000200000_2_2_SMG
17141,188541,386498,00000200000_2_2_AC1
23031,253337,519326,00000200000_2_2_CV1
18229,200516,411045,00000200000_2_2_GYR
41367,455036,932798,00000200000_2_2_CTR
41734,459065,941056,00000200000_2_2_CTB
23300,256300,525400,00000200000_2_2_VRY
105803,540468,990128,00000200000_2_3_SMG
46275,236382,433047,00000200000_2_3_AC1
62099,317219,581140,00000200000_2_3_CV1
49073,250674,459230,00000200000_2_3_GYR
111611,570136,1044479,00000200000_2_3_CTR
112496,574661,1052769,00000200000_2_3_CTB
62800,320801,587701,00000200000_2_3_VRY
44111,434899,898813,00000200000_2_4_SMG
19704,191413,395252,00000200000_2_4_AC1
25912,255470,527984,00000200000_2_4_CV1
20755,201618,416326,00000200000_2_4_GYR
47232,458839,947466,00000200000_2_4_CTR
46868,462078,954984,00000200000_2_4_CTB
26300,259300,535900,00000200000_2_4_VRY
94806,494165,937152,00000200000_2_5_SMG
41504,216335,410264,00000200000_2_5_AC1
55744,290559,551026,00000200000_2_5_CV1
43946,229060,434397,00000200000_2_5_GYR
100135,521940,989825,00000200000_2_5_CTR
100882,525836,997212,00000200000_2_5_CTB
56501,294500,558500,00000200000_2_5_VRY
72004,472398,903747,00000200000_3_1_SMG
31671,207785,397515,00000200000_3_1_AC1
42241,277132,530183,00000200000_3_1_CV1
33480,219650,420213,00000200000_3_1_GYR
76089,499201,955023,00000200000_3_1_CTR
76815,503960,964127,00000200000_3_1_CTB
42800,280800,537200,00000200000_3_1_VRY
77562,508830,916695,00000200000_3_2_SMG
34315,225112,405557,00000200000_3_2_AC1
45563,301312,543183,00000200000_3_2_CV1
36113,236909,426809,00000200000_3_2_GYR
82440,540829,974344,00000200000_3_2_CTR
83280,546341,984274,00000200000_3_2_CTB
46400,304400,548400,00000200000_3_2_VRY
84328,594332,1010751,00000200000_3_3_SMG
37004,260798,443527,00000200000_3_3_AC1
49568,349346,594115,00000200000_3_3_CV1
38991,274800,467339,00000200000_3_3_GYR
88730,625359,1063518,00000200000_3_3_CTR
89859,633313,1077043,00000200000_3_3_CTB
50100,353100,600500,00000200000_3_3_VRY
33519,432390,875505,00000200000_3_4_SMG
15103,191229,386892,00000200000_3_4_AC1
19825,255742,517827,00000200000_3_4_CV1
15655,201937,408884,00000200000_3_4_GYR
35556,458667,928712,00000200000_3_4_CTR
35942,463641,938783,00000200000_3_4_CTB
20000,258000,522400,00000200000_3_4_VRY
17096,513047,908285,00000200000_3_5_SMG
7489,224725,397847,00000200000_3_5_AC1
9994,299892,530919,00000200000_3_5_CV1
7931,237985,421322,00000200000_3_5_GYR
17956,538845,953957,00000200000_3_5_CTR
18196,546050,966712,00000200000_3_5_CTB
10100,303100,536600,00000200000_3_5_VRY
44489,546673,937297,00000010000_1_1_SMG
19488,239463,410571,00000010000_1_1_AC1
25941,318759,546529,00000010000_1_1_CV1
20546,252465,432863,00000010000_1_1_GYR
46904,576339,988162,00000010000_1_1_CTR
47291,581103,996329,00000010000_1_1_CTB
26400,324400,556200,00000010000_1_1_VRY
96456,527746,938810,00000010000_1_2_SMG
42565,232890,414289,00000010000_1_2_AC1
56909,311370,553897,00000010000_1_2_CV1
44905,245694,437065,00000010000_1_2_GYR
102578,561245,998401,00000010000_1_2_CTR
103292,565153,1005352,00000010000_1_2_CTB
57700,315700,561600,00000010000_1_2_VRY
70521,494316,934695,00000010000_1_3_SMG
31041,217576,411410,00000010000_1_3_AC1
41601,291601,551384,00000010000_1_3_CV1
32890,230538,435920,00000010000_1_3_GYR
74797,524284,991360,00000010000_1_3_CTR
75513,529307,1000857,00000010000_1_3_CTB
42100,295100,558000,00000010000_1_3_VRY
108870,524248,926730,00000010000_1_4_SMG
48042,231338,408942,00000010000_1_4_AC1
64434,310271,548476,00000010000_1_4_CV1
50909,245146,433352,00000010000_1_4_GYR
115556,556445,983646,00000010000_1_4_CTR
116810,562483,994318,00000010000_1_4_CTB
65000,313000,553300,00000010000_1_4_VRY
58793,465820,900484,00000010000_1_5_SMG
25909,205278,396825,00000010000_1_5_AC1
34705,274968,531544,00000010000_1_5_CV1
27335,216572,418658,00000010000_1_5_GYR
62401,494401,955734,00000010000_1_5_CTR
62917,498489,963638,00000010000_1_5_CTB
35100,278100,537600,00000010000_1_5_VRY
31702,492053,939082,00000010000_2_1_SMG
13895,215661,411589,00000010000_2_1_AC1
18566,288159,549950,00000010000_2_1_CV1
14641,227240,433688,00000010000_2_1_GYR
33423,518756,990046,00000010000_2_1_CTR
33742,523705,999490,00000010000_2_1_CTB
18800,291800,556900,00000010000_2_1_VRY
60968,526598,904462,00000010000_2_2_SMG
26951,232784,399820,00000010000_2_2_AC1
35992,310873,533942,00000010000_2_2_CV1
28437,245615,421857,00000010000_2_2_GYR
64712,558934,960001,00000010000_2_2_CTR
65289,563921,968566,00000010000_2_2_CTB
36400,314400,540001,00000010000_2_2_VRY
33961,427635,891934,00000010000_2_3_SMG
14903,187651,391389,00000010000_2_3_AC1
19988,251681,524941,00000010000_2_3_CV1
15733,198109,413202,00000010000_2_3_GYR
35712,449685,937923,00000010000_2_3_CTR
36190,455701,950472,00000010000_2_3_CTB
20101,253100,527900,00000010000_2_3_VRY
86398,529330,947674,00000010000_2_4_SMG
37981,232696,416602,00000010000_2_4_AC1
50629,310187,555336,00000010000_2_4_CV1
39926,244614,437939,00000010000_2_4_GYR
90684,555589,994686,00000010000_2_4_CTR
91899,563036,1008019,00000010000_2_4_CTB
51300,314300,562701,00000010000_2_4_VRY
101259,543634,1135372,00000010000_2_5_SMG
44488,238846,498825,00000010000_2_5_AC1
59301,318370,664912,00000010000_2_5_CV1
46881,251694,524990,00000010000_2_5_GYR
106954,574207,1199223,00000010000_2_5_CTR
107909,579337,1199990,00000010000_2_5_CTB
60200,323200,674990,00000010000_2_5_VRY
107151,517192,964355,00000010000_3_1_SMG
46992,226818,422925,00000010000_3_1_AC1
62423,302844,565031,00000010000_3_1_CV1
49453,238697,445075,00000010000_3_1_GYR
112889,544890,1016001,00000010000_3_1_CTR
114114,550798,1027018,00000010000_3_1_CTB
63500,306500,571501,00000010000_3_1_VRY
95369,520162,963257,00000010000_3_2_SMG
41925,228664,423448,00000010000_3_2_AC1
56092,305937,566545,00000010000_3_2_CV1
44207,241112,446501,00000010000_3_2_GYR
100284,546970,1012901,00000010000_3_2_CTR
101624,554279,1026436,00000010000_3_2_CTB
56800,309800,573700,00000010000_3_2_VRY
44181,453943,845157,00000010000_3_3_SMG
19399,199318,371092,00000010000_3_3_AC1
25857,265671,494629,00000010000_3_3_CV1
20391,209505,390059,00000010000_3_3_GYR
46548,478270,890448,00000010000_3_3_CTR
47053,483459,900110,00000010000_3_3_CTB
26200,269201,501200,00000010000_3_3_VRY
49919,485019,981505,00000010000_3_4_SMG
21919,212961,430957,00000010000_3_4_AC1
29379,285449,577647,00000010000_3_4_CV1
23183,225251,455827,00000010000_3_4_GYR
52589,510960,1034001,00000010000_3_4_CTR
53158,516494,1045199,00000010000_3_4_CTB
29600,287600,582000,00000010000_3_4_VRY
84314,502509,950887,00000010000_3_5_SMG
36933,220117,416524,00000010000_3_5_AC1
49040,294414,557499,00000010000_3_5_CV1
39087,232954,440814,00000010000_3_5_GYR
88889,529779,1002490,00000010000_3_5_CTR
89682,534505,1011434,00000010000_3_5_CTB
50000,298000,563900,00000010000_3_5_VRY
28459,429239,867066,00000001000_1_1_SMG
12505,188610,380993,00000001000_1_1_AC1
16715,252102,509248,00000001000_1_1_CV1
13173,198685,401344,00000001000_1_1_GYR
30018,452747,914552,00000001000_1_1_CTR
30325,457387,923924,00000001000_1_1_CTB
16901,254900,514900,00000001000_1_1_VRY
85543,484739,938448,00000001000_1_2_SMG
37454,212235,410884,00000001000_1_2_AC1
50432,285778,553262,00000001000_1_2_CV1
39811,225591,436740,00000001000_1_2_GYR
90662,513750,994613,00000001000_1_2_CTR
91388,517866,1002580,00000001000_1_2_CTB
51001,289000,559501,00000001000_1_2_VRY
95036,511905,937514,00000001000_1_3_SMG
41432,223172,408722,00000001000_1_3_AC1
55420,300412,550540,00000001000_1_3_CV1
44055,237299,434594,00000001000_1_3_GYR
100317,540352,989613,00000001000_1_3_CTR
101038,544233,996721,00000001000_1_3_CTB
56100,304100,557300,00000001000_1_3_VRY
89696,583694,908080,00000001000_1_4_SMG
39265,255515,397517,00000001000_1_4_AC1
52625,342458,532778,00000001000_1_4_CV1
41625,270873,421411,00000001000_1_4_GYR
94720,616392,958950,00000001000_1_4_CTR
95640,622374,968257,00000001000_1_4_CTB
53200,346200,538600,00000001000_1_4_VRY
45627,439365,894614,00000001000_1_5_SMG
19861,191245,389404,00000001000_1_5_AC1
26765,257731,524780,00000001000_1_5_CV1
21133,203496,414348,00000001000_1_5_GYR
48122,463389,943530,00000001000_1_5_CTR
48412,466186,949226,00000001000_1_5_CTB
27000,260000,529400,00000001000_1_5_VRY
105204,496775,952543,00000001000_2_1_SMG
46075,216380,414606,00000001000_2_1_AC1
61977,292657,561156,00000001000_2_1_CV1
49166,230897,442421,00000001000_2_1_GYR
112030,526122,1008104,00000001000_2_1_CTR
112173,529685,1015648,00000001000_2_1_CTB
62600,295600,566801,00000001000_2_1_VRY
63860,529819,934097,00000001000_2_2_SMG
27867,229038,403580,00000001000_2_2_AC1
37322,309641,545913,00000001000_2_2_CV1
29838,245237,432122,00000001000_2_2_GYR
68358,561839,989995,00000001000_2_2_CTR
68318,561512,989420,00000001000_2_2_CTB
38100,316100,557300,00000001000_2_2_VRY
49585,450983,891509,00000001000_2_3_SMG
21549,195989,387434,00000001000_2_3_AC1
29135,264982,523819,00000001000_2_3_CV1
22996,209154,413457,00000001000_2_3_GYR
52190,474680,938354,00000001000_2_3_CTR
52718,479474,947831,00000001000_2_3_CTB
29400,267400,528600,00000001000_2_3_VRY
80271,507818,923197,00000001000_2_4_SMG
34859,220523,400904,00000001000_2_4_AC1
47129,298147,542023,00000001000_2_4_CV1
37082,234592,426481,00000001000_2_4_GYR
84782,536358,975082,00000001000_2_4_CTR
85364,540038,981772,00000001000_2_4_CTB
47500,300500,546300,00000001000_2_4_VRY
87958,488992,930297,00000001000_2_5_SMG
38169,212194,403694,00000001000_2_5_AC1
51688,287349,546676,00000001000_2_5_CV1
40740,226489,430890,00000001000_2_5_GYR
92847,516168,981999,00000001000_2_5_CTR
93524,519932,989160,00000001000_2_5_CTB
52200,290200,552100,00000001000_2_5_VRY
39407,490729,924369,00000001000_3_1_SMG
17289,215290,405533,00000001000_3_1_AC1
23155,288342,543140,00000001000_3_1_CV1
18266,227459,428456,00000001000_3_1_GYR
41540,517289,974398,00000001000_3_1_CTR
41991,522905,984978,00000001000_3_1_CTB
23400,291400,548900,00000001000_3_1_VRY
56403,482365,893511,00000001000_3_2_SMG
24716,211377,391546,00000001000_3_2_AC1
33289,284696,527357,00000001000_3_2_CV1
26143,223581,414152,00000001000_3_2_GYR
59454,508460,941848,00000001000_3_2_CTR
60139,514323,952709,00000001000_3_2_CTB
33500,286500,530700,00000001000_3_2_VRY
88263,489914,942195,00000001000_3_3_SMG
38740,215032,413546,00000001000_3_3_AC1
51944,288322,554495,00000001000_3_3_CV1
41314,227867,437935,00000001000_3_3_GYR
94074,518864,997198,00000001000_3_3_CTR
94784,522781,1004727,00000001000_3_3_CTB
52300,290300,558300,00000001000_3_3_VRY
72105,524658,1002034,00000001000_3_4_SMG
31589,229851,438988,00000001000_3_4_AC1
41734,306199,585171,00000001000_3_4_CV1
33419,243165,464417,00000001000_3_4_GYR
76012,553088,1056332,00000001000_3_4_CTR
76559,557064,1063925,00000001000_3_4_CTB
42700,310700,593400,00000001000_3_4_VRY
108633,526322,1012391,00000001000_3_5_SMG
47516,230210,442813,00000001000_3_5_AC1
63821,309208,594768,00000001000_3_5_CV1
50429,244325,469963,00000001000_3_5_GYR
114834,556366,1070182,00000001000_3_5_CTR
115454,559367,1075954,00000001000_3_5_CTB
64500,312500,601101,00000001000_3_5_VRY
79059,479400,924484,00000000100_1_1_SMG
34755,210746,406406,00000000100_1_1_AC1
46385,281268,542403,00000000100_1_1_CV1
36580,221811,427744,00000000100_1_1_GYR
83086,503814,971565,00000000100_1_1_CTR
84142,510218,983914,00000000100_1_1_CTB
47000,285000,549600,00000000100_1_1_VRY
97800,506843,908984,00000000100_1_2_SMG
42967,222672,399345,00000000100_1_2_AC1
57020,297303,533532,00000000100_1_2_CV1
45248,234492,420544,00000000100_1_2_GYR
102643,531939,953992,00000000100_1_2_CTR
104147,539736,967974,00000000100_1_2_CTB
58100,301100,540000,00000000100_1_2_VRY
87494,502376,928635,00000000100_1_3_SMG
38581,221522,409480,00000000100_1_3_AC1
51614,296356,547809,00000000100_1_3_CV1
41121,234495,433171,00000000100_1_3_GYR
93340,532276,983247,00000000100_1_3_CTR
93626,537587,993720,00000000100_1_3_CTB
52300,300301,555100,00000000100_1_3_VRY
98553,526233,968959,00000000100_1_4_SMG
43222,230784,424945,00000000100_1_4_AC1
57611,307618,566420,00000000100_1_4_CV1
45689,243961,449208,00000000100_1_4_GYR
103578,553066,1018367,00000000100_1_4_CTR
104832,559762,1030696,00000000100_1_4_CTB
58300,311300,573200,00000000100_1_4_VRY
62611,471596,885295,00000000100_1_5_SMG
27508,207196,388955,00000000100_1_5_AC1
36737,276708,519444,00000000100_1_5_CV1
28953,218075,409376,00000000100_1_5_GYR
66091,497812,934507,00000000100_1_5_CTR
66641,501952,942279,00000000100_1_5_CTB
37200,280200,526000,00000000100_1_5_VRY
63524,461379,905706,00000000100_2_1_SMG
28084,203978,400417,00000000100_2_1_AC1
37645,273415,536726,00000000100_2_1_CV1
29669,215485,423007,00000000100_2_1_GYR
67556,490667,963201,00000000100_2_1_CTR
68115,494725,971167,00000000100_2_1_CTB
38000,276000,541800,00000000100_2_1_VRY
71024,486444,919451,00000000100_2_2_SMG
31299,214365,405182,00000000100_2_2_AC1
41743,285895,540385,00000000100_2_2_CV1
33020,226150,427458,00000000100_2_2_GYR
75378,516268,975823,00000000100_2_2_CTR
76002,520537,983893,00000000100_2_2_CTB
42400,290400,548900,00000000100_2_2_VRY
69741,529623,994727,00000000100_2_3_SMG
30753,233538,438625,00000000100_2_3_AC1
41194,312830,587550,00000000100_2_3_CV1
32404,246076,462175,00000000100_2_3_GYR
73601,558934,1049779,00000000100_2_3_CTR
74678,567114,1065141,00000000100_2_3_CTB
41400,314400,590500,00000000100_2_3_VRY
66991,503445,910802,00000000100_2_4_SMG
29468,221452,400637,00000000100_2_4_AC1
39377,295923,535366,00000000100_2_4_CV1
31133,233969,423282,00000000100_2_4_GYR
233143,625730,992143,00000000100_2_4_CTR
71478,537165,971807,00000000100_2_4_CTB
39600,297600,538400,00000000100_2_4_VRY
25004,441175,870435,00000000100_2_5_SMG
11027,194551,383848,00000000100_2_5_AC1
14742,260112,513199,00000000100_2_5_CV1
11596,204602,403678,00000000100_2_5_GYR
26389,465615,918654,00000000100_2_5_CTR
26775,472424,932089,00000000100_2_5_CTB
14900,262900,518700,00000000100_2_5_VRY
23748,491959,831159,00000000100_3_1_SMG
10421,215877,364721,00000000100_3_1_AC1
13779,285435,482239,00000000100_3_1_CV1
10988,227622,384564,00000000100_3_1_GYR
25051,518954,876768,00000000100_3_1_CTR
25306,524246,885708,00000000100_3_1_CTB
14100,292100,493500,00000000100_3_1_VRY
69442,504292,822508,00000000100_3_2_SMG
30527,221687,361574,00000000100_3_2_AC1
40313,292758,477493,00000000100_3_2_CV1
32228,234041,381725,00000000100_3_2_GYR
73201,531591,867032,00000000100_3_2_CTR
74087,538027,877530,00000000100_3_2_CTB
41200,299200,488000,00000000100_3_2_VRY
40314,446792,891075,00000000100_3_3_SMG
17790,197166,393224,00000000100_3_3_AC1
23830,264102,526720,00000000100_3_3_CV1
18745,207745,414323,00000000100_3_3_GYR
42630,472459,942264,00000000100_3_3_CTR
43227,479084,955478,00000000100_3_3_CTB
24100,267100,532700,00000000100_3_3_VRY
50073,511887,983514,00000000100_3_4_SMG
22175,223733,429573,00000000100_3_4_AC1
29161,298104,572760,00000000100_3_4_CV1
23241,237592,456497,00000000100_3_4_GYR
52623,537956,1033601,00000000100_3_4_CTR
53326,545149,1047421,00000000100_3_4_CTB
29600,302600,581400,00000000100_3_4_VRY
70030,481071,929494,00000000100_3_5_SMG
30657,210598,406903,00000000100_3_5_AC1
40835,280514,541991,00000000100_3_5_CV1
32487,223169,431193,00000000100_3_5_GYR
73370,504017,973831,00000000100_3_5_CTR
74443,511389,988073,00000000100_3_5_CTB
41400,284401,549500,00000000100_3_5_VRY
76634,546926,988290,00000000200_1_1_SMG
33151,236591,427516,00000000200_1_1_AC1
44601,318307,575177,00000000200_1_1_CV1
35570,253856,458714,00000000200_1_1_GYR
80534,574756,1038579,00000000200_1_1_CTR
81611,582441,1052465,00000000200_1_1_CTB
45300,323300,584201,00000000200_1_1_VRY
78667,515137,989165,00000000200_1_2_SMG
34110,223365,428903,00000000200_1_2_AC1
45521,300315,577033,00000000200_1_2_CV1
36190,236986,455060,00000000200_1_2_GYR
82617,541008,1038841,00000000200_1_2_CTR
83826,548925,1054044,00000000200_1_2_CTB
46500,304500,584701,00000000200_1_2_VRY
74943,477567,908103,00000000200_1_3_SMG
32717,206885,393127,00000000200_1_3_AC1
43942,280014,532453,00000000200_1_3_CV1
34785,221662,421496,00000000200_1_3_GYR
78937,499158,948512,00000000200_1_3_CTR
79809,508578,967072,00000000200_1_3_CTB
44300,282300,536800,00000000200_1_3_VRY
92924,495030,958127,00000000200_1_4_SMG
40389,215159,416439,00000000200_1_4_AC1
54690,291346,563898,00000000200_1_4_CV1
42806,228036,441363,00000000200_1_4_GYR
97778,520890,1008179,00000000200_1_4_CTR
99027,527540,1021051,00000000200_1_4_CTB
55000,293000,567100,00000000200_1_4_VRY
77191,547780,969786,00000000200_1_5_SMG
33470,237518,420501,00000000200_1_5_AC1
44576,318775,564667,00000000200_1_5_CV1
35511,252003,446145,00000000200_1_5_GYR
81067,575290,1018490,00000000200_1_5_CTR
82150,582972,1032091,00000000200_1_5_CTB
45600,323600,572900,00000000200_1_5_VRY
93368,520531,969305,00000000200_2_1_SMG
40509,225837,420541,00000000200_2_1_AC1
53908,300539,559647,00000000200_2_1_CV1
43065,240090,447082,00000000200_2_1_GYR
98312,548090,1020623,00000000200_2_1_CTR
99378,554037,1031698,00000000200_2_1_CTB
55300,308300,574100,00000000200_2_1_VRY
99766,528299,985965,00000000200_2_2_SMG
43700,231405,431872,00000000200_2_2_AC1
58679,310727,579910,00000000200_2_2_CV1
45898,243048,453601,00000000200_2_2_GYR
104581,553800,1033558,00000000200_2_2_CTR
106179,562260,1049348,00000000200_2_2_CTB
58900,311900,582100,00000000200_2_2_VRY
43784,446121,935687,00000000200_2_3_SMG
19168,195298,409614,00000000200_2_3_AC1
25265,257420,539909,00000000200_2_3_CV1
20157,205380,430761,00000000200_2_3_GYR
46015,468854,983367,00000000200_2_3_CTR
46572,474527,995265,00000000200_2_3_CTB
25900,263901,553500,00000000200_2_3_VRY
70081,523743,1006860,00000000200_2_4_SMG
30716,229551,441294,00000000200_2_4_AC1
40786,304808,585972,00000000200_2_4_CV1
32467,242633,466445,00000000200_2_4_GYR
73601,550045,1057423,00000000200_2_4_CTR
74489,556688,1070193,00000000200_2_4_CTB
41400,309400,594801,00000000200_2_4_VRY
88999,582792,999230,00000000200_2_5_SMG
38798,255737,438692,00000000200_2_5_AC1
51268,337937,579697,00000000200_2_5_CV1
41101,269137,461450,00000000200_2_5_GYR
93826,614400,1053423,00000000200_2_5_CTR
94902,621447,1065505,00000000200_2_5_CTB
52400,345400,592500,00000000200_2_5_VRY
41839,441745,896091,00000000200_3_1_SMG
18404,194308,394160,00000000200_3_1_AC1
24288,256433,520181,00000000200_3_1_CV1
19391,204734,415309,00000000200_3_1_GYR
44239,467077,947478,00000000200_3_1_CTR
44748,472450,958377,00000000200_3_1_CTB
24900,262900,533300,00000000200_3_1_VRY
53701,437518,880591,00000000200_3_2_SMG
23607,192332,387105,00000000200_3_2_AC1
31075,256243,516175,00000000200_3_2_CV1
24921,203037,408651,00000000200_3_2_GYR
56287,458589,923001,00000000200_3_2_CTR
57361,467338,940609,00000000200_3_2_CTB
31900,259900,523100,00000000200_3_2_VRY
57467,466982,915088,00000000200_3_3_SMG
25172,204547,400827,00000000200_3_3_AC1
33592,272965,534896,00000000200_3_3_CV1
26657,216617,424477,00000000200_3_3_GYR
60471,491392,962922,00000000200_3_3_CTR
61124,496697,973318,00000000200_3_3_CTB
34100,277100,543000,00000000200_3_3_VRY
101538,519829,968650,00000000200_3_4_SMG
44662,228647,426061,00000000200_3_4_AC1
59271,303440,565430,00000000200_3_4_CV1
47239,241842,450648,00000000200_3_4_GYR
107023,547912,1020979,00000000200_3_4_CTR
108458,555260,1034672,00000000200_3_4_CTB
60200,308200,574300,00000000200_3_4_VRY
57647,459987,949050,00000000200_3_5_SMG
25175,200882,414463,00000000200_3_5_AC1
33760,269386,555801,00000000200_3_5_CV1
26556,211898,437191,00000000200_3_5_GYR
60584,483422,997402,00000000200_3_5_CTR
61317,489275,1009478,00000000200_3_5_CTB
34100,272100,561400,00000000200_3_5_VRY
103226,521526,955681,00000000010_1_1_SMG
45026,227481,416852,00000000010_1_1_AC1
60654,306438,561539,00000000010_1_1_CV1
47809,241542,442619,00000000010_1_1_GYR
108361,547470,1003222,00000000010_1_1_CTR
109763,554551,1016198,00000000010_1_1_CTB
61200,309200,566600,00000000010_1_1_VRY
57155,468059,903988,00000000010_1_2_SMG
24877,203726,393467,00000000010_1_2_AC1
33578,274982,531089,00000000010_1_2_CV1
26723,216399,417627,00000000010_1_2_GYR
60811,492443,950364,00000000010_1_2_CTR
61260,496086,957396,00000000010_1_2_CTB
33800,276800,534600,00000000010_1_2_VRY
65317,491218,924358,00000000010_1_3_SMG
28575,214896,404384,00000000010_1_3_AC1
38262,287753,541484,00000000010_1_3_CV1
30236,227391,427897,00000000010_1_3_GYR
68852,517805,974388,00000000010_1_3_CTR
69315,521289,980945,00000000010_1_3_CTB
38800,291800,549101,00000000010_1_3_VRY
67572,545640,976914,00000000010_1_4_SMG
29477,238019,426150,00000000010_1_4_AC1
39731,320827,574409,00000000010_1_4_CV1
31305,252785,452587,00000000010_1_4_GYR
71677,573353,1025925,00000000010_1_4_CTR
71430,576798,1032700,00000000010_1_4_CTB
40000,323000,578300,00000000010_1_4_VRY
95524,496489,932158,00000000010_1_5_SMG
41767,217085,407578,00000000010_1_5_AC1
56164,291912,548065,00000000010_1_5_CV1
44247,229971,431771,00000000010_1_5_GYR
100631,523028,981986,00000000010_1_5_CTR
101568,527901,991134,00000000010_1_5_CTB
56700,294701,553300,00000000010_1_5_VRY
49477,475248,974392,00000000010_2_1_SMG
21709,208524,427532,00000000010_2_1_AC1
29089,279413,572875,00000000010_2_1_CV1
22951,220449,451982,00000000010_2_1_GYR
52251,501892,1029021,00000000010_2_1_CTR
52648,505703,1036833,00000000010_2_1_CTB
29400,282401,579000,00000000010_2_1_VRY
58582,509724,923496,00000000010_2_2_SMG
25704,223650,405200,00000000010_2_2_AC1
34388,299207,542091,00000000010_2_2_CV1
27192,236593,428649,00000000010_2_2_GYR
61781,537562,973932,00000000010_2_2_CTR
62330,542339,982586,00000000010_2_2_CTB
34800,302800,548600,00000000010_2_2_VRY
33143,467186,882387,00000000010_2_3_SMG
14524,204732,386684,00000000010_2_3_AC1
19492,274761,518949,00000000010_2_3_CV1
15383,216832,409537,00000000010_2_3_GYR
35029,493783,932623,00000000010_2_3_CTR
35265,497102,938891,00000000010_2_3_CTB
19700,277700,524500,00000000010_2_3_VRY
90396,491031,935097,00000000010_2_4_SMG
39647,215362,410125,00000000010_2_4_AC1
52999,287892,548248,00000000010_2_4_CV1
41915,227681,433585,00000000010_2_4_GYR
256284,613207,1008822,00000000010_2_4_CTR
96213,522632,995276,00000000010_2_4_CTB
53700,291700,555501,00000000010_2_4_VRY
46154,506005,945980,00000000010_2_5_SMG
20233,221817,414689,00000000010_2_5_AC1
27108,297197,555611,00000000010_2_5_CV1
21349,234059,437574,00000000010_2_5_GYR
48585,532661,995814,00000000010_2_5_CTR
49176,539137,1007920,00000000010_2_5_CTB
27400,300400,561601,00000000010_2_5_VRY
30552,468464,900096,00000000010_3_1_SMG
13632,204432,392495,00000000010_3_1_AC1
17942,275100,528571,00000000010_3_1_CV1
14427,216354,415386,00000000010_3_1_GYR
32833,492372,945321,00000000010_3_1_CTR
32319,495554,952146,00000000010_3_1_CTB
18000,276000,530301,00000000010_3_1_VRY
103379,521614,976782,00000000010_3_2_SMG
45249,228309,427535,00000000010_3_2_AC1
60723,306386,573744,00000000010_3_2_CV1
47819,241277,451818,00000000010_3_2_GYR
109045,550204,1030321,00000000010_3_2_CTR
109769,553856,1037159,00000000010_3_2_CTB
61300,309300,579200,00000000010_3_2_VRY
108968,577900,1024059,00000000010_3_3_SMG
47559,252224,446951,00000000010_3_3_AC1
64016,339499,601605,00000000010_3_3_CV1
50506,267852,474644,00000000010_3_3_GYR
114390,606656,1075016,00000000010_3_3_CTR
115783,614041,1088104,00000000010_3_3_CTB
64600,342600,607100,00000000010_3_3_VRY
56476,474566,905131,00000000010_3_4_SMG
24720,207719,396179,00000000010_3_4_AC1
33115,278257,530714,00000000010_3_4_CV1
26160,219816,419251,00000000010_3_4_GYR
59574,500599,954784,00000000010_3_4_CTR
60055,504635,962481,00000000010_3_4_CTB
33500,281500,536901,00000000010_3_4_VRY
54686,481701,914118,00000000010_3_5_SMG
24256,211144,400395,00000000010_3_5_AC1
32128,283004,537053,00000000010_3_5_CV1
25657,223340,423524,00000000010_3_5_GYR
58415,508499,964276,00000000010_3_5_CTR
58187,512549,972657,00000000010_3_5_CTB
32400,285400,541600,00000000010_3_5_VRY
64850,482585,911606,00000000001_1_1_SMG
28424,211518,399558,00000000001_1_1_AC1
38217,284394,537221,00000000001_1_1_CV1
30058,223675,422522,00000000001_1_1_GYR
68446,509342,962149,00000000001_1_1_CTR
69048,513822,970612,00000000001_1_1_CTB
38500,286500,541200,00000000001_1_1_VRY
92870,551339,972863,00000000001_1_2_SMG
40787,242137,427261,00000000001_1_2_AC1
54604,324164,572002,00000000001_1_2_CV1
43052,255583,450988,00000000001_1_2_GYR
98020,581913,1026811,00000000001_1_2_CTR
98877,587000,1035787,00000000001_1_2_CTB
55300,328300,579300,00000000001_1_2_VRY
60510,537508,945568,00000000001_1_3_SMG
26566,235984,415135,00000000001_1_3_AC1
35505,315385,554815,00000000001_1_3_CV1
28105,249654,439185,00000000001_1_3_GYR
63920,567794,998847,00000000001_1_3_CTR
64394,572004,1006254,00000000001_1_3_CTB
35900,318900,561000,00000000001_1_3_VRY
95765,514627,945312,00000000001_1_4_SMG
41940,225378,413994,00000000001_1_4_AC1
56073,301328,553506,00000000001_1_4_CV1
44354,238353,437827,00000000001_1_4_GYR
101001,542765,996999,00000000001_1_4_CTR
101680,546414,1003701,00000000001_1_4_CTB
56700,304700,559700,00000000001_1_4_VRY
46844,521993,922765,00000000001_1_5_SMG
20493,228351,403672,00000000001_1_5_AC1
27471,306118,541147,00000000001_1_5_CV1
21743,242282,428299,00000000001_1_5_GYR
49446,550993,974029,00000000001_1_5_CTR
49748,554354,979971,00000000001_1_5_CTB
27900,310900,549600,00000000001_1_5_VRY
842,452096,873714,00000000001_2_1_SMG
367,196612,379970,00000000001_2_1_AC1
496,266252,514556,00000000001_2_1_CV1
392,210145,406123,00000000001_2_1_GYR
890,477586,922977,00000000001_2_1_CTR
896,481138,929841,00000000001_2_1_CTB
500,268500,518901,00000000001_2_1_VRY
89905,525092,946110,00000000001_2_2_SMG
39077,228230,411225,00000000001_2_2_AC1
52704,307818,554625,00000000001_2_2_CV1
41731,243730,439153,00000000001_2_2_GYR
94717,553193,996742,00000000001_2_2_CTR
95798,559509,1008123,00000000001_2_2_CTB
53300,311301,560900,00000000001_2_2_VRY
51601,478233,882268,00000000001_2_3_SMG
22508,208596,384829,00000000001_2_3_AC1
30279,280623,517708,00000000001_2_3_CV1
23988,222318,410144,00000000001_2_3_GYR
54613,506151,933774,00000000001_2_3_CTR
54912,508920,938882,00000000001_2_3_CTB
30600,283600,523200,00000000001_2_3_VRY
56963,517045,937355,00000000001_2_4_SMG
24782,224937,407790,00000000001_2_4_AC1
33417,303320,549891,00000000001_2_4_CV1
26383,239473,434143,00000000001_2_4_GYR
60036,544940,987925,00000000001_2_4_CTR
60657,550578,998147,00000000001_2_4_CTB
33800,306800,556200,00000000001_2_4_VRY
85142,646568,959820,00000000001_2_5_SMG
36906,280264,416047,00000000001_2_5_AC1
49943,379269,563018,00000000001_2_5_CV1
39306,298487,443099,00000000001_2_5_GYR
88799,679424,1008969,00000000001_2_5_CTR
90535,687525,1020621,00000000001_2_5_CTB
50500,383500,569300,00000000001_2_5_VRY
77347,485938,929672,00000000001_3_1_SMG
33921,213109,407709,00000000001_3_1_AC1
45138,285722,546998,00000000001_3_1_CV1
35969,225976,432325,00000000001_3_1_GYR
81865,514325,983980,00000000001_3_1_CTR
82404,517707,990451,00000000001_3_1_CTB
46000,289000,552900,00000000001_3_1_VRY
94228,494694,932177,00000000001_3_2_SMG
41120,215880,406793,00000000001_3_2_AC1
54569,290162,547532,00000000001_3_2_CV1
43565,228713,430975,00000000001_3_2_GYR
99465,522187,983984,00000000001_3_2_CTR
100351,526839,992751,00000000001_3_2_CTB
56000,294000,554001,00000000001_3_2_VRY
32374,433667,874921,00000000001_3_3_SMG
14484,190295,383613,00000000001_3_3_AC1
18978,254218,512884,00000000001_3_3_CV1
15293,200915,405021,00000000001_3_3_GYR
34825,457530,922329,00000000001_3_3_CTR
34397,460769,929599,00000000001_3_3_CTB
19200,257200,518901,00000000001_3_3_VRY
58035,459554,904767,00000000001_3_4_SMG
25419,201279,396277,00000000001_3_4_AC1
34083,269884,531346,00000000001_3_4_CV1
26883,212871,419098,00000000001_3_4_GYR
61218,484760,954392,00000000001_3_4_CTR
61627,488000,960771,00000000001_3_4_CTB
34400,272400,536300,00000000001_3_4_VRY
43435,469363,897985,00000000001_3_5_SMG
19028,205611,393373,00000000001_3_5_AC1
25517,275736,527538,00000000001_3_5_CV1
20119,217406,415941,00000000001_3_5_GYR
46031,497417,951658,00000000001_3_5_CTR
46217,499423,955495,00000000001_3_5_CTB
25800,278801,533400,00000000001_3_5_VRY
44768,521059,867085,10000001000_1_1_SMG
19955,228832,380581,10000001000_1_1_AC1
26316,306290,509692,10000001000_1_1_CV1
21121,242198,402810,10000001000_1_1_GYR
47999,550421,915432,10000001000_1_1_CTR
47701,555187,923876,10000001000_1_1_CTB
26600,309600,515201,10000001000_1_1_VRY
117292,545499,961181,10000001000_1_2_SMG
51267,238430,420119,10000001000_1_2_AC1
68807,320005,563856,10000001000_1_2_CV1
54337,252707,445275,10000001000_1_2_GYR
123600,574838,1012877,10000001000_1_2_CTR
124688,579897,1021792,10000001000_1_2_CTB
69301,322300,567900,10000001000_1_2_VRY
76862,528591,923011,10000001000_1_3_SMG
33735,232003,405116,10000001000_1_3_AC1
45097,310138,541555,10000001000_1_3_CV1
35655,245205,428170,10000001000_1_3_GYR
81083,557623,973707,10000001000_1_3_CTR
81903,563262,983554,10000001000_1_3_CTB
45600,313600,547600,10000001000_1_3_VRY
39435,541630,922153,10000001000_1_4_SMG
17325,237955,405131,10000001000_1_4_AC1
23127,317640,540798,10000001000_1_4_CV1
18316,251569,428309,10000001000_1_4_GYR
41574,571014,972181,10000001000_1_4_CTR
41908,575599,979986,10000001000_1_4_CTB
23400,321400,547200,10000001000_1_4_VRY
90042,491352,931613,10000001000_1_5_SMG
39466,215363,408333,10000001000_1_5_AC1
52775,287986,546026,10000001000_1_5_CV1
41711,227611,431554,10000001000_1_5_GYR
95112,519016,984063,10000001000_1_5_CTR
95681,522124,989958,10000001000_1_5_CTB
53400,291400,552500,10000001000_1_5_VRY
70969,480597,916860,10000001000_2_1_SMG
31107,210651,401870,10000001000_2_1_AC1
41602,281726,537462,10000001000_2_1_CV1
32854,222487,424449,10000001000_2_1_GYR
74884,507106,967432,10000001000_2_1_CTR
75403,510625,974145,10000001000_2_1_CTB
42100,285100,543900,10000001000_2_1_VRY
103789,487318,921144,10000001000_2_2_SMG
45524,213749,404035,10000001000_2_2_AC1
61019,286499,541549,10000001000_2_2_CV1
48158,226115,427410,10000001000_2_2_GYR
109574,514480,972485,10000001000_2_2_CTR
110607,519329,981651,10000001000_2_2_CTB
61700,289700,547601,10000001000_2_2_VRY
49362,408200,820106,10000001000_2_3_SMG
21656,179083,359791,10000001000_2_3_AC1
28624,239645,481874,10000001000_2_3_CV1
22895,189327,380373,10000001000_2_3_GYR
52134,431126,866167,10000001000_2_3_CTR
52489,434063,872067,10000001000_2_3_CTB
29300,242300,486801,10000001000_2_3_VRY
109754,494142,952880,10000001000_2_4_SMG
48118,216640,417757,10000001000_2_4_AC1
64720,291386,561894,10000001000_2_4_CV1
50836,228876,441352,10000001000_2_4_GYR
115615,520532,1003768,10000001000_2_4_CTR
116693,525387,1013132,10000001000_2_4_CTB
65100,293100,565200,10000001000_2_4_VRY
25381,417016,891852,10000001000_2_5_SMG
11127,182817,390982,10000001000_2_5_AC1
14917,245082,524146,10000001000_2_5_CV1
11747,193003,412766,10000001000_2_5_GYR
26060,439362,940468,10000001000_2_5_CTR
27134,445822,953458,10000001000_2_5_CTB
15100,248100,530600,10000001000_2_5_VRY
87955,522674,941723,10000001000_3_1_SMG
38591,229323,413180,10000001000_3_1_AC1
51662,307003,553140,10000001000_3_1_CV1
40768,242265,436498,10000001000_3_1_GYR
92847,551746,994102,10000001000_3_1_CTR
93524,555766,1001345,10000001000_3_1_CTB
52200,310200,558900,10000001000_3_1_VRY
48326,432234,893092,10000001000_3_2_SMG
21210,189703,391970,10000001000_3_2_AC1
28384,253867,524546,10000001000_3_2_CV1
22399,200337,413941,10000001000_3_2_GYR
51214,458065,946464,10000001000_3_2_CTR
51450,460178,950830,10000001000_3_2_CTB
28700,256700,530400,10000001000_3_2_VRY
67617,450165,897812,10000001000_3_3_SMG
29712,197806,394505,10000001000_3_3_AC1
39714,264398,527318,10000001000_3_3_CV1
31363,208800,416432,10000001000_3_3_GYR
71418,475470,948280,10000001000_3_3_CTR
71997,479323,955966,10000001000_3_3_CTB
40300,268300,535100,10000001000_3_3_VRY
43592,444163,854160,10000001000_3_4_SMG
19166,195277,375532,10000001000_3_4_AC1
25646,261307,502513,10000001000_3_4_CV1
20219,206007,396167,10000001000_3_4_GYR
46013,468828,901593,10000001000_3_4_CTR
46478,473565,910702,10000001000_3_4_CTB
25900,263900,507500,10000001000_3_4_VRY
70594,531645,905552,10000001000_3_5_SMG
31129,234435,399314,10000001000_3_5_AC1
41427,311987,531407,10000001000_3_5_CV1
32675,246075,419141,10000001000_3_5_GYR
74402,560326,954405,10000001000_3_5_CTR
75063,565306,962887,10000001000_3_5_CTB
41800,314800,536201,10000001000_3_5_VRY
24241,424695,862839,20000001000_1_1_SMG
10313,185629,377446,20000001000_1_1_AC1
13854,249355,507022,20000001000_1_1_CV1
11228,196713,399656,20000001000_1_1_GYR
24141,447651,911021,20000001000_1_1_CTR
25792,451873,918054,20000001000_1_1_CTB
14000,252000,512400,20000001000_1_1_VRY
32903,424046,861017,20000001000_1_2_SMG
14480,186611,378910,20000001000_1_2_AC1
19391,249901,507419,20000001000_1_2_CV1
15273,196828,399656,20000001000_1_2_GYR
34754,447899,909451,20000001000_1_2_CTR
35108,452460,918712,20000001000_1_2_CTB
19600,252601,512900,20000001000_1_2_VRY
25160,409210,850530,20000001000_1_3_SMG
11020,179235,372534,20000001000_1_3_AC1
14356,240085,499475,20000001000_1_3_CV1
11662,189665,394213,20000001000_1_3_GYR
26540,431656,897184,20000001000_1_3_CTR
26750,435080,904301,20000001000_1_3_CTB
14500,242500,504500,20000001000_1_3_VRY
166439,533682,881046,20000001000_1_4_SMG
72951,233913,386163,20000001000_1_4_AC1
97762,313471,517505,20000001000_1_4_CV1
77093,247197,408093,20000001000_1_4_GYR
175460,562608,928801,20000001000_1_4_CTR
176976,567468,936823,20000001000_1_4_CTB
98800,316800,523001,20000001000_1_4_VRY
47580,466006,889832,20000001000_1_5_SMG
21115,203978,389201,20000001000_1_5_AC1
27943,273682,522591,20000001000_1_5_CV1
22396,216354,412815,20000001000_1_5_GYR
50885,491576,937953,20000001000_1_5_CTR
51272,495311,945079,20000001000_1_5_CTB
28200,276200,527400,20000001000_1_5_VRY
80766,498928,918944,20000001000_2_1_SMG
35202,217456,400518,20000001000_2_1_AC1
47358,292547,538823,20000001000_2_1_CV1
37463,231425,426247,20000001000_2_1_GYR
85085,525607,968083,20000001000_2_1_CTR
86055,531601,979123,20000001000_2_1_CTB
47900,295900,545000,20000001000_2_1_VRY
30003,464869,883385,20000001000_2_2_SMG
13066,202444,384702,20000001000_2_2_AC1
17617,272958,518699,20000001000_2_2_CV1
13897,215316,409162,20000001000_2_2_GYR
31604,489675,930525,20000001000_2_2_CTR
31837,493291,937395,20000001000_2_2_CTB
17800,275800,524100,20000001000_2_2_VRY
97183,515608,949218,20000001000_2_3_SMG
42445,225191,414570,20000001000_2_3_AC1
56976,302289,556504,20000001000_2_3_CV1
45259,238664,439087,20000001000_2_3_GYR
103212,544267,1001328,20000001000_2_3_CTR
103256,547830,1008538,20000001000_2_3_CTB
57600,305600,562600,20000001000_2_3_VRY
87862,502903,915434,20000001000_2_4_SMG
38410,219850,400192,20000001000_2_4_AC1
51913,297137,540878,20000001000_2_4_CV1
41127,233896,425499,20000001000_2_4_GYR
93396,531161,966279,20000001000_2_4_CTR
93681,536210,976062,20000001000_2_4_CTB
52500,300500,547000,20000001000_2_4_VRY
74905,483937,956764,20000001000_2_5_SMG
32754,211609,418360,20000001000_2_5_AC1
44011,284340,562153,20000001000_2_5_CV1
34766,224612,444067,20000001000_2_5_GYR
79159,511418,1011095,20000001000_2_5_CTR
79538,513865,1015933,20000001000_2_5_CTB
44500,287500,568400,20000001000_2_5_VRY
104970,503998,928511,20000001000_3_1_SMG
45622,220185,405898,20000001000_3_1_AC1
61203,295386,544526,20000001000_3_1_CV1
48638,233526,430222,20000001000_3_1_GYR
110827,532118,980315,20000001000_3_1_CTR
111500,535351,986272,20000001000_3_1_CTB
62200,300200,553400,20000001000_3_1_VRY
66078,466240,946771,20000001000_3_2_SMG
28942,204215,414688,20000001000_3_2_AC1
38878,274320,557047,20000001000_3_2_CV1
30672,216421,439476,20000001000_3_2_GYR
69851,492867,1000841,20000001000_3_2_CTR
70503,497468,1010184,20000001000_3_2_CTB
39300,277301,563100,20000001000_3_2_VRY
121470,463945,909163,20000001000_3_3_SMG
53165,203061,397926,20000001000_3_3_AC1
71161,271793,532615,20000001000_3_3_CV1
56121,214351,420049,20000001000_3_3_GYR
127692,487711,955736,20000001000_3_3_CTR
129149,493276,966641,20000001000_3_3_CTB
72000,275000,538900,20000001000_3_3_VRY
52838,454610,929645,20000001000_3_4_SMG
23132,199019,406980,20000001000_3_4_AC1
31081,267414,546843,20000001000_3_4_CV1
24545,211177,431842,20000001000_3_4_GYR
55711,479327,980191,20000001000_3_4_CTR
56268,484117,989986,20000001000_3_4_CTB
31300,269300,550700,20000001000_3_4_VRY
44776,504313,933888,20000001000_3_5_SMG
19120,215346,398778,20000001000_3_5_AC1
26321,296449,548964,20000001000_3_5_CV1
20755,233764,432884,20000001000_3_5_GYR
47325,533026,987058,20000001000_3_5_CTR
47614,536281,993085,20000001000_3_5_CTB
26601,299601,554800,20000001000_3_5_VRY
31425,548996,876848,30000001000_1_1_SMG
13432,234650,374778,30000001000_1_1_AC1
18472,322700,515412,30000001000_1_1_CV1
14605,255143,407510,30000001000_1_1_GYR
33256,580998,927960,30000001000_1_1_CTR
33527,585735,935526,30000001000_1_1_CTB
18700,326700,521800,30000001000_1_1_VRY
52075,486871,861672,30000001000_1_2_SMG
22544,208317,368456,30000001000_1_2_AC1
30605,286133,506403,30000001000_1_2_CV1
24185,226118,400187,30000001000_1_2_GYR
55073,514904,911286,30000001000_1_2_CTR
55560,519458,919345,30000001000_1_2_CTB
30900,288901,511301,30000001000_1_2_VRY
26282,410403,846414,30000001000_1_3_SMG
11168,174387,359654,30000001000_1_3_AC1
14976,240145,495732,30000001000_1_3_CV1
12184,190247,392365,30000001000_1_3_GYR
27701,432547,892084,30000001000_1_3_CTR
27908,435794,898780,30000001000_1_3_CTB
15600,243600,502400,30000001000_1_3_VRY
74398,466586,925597,30000001000_1_4_SMG
32017,199253,394985,30000001000_1_4_AC1
43669,273865,543284,30000001000_1_4_CV1
34508,216416,429319,30000001000_1_4_GYR
78631,493131,978257,30000001000_1_4_CTR
79166,496488,984916,30000001000_1_4_CTB
44200,277200,549900,30000001000_1_4_VRY
80063,447507,819334,30000001000_1_5_SMG
34385,190849,349180,30000001000_1_5_AC1
46978,262582,480757,30000001000_1_5_CV1
37083,207275,379496,30000001000_1_5_GYR
84452,472038,864247,30000001000_1_5_CTR
85068,475486,870559,30000001000_1_5_CTB
47500,265500,486100,30000001000_1_5_VRY
85534,478618,896838,30000001000_2_1_SMG
36664,203811,381646,30000001000_2_1_AC1
50114,280417,525448,30000001000_2_1_CV1
39853,221539,414842,30000001000_2_1_GYR
90818,504845,945348,30000001000_2_1_CTR
90752,507813,951545,30000001000_2_1_CTB
50700,283700,531601,30000001000_2_1_VRY
30352,475453,876045,30000001000_2_2_SMG
12900,202067,372317,30000001000_2_2_AC1
17336,277862,512336,30000001000_2_2_CV1
14022,219651,404717,30000001000_2_2_GYR
31933,500223,921684,30000001000_2_2_CTR
32275,505574,931543,30000001000_2_2_CTB
17500,280500,517200,30000001000_2_2_VRY
59917,486928,876301,30000001000_2_3_SMG
25531,207478,373388,30000001000_2_3_AC1
35153,285677,514120,30000001000_2_3_CV1
27794,225869,406486,30000001000_2_3_GYR
63066,512517,922352,30000001000_2_3_CTR
63661,517358,931065,30000001000_2_3_CTB
35500,288500,519201,30000001000_2_3_VRY
60401,536543,923176,30000001000_2_5_SMG
25756,228785,393648,30000001000_2_5_AC1
35537,315671,543144,30000001000_2_5_CV1
28035,249028,428478,30000001000_2_5_GYR
63966,568208,977659,30000001000_2_5_CTR
64185,570149,980999,30000001000_2_5_CTB
35900,318900,548700,30000001000_2_5_VRY
33957,509687,906241,30000001000_3_1_SMG
14783,217496,386471,30000001000_3_1_AC1
19969,299731,532932,30000001000_3_1_CV1
16070,236423,420103,30000001000_3_1_GYR
36645,539147,958017,30000001000_3_1_CTR
35984,540107,960328,30000001000_3_1_CTB
20200,303200,539100,30000001000_3_1_VRY
76319,517454,943662,30000001000_3_2_SMG
32519,220485,402090,30000001000_3_2_AC1
45049,305438,557016,30000001000_3_2_CV1
35517,240808,439152,30000001000_3_2_GYR
80547,546123,995943,30000001000_3_2_CTR
81647,553583,1009549,30000001000_3_2_CTB
45500,308500,562600,30000001000_3_2_VRY
31691,609871,933180,30000001000_3_3_SMG
13797,259807,397372,30000001000_3_3_AC1
18623,358391,548383,30000001000_3_3_CV1
15007,282598,432230,30000001000_3_3_GYR
34149,643076,983578,30000001000_3_3_CTR
34451,648759,992270,30000001000_3_3_CTB
18800,361800,553600,30000001000_3_3_VRY
27963,470977,860257,30000001000_3_4_SMG
11915,200681,366552,30000001000_3_4_AC1
16419,276536,505103,30000001000_3_4_CV1
12955,218190,398531,30000001000_3_4_GYR
29494,496773,907374,30000001000_3_4_CTR
29754,501145,915361,30000001000_3_4_CTB
16600,279600,510700,30000001000_3_4_VRY
45819,438313,871067,30000001000_3_5_SMG
19432,185881,369405,30000001000_3_5_AC1
26940,257710,512151,30000001000_3_5_CV1
21168,202488,402408,30000001000_3_5_GYR
48329,462320,918776,30000001000_3_5_CTR
48553,464459,923027,30000001000_3_5_CTB
27200,260200,517100,30000001000_3_5_VRY
65274,483562,941486,40000001000_1_1_SMG
27607,204520,398197,40000001000_1_1_AC1
38207,283041,551076,40000001000_1_1_CV1
30253,224120,436357,40000001000_1_1_GYR
68890,510354,993651,40000001000_1_1_CTR
69448,514489,1001701,40000001000_1_1_CTB
38700,286700,558200,40000001000_1_1_VRY
111587,521187,883928,40000001000_1_2_SMG
47546,222073,376633,40000001000_1_2_AC1
65487,305867,518746,40000001000_1_2_CV1
51684,241400,409411,40000001000_1_2_GYR
117877,550568,933757,40000001000_1_2_CTR
118750,554644,940671,40000001000_1_2_CTB
66200,309200,524400,40000001000_1_2_VRY
67216,459727,886941,40000001000_1_3_SMG
28964,196386,378610,40000001000_1_3_AC1
39590,270779,522407,40000001000_1_3_CV1
31081,212575,410116,40000001000_1_3_GYR
70782,484119,934000,40000001000_1_3_CTR
71250,487320,940176,40000001000_1_3_CTB
39900,272900,526501,40000001000_1_3_VRY
107293,617650,963278,40000001000_1_4_SMG
45715,263166,410429,40000001000_1_4_AC1
62666,362796,566053,40000001000_1_4_CV1
49733,286296,446503,40000001000_1_4_GYR
113553,653686,1019480,40000001000_1_4_CTR
114154,657147,1024876,40000001000_1_4_CTB
63700,366700,571900,40000001000_1_4_VRY
27698,402038,838824,40000001000_1_5_SMG
11785,171061,356907,40000001000_1_5_AC1
16251,235875,492136,40000001000_1_5_CV1
12828,186197,388487,40000001000_1_5_GYR
29173,423450,883498,40000001000_1_5_CTR
29370,426296,889437,40000001000_1_5_CTB
16500,239500,499700,40000001000_1_5_VRY
37608,422114,878631,40000001000_2_1_SMG
16025,179861,374381,40000001000_2_1_AC1
21628,247146,514899,40000001000_2_1_CV1
17407,195379,406681,40000001000_2_1_GYR
39638,444906,926072,40000001000_2_1_CTR
39931,448191,932910,40000001000_2_1_CTB
22300,250300,521000,40000001000_2_1_VRY
41143,459312,874446,40000001000_2_2_SMG
17484,195183,371592,40000001000_2_2_AC1
23756,269597,513653,40000001000_2_2_CV1
19057,212742,405021,40000001000_2_2_GYR
43368,484153,921739,40000001000_2_2_CTR
43716,488037,929134,40000001000_2_2_CTB
24400,272400,518600,40000001000_2_2_VRY
75374,442967,947310,40000001000_2_3_SMG
32094,188612,403357,40000001000_2_3_AC1
44302,260360,556796,40000001000_2_3_CV1
35081,206165,440897,40000001000_2_3_GYR
240080,569081,1020476,40000001000_2_3_CTR
80243,471584,1008510,40000001000_2_3_CTB
44700,262700,561801,40000001000_2_3_VRY
74876,460849,932962,40000001000_2_4_SMG
33157,204073,413134,40000001000_2_4_AC1
44861,276112,558971,40000001000_2_4_CV1
35443,218146,441623,40000001000_2_4_GYR
80407,494892,1001879,40000001000_2_4_CTR
81106,499192,1010584,40000001000_2_4_CTB
45200,278200,563200,40000001000_2_4_VRY
61007,420965,930314,40000001000_2_5_SMG
25995,179372,396403,40000001000_2_5_AC1
35778,246874,545580,40000001000_2_5_CV1
28257,194981,430899,40000001000_2_5_GYR
64301,443695,980546,40000001000_2_5_CTR
64698,446433,986596,40000001000_2_5_CTB
36100,249100,550500,40000001000_2_5_VRY
83829,694869,974298,40000001000_3_1_SMG
35746,296297,415447,40000001000_3_1_AC1
49359,409137,573664,40000001000_3_1_CV1
38854,322067,451580,40000001000_3_1_GYR
88896,736871,1033190,40000001000_3_1_CTR
89198,739371,1036695,40000001000_3_1_CTB
49800,412800,578800,40000001000_3_1_VRY
38089,457066,866768,40000001000_3_2_SMG
16667,199998,379270,40000001000_3_2_AC1
22861,274327,520227,40000001000_3_2_CV1
17951,215404,408487,40000001000_3_2_GYR
40924,491088,931287,40000001000_3_2_CTR
41305,495652,939943,40000001000_3_2_CTB
23000,276000,523400,40000001000_3_2_VRY
74237,451207,879101,40000001000_3_3_SMG
32448,197217,384245,40000001000_3_3_AC1
44331,269441,524961,40000001000_3_3_CV1
34939,212355,413738,40000001000_3_3_GYR
79709,484467,943902,40000001000_3_3_CTR
80449,488960,952656,40000001000_3_3_CTB
44900,272900,531700,40000001000_3_3_VRY
126999,547006,1014160,40000001000_3_4_SMG
55469,238913,442949,40000001000_3_4_AC1
76172,328084,608275,40000001000_3_4_CV1
60036,258583,479419,40000001000_3_4_GYR
136105,586229,1086880,40000001000_3_4_CTR
137713,593155,1099721,40000001000_3_4_CTB
76500,329500,610901,40000001000_3_4_VRY
108665,619133,1053986,40000001000_3_5_SMG
46302,263810,449099,40000001000_3_5_AC1
63892,364035,619709,40000001000_3_5_CV1
50405,287191,488893,40000001000_3_5_GYR
114762,653874,1113118,40000001000_3_5_CTR
115613,658723,1121373,40000001000_3_5_CTB
64500,367500,625608,40000001000_3_5_VRY
52330,469624,894489,10100000000_1_1_SMG
22789,204511,389531,10100000000_1_1_AC1
30757,276020,525733,10100000000_1_1_CV1
24548,217751,414461,10100000000_1_1_GYR
55958,496384,944802,10100000000_1_1_CTR
55680,499682,951740,10100000000_1_1_CTB
31100,279100,531600,10100000000_1_1_VRY
77028,494118,912386,10100000000_1_2_SMG
33481,214776,396582,10100000000_1_2_AC1
44948,290667,537080,10100000000_1_2_CV1
35755,229362,423515,10100000000_1_2_GYR
81261,521277,962535,10100000000_1_2_CTR
82023,526160,971550,10100000000_1_2_CTB
45800,293800,542500,10100000000_1_2_VRY
84538,536753,955221,10100000000_1_4_SMG
36660,232763,414231,10100000000_1_4_AC1
49592,314872,560354,10100000000_1_4_CV1
39128,248431,442114,10100000000_1_4_GYR
89165,566132,1007504,10100000000_1_4_CTR
90480,570321,1014353,10100000000_1_4_CTB
50100,318100,566100,10100000000_1_4_VRY
74156,526858,950338,10100000000_1_3_SMG
32126,228247,411708,10100000000_1_3_AC1
43418,308469,556411,10100000000_1_3_CV1
34329,243900,439943,10100000000_1_3_GYR
78987,556745,1003663,10100000000_1_3_CTR
78642,558735,1007836,10100000000_1_3_CTB
43900,311900,562600,10100000000_1_3_VRY
128586,553843,995741,10100000000_1_5_SMG
55960,241029,433340,10100000000_1_5_AC1
75524,325293,584837,10100000000_1_5_CV1
59557,256523,461197,10100000000_1_5_GYR
135709,584525,1050902,10100000000_1_5_CTR
136821,589313,1059510,10100000000_1_5_CTB
76501,329500,592400,10100000000_1_5_VRY
58167,467862,893573,10100000000_2_1_SMG
25283,203363,388404,10100000000_2_1_AC1
33636,273573,522889,10100000000_2_1_CV1
26927,216585,413657,10100000000_2_1_GYR
61445,494232,943938,10100000000_2_1_CTR
61817,497220,949645,10100000000_2_1_CTB
34500,277500,530001,10100000000_2_1_VRY
28180,437318,871711,10100000000_2_2_SMG
12231,189801,378332,10100000000_2_2_AC1
16117,256386,511487,10100000000_2_2_CV1
13061,202687,404018,10100000000_2_2_GYR
29721,461230,919375,10100000000_2_2_CTR
29901,464034,924965,10100000000_2_2_CTB
16300,259300,517300,10100000000_2_2_VRY
52693,464408,899505,10100000000_2_3_SMG
22729,200320,387997,10100000000_2_3_AC1
31068,273818,530354,10100000000_2_3_CV1
24392,214977,416384,10100000000_2_3_GYR
55249,486930,943126,10100000000_2_3_CTR
56186,495188,959122,10100000000_2_3_CTB
31100,274100,530900,10100000000_2_3_VRY
91667,489783,923361,10100000000_2_4_SMG
39967,213543,402580,10100000000_2_4_AC1
53842,287682,542350,10100000000_2_4_CV1
42950,228097,429736,10100000000_2_4_GYR
97614,518404,976676,10100000000_2_4_CTR
97860,522872,985742,10100000000_2_4_CTB
54800,292800,552001,10100000000_2_4_VRY
63513,472893,905185,10100000000_2_5_SMG
27581,205358,393085,10100000000_2_5_AC1
37363,278186,532487,10100000000_2_5_CV1
29777,219519,419881,10100000000_2_5_GYR
67906,500615,957541,10100000000_2_5_CTR
67624,503499,963769,10100000000_2_5_CTB
37700,280700,537300,10100000000_2_5_VRY
66919,594514,1002600,10100000000_3_1_SMG
29442,259204,436922,10100000000_3_1_AC1
39263,348817,588252,10100000000_3_1_CV1
31415,276573,466199,10100000000_3_1_GYR
71536,629799,1061606,10100000000_3_1_CTR
71243,632927,1067379,10100000000_3_1_CTB
39700,352700,594800,10100000000_3_1_VRY
89707,507104,957825,10100000000_3_2_SMG
39420,221345,417794,10100000000_3_2_AC1
52679,297787,562464,10100000000_3_2_CV1
41969,235658,444811,10100000000_3_2_GYR
95631,536977,1013560,10100000000_3_2_CTR
96349,541009,1021170,10100000000_3_2_CTB
53300,301300,569100,10100000000_3_2_VRY
38306,540999,972506,10100000000_3_3_SMG
16663,235335,423040,10100000000_3_3_AC1
22157,318242,572398,10100000000_3_3_CV1
17760,250831,450895,10100000000_3_3_GYR
40441,571155,1026713,10100000000_3_3_CTR
40826,576590,1036484,10100000000_3_3_CTB
22300,320300,576100,10100000000_3_3_VRY
98725,528626,968383,10100000000_3_4_SMG
43027,229002,419240,10100000000_3_4_AC1
57773,309349,566692,10100000000_3_4_CV1
45909,244342,447323,10100000000_3_4_GYR
104474,556049,1017975,10100000000_3_4_CTR
104413,559083,1024176,10100000000_3_4_CTB
58101,311100,569900,10100000000_3_4_VRY
29395,462748,893246,10100000000_3_5_SMG
12803,201546,389046,10100000000_3_5_AC1
17323,272710,526414,10100000000_3_5_CV1
13656,214985,414986,10100000000_3_5_GYR
31184,490925,947637,10100000000_3_5_CTR
31391,494179,953918,10100000000_3_5_CTB
17501,275500,531800,10100000000_3_5_VRY
62779,504243,980956,20100000000_1_1_SMG
27542,221217,430356,20100000000_1_1_AC1
37034,297458,578675,20100000000_1_1_CV1
29155,234174,455563,20100000000_1_1_GYR
66350,532929,1036763,20100000000_1_1_CTR
66882,537202,1045075,20100000000_1_1_CTB
37400,300400,584400,20100000000_1_1_VRY
40962,432107,894766,20100000000_1_2_SMG
17943,189279,391940,20100000000_1_2_AC1
24129,254541,527079,20100000000_1_2_CV1
18986,200278,414716,20100000000_1_2_GYR
43446,458311,949028,20100000000_1_2_CTR
43699,460981,954555,20100000000_1_2_CTB
24400,257400,533000,20100000000_1_2_VRY
59027,492896,903053,20100000000_1_3_SMG
25804,215474,394778,20100000000_1_3_AC1
34183,288398,528719,20100000000_1_3_CV1
27362,228479,418605,20100000000_1_3_GYR
62229,519635,952044,20100000000_1_3_CTR
62726,523782,959642,20100000000_1_3_CTB
35100,293100,537000,20100000000_1_3_VRY
30125,447494,895829,20100000000_1_4_SMG
13226,196464,393297,20100000000_1_4_AC1
17694,262835,526163,20100000000_1_4_CV1
13964,207418,415226,20100000000_1_4_GYR
31842,473004,946896,20100000000_1_4_CTR
32053,476131,953156,20100000000_1_4_CTB
17900,265900,532300,20100000000_1_4_VRY
106655,532936,944896,20100000000_1_5_SMG
46725,233474,413950,20100000000_1_5_AC1
62594,312772,554544,20100000000_1_5_CV1
49435,247019,437965,20100000000_1_5_GYR
112514,562213,996804,20100000000_1_5_CTR
113480,567041,1005364,20100000000_1_5_CTB
63300,316300,560800,20100000000_1_5_VRY
26257,452080,898437,20100000000_2_1_SMG
11532,198557,394600,20100000000_2_1_AC1
15383,264859,526365,20100000000_2_1_CV1
12180,209710,416766,20100000000_2_1_GYR
27711,477112,948185,20100000000_2_1_CTR
27941,481076,956061,20100000000_2_1_CTB
15600,268600,533800,20100000000_2_1_VRY
57449,475259,760819,20100000000_2_2_SMG
25222,208653,334022,20100000000_2_2_AC1
33709,278860,446413,20100000000_2_2_CV1
26627,220273,352624,20100000000_2_2_GYR
60594,501272,802461,20100000000_2_2_CTR
61084,505330,808958,20100000000_2_2_CTB
34100,282100,451600,20100000000_2_2_VRY
30579,430457,882924,20100000000_2_3_SMG
13480,189755,389211,20100000000_2_3_AC1
18038,253914,520811,20100000000_2_3_CV1
14202,199915,410051,20100000000_2_3_GYR
32344,455295,933870,20100000000_2_3_CTR
32716,460531,944609,20100000000_2_3_CTB
18200,256201,525500,20100000000_2_3_VRY
81724,482758,961135,20100000000_2_4_SMG
35954,212388,422849,20100000000_2_4_AC1
47993,283502,564430,20100000000_2_4_CV1
37880,223764,445496,20100000000_2_4_GYR
86206,509236,1013851,20100000000_2_4_CTR
87009,513981,1023297,20100000000_2_4_CTB
48500,286501,570401,20100000000_2_4_VRY
61194,437121,893459,20100000000_2_5_SMG
26868,191924,392286,20100000000_2_5_AC1
35958,256851,524994,20100000000_2_5_CV1
28344,202463,413826,20100000000_2_5_GYR
65145,460910,941329,20100000000_2_5_CTR
65115,465131,950711,20100000000_2_5_CTB
36300,259300,530000,20100000000_2_5_VRY
67817,460884,899331,20100000000_3_1_SMG
29628,201347,392891,20100000000_3_1_AC1
39906,271197,529192,20100000000_3_1_CV1
31458,213786,417163,20100000000_3_1_GYR
71251,484222,944871,20100000000_3_1_CTR
72211,490745,957599,20100000000_3_1_CTB
40200,273200,533100,20100000000_3_1_VRY
29331,506367,899459,20100000000_3_2_SMG
12822,221347,393178,20100000000_3_2_AC1
17236,297556,528548,20100000000_3_2_CV1
13576,234368,416308,20100000000_3_2_GYR
30957,534449,949341,20100000000_3_2_CTR
31163,537995,955638,20100000000_3_2_CTB
17400,300400,533600,20100000000_3_2_VRY
42767,460333,915446,20100000000_3_3_SMG
18709,201374,400464,20100000000_3_3_AC1
25160,270813,538555,20100000000_3_3_CV1
19838,213525,424628,20100000000_3_3_GYR
45057,484980,964461,20100000000_3_3_CTR
45418,488866,972189,20100000000_3_3_CTB
25400,273400,543700,20100000000_3_3_VRY
50887,418216,889172,20100000000_3_4_SMG
22294,183219,389544,20100000000_3_4_AC1
29864,245432,521814,20100000000_3_4_CV1
23571,193715,411859,20100000000_3_4_GYR
53677,441139,937909,20100000000_3_4_CTR
54112,444715,945512,20100000000_3_4_CTB
30201,248200,527700,20100000000_3_4_VRY
109127,484091,915048,20100000000_3_5_SMG
47892,212449,401578,20100000000_3_5_AC1
64288,285183,539063,20100000000_3_5_CV1
51019,225155,425295,20100000000_3_5_GYR
116173,512689,968416,20100000000_3_5_CTR
116648,514788,972381,20100000000_3_5_CTB
64900,287900,544200,20100000000_3_5_VRY
71960,506749,912215,30100000000_1_1_SMG
31563,222265,400107,30100000000_1_1_AC1
42334,298120,536656,30100000000_1_1_CV1
33376,235038,423100,30100000000_1_1_GYR
76062,535635,964214,30100000000_1_1_CTR
76615,539534,971233,30100000000_1_1_CTB
42700,300700,541300,30100000000_1_1_VRY
50107,469916,883293,30100000000_1_2_SMG
21795,204398,384203,30100000000_1_2_AC1
29444,276134,519043,30100000000_1_2_CV1
23065,216305,406584,30100000000_1_2_GYR
52773,494920,930292,30100000000_1_2_CTR
53133,498298,936642,30100000000_1_2_CTB
29600,277600,521800,30100000000_1_2_VRY
105484,490906,919604,30100000000_1_3_SMG
46147,214760,402305,30100000000_1_3_AC1
61677,287035,537695,30100000000_1_3_CV1
48939,227754,426647,30100000000_1_3_GYR
111450,518670,971613,30100000000_1_3_CTR
112268,522477,978744,30100000000_1_3_CTB
62400,290400,544000,30100000000_1_3_VRY
95412,480436,933853,30100000000_1_4_SMG
41731,210128,408439,30100000000_1_4_AC1
55981,281884,547914,30100000000_1_4_CV1
44132,222220,431943,30100000000_1_4_GYR
100499,506051,983641,30100000000_1_4_CTR
101440,510788,992849,30100000000_1_4_CTB
56500,284501,553000,30100000000_1_4_VRY
70670,462716,890938,30100000000_1_5_SMG
30948,202634,390162,30100000000_1_5_AC1
41575,272218,524142,30100000000_1_5_CV1
32776,214600,413202,30100000000_1_5_GYR
74641,488720,941008,30100000000_1_5_CTR
75288,492955,949163,30100000000_1_5_CTB
42000,275001,529501,30100000000_1_5_VRY
88706,483139,936822,30100000000_2_1_SMG
38305,208630,404539,30100000000_2_1_AC1
51948,282936,548622,30100000000_2_1_CV1
40946,223010,432424,30100000000_2_1_GYR
92933,506163,981467,30100000000_2_1_CTR
93930,511596,992001,30100000000_2_1_CTB
52400,285400,553401,30100000000_2_1_VRY
69891,437028,911105,30100000000_2_2_SMG
30418,190202,396529,30100000000_2_2_AC1
41064,256771,535309,30100000000_2_2_CV1
32357,202327,421807,30100000000_2_2_GYR
73799,461464,962050,30100000000_2_2_CTR
74276,464444,968262,30100000000_2_2_CTB
41500,259500,541000,30100000000_2_2_VRY
99968,474007,922351,30100000000_2_3_SMG
43723,207314,403403,30100000000_2_3_AC1
58770,278665,542242,30100000000_2_3_CV1
46346,219752,427606,30100000000_2_3_GYR
105456,500027,972983,30100000000_2_3_CTR
106302,504039,980789,30100000000_2_3_CTB
59600,282600,549900,30100000000_2_3_VRY
142537,535566,915269,30100000000_2_4_SMG
62032,233077,398324,30100000000_2_4_AC1
83615,314173,536915,30100000000_2_4_CV1
66062,248221,424203,30100000000_2_4_GYR
150248,564539,964783,30100000000_2_4_CTR
151445,569036,972468,30100000000_2_4_CTB
84500,317500,542600,30100000000_2_4_VRY
61644,455145,905562,30100000000_2_5_SMG
26885,198502,394942,30100000000_2_5_AC1
36218,267412,532045,30100000000_2_5_CV1
28612,211254,420313,30100000000_2_5_GYR
65114,480770,956544,30100000000_2_5_CTR
65552,484004,962980,30100000000_2_5_CTB
36500,269500,536200,30100000000_2_5_VRY
54338,455966,885606,30100000000_3_1_SMG
23783,199569,387615,30100000000_3_1_AC1
31895,267641,519828,30100000000_3_1_CV1
25136,210918,409659,30100000000_3_1_GYR
57242,480331,932930,30100000000_3_1_CTR
57778,484833,941673,30100000000_3_1_CTB
32200,270200,524800,30100000000_3_1_VRY
28977,435983,871797,30100000000_3_2_SMG
12747,191781,383489,30100000000_3_2_AC1
17156,258121,516143,30100000000_3_2_CV1
13422,201945,403812,30100000000_3_2_GYR
30770,462965,925751,30100000000_3_2_CTR
30832,463905,927631,30100000000_3_2_CTB
17300,260301,520500,30100000000_3_2_VRY
64974,466628,941693,30100000000_3_3_SMG
28459,204384,412463,30100000000_3_3_AC1
38097,273601,552150,30100000000_3_3_CV1
30103,216191,436292,30100000000_3_3_GYR
68493,491902,992700,30100000000_3_3_CTR
69138,496532,1002043,30100000000_3_3_CTB
38500,276500,558000,30100000000_3_3_VRY
110301,503266,953742,30100000000_3_4_SMG
48069,219323,415640,30100000000_3_4_AC1
64681,295118,559280,30100000000_3_4_CV1
51049,232921,441410,30100000000_3_4_GYR
116332,530787,1005898,30100000000_3_4_CTR
117110,534333,1012618,30100000000_3_4_CTB
65400,298400,565500,30100000000_3_4_VRY
105016,531482,940923,30100000000_3_5_SMG
45897,232283,411228,30100000000_3_5_AC1
61607,311788,551982,30100000000_3_5_CV1
48639,246159,435794,30100000000_3_5_GYR
111144,562498,995833,30100000000_3_5_CTR
111579,564696,999725,30100000000_3_5_CTB
62300,315300,558201,30100000000_3_5_VRY
62299,447231,890410,40100000000_1_1_SMG
26510,190307,378890,40100000000_1_1_AC1
36570,262526,522672,40100000000_1_1_CV1
28796,206721,411568,40100000000_1_1_GYR
65659,471354,938438,40100000000_1_1_CTR
66101,474530,944760,40100000000_1_1_CTB
36900,264900,527400,40100000000_1_1_VRY
40369,398643,869277,40100000000_1_2_SMG
17226,170100,370918,40100000000_1_2_AC1
23774,234767,511930,40100000000_1_2_CV1
18750,185148,403732,40100000000_1_2_GYR
42613,420798,917587,40100000000_1_2_CTR
43013,424745,926194,40100000000_1_2_CTB
24000,237000,516801,40100000000_1_2_VRY
33966,408934,855532,40100000000_1_3_SMG
14453,174003,364032,40100000000_1_3_AC1
19906,239649,501371,40100000000_1_3_CV1
15700,189018,395445,40100000000_1_3_GYR
35775,430717,901104,40100000000_1_3_CTR
35968,433040,905965,40100000000_1_3_CTB
20200,243201,508801,40100000000_1_3_VRY
55036,430354,885785,40100000000_1_4_SMG
23486,183644,377988,40100000000_1_4_AC1
32374,253147,521044,40100000000_1_4_CV1
25546,199753,411146,40100000000_1_4_GYR
58093,454262,934994,40100000000_1_4_CTR
58567,457966,942617,40100000000_1_4_CTB
32700,255700,526300,40100000000_1_4_VRY
24250,399786,848240,40100000000_1_5_SMG
10356,170718,362218,40100000000_1_5_AC1
14277,235361,499374,40100000000_1_5_CV1
11256,185567,393723,40100000000_1_5_GYR
25650,422855,897187,40100000000_1_5_CTR
25824,425724,903273,40100000000_1_5_CTB
14400,237400,503700,40100000000_1_5_VRY
50793,460842,887092,40100000000_2_1_SMG
21643,196363,377986,40100000000_2_1_AC1
29871,271014,521684,40100000000_2_1_CV1
23478,213011,410032,40100000000_2_1_GYR
53538,485748,935034,40100000000_2_1_CTR
54076,490636,944442,40100000000_2_1_CTB
30100,273100,525700,40100000000_2_1_VRY
25467,384694,834993,40100000000_2_2_SMG
10867,164155,356305,40100000000_2_2_AC1
14963,226030,490607,40100000000_2_2_CV1
11804,178310,387029,40100000000_2_2_GYR
26916,406581,882501,40100000000_2_2_CTR
27061,408776,887264,40100000000_2_2_CTB
15100,228100,495100,40100000000_2_2_VRY
44061,435896,866747,40100000000_2_3_SMG
18773,185716,369282,40100000000_2_3_AC1
25900,256227,509489,40100000000_2_3_CV1
20392,201739,401142,40100000000_2_3_GYR
46561,460628,915924,40100000000_2_3_CTR
46852,463513,921660,40100000000_2_3_CTB
26200,259200,515400,40100000000_2_3_VRY
59746,442386,916658,40100000000_2_4_SMG
25476,188636,390868,40100000000_2_4_AC1
35085,259781,538286,40100000000_2_4_CV1
27716,205217,425225,40100000000_2_4_GYR
63235,468219,970187,40100000000_2_4_CTR
63572,470718,975364,40100000000_2_4_CTB
35600,263600,546201,40100000000_2_4_VRY
41934,410010,873314,40100000000_2_5_SMG
17825,174283,371220,40100000000_2_5_AC1
24110,239519,510657,40100000000_2_5_CV1
19375,189442,403507,40100000000_2_5_GYR
44003,430238,916399,40100000000_2_5_CTR
44387,433990,924391,40100000000_2_5_CTB
24401,242401,516800,40100000000_2_5_VRY
35043,436004,860888,40100000000_3_1_SMG
15236,186213,367392,40100000000_3_1_AC1
20585,256121,505709,40100000000_3_1_CV1
16539,202140,398815,40100000000_3_1_GYR
37659,460284,908124,40100000000_3_1_CTR
37965,464023,915502,40100000000_3_1_CTB
20800,258801,511000,40100000000_3_1_VRY
35911,403442,854596,40100000000_3_2_SMG
15271,171565,363419,40100000000_3_2_AC1
21122,237300,502663,40100000000_3_2_CV1
16659,187158,396449,40100000000_3_2_GYR
37806,424734,899698,40100000000_3_2_CTR
38212,429298,909364,40100000000_3_2_CTB
21300,239300,506901,40100000000_3_2_VRY
86392,461201,876013,40100000000_3_3_SMG
36961,197316,374786,40100000000_3_3_AC1
50922,271848,516352,40100000000_3_3_CV1
40040,213755,406009,40100000000_3_3_GYR
91178,486753,924546,40100000000_3_3_CTR
92042,491367,933309,40100000000_3_3_CTB
51400,274400,521200,40100000000_3_3_VRY
65945,449499,865016,40100000000_3_4_SMG
28008,190906,367379,40100000000_3_4_AC1
38755,264165,508360,40100000000_3_4_CV1
30404,207242,398817,40100000000_3_4_GYR
69231,471900,908125,40100000000_3_4_CTR
70030,477341,918596,40100000000_3_4_CTB
39200,267200,514200,40100000000_3_4_VRY
88985,447959,911759,40100000000_3_5_SMG
37944,191012,388779,40100000000_3_5_AC1
52305,263305,535920,40100000000_3_5_CV1
41308,207945,423243,40100000000_3_5_GYR
93863,472511,961732,40100000000_3_5_CTR
94624,476342,969529,40100000000_3_5_CTB
52800,265800,541000,40100000000_3_5_VRY
34183,434949,891115,10000100000_1_1_SMG
14989,190712,390726,10000100000_1_1_AC1
20066,255323,523100,10000100000_1_1_CV1
16160,201634,412747,10000100000_1_1_GYR
36772,458834,939240,10000100000_1_1_CTR
36417,463373,949349,10000100000_1_1_CTB
20301,258300,529200,10000100000_1_1_VRY
58818,485205,916310,10000100000_1_2_SMG
25744,212366,401053,10000100000_1_2_AC1
34498,284582,537434,10000100000_1_2_CV1
27544,224754,424148,10000100000_1_2_GYR
62683,511491,965267,10000100000_1_2_CTR
62494,515527,973574,10000100000_1_2_CTB
34900,287900,543700,10000100000_1_2_VRY
44504,444191,885023,10000100000_1_3_SMG
19414,193768,386071,10000100000_1_3_AC1
26182,261321,520666,10000100000_1_3_CV1
20612,205722,409887,10000100000_1_3_GYR
47094,470051,936548,10000100000_1_3_CTR
47287,471972,940374,10000100000_1_3_CTB
26500,264501,527000,10000100000_1_3_VRY
47369,458455,913358,10000100000_1_4_SMG
20726,200594,399633,10000100000_1_4_AC1
27706,268147,534216,10000100000_1_4_CV1
22191,212011,422064,10000100000_1_4_GYR
50468,482178,959901,10000100000_1_4_CTR
50209,485951,968135,10000100000_1_4_CTB
28000,271000,539900,10000100000_1_4_VRY
92965,519053,955583,10000100000_1_5_SMG
40813,227871,419513,10000100000_1_5_AC1
54700,305404,562252,10000100000_1_5_CV1
43089,240578,442906,10000100000_1_5_GYR
98124,547857,1008612,10000100000_1_5_CTR
98848,551898,1016050,10000100000_1_5_CTB
55200,308200,567400,10000100000_1_5_VRY
20990,437420,877862,10000100000_2_1_SMG
9213,191988,385301,10000100000_2_1_AC1
12342,257195,516167,10000100000_2_1_CV1
10088,203481,408025,10000100000_2_1_GYR
22970,463337,929096,10000100000_2_1_CTR
23065,465253,932939,10000100000_2_1_CTB
12500,260500,522800,10000100000_2_1_VRY
44249,461501,906681,10000100000_2_2_SMG
19388,202207,397262,10000100000_2_2_AC1
25961,270761,531947,10000100000_2_2_CV1
20522,214037,420505,10000100000_2_2_GYR
46614,486160,955128,10000100000_2_2_CTR
47083,491052,964739,10000100000_2_2_CTB
26300,274300,538900,10000100000_2_2_VRY
96423,514477,962368,10000100000_2_3_SMG
42243,225390,421609,10000100000_2_3_AC1
56855,303357,567452,10000100000_2_3_CV1
44630,238130,445439,10000100000_2_3_GYR
101711,542694,1015151,10000100000_2_3_CTR
102675,547837,1024770,10000100000_2_3_CTB
57200,305201,570900,10000100000_2_3_VRY
24928,451055,915247,10000100000_2_4_SMG
10903,197276,400296,10000100000_2_4_AC1
14660,265267,538259,10000100000_2_4_CV1
11563,209212,424517,10000100000_2_4_GYR
26313,476121,966108,10000100000_2_4_CTR
26579,480936,975879,10000100000_2_4_CTB
14800,267800,543400,10000100000_2_4_VRY
93440,511112,940175,10000100000_2_5_SMG
40753,222916,410047,10000100000_2_5_AC1
55903,305787,562486,10000100000_2_5_CV1
44368,241174,443348,10000100000_2_5_GYR
101458,551500,1013816,10000100000_2_5_CTR
102202,555546,1021254,10000100000_2_5_CTB
56600,309600,569500,10000100000_2_5_VRY
59132,476923,909540,10000100000_3_1_SMG
25785,207965,396609,10000100000_3_1_AC1
34760,280358,534671,10000100000_3_1_CV1
27447,221371,422177,10000100000_3_1_GYR
62472,503863,960917,10000100000_3_1_CTR
62582,504754,962616,10000100000_3_1_CTB
35100,283100,539900,10000100000_3_1_VRY
53573,495256,917961,10000100000_3_2_SMG
23487,217118,402430,10000100000_3_2_AC1
31437,290616,538660,10000100000_3_2_CV1
24821,229453,425294,10000100000_3_2_GYR
56592,523157,969677,10000100000_3_2_CTR
57012,527041,976875,10000100000_3_2_CTB
31900,294900,546600,10000100000_3_2_VRY
40593,475155,932287,10000100000_3_3_SMG
17807,208438,408970,10000100000_3_3_AC1
23819,278807,547039,10000100000_3_3_CV1
18828,220380,432400,10000100000_3_3_GYR
42849,501559,984094,10000100000_3_3_CTR
43165,505257,991350,10000100000_3_3_CTB
24100,282100,553501,10000100000_3_3_VRY
88852,490115,971632,10000100000_3_4_SMG
38854,214323,424885,10000100000_3_4_AC1
52135,287581,570116,10000100000_3_4_CV1
41518,227486,450647,10000100000_3_4_GYR
94417,517333,1024833,10000100000_3_4_CTR
95117,521172,1032437,10000100000_3_4_CTB
52700,290700,576300,10000100000_3_4_VRY
55037,472435,889329,10000100000_3_5_SMG
24132,207151,389947,10000100000_3_5_AC1
32311,277359,522110,10000100000_3_5_CV1
25497,218864,411998,10000100000_3_5_GYR
58093,498676,938726,10000100000_3_5_CTR
58561,502691,946284,10000100000_3_5_CTB
32700,280700,528400,10000100000_3_5_VRY
40843,442522,880488,20000100000_1_1_SMG
17901,193952,385907,20000100000_1_1_AC1
23995,259969,517261,20000100000_1_1_CV1
18918,204967,407822,20000100000_1_1_GYR
43082,466778,928748,20000100000_1_1_CTR
43398,470198,935553,20000100000_1_1_CTB
24200,262200,521700,20000100000_1_1_VRY
97865,532445,948664,20000100000_1_2_SMG
42890,233347,415758,20000100000_1_2_AC1
57562,313169,557978,20000100000_1_2_CV1
45362,246794,439716,20000100000_1_2_GYR
103105,560954,999460,20000100000_1_2_CTR
103990,565766,1008034,20000100000_1_2_CTB
58100,316100,563200,20000100000_1_2_VRY
101716,594323,994798,20000100000_1_3_SMG
44695,261147,437116,20000100000_1_3_AC1
59865,349789,585487,20000100000_1_3_CV1
47149,275486,461118,20000100000_1_3_GYR
107514,628199,1051500,20000100000_1_3_CTR
108312,632862,1059305,20000100000_1_3_CTB
60500,353500,591700,20000100000_1_3_VRY
105220,497478,932161,20000100000_1_4_SMG
46194,218401,409234,20000100000_1_4_AC1
61881,292569,548208,20000100000_1_4_CV1
48767,230568,432032,20000100000_1_4_GYR
111050,525040,983806,20000100000_1_4_CTR
111958,529338,991858,20000100000_1_4_CTB
62500,295500,553700,20000100000_1_4_VRY
97281,481016,922479,20000100000_1_5_SMG
42715,211209,405052,20000100000_1_5_AC1
57143,282551,541870,20000100000_1_5_CV1
45087,222935,427539,20000100000_1_5_GYR
102824,508425,975044,20000100000_1_5_CTR
103503,511784,981486,20000100000_1_5_CTB
57800,285800,548100,20000100000_1_5_VRY
61850,462948,906010,20000100000_2_1_SMG
27135,203101,397478,20000100000_2_1_AC1
36355,272112,532535,20000100000_2_1_CV1
28667,214573,419928,20000100000_2_1_GYR
65285,488658,956326,20000100000_2_1_CTR
65848,492868,964564,20000100000_2_1_CTB
36700,274700,537600,20000100000_2_1_VRY
74443,543720,946151,20000100000_2_2_SMG
32697,238813,415569,20000100000_2_2_AC1
43745,319507,555988,20000100000_2_2_CV1
34502,251992,438502,20000100000_2_2_GYR
78572,573878,998629,20000100000_2_2_CTR
79198,578447,1006580,20000100000_2_2_CTB
44100,322100,560501,20000100000_2_2_VRY
33720,473098,875520,20000100000_2_3_SMG
14694,206150,381503,20000100000_2_3_AC1
19786,277600,513730,20000100000_2_3_CV1
15641,219437,406092,20000100000_2_3_GYR
35353,496006,917915,20000100000_2_3_CTR
35687,500693,926588,20000100000_2_3_CTB
19800,277800,514100,20000100000_2_3_VRY
105795,515811,937807,20000100000_2_4_SMG
46414,226295,411432,20000100000_2_4_AC1
62107,302807,550540,20000100000_2_4_CV1
49142,239596,435615,20000100000_2_4_GYR
111899,545573,991918,20000100000_2_4_CTR
112816,550045,1000048,20000100000_2_4_CTB
62700,305701,555800,20000100000_2_4_VRY
24646,434841,873394,20000100000_2_5_SMG
10753,189711,381042,20000100000_2_5_AC1
14431,254617,511409,20000100000_2_5_CV1
11432,201687,405097,20000100000_2_5_GYR
26013,458956,921830,20000100000_2_5_CTR
26207,462388,928725,20000100000_2_5_CTB
14600,257600,517400,20000100000_2_5_VRY
77410,504092,936339,20000100000_3_1_SMG
33714,219540,407790,20000100000_3_1_AC1
45396,295612,549093,20000100000_3_1_CV1
35828,233311,433369,20000100000_3_1_GYR
81586,531285,986849,20000100000_3_1_CTR
82027,534158,992187,20000100000_3_1_CTB
45900,298900,555201,20000100000_3_1_VRY
84209,485040,942964,20000100000_3_2_SMG
36786,211887,411928,20000100000_3_2_AC1
49431,284719,553521,20000100000_3_2_CV1
39082,225112,437639,20000100000_3_2_GYR
88943,512309,995979,20000100000_3_2_CTR
89599,516085,1003320,20000100000_3_2_CTB
50000,288000,559900,20000100000_3_2_VRY
41965,552617,850751,20000100000_3_3_SMG
18385,242099,372710,20000100000_3_3_AC1
24693,325163,500587,20000100000_3_3_CV1
19464,256310,394588,20000100000_3_3_GYR
44175,581726,895563,20000100000_3_3_CTR
44620,587581,904576,20000100000_3_3_CTB
24900,327900,504800,20000100000_3_3_VRY
82549,501201,959354,20000100000_3_4_SMG
36087,219105,419392,20000100000_3_4_AC1
48054,293949,563044,20000100000_3_4_CV1
38295,232506,445041,20000100000_3_4_GYR
86031,526252,1008011,20000100000_3_4_CTR
88024,534442,1022981,20000100000_3_4_CTB
48900,296901,568300,20000100000_3_4_VRY
35513,436083,873681,20000100000_3_5_SMG
15627,191890,384447,20000100000_3_5_AC1
20945,257193,515280,20000100000_3_5_CV1
16450,201999,404700,20000100000_3_5_GYR
37538,460944,923489,20000100000_3_5_CTR
37736,463376,928360,20000100000_3_5_CTB
21100,259100,519100,20000100000_3_5_VRY
63221,454989,926455,30000100000_1_1_SMG
27252,194309,395351,30000100000_1_1_AC1
37149,267348,544378,30000100000_1_1_CV1
29704,211792,430923,30000100000_1_1_GYR
67460,480998,978664,30000100000_1_1_CTR
67957,484542,985874,30000100000_1_1_CTB
37600,270600,551000,30000100000_1_1_VRY
88427,496160,941478,30000100000_1_2_SMG
37706,211566,401452,30000100000_1_2_AC1
52040,291994,554067,30000100000_1_2_CV1
40985,229966,436368,30000100000_1_2_GYR
93338,523716,993767,30000100000_1_2_CTR
93957,527189,1000357,30000100000_1_2_CTB
52700,295700,561100,30000100000_1_2_VRY
39462,429058,895237,30000100000_1_3_SMG
16791,182563,380920,30000100000_1_3_AC1
23315,253497,528926,30000100000_1_3_CV1
18288,198842,414886,30000100000_1_3_GYR
41618,452505,944159,30000100000_1_3_CTR
42012,456790,953099,30000100000_1_3_CTB
23600,256600,535400,30000100000_1_3_VRY
36681,429912,852507,30000100000_1_4_SMG
15641,183309,363498,30000100000_1_4_AC1
21118,252116,500365,30000100000_1_4_CV1
16979,198996,394606,30000100000_1_4_GYR
38612,452537,897374,30000100000_1_4_CTR
38975,456797,905820,30000100000_1_4_CTB
21300,254301,504700,30000100000_1_4_VRY
46652,455900,902032,30000100000_1_5_SMG
19864,194116,384073,30000100000_1_5_AC1
27485,268599,531443,30000100000_1_5_CV1
21606,211145,417765,30000100000_1_5_GYR
49237,481163,952016,30000100000_1_5_CTR
49635,485056,959718,30000100000_1_5_CTB
27700,270700,535600,30000100000_1_5_VRY
25063,366517,769703,30000100000_2_1_SMG
10695,156392,328430,30000100000_2_1_AC1
14713,215163,451852,30000100000_2_1_CV1
11617,169885,356765,30000100000_2_1_GYR
26453,386853,812408,30000100000_2_1_CTR
26669,390006,819031,30000100000_2_1_CTB
14900,217900,457600,30000100000_2_1_VRY
34036,415609,871489,30000100000_2_2_SMG
14221,177150,371807,30000100000_2_2_AC1
19681,245171,514571,30000100000_2_2_CV1
15830,193293,405314,30000100000_2_2_GYR
36026,439910,922445,30000100000_2_2_CTR
36313,443420,929806,30000100000_2_2_CTB
19900,247901,520300,30000100000_2_2_VRY
88615,464300,947468,30000100000_2_3_SMG
37759,197836,403712,30000100000_2_3_AC1
52051,272721,556524,30000100000_2_3_CV1
41044,215052,438843,30000100000_2_3_GYR
93533,490067,1000050,30000100000_2_3_CTR
94282,493991,1008056,30000100000_2_3_CTB
52600,275600,562400,30000100000_2_3_VRY
46267,431259,886832,30000100000_2_4_SMG
19701,183633,377618,30000100000_2_4_AC1
27171,253257,520792,30000100000_2_4_CV1
21754,199944,410801,30000100000_2_4_GYR
49478,454752,934327,30000100000_2_4_CTR
49837,458050,941102,30000100000_2_4_CTB
27400,255400,525200,30000100000_2_4_VRY
67141,500097,897310,30000100000_2_5_SMG
28436,213701,383670,30000100000_2_5_AC1
39153,294234,528256,30000100000_2_5_CV1
31167,232145,416531,30000100000_2_5_GYR
71119,529725,950469,30000100000_2_5_CTR
71499,532558,955552,30000100000_2_5_CTB
39600,297600,534300,30000100000_2_5_VRY
91559,483714,913233,30000100000_3_1_SMG
38958,205815,388570,30000100000_3_1_AC1
53838,284431,536994,30000100000_3_1_CV1
42462,224328,423521,30000100000_3_1_GYR
96518,509911,962692,30000100000_3_1_CTR
97485,515017,972332,30000100000_3_1_CTB
54400,287401,542600,30000100000_3_1_VRY
107893,515634,948544,30000100000_3_2_SMG
46035,220009,404721,30000100000_3_2_AC1
63489,303423,558168,30000100000_3_2_CV1
50109,239479,440539,30000100000_3_2_GYR
114116,545378,1003261,30000100000_3_2_CTR
115189,550505,1012692,30000100000_3_2_CTB
64300,307300,565300,30000100000_3_2_VRY
89544,457163,905050,30000100000_3_3_SMG
38047,194244,384547,30000100000_3_3_AC1
52192,268239,531460,30000100000_3_3_CV1
41506,211906,419513,30000100000_3_3_GYR
94431,482114,954446,30000100000_3_3_CTR
95278,486438,963006,30000100000_3_3_CTB
53100,271100,536700,30000100000_3_3_VRY
51332,620190,917241,30000100000_3_4_SMG
21838,263839,390209,30000100000_3_4_AC1
30173,364538,539140,30000100000_3_4_CV1
23792,287453,425134,30000100000_3_4_GYR
54178,654566,968083,30000100000_3_4_CTR
54576,659380,975203,30000100000_3_4_CTB
30500,368500,545001,30000100000_3_4_VRY
39488,447811,903518,30000100000_3_5_SMG
16804,190557,384474,30000100000_3_5_AC1
23210,263202,531046,30000100000_3_5_CV1
18332,207886,419438,30000100000_3_5_GYR
41766,473640,955632,30000100000_3_5_CTR
42075,477148,962710,30000100000_3_5_CTB
23500,266500,537700,30000100000_3_5_VRY
111210,520662,959939,40000100000_1_1_SMG
47386,221852,409026,40000100000_1_1_AC1
65333,305876,563941,40000100000_1_1_CV1
51556,241373,445017,40000100000_1_1_GYR
117397,549631,1013348,40000100000_1_1_CTR
118488,554740,1022767,40000100000_1_1_CTB
66000,309001,569700,40000100000_1_1_VRY
40334,415095,877581,40000100000_1_2_SMG
17164,176640,373447,40000100000_1_2_AC1
23704,243954,515760,40000100000_1_2_CV1
18723,192687,407372,40000100000_1_2_GYR
42606,438483,927027,40000100000_1_2_CTR
42975,442282,935058,40000100000_1_2_CTB
24000,247000,522200,40000100000_1_2_VRY
92298,500828,949033,40000100000_1_3_SMG
39384,213702,404950,40000100000_1_3_AC1
54325,294780,558587,40000100000_1_3_CV1
42781,232139,439886,40000100000_1_3_GYR
97619,529700,1003744,40000100000_1_3_CTR
98217,532947,1009898,40000100000_1_3_CTB
54900,297900,564501,40000100000_1_3_VRY
71351,480271,918976,40000100000_1_4_SMG
30403,204642,391572,40000100000_1_4_AC1
41552,282003,539969,40000100000_1_4_CV1
33092,222743,426209,40000100000_1_4_GYR
75152,505854,967928,40000100000_1_4_CTR
75869,510680,977162,40000100000_1_4_CTB
42400,285400,546100,40000100000_1_4_VRY
86685,452912,889865,40000100000_1_5_SMG
36689,191688,376622,40000100000_1_5_AC1
50888,265879,522390,40000100000_1_5_CV1
40185,209956,412513,40000100000_1_5_GYR
91362,477347,937873,40000100000_1_5_CTR
92483,483202,949376,40000100000_1_5_CTB
51600,269600,529700,40000100000_1_5_VRY
32667,475517,891425,40000100000_2_1_SMG
13939,202902,380369,40000100000_2_1_AC1
19183,279240,523476,40000100000_2_1_CV1
15155,220594,413536,40000100000_2_1_GYR
34459,501598,940319,40000100000_2_1_CTR
34737,505646,947906,40000100000_2_1_CTB
19400,282401,529400,40000100000_2_1_VRY
97627,491171,936907,40000100000_2_2_SMG
42004,210065,400414,40000100000_2_2_AC1
57282,288190,549720,40000100000_2_2_CV1
45199,227402,433767,40000100000_2_2_GYR
102505,515714,983722,40000100000_2_2_CTR
104103,523757,999065,40000100000_2_2_CTB
57800,290800,554700,40000100000_2_2_VRY
48080,422847,887525,40000100000_2_3_SMG
20467,179995,377795,40000100000_2_3_AC1
27929,248778,522611,40000100000_2_3_CV1
22232,195524,410389,40000100000_2_3_GYR
50764,446451,937068,40000100000_2_3_CTR
51207,450349,945250,40000100000_2_3_CTB
28200,251200,527700,40000100000_2_3_VRY
45644,438077,868069,40000100000_2_4_SMG
19463,186799,370150,40000100000_2_4_AC1
26847,257666,510577,40000100000_2_4_CV1
21203,203494,403232,40000100000_2_4_GYR
48278,463359,918166,40000100000_2_4_CTR
48633,466768,924921,40000100000_2_4_CTB
27100,260100,515400,40000100000_2_4_VRY
104069,556100,994300,40000100000_2_5_SMG
44627,237115,423713,40000100000_2_5_AC1
61018,326051,582976,40000100000_2_5_CV1
48204,257578,460546,40000100000_2_5_GYR
109483,585030,1046027,40000100000_2_5_CTR
110726,591676,1057909,40000100000_2_5_CTB
61700,329700,589500,40000100000_2_5_VRY
34831,393235,834930,40000100000_3_1_SMG
14841,167548,355743,40000100000_3_1_AC1
20484,231261,491022,40000100000_3_1_CV1
16167,182517,387526,40000100000_3_1_GYR
36761,415021,881187,40000100000_3_1_CTR
37060,418400,888361,40000100000_3_1_CTB
20700,233700,496200,40000100000_3_1_VRY
37376,471740,1005436,40000100000_3_2_SMG
15948,201280,428995,40000100000_3_2_AC1
22008,277772,592024,40000100000_3_2_CV1
17370,219237,467266,40000100000_3_2_GYR
39554,499234,1064034,40000100000_3_2_CTR
39875,503281,1072660,40000100000_3_2_CTB
22200,280200,597200,40000100000_3_2_VRY
100420,500753,936073,40000100000_3_3_SMG
42706,212957,398086,40000100000_3_3_AC1
59124,294827,551128,40000100000_3_3_CV1
46460,231675,433077,40000100000_3_3_GYR
106070,528926,988738,40000100000_3_3_CTR
107000,533566,997412,40000100000_3_3_CTB
59700,297701,556500,40000100000_3_3_VRY
68988,434020,890477,40000100000_3_4_SMG
29575,186063,381744,40000100000_3_4_AC1
40746,256344,525939,40000100000_3_4_CV1
32170,202385,415232,40000100000_3_4_GYR
73302,461160,946160,40000100000_3_4_CTR
73797,464276,952553,40000100000_3_4_CTB
41200,259200,531800,40000100000_3_4_VRY
87579,453327,852631,10000000010_1_1_SMG
37602,193330,363345,10000000010_1_1_AC1
51735,267793,503672,10000000010_1_1_CV1
41048,211048,396645,10000000010_1_1_GYR
93080,478575,899435,10000000010_1_1_CTR
94215,484407,910396,10000000010_1_1_CTB
52200,270200,508200,10000000010_1_1_VRY
69977,402238,879654,10000000010_1_2_SMG
29837,171509,375073,10000000010_1_2_AC1
41235,237027,518353,10000000010_1_2_CV1
32440,186472,407795,10000000010_1_2_GYR
74166,426319,932317,10000000010_1_2_CTR
74715,429475,939218,10000000010_1_2_CTB
41700,239700,524200,10000000010_1_2_VRY
84068,451335,928613,10000000010_1_3_SMG
35872,192583,396236,10000000010_1_3_AC1
49394,265183,545610,10000000010_1_3_CV1
38966,209198,430422,10000000010_1_3_GYR
88740,476418,980223,10000000010_1_3_CTR
89449,480228,988061,10000000010_1_3_CTB
49900,267901,551200,10000000010_1_3_VRY
74826,518485,954363,10000000010_1_4_SMG
33009,228722,421003,10000000010_1_4_AC1
44880,310982,572418,10000000010_1_4_CV1
35285,244495,450036,10000000010_1_4_GYR
80445,557415,1026020,10000000010_1_4_CTR
81093,561906,1034286,10000000010_1_4_CTB
45200,313200,576500,10000000010_1_4_VRY
189628,557085,998707,10000000010_1_5_SMG
80800,237372,425545,10000000010_1_5_AC1
111376,327198,586581,10000000010_1_5_CV1
87888,258194,462875,10000000010_1_5_GYR
200015,587597,1053408,10000000010_1_5_CTR
201893,593116,1063302,10000000010_1_5_CTB
112500,330500,592500,10000000010_1_5_VRY
69379,462526,907706,10000000010_2_1_SMG
30330,202194,396805,10000000010_2_1_AC1
41570,277130,543867,10000000010_2_1_CV1
33082,218624,428722,10000000010_2_1_GYR
75291,497566,975729,10000000010_2_1_CTR
75247,501644,984476,10000000010_2_1_CTB
42000,280000,549500,10000000010_2_1_VRY
116987,776489,1049735,10000000010_2_2_SMG
51205,339864,459461,10000000010_2_2_AC1
70095,465247,628967,10000000010_2_2_CV1
55244,366675,495707,10000000010_2_2_GYR
125711,834391,1128013,10000000010_2_2_CTR
126722,841103,1137086,10000000010_2_2_CTB
70600,468600,633501,10000000010_2_2_VRY
63442,489305,950162,10000000010_2_3_SMG
27454,213848,415558,10000000010_2_3_AC1
37696,293630,570595,10000000010_2_3_CV1
29974,231182,448923,10000000010_2_3_GYR
68213,526106,1021624,10000000010_2_3_CTR
68931,531644,1032378,10000000010_2_3_CTB
38000,296000,575200,10000000010_2_3_VRY
69987,482262,992452,10000000010_2_4_SMG
30574,210675,433550,10000000010_2_4_AC1
41822,288182,593053,10000000010_2_4_CV1
32940,226981,467107,10000000010_2_4_GYR
74865,515870,1061614,10000000010_2_4_CTR
75702,521642,1073493,10000000010_2_4_CTB
42101,290100,597000,10000000010_2_4_VRY
30237,463632,986394,10000000010_2_5_SMG
12884,197552,420298,10000000010_2_5_AC1
17828,273357,581577,10000000010_2_5_CV1
14053,215472,458424,10000000010_2_5_GYR
31915,489363,1041137,10000000010_2_5_CTR
32258,494617,1052316,10000000010_2_5_CTB
18000,276000,587200,10000000010_2_5_VRY
197152,576483,999236,10000000010_3_1_SMG
86130,251848,436536,10000000010_3_1_AC1
118042,345159,598276,10000000010_3_1_CV1
93036,272041,471538,10000000010_3_1_GYR
210667,616000,1067732,10000000010_3_1_CTR
213412,624025,1081643,10000000010_3_1_CTB
118500,346500,600600,10000000010_3_1_VRY
104470,523699,965750,10000000010_3_2_SMG
44502,223082,411383,10000000010_3_2_AC1
61567,308631,569143,10000000010_3_2_CV1
48581,243534,449099,10000000010_3_2_GYR
110551,554183,1021965,10000000010_3_2_CTR
111080,556833,1026852,10000000010_3_2_CTB
61801,309800,571300,10000000010_3_2_VRY
85620,526892,939184,10000000010_3_3_SMG
37408,230204,410337,10000000010_3_3_AC1
51334,315898,563088,10000000010_3_3_CV1
40458,248969,443787,10000000010_3_3_GYR
92309,568050,1012549,10000000010_3_3_CTR
93162,573302,1021911,10000000010_3_3_CTB
52000,320000,570400,10000000010_3_3_VRY
92571,468585,874614,10000000010_3_4_SMG
39473,199808,372940,10000000010_3_4_AC1
54412,275430,514088,10000000010_3_4_CV1
42906,217186,405377,10000000010_3_4_GYR
97645,494269,922552,10000000010_3_4_CTR
98499,498596,930628,10000000010_3_4_CTB
54900,277900,518700,10000000010_3_4_VRY
85151,493269,911968,10000000010_3_5_SMG
36463,211222,390513,10000000010_3_5_AC1
50248,291081,538157,10000000010_3_5_CV1
39578,229271,423882,10000000010_3_5_GYR
90114,522021,965125,10000000010_3_5_CTR
90533,524446,969609,10000000010_3_5_CTB
50700,293700,543000,10000000010_3_5_VRY
90015,492604,935453,20000000010_1_1_SMG
39204,215945,410360,20000000010_1_1_AC1
53466,294509,559656,20000000010_1_1_CV1
42292,231440,439504,20000000010_1_1_GYR
96471,527936,1002548,20000000010_1_1_CTR
97434,533204,1012551,20000000010_1_1_CTB
53900,296900,564201,20000000010_1_1_VRY
87569,482289,966402,20000000010_1_2_SMG
38446,211744,424289,20000000010_1_2_AC1
52397,288578,578248,20000000010_1_2_CV1
41503,227064,454648,20000000010_1_2_GYR
94676,517981,1037152,20000000010_1_2_CTR
94842,522349,1046673,20000000010_1_2_CTB
52800,290800,582700,20000000010_1_2_VRY
106853,559111,1006730,20000000010_1_3_SMG
46999,245921,442803,20000000010_1_3_AC1
63936,334545,602378,20000000010_1_3_CV1
50611,263490,474186,20000000010_1_3_GYR
115385,600721,1081079,20000000010_1_3_CTR
115806,605961,1091088,20000000010_1_3_CTB
64500,337500,607700,20000000010_1_3_VRY
71849,470459,915821,20000000010_1_4_SMG
29376,192350,374438,20000000010_1_4_AC1
43177,282716,550349,20000000010_1_4_CV1
34282,222727,433274,20000000010_1_4_GYR
77671,508581,990029,20000000010_1_4_CTR
78306,512739,998125,20000000010_1_4_CTB
43801,286800,558300,20000000010_1_4_VRY
72095,481416,920047,20000000010_1_5_SMG
30792,205611,392949,20000000010_1_5_AC1
42456,283502,541808,20000000010_1_5_CV1
33439,223286,426728,20000000010_1_5_GYR
76208,508882,972538,20000000010_1_5_CTR
76766,512605,979653,20000000010_1_5_CTB
42800,285800,546200,20000000010_1_5_VRY
97491,516252,980199,20000000010_2_1_SMG
42560,225373,427912,20000000010_2_1_AC1
58334,308900,586503,20000000010_2_1_CV1
46230,243349,461738,20000000010_2_1_GYR
105335,554472,1052075,20000000010_2_1_CTR
106642,561353,1065131,20000000010_2_1_CTB
58900,311900,592200,20000000010_2_1_VRY
92391,477493,948229,20000000010_2_2_SMG
39406,203654,404427,20000000010_2_2_AC1
54183,280023,556084,20000000010_2_2_CV1
42821,221306,439479,20000000010_2_2_GYR
97510,503947,1000763,20000000010_2_2_CTR
98111,507052,1006929,20000000010_2_2_CTB
54700,282700,561400,20000000010_2_2_VRY
105159,506242,975072,20000000010_2_3_SMG
44838,215855,415757,20000000010_2_3_AC1
61634,296712,571495,20000000010_2_3_CV1
48575,233844,450406,20000000010_2_3_GYR
110922,533989,1028514,20000000010_2_3_CTR
111590,537204,1034708,20000000010_2_3_CTB
62400,300400,578601,20000000010_2_3_VRY
93139,494712,936780,20000000010_2_4_SMG
39686,210795,399158,20000000010_2_4_AC1
54749,290805,550664,20000000010_2_4_CV1
43168,229286,434173,20000000010_2_4_GYR
98176,521471,987450,20000000010_2_4_CTR
98959,525628,995323,20000000010_2_4_CTB
55200,293200,555200,20000000010_2_4_VRY
94444,495827,942071,20000000010_2_5_SMG
40625,211947,402416,20000000010_2_5_AC1
55471,291220,553318,20000000010_2_5_CV1
43742,229645,436326,20000000010_2_5_GYR
99681,523322,994311,20000000010_2_5_CTR
100410,527151,1001586,20000000010_2_5_CTB
56000,294000,558600,20000000010_2_5_VRY
57983,452267,883494,20000000010_3_1_SMG
23811,185719,362798,20000000010_3_1_AC1
34673,270442,528303,20000000010_3_1_CV1
27614,213094,415952,20000000010_3_1_GYR
62835,484895,946501,20000000010_3_1_CTR
63580,490646,957726,20000000010_3_1_CTB
35000,273000,533300,20000000010_3_1_VRY
117202,560220,1032332,20000000010_3_2_SMG
51268,245056,451571,20000000010_3_2_AC1
70176,335437,618118,20000000010_3_2_CV1
55274,264206,486859,20000000010_3_2_GYR
125797,601303,1108037,20000000010_3_2_CTR
126868,606424,1117473,20000000010_3_2_CTB
70900,338900,624500,20000000010_3_2_VRY
59005,485520,976096,20000000010_3_3_SMG
25122,206718,415588,20000000010_3_3_AC1
34635,284991,572950,20000000010_3_3_CV1
27586,226988,456340,20000000010_3_3_GYR
62228,512046,1029425,20000000010_3_3_CTR
62735,516215,1037806,20000000010_3_3_CTB
35000,288000,579000,20000000010_3_3_VRY
71640,455967,921372,20000000010_3_4_SMG
30527,194292,392605,20000000010_3_4_AC1
42071,267770,541083,20000000010_3_4_CV1
33184,211201,426774,20000000010_3_4_GYR
75619,481290,972544,20000000010_3_4_CTR
76180,484863,979763,20000000010_3_4_CTB
42500,270500,546600,20000000010_3_4_VRY
54242,473301,933083,20000000010_3_5_SMG
23096,201525,397294,20000000010_3_5_AC1
31838,277813,547692,20000000010_3_5_CV1
25139,219356,432446,20000000010_3_5_GYR
57287,499872,985466,20000000010_3_5_CTR
57630,502863,991364,20000000010_3_5_CTB
32100,280101,552201,20000000010_3_5_VRY
84976,504057,958090,30000000010_1_1_SMG
37303,221272,420584,30000000010_1_1_AC1
50911,301988,574005,30000000010_1_1_CV1
40368,237889,451884,30000000010_1_1_GYR
91624,539944,1025654,30000000010_1_1_CTR
92712,546358,1037837,30000000010_1_1_CTB
51300,304301,578400,30000000010_1_1_VRY
81612,507341,962349,30000000010_1_2_SMG
34616,215190,408182,30000000010_1_2_AC1
47991,298334,565894,30000000010_1_2_CV1
37627,233906,443684,30000000010_1_2_GYR
85690,532687,1010426,30000000010_1_2_CTR
86203,535875,1016474,30000000010_1_2_CTB
48500,301500,571901,30000000010_1_2_VRY
85142,587564,973990,30000000010_1_3_SMG
36110,249194,413082,30000000010_1_3_AC1
50047,345373,572517,30000000010_1_3_CV1
39278,271054,449319,30000000010_1_3_GYR
89392,616889,1022601,30000000010_1_3_CTR
90042,621378,1030044,30000000010_1_3_CTB
50500,348500,577700,30000000010_1_3_VRY
105930,506744,959933,30000000010_1_4_SMG
45202,216236,409619,30000000010_1_4_AC1
62143,297278,563139,30000000010_1_4_CV1
49068,234730,444653,30000000010_1_4_GYR
111735,534514,1012539,30000000010_1_4_CTR
112647,538875,1020800,30000000010_1_4_CTB
62900,300900,570001,30000000010_1_4_VRY
27279,419615,904225,30000000010_1_5_SMG
11952,179366,386156,30000000010_1_5_AC1
16042,246765,531752,30000000010_1_5_CV1
12653,194629,419405,30000000010_1_5_GYR
28815,443239,955133,30000000010_1_5_CTR
29028,446526,962217,30000000010_1_5_CTB
16200,249200,537000,30000000010_1_5_VRY
52822,446034,939995,30000000010_2_1_SMG
22540,190330,401111,30000000010_2_1_AC1
31021,261938,552021,30000000010_2_1_CV1
24386,205911,433947,30000000010_2_1_GYR
55679,470152,990823,30000000010_2_1_CTR
55905,472061,994846,30000000010_2_1_CTB
31300,264300,557000,30000000010_2_1_VRY
99998,527354,999303,30000000010_2_2_SMG
42609,224703,425799,30000000010_2_2_AC1
58609,309083,585694,30000000010_2_2_CV1
46254,243924,462220,30000000010_2_2_GYR
105466,556188,1053942,30000000010_2_2_CTR
106176,559932,1061037,30000000010_2_2_CTB
59200,312200,591600,30000000010_2_2_VRY
43417,486001,876586,30000000010_2_3_SMG
18499,207064,373475,30000000010_2_3_AC1
25498,285417,514798,30000000010_2_3_CV1
20140,225433,406606,30000000010_2_3_GYR
45850,513234,925704,30000000010_2_3_CTR
46194,517078,932638,30000000010_2_3_CTB
25800,288800,520900,30000000010_2_3_VRY
22771,483242,912509,30000000010_2_4_SMG
9710,206048,389082,30000000010_2_4_AC1
13364,283599,535522,30000000010_2_4_CV1
10540,223671,422359,30000000010_2_4_GYR
24019,509728,962523,30000000010_2_4_CTR
24178,513111,968911,30000000010_2_4_CTB
13500,286501,541000,30000000010_2_4_VRY
25747,417834,926202,30000000010_2_5_SMG
11018,178802,396344,30000000010_2_5_AC1
15145,245783,544819,30000000010_2_5_CV1
11969,194228,430539,30000000010_2_5_GYR
27252,442266,980358,30000000010_2_5_CTR
27438,445281,987042,30000000010_2_5_CTB
15300,248300,550401,30000000010_2_5_VRY
80696,481644,913590,30000000010_3_1_SMG
34480,205800,390364,30000000010_3_1_AC1
47398,282904,536617,30000000010_3_1_CV1
37431,223410,423767,30000000010_3_1_GYR
85235,508737,964980,30000000010_3_1_CTR
85750,511812,970813,30000000010_3_1_CTB
47900,285900,542300,30000000010_3_1_VRY
102727,542029,964460,30000000010_3_2_SMG
44208,231929,412440,30000000010_3_2_AC1
60824,320932,571050,30000000010_3_2_CV1
47748,251937,448284,30000000010_3_2_GYR
109391,577189,1027022,30000000010_3_2_CTR
109760,579139,1030492,30000000010_3_2_CTB
61500,324500,577400,30000000010_3_2_VRY
90057,515934,1026985,30000000010_3_3_SMG
38401,219997,437913,30000000010_3_3_AC1
52968,303452,604032,30000000010_3_3_CV1
41776,239334,476403,30000000010_3_3_GYR
95247,545667,1086171,30000000010_3_3_CTR
95886,549328,1093458,30000000010_3_3_CTB
53500,306500,610101,30000000010_3_3_VRY
49131,459400,917450,30000000010_3_4_SMG
20906,195473,390372,30000000010_3_4_AC1
28755,268869,536947,30000000010_3_4_CV1
22755,212769,424911,30000000010_3_4_GYR
216518,584431,995192,30000000010_3_4_CTR
52200,488096,974757,30000000010_3_4_CTB
29100,272100,543400,30000000010_3_4_VRY
55995,458560,928549,30000000010_3_5_SMG
24362,199504,403980,30000000010_3_5_AC1
33505,274380,555599,30000000010_3_5_CV1
26406,216247,437884,30000000010_3_5_GYR
60127,492398,997070,30000000010_3_5_CTR
60612,496373,1005118,30000000010_3_5_CTB
33801,276800,560500,30000000010_3_5_VRY
93281,510978,971270,40000000010_1_1_SMG
40603,222416,422769,40000000010_1_1_AC1
55909,306262,582144,40000000010_1_1_CV1
44106,241605,459244,40000000010_1_1_GYR
100509,550575,1046536,40000000010_1_1_CTR
101254,554655,1054292,40000000010_1_1_CTB
56500,309500,588300,40000000010_1_1_VRY
53087,445467,896869,40000000010_1_2_SMG
23137,194150,390885,40000000010_1_2_AC1
31876,267476,538514,40000000010_1_2_CV1
25154,211069,424951,40000000010_1_2_GYR
57464,482195,970813,40000000010_1_2_CTR
57736,484476,975407,40000000010_1_2_CTB
32200,270200,544000,40000000010_1_2_VRY
73325,589067,1000178,40000000010_1_3_SMG
31915,256395,435333,40000000010_1_3_AC1
43993,353420,600072,40000000010_1_3_CV1
34667,278503,472871,40000000010_1_3_GYR
79218,636411,1080564,40000000010_1_3_CTR
79528,638897,1084785,40000000010_1_3_CTB
44500,357500,607001,40000000010_1_3_VRY
64534,515110,924590,40000000010_1_4_SMG
28070,224051,402158,40000000010_1_4_AC1
38630,308347,553463,40000000010_1_4_CV1
30537,243744,437505,40000000010_1_4_GYR
69526,554960,996117,40000000010_1_4_CTR
70041,559068,1003492,40000000010_1_4_CTB
39100,312100,560200,40000000010_1_4_VRY
54321,454321,895802,40000000010_1_5_SMG
23660,197877,390162,40000000010_1_5_AC1
32707,273545,539359,40000000010_1_5_CV1
25839,216105,426102,40000000010_1_5_GYR
58766,491494,969097,40000000010_1_5_CTR
59156,494754,975525,40000000010_1_5_CTB
33001,276000,544200,40000000010_1_5_VRY
104254,547041,1001559,40000000010_2_1_SMG
45623,239393,438297,40000000010_2_1_AC1
62472,327803,600164,40000000010_2_1_CV1
49257,258458,473202,40000000010_2_1_GYR
112617,590925,1081904,40000000010_2_1_CTR
113151,593727,1087034,40000000010_2_1_CTB
63100,331100,606200,40000000010_2_1_VRY
25733,443055,863182,40000000010_2_2_SMG
11216,193109,376224,40000000010_2_2_AC1
15439,265824,517891,40000000010_2_2_CV1
12208,210191,409505,40000000010_2_2_GYR
27746,477718,930714,40000000010_2_2_CTR
27950,481229,937555,40000000010_2_2_CTB
15600,268600,523300,40000000010_2_2_VRY
31006,456511,934792,40000000010_2_3_SMG
13508,198880,407244,40000000010_2_3_AC1
18603,273898,560857,40000000010_2_3_CV1
14680,216128,442561,40000000010_2_3_GYR
33449,492474,1008433,40000000010_2_3_CTR
33699,496163,1015987,40000000010_2_3_CTB
18800,276800,566800,40000000010_2_3_VRY
21581,430124,896324,40000000010_2_4_SMG
9419,187723,391191,40000000010_2_4_AC1
12949,258078,537802,40000000010_2_4_CV1
10225,203779,424649,40000000010_2_4_GYR
23315,464695,968366,40000000010_2_4_CTR
23455,467477,974164,40000000010_2_4_CTB
13100,261100,544100,40000000010_2_4_VRY
116870,558631,999404,40000000010_2_5_SMG
50972,243642,435881,40000000010_2_5_AC1
70156,335340,599930,40000000010_2_5_CV1
55408,264845,473813,40000000010_2_5_GYR
124933,602867,1079730,40000000010_2_5_CTR
127207,608045,1087807,40000000010_2_5_CTB
70900,338900,606300,40000000010_2_5_VRY
66602,482657,931765,40000000010_3_1_SMG
29343,210681,406426,40000000010_3_1_AC1
40119,290738,561268,40000000010_3_1_CV1
31895,229005,441776,40000000010_3_1_GYR
72578,521120,1005296,40000000010_3_1_CTR
73171,525375,1013506,40000000010_3_1_CTB
40500,293500,566600,40000000010_3_1_VRY
54208,446351,892207,40000000010_3_2_SMG
23563,194018,387820,40000000010_3_2_AC1
32534,267879,535462,40000000010_3_2_CV1
25669,211360,422485,40000000010_3_2_GYR
58405,480910,961286,40000000010_3_2_CTR
58999,485799,971059,40000000010_3_2_CTB
32900,270900,541501,40000000010_3_2_VRY
80849,580786,938827,40000000010_3_3_SMG
35262,253308,409466,40000000010_3_3_AC1
48514,348509,563357,40000000010_3_3_CV1
38283,275011,444548,40000000010_3_3_GYR
87170,626199,1012237,40000000010_3_3_CTR
88112,632964,1023172,40000000010_3_3_CTB
49000,352000,569000,40000000010_3_3_VRY
36610,420845,874836,40000000010_3_4_SMG
16270,183736,381604,40000000010_3_4_AC1
21984,252712,525328,40000000010_3_4_CV1
17662,199459,414260,40000000010_3_4_GYR
39550,454638,945084,40000000010_3_4_CTR
39819,457733,951517,40000000010_3_4_CTB
22200,255200,530500,40000000010_3_4_VRY
39058,482591,925132,40000000010_3_5_SMG
16988,209903,402386,40000000010_3_5_AC1
23375,288820,553671,40000000010_3_5_CV1
18429,227699,436500,40000000010_3_5_GYR
41964,518501,993971,40000000010_3_5_CTR
42450,524503,1005476,40000000010_3_5_CTB
23600,291600,559001,40000000010_3_5_VRY
33103,426623,860170,10000000001_1_1_SMG
14086,181527,365999,10000000001_1_1_AC1
19413,250180,504421,10000000001_1_1_CV1
15331,197577,398361,10000000001_1_1_GYR
34912,449937,907176,10000000001_1_1_CTR
35075,452027,911390,10000000001_1_1_CTB
19600,252601,509300,10000000001_1_1_VRY
87604,496980,959930,10000000001_1_2_SMG
37819,213082,411281,10000000001_1_2_AC1
51401,291601,563233,10000000001_1_2_CV1
40858,230200,444322,10000000001_1_2_GYR
92914,523500,1010434,10000000001_1_2_CTR
93142,528400,1020618,10000000001_1_2_CTB
52000,295000,569800,10000000001_1_2_VRY
96295,513797,948975,10000000001_1_3_SMG
41076,219163,404790,10000000001_1_3_AC1
56597,301978,557749,10000000001_1_3_CV1
44634,238150,439860,10000000001_1_3_GYR
101575,541967,1001005,10000000001_1_3_CTR
102471,546748,1009836,10000000001_1_3_CTB
57200,305200,563700,10000000001_1_3_VRY
102517,512246,974582,10000000001_1_4_SMG
43712,218415,415549,10000000001_1_4_AC1
60227,300936,572551,10000000001_1_4_CV1
47428,236982,450875,10000000001_1_4_GYR
107135,538415,1025068,10000000001_1_4_CTR
109009,544684,1036298,10000000001_1_4_CTB
60800,303800,578001,10000000001_1_4_VRY
103868,488314,952178,10000000001_1_5_SMG
44824,209640,408503,10000000001_1_5_AC1
60954,286561,558774,10000000001_1_5_CV1
48183,226522,441703,10000000001_1_5_GYR
109647,515483,1005156,10000000001_1_5_CTR
110298,518544,1011124,10000000001_1_5_CTB
61600,289600,564700,10000000001_1_5_VRY
59827,452493,921501,10000000001_2_1_SMG
25580,193467,393995,10000000001_2_1_AC1
35128,265681,541059,10000000001_2_1_CV1
27693,209448,426540,10000000001_2_1_GYR
63144,477581,972593,10000000001_2_1_CTR
63702,481802,981188,10000000001_2_1_CTB
35500,268500,546800,10000000001_2_1_VRY
91845,499112,925653,10000000001_2_2_SMG
39427,214258,397363,10000000001_2_2_AC1
53956,293209,543785,10000000001_2_2_CV1
42539,231167,428722,10000000001_2_2_GYR
96876,526449,976353,10000000001_2_2_CTR
97660,530714,984262,10000000001_2_2_CTB
54800,297800,552300,10000000001_2_2_VRY
28113,403501,839322,10000000001_2_3_SMG
12016,172463,358739,10000000001_2_3_AC1
16122,237163,493789,10000000001_2_3_CV1
13032,187050,389082,10000000001_2_3_GYR
29673,425892,885898,10000000001_2_3_CTR
29912,429324,893036,10000000001_2_3_CTB
16700,239700,498600,10000000001_2_3_VRY
43410,435437,896784,10000000001_2_4_SMG
18561,186182,383442,10000000001_2_4_AC1
25516,255945,527120,10000000001_2_4_CV1
20120,201822,415652,10000000001_2_4_GYR
45789,459303,945937,10000000001_2_4_CTR
46376,465198,958077,10000000001_2_4_CTB
25800,258800,533000,10000000001_2_4_VRY
63557,447933,912724,10000000001_2_5_SMG
27145,191311,389822,10000000001_2_5_AC1
37442,263878,537688,10000000001_2_5_CV1
29485,207800,423421,10000000001_2_5_GYR
67041,472483,962749,10000000001_2_5_CTR
67729,477333,972630,10000000001_2_5_CTB
37700,265701,541400,10000000001_2_5_VRY
20849,404190,854951,10000000001_3_1_SMG
8938,173265,366493,10000000001_3_1_AC1
12277,238005,503434,10000000001_3_1_CV1
9678,187623,396865,10000000001_3_1_GYR
22035,427195,903613,10000000001_3_1_CTR
22199,430365,910318,10000000001_3_1_CTB
12400,240400,508500,10000000001_3_1_VRY
122649,540279,955434,10000000001_3_2_SMG
53167,234205,414170,10000000001_3_2_AC1
73261,322720,570700,10000000001_3_2_CV1
57871,254927,450814,10000000001_3_2_GYR
132150,582132,1029447,10000000001_3_2_CTR
132848,585210,1034890,10000000001_3_2_CTB
74300,327300,578800,10000000001_3_2_VRY
51735,461228,923635,10000000001_3_3_SMG
22079,196833,394169,10000000001_3_3_AC1
30415,271156,543005,10000000001_3_3_CV1
23985,213833,428212,10000000001_3_3_GYR
54601,486777,974798,10000000001_3_3_CTR
55010,490428,982110,10000000001_3_3_CTB
30700,273700,548100,10000000001_3_3_VRY
87864,473405,903126,10000000001_3_4_SMG
38194,205783,392577,10000000001_3_4_AC1
52592,283359,540571,10000000001_3_4_CV1
41458,223370,426129,10000000001_3_4_GYR
94414,508694,970447,10000000001_3_4_CTR
95172,512781,978244,10000000001_3_4_CTB
53100,286100,545800,10000000001_3_4_VRY
74880,483770,918406,10000000001_3_5_SMG
32023,206886,392760,10000000001_3_5_AC1
44051,284596,540287,10000000001_3_5_CV1
34753,224525,426246,10000000001_3_5_GYR
78925,509904,968020,10000000001_3_5_CTR
79711,514984,977663,10000000001_3_5_CTB
44500,287500,545800,10000000001_3_5_VRY
24438,450824,893558,20000000001_1_1_SMG
10421,192234,381018,20000000001_1_1_AC1
14356,264837,524920,20000000001_1_1_CV1
11319,208810,413873,20000000001_1_1_GYR
25036,475376,942981,20000000001_1_1_CTR
26003,479696,950785,20000000001_1_1_CTB
14500,267500,530200,20000000001_1_1_VRY
73946,500103,934346,20000000001_1_2_SMG
31715,212690,397098,20000000001_1_2_AC1
43463,293945,549179,20000000001_1_2_CV1
34653,232391,433881,20000000001_1_2_GYR
78841,528729,987152,20000000001_1_2_CTR
79469,532944,995023,20000000001_1_2_CTB
43900,296900,554700,20000000001_1_2_VRY
113014,497024,967268,20000000001_1_3_SMG
48293,212388,413332,20000000001_1_3_AC1
66488,292407,569059,20000000001_1_3_CV1
52460,230712,448993,20000000001_1_3_GYR
119453,525342,1022379,20000000001_1_3_CTR
120113,528244,1028026,20000000001_1_3_CTB
67100,295100,574300,20000000001_1_3_VRY
32702,484453,898110,20000000001_1_4_SMG
13934,206424,382681,20000000001_1_4_AC1
19220,284724,527839,20000000001_1_4_CV1
15167,224678,416521,20000000001_1_4_GYR
34515,511317,947911,20000000001_1_4_CTR
34768,515064,954857,20000000001_1_4_CTB
19400,287400,532801,20000000001_1_4_VRY
88856,462718,926609,20000000001_1_5_SMG
38066,198229,396960,20000000001_1_5_AC1
52480,273292,547276,20000000001_1_5_CV1
41379,215479,431504,20000000001_1_5_GYR
94294,491039,983323,20000000001_1_5_CTR
94984,494632,990518,20000000001_1_5_CTB
53000,276000,552701,20000000001_1_5_VRY
104988,522247,1006806,20000000001_2_1_SMG
45160,223469,430538,20000000001_2_1_AC1
61775,307290,592405,20000000001_2_1_CV1
49008,242510,467222,20000000001_2_1_GYR
111608,552282,1064033,20000000001_2_1_CTR
111850,556382,1072612,20000000001_2_1_CTB
62400,310400,598400,20000000001_2_1_VRY
91948,500415,993770,20000000001_2_2_SMG
39547,213927,424546,20000000001_2_2_AC1
54059,294208,584265,20000000001_2_2_CV1
42725,232525,461770,20000000001_2_2_GYR
97040,528131,1048810,20000000001_2_2_CTR
97945,533054,1058588,20000000001_2_2_CTB
54700,297700,591200,20000000001_2_2_VRY
97990,489612,945441,20000000001_2_3_SMG
42178,209497,404247,20000000001_2_3_AC1
57667,288134,556387,20000000001_2_3_CV1
45539,227536,439372,20000000001_2_3_GYR
103703,518159,1000563,20000000001_2_3_CTR
104467,521975,1007933,20000000001_2_3_CTB
58300,291300,562500,20000000001_2_3_VRY
53868,426927,934320,20000000001_2_4_SMG
22987,182181,398700,20000000001_2_4_AC1
31913,252919,553508,20000000001_2_4_CV1
24953,197763,432800,20000000001_2_4_GYR
56822,450335,985549,20000000001_2_4_CTR
57249,453718,992951,20000000001_2_4_CTB
32200,255200,558500,20000000001_2_4_VRY
45815,488806,906025,20000000001_2_5_SMG
19419,207176,384011,20000000001_2_5_AC1
26964,287673,533215,20000000001_2_5_CV1
21108,225196,417412,20000000001_2_5_GYR
48294,515249,955039,20000000001_2_5_CTR
48718,519769,963416,20000000001_2_5_CTB
27200,290201,537900,20000000001_2_5_VRY
58395,527580,996595,20000000001_3_1_SMG
24900,224963,424955,20000000001_3_1_AC1
34292,309817,585242,20000000001_3_1_CV1
27085,244698,462232,20000000001_3_1_GYR
61642,556911,1052001,20000000001_3_1_CTR
62054,560631,1059028,20000000001_3_1_CTB
34600,312600,590500,20000000001_3_1_VRY
87077,503968,942377,20000000001_3_2_SMG
37076,214583,401251,20000000001_3_2_AC1
51156,296069,553623,20000000001_3_2_CV1
40275,233096,435869,20000000001_3_2_GYR
91771,531138,993181,20000000001_3_2_CTR
92646,536198,1002643,20000000001_3_2_CTB
51800,299800,560600,20000000001_3_2_VRY
32528,442076,863252,20000000001_3_3_SMG
13806,187629,366388,20000000001_3_3_AC1
19128,259955,507621,20000000001_3_3_CV1
14997,203817,397998,20000000001_3_3_GYR
34172,464421,906886,20000000001_3_3_CTR
34568,469796,917383,20000000001_3_3_CTB
19300,262301,512200,20000000001_3_3_VRY
38679,430514,869604,20000000001_3_4_SMG
16480,183426,370505,20000000001_3_4_AC1
22815,253935,512929,20000000001_3_4_CV1
17918,199429,402830,20000000001_3_4_GYR
40846,454630,918316,20000000001_3_4_CTR
41186,458414,925961,20000000001_3_4_CTB
23000,256000,517100,20000000001_3_4_VRY
25776,401463,915969,20000000001_3_5_SMG
10984,171068,390304,20000000001_3_5_AC1
15159,236103,538688,20000000001_3_5_CV1
11947,186075,424545,20000000001_3_5_GYR
27224,424014,967421,20000000001_3_5_CTR
27389,426578,973271,20000000001_3_5_CTB
15300,238300,543700,20000000001_3_5_VRY
26085,402500,848914,30000000001_1_1_SMG
10672,164672,347309,30000000001_1_1_AC1
15677,241887,510165,30000000001_1_1_CV1
12695,190954,402364,30000000001_1_1_GYR
28861,434142,914791,30000000001_1_1_CTR
28352,437479,922690,30000000001_1_1_CTB
15800,243801,514200,30000000001_1_1_VRY
89016,488847,938698,30000000001_1_2_SMG
38877,213498,409965,30000000001_1_2_AC1
53562,294142,564819,30000000001_1_2_CV1
42628,232564,446262,30000000001_1_2_GYR
96936,528860,1014819,30000000001_1_2_CTR
97079,533122,1023717,30000000001_1_2_CTB
54100,297100,570500,30000000001_1_2_VRY
34719,461264,870780,30000000001_1_3_SMG
15143,201179,379788,30000000001_1_3_AC1
20791,276222,521454,30000000001_1_3_CV1
16449,218526,412536,30000000001_1_3_GYR
37481,497960,940054,30000000001_1_3_CTR
37761,501674,947066,30000000001_1_3_CTB
21000,279001,526700,30000000001_1_3_VRY
73915,474835,903968,30000000001_1_4_SMG
32260,207240,394532,30000000001_1_4_AC1
44518,285983,544441,30000000001_1_4_CV1
35003,224860,428076,30000000001_1_4_GYR
79697,511981,974685,30000000001_1_4_CTR
80339,516106,982538,30000000001_1_4_CTB
44800,287800,547900,30000000001_1_4_VRY
99368,501135,944236,30000000001_1_5_SMG
43566,218523,411480,30000000001_1_5_AC1
59502,300083,565415,30000000001_1_5_CV1
47210,236803,445901,30000000001_1_5_GYR
107499,539213,1015341,30000000001_1_5_CTR
107792,543621,1024288,30000000001_1_5_CTB
60100,303100,571101,30000000001_1_5_VRY
68740,462006,941031,30000000001_2_1_SMG
30083,202192,411832,30000000001_2_1_AC1
41288,277501,565224,30000000001_2_1_CV1
32523,218587,445227,30000000001_2_1_GYR
74058,497755,1013846,30000000001_2_1_CTR
74815,502839,1024202,30000000001_2_1_CTB
41600,279600,569500,30000000001_2_1_VRY
62646,441507,878194,30000000001_2_2_SMG
27120,191133,380180,30000000001_2_2_AC1
37326,263060,523249,30000000001_2_2_CV1
29519,208038,413805,30000000001_2_2_GYR
67087,472810,940459,30000000001_2_2_CTR
67631,476643,948082,30000000001_2_2_CTB
37700,265700,528501,30000000001_2_2_VRY
81575,499353,934140,30000000001_2_3_SMG
35856,217884,407323,30000000001_2_3_AC1
48911,299401,560090,30000000001_2_3_CV1
38882,236274,441702,30000000001_2_3_GYR
88549,538081,1005914,30000000001_2_3_CTR
88532,541942,1013811,30000000001_2_3_CTB
49400,302400,565700,30000000001_2_3_VRY
74218,500682,927311,30000000001_2_4_SMG
32608,218173,403810,30000000001_2_4_AC1
44400,299521,554741,30000000001_2_4_CV1
35068,236567,438145,30000000001_2_4_GYR
79858,538725,997770,30000000001_2_4_CTR
80504,543083,1005842,30000000001_2_4_CTB
44900,302900,561000,30000000001_2_4_VRY
21894,438368,862908,30000000001_2_5_SMG
9575,191713,377379,30000000001_2_5_AC1
13195,264188,520041,30000000001_2_5_CV1
10387,207970,409380,30000000001_2_5_GYR
23671,473939,932927,30000000001_2_5_CTR
23876,478048,941016,30000000001_2_5_CTB
13300,266300,524200,30000000001_2_5_VRY
106931,514910,968459,30000000001_3_1_SMG
46752,225129,423429,30000000001_3_1_AC1
64296,309609,582321,30000000001_3_1_CV1
50738,244323,459531,30000000001_3_1_GYR
115372,555560,1044915,30000000001_3_1_CTR
116382,560420,1054055,30000000001_3_1_CTB
65000,313000,588700,30000000001_3_1_VRY
54008,444704,866262,30000000001_3_2_SMG
23933,194796,379154,30000000001_3_2_AC1
32496,267571,521215,30000000001_3_2_CV1
25622,210966,410952,30000000001_3_2_GYR
58349,480445,935882,30000000001_3_2_CTR
58897,484957,944672,30000000001_3_2_CTB
32900,270900,527700,30000000001_3_2_VRY
108896,543259,959124,30000000001_3_3_SMG
47517,237048,418507,30000000001_3_3_AC1
64837,325175,574426,30000000001_3_3_CV1
51489,256864,453493,30000000001_3_3_GYR
117010,583733,1030582,30000000001_3_3_CTR
118202,589684,1041087,30000000001_3_3_CTB
65500,328500,580300,30000000001_3_3_VRY
40073,465531,865594,30000000001_3_4_SMG
17478,203044,377533,30000000001_3_4_AC1
24081,279748,520154,30000000001_3_4_CV1
18998,220706,410373,30000000001_3_4_GYR
43267,502642,934597,30000000001_3_4_CTR
43644,507017,942732,30000000001_3_4_CTB
24300,282300,524900,30000000001_3_4_VRY
101743,487204,957699,30000000001_3_5_SMG
44226,211777,416291,30000000001_3_5_AC1
60951,291868,573726,30000000001_3_5_CV1
47848,229122,450385,30000000001_3_5_GYR
109542,524552,1031113,30000000001_3_5_CTR
110366,528499,1038872,30000000001_3_5_CTB
61500,294500,578900,30000000001_3_5_VRY
25695,434169,863562,40000000001_1_1_SMG
11528,189797,377195,40000000001_1_1_AC1
15434,260793,518717,40000000001_1_1_CV1
12508,205937,409271,40000000001_1_1_GYR
28515,469501,933069,40000000001_1_1_CTR
27947,472226,939256,40000000001_1_1_CTB
15600,263600,524300,40000000001_1_1_VRY
93934,544616,956008,40000000001_1_2_SMG
41153,237191,416139,40000000001_1_2_AC1
56244,326092,572416,40000000001_1_2_CV1
44704,257655,452041,40000000001_1_2_GYR
101281,587211,1030779,40000000001_1_2_CTR
101886,590724,1036945,40000000001_1_2_CTB
56900,329900,579101,40000000001_1_2_VRY
36576,428695,863979,40000000001_1_3_SMG
15941,186840,376551,40000000001_1_3_AC1
22004,257893,519751,40000000001_1_3_CV1
17329,203100,409323,40000000001_1_3_GYR
39432,462167,931439,40000000001_1_3_CTR
39807,466564,940300,40000000001_1_3_CTB
22200,260200,524400,40000000001_1_3_VRY
81818,475200,948913,40000000001_1_4_SMG
35494,206148,411650,40000000001_1_4_AC1
48847,283706,566524,40000000001_1_4_CV1
38556,223933,447165,40000000001_1_4_GYR
87793,509906,1018216,40000000001_1_4_CTR
88751,515472,1029329,40000000001_1_4_CTB
49500,287500,574100,40000000001_1_4_VRY
77894,535705,904917,40000000001_1_5_SMG
33928,233331,394145,40000000001_1_5_AC1
46726,321346,542821,40000000001_1_5_CV1
36904,253799,428720,40000000001_1_5_GYR
84039,577967,976307,40000000001_1_5_CTR
84769,582982,984779,40000000001_1_5_CTB
47300,325300,549500,40000000001_1_5_VRY
63203,453912,925225,40000000001_2_1_SMG
27659,198636,404886,40000000001_2_1_AC1
38133,273859,558215,40000000001_2_1_CV1
29997,215430,439118,40000000001_2_1_GYR
229959,586310,1016178,40000000001_2_1_CTR
68889,494749,1008464,40000000001_2_1_CTB
38500,276500,563600,40000000001_2_1_VRY
72963,515361,912034,40000000001_2_2_SMG
32072,224632,397290,40000000001_2_2_AC1
43792,309312,547389,40000000001_2_2_CV1
34815,243845,431270,40000000001_2_2_GYR
79394,556085,983506,40000000001_2_2_CTR
79246,559741,990573,40000000001_2_2_CTB
44200,312200,552500,40000000001_2_2_VRY
55851,456192,903487,40000000001_2_3_SMG
24345,198846,393814,40000000001_2_3_AC1
33452,273239,541150,40000000001_2_3_CV1
26463,216150,428084,40000000001_2_3_GYR
60060,490574,971581,40000000001_2_3_CTR
60665,495515,981367,40000000001_2_3_CTB
33900,276901,548400,40000000001_2_3_VRY
160437,544628,967897,40000000001_2_4_SMG
70046,237780,422576,40000000001_2_4_AC1
96263,326780,580744,40000000001_2_4_CV1
75962,257863,458267,40000000001_2_4_GYR
172969,587169,1043500,40000000001_2_4_CTR
174147,591169,1050608,40000000001_2_4_CTB
97300,330300,587000,40000000001_2_4_VRY
57423,491388,918258,40000000001_2_5_SMG
24927,213309,398610,40000000001_2_5_AC1
34341,293871,549158,40000000001_2_5_CV1
27151,232339,434173,40000000001_2_5_GYR
61699,527984,986645,40000000001_2_5_CTR
62244,532649,995364,40000000001_2_5_CTB
34800,297800,556500,40000000001_2_5_VRY
48214,423394,873117,40000000001_3_1_SMG
21029,184666,380814,40000000001_3_1_AC1
29008,254730,525300,40000000001_3_1_CV1
22874,200865,414220,40000000001_3_1_GYR
52094,457462,943370,40000000001_3_1_CTR
52513,461145,950966,40000000001_3_1_CTB
29300,257300,530600,40000000001_3_1_VRY
100531,482644,949544,40000000001_3_2_SMG
43845,210496,414126,40000000001_3_2_AC1
60387,289915,570373,40000000001_3_2_CV1
47791,229442,451399,40000000001_3_2_GYR
108827,522474,1027905,40000000001_3_2_CTR
109714,526731,1036280,40000000001_3_2_CTB
61300,294300,579000,40000000001_3_2_VRY
41427,408023,858789,40000000001_3_3_SMG
18045,177720,374057,40000000001_3_3_AC1
24889,245137,515952,40000000001_3_3_CV1
19697,193992,408305,40000000001_3_3_GYR
44727,440522,927189,40000000001_3_3_CTR
45087,444072,934661,40000000001_3_3_CTB
25200,248200,522401,40000000001_3_3_VRY
83476,451361,976794,40000000001_3_4_SMG
36211,195796,423723,40000000001_3_4_AC1
50114,270972,586412,40000000001_3_4_CV1
39523,213703,462476,40000000001_3_4_GYR
90007,486678,1053224,40000000001_3_4_CTR
90732,490598,1061706,40000000001_3_4_CTB
50600,273600,592100,40000000001_3_4_VRY
32570,489863,921494,40000000001_3_5_SMG
14210,213715,402025,40000000001_3_5_AC1
19592,294659,554291,40000000001_3_5_CV1
15431,232086,436583,40000000001_3_5_GYR
35165,528890,994909,40000000001_3_5_CTR
35524,534282,1005052,40000000001_3_5_CTB
19800,297801,560200,40000000001_3_5_VRY
