feature,rank,source_file,sample_sd,pump_sd,fault_sd,total_sd,sample_variation_pct,pump_variation_pct,fault_variation_pct,separation_ratio,finite_coverage_pct,min_fault_coverage_pct,min_samples_per_pump,min_pumps_per_fault,n_faults_present,unique_values,eligible,candidate,exclusion_reason
CV1_air_0_col_0_q95,1,stats_features_2.csv,9.74334325358608,7.443786346902064,35.3093413083101,37.377697582412175,6.795022730409512,3.966091296035895,89.2388859735546,8.292718184590395,100.0,100.0,2,3,18,81,True,True,
CTR_air_1_col_0_q95,2,stats_features_2.csv,7.9369740388263885,6.875078636537532,29.314170238777617,31.138125183440543,6.4971814988936325,4.874952846888106,88.62786565421825,7.793424080246903,100.0,100.0,2,3,18,70,True,True,
CV1_air_0_col_0_q05,3,stats_features_2.csv,10.620191992209406,7.87967125137253,36.139190412581215,38.48270755362592,7.616115037806637,4.192614736246617,88.19127022594674,7.468311318269397,100.0,100.0,2,3,18,90,True,True,
CTR_air_0_col_0_std,4,stats_features_2.csv,7.17200258482363,4.940137028847973,22.458383755511942,24.087788936520397,8.865168621372188,4.206143804291964,86.92868757433585,6.650341200908066,100.0,100.0,2,3,18,315,True,True,
CTR_air_1_col_0_peak_magn_raw,5,ctvt_singlefault_peaks_freq.csv,140452.2621697026,124667.06903961665,483488.60397996905,518680.9676766777,7.3325807126768145,5.777006731302907,86.89041255602028,6.628005109033596,100.0,100.0,2,3,18,315,True,True,
CTR_air_0_col_0_mad,6,stats_features_2.csv,6.693760972487,5.191859963109865,21.801148373726495,23.38914098992459,8.190527192412699,4.927395202541189,86.8820776050461,6.62315837746283,100.0,100.0,2,3,18,76,True,True,
CV1_air_0_col_0_std,7,stats_features_2.csv,6.638634719212977,4.539057027031229,20.69535517750172,22.202978078463456,8.939949911322344,4.179350723786929,86.88069936489073,6.6223575311922165,100.0,100.0,2,3,18,315,True,True,
CTR_air_1_col_0_std,8,stats_features_2.csv,6.009386211992705,5.387770372361741,20.67915094042916,22.198380027543433,7.328543470028521,5.890817812292254,86.78063871767922,6.564662003279793,100.0,100.0,2,3,18,315,True,True,
CTR_water_2_col_0_q05,9,stats_features_2.csv,9.27596062266603,7.582876965872627,30.514667050222705,32.78244002112655,8.006362362878471,5.350390353579748,86.64324728354178,6.486849694894763,100.0,100.0,2,3,18,72,True,True,
CTR_air_0_col_0_peak_magn_raw,10,ctvt_singlefault_peaks_freq.csv,173791.21708052309,122453.46506335832,540413.5831402682,580728.0594933021,8.955916337302275,4.446277213829739,86.59780644886798,6.461465141394971,100.0,100.0,2,3,18,315,True,True,
CTR_water_2_col_0_q95,11,stats_features_2.csv,9.190035084588466,7.426975110605469,29.993292345814524,32.236846773389864,8.126980708167903,5.307852271675154,86.56516702015693,6.4433377884217045,100.0,100.0,2,3,18,63,True,True,
CTR_air_1_col_0_mad,12,stats_features_2.csv,5.9531259295712315,5.499278866865685,20.151266258798486,21.719928826353904,7.51230727363964,6.410541127675425,86.07715159868494,6.182438328535894,100.0,100.0,2,3,18,63,True,True,
CTB_air_0_col_0_q95,13,stats_features_2.csv,10.155501853735938,8.091371204126327,32.13815590999185,34.66216339409794,8.584034397401236,5.449202168964415,85.96676343363433,6.1259398733201955,100.0,100.0,2,3,18,77,True,True,
CTB_air_0_col_0_q05,14,stats_features_2.csv,10.565519697652418,8.130242878625024,32.86368943952944,35.46481551234622,8.875366953280823,5.255470823226911,85.86916222349225,6.0767212518884195,100.0,100.0,2,3,18,84,True,True,
CV1_air_0_col_0_peak_magn_raw,15,ctvt_singlefault_peaks_freq.csv,169147.3281195036,114970.7963967812,498174.2398264787,538522.6790588927,9.865572413134082,4.55792404946438,85.57650353740152,5.933131661890012,100.0,100.0,2,3,18,315,True,True,
CTR_water_2_col_0_std,16,stats_features_2.csv,7.092070286490156,5.479864397686832,21.807949826404244,23.577808430736667,9.047720846387902,5.401728524922539,85.55055062868956,5.920678942863472,100.0,100.0,2,3,18,315,True,True,
CTR_air_0_col_0_q05,17,stats_features_2.csv,10.827646584348596,7.23004406565809,31.661847991750843,34.234253110001546,10.003372226300927,4.460259982691723,85.53636779100735,5.913892620819394,100.0,100.0,2,3,18,83,True,True,
CTR_air_0_col_0_q95,18,stats_features_2.csv,10.684053513793199,6.961211024920215,30.968245972855826,33.49089006064737,10.176975525204561,4.320323023219215,85.50270145157621,5.897836839462241,100.0,100.0,2,3,18,74,True,True,
CTR_water_2_col_0_peak_magn_raw,19,ctvt_singlefault_peaks_freq.csv,175295.75318813676,127612.20186382721,517380.87915712676,560978.1183502007,9.764521066983324,5.174787990912359,85.06069094210433,5.693749999579015,100.0,100.0,2,3,18,315,True,True,
CTR_water_2_col_0_mad,20,stats_features_2.csv,7.504463795092349,5.723021802280917,21.869432160898086,23.81894242911213,9.926459705306126,5.7730570775216,84.30048321717227,5.369622796886393,100.0,100.0,2,3,18,66,True,True,
CTB_air_0_col_0_std,21,stats_features_2.csv,6.812426329795162,4.907420959510823,19.022047079001965,20.79255174451899,10.734654121990038,5.570459807227828,83.69488607078213,5.133045155900782,100.0,100.0,2,3,18,315,True,True,
CTB_air_0_col_0_peak_magn_raw,22,ctvt_singlefault_peaks_freq.csv,166736.4513500524,127002.87368198666,457453.713334035,503184.5327267011,10.980106244853618,6.370485472790999,82.64940828235538,4.763492198269262,100.0,100.0,2,3,18,315,True,True,
CTR_water_1_col_0_mad,23,stats_features_2.csv,4.5714510116430045,4.5566607483908586,14.038204305029161,15.450970896274352,8.753799423416119,8.69724777041543,82.54895280616844,4.730315143228032,100.0,100.0,2,3,18,65,True,True,
CV1_air_0_col_0_kurt,24,stats_features_2.csv,0.005327705098927518,0.016329495989199062,0.036480519574677496,0.040322018666242826,1.7458053599754593,16.400648775354846,81.8535458646697,4.510718471731876,100.0,100.0,2,3,18,315,True,True,
CTB_air_0_col_0_kurt,25,stats_features_2.csv,0.005289431880939453,0.0156575139830344,0.034988549112975206,0.03869540544797398,1.8685264675075803,16.372945393710527,81.7585281387819,4.482013773932513,100.0,100.0,2,3,18,315,True,True,
CTR_air_1_col_0_q05,26,stats_features_2.csv,10.85581681610629,9.513150389468636,30.229251815271876,33.49860376774861,10.501990010747923,8.064831778021,81.43317821123107,4.385951410407248,100.0,100.0,2,3,18,65,True,True,
CV1_air_0_col_0_mad,27,stats_features_2.csv,6.266580435117246,5.1498574117594815,16.811671285065064,18.666101711614278,11.270780215924468,7.611726115616689,81.11749366845886,4.295907134582074,100.0,100.0,2,3,18,65,True,True,
CTR_water_1_col_0_std,28,stats_features_2.csv,4.702050175748558,4.555406547977844,13.416730233010489,14.928819605648469,9.920271951474293,9.311150427502687,80.76857762102303,4.199823394722795,100.0,100.0,2,3,18,315,True,True,
CTB_air_1_col_0_kurt,29,stats_features_2.csv,0.0075190830512373834,0.01635126661149661,0.03616722538877791,0.040397632629330035,3.4643194546178186,16.382907110112257,80.15277343526994,4.03848735105927,100.0,100.0,2,3,18,315,True,True,
AC1_air_0_col_2_fft_mean,30,digital_feats_updt.csv,0.0006208222058122855,0.0007955614766469335,0.001972423235550589,0.002215579313519183,7.8516310166905665,12.893561236964922,79.25480774634453,3.8203939870636354,100.0,100.0,2,3,18,315,True,True,
CTR_water_1_col_0_q95,31,stats_features_2.csv,6.553709368096939,6.946226982335273,18.419776932539527,20.74823746770119,9.977274857482842,11.208190955632379,78.81453418688477,3.7202171942848343,100.0,100.0,2,3,18,61,True,True,
CV1_air_1_col_0_kurt,32,stats_features_2.csv,0.008323006407623412,0.017843641361016162,0.0379236716817115,0.04273023340100255,3.7939353659796473,17.437990691968068,78.76807394205228,3.7098882940281883,100.0,100.0,2,3,18,315,True,True,
CTR_water_1_col_0_q05,33,stats_features_2.csv,6.710353522207625,7.250066888674895,18.897356760976674,21.3237521753301,9.902926335147923,11.559971774978125,78.53710188987397,3.659203034319987,100.0,100.0,2,3,18,67,True,True,
GYR_air_0_col_1_fft_kurtosis,34,digital_feats_updt.csv,359.46380619447405,490.6387646142199,1118.846452849115,1273.4826305682514,7.967540603373513,14.843546065721272,77.18891333090521,3.3838332408549086,100.0,100.0,2,3,18,315,True,True,
CTR_water_1_col_0_peak_magn_raw,35,ctvt_singlefault_peaks_freq.csv,133958.3477138631,112512.32597447111,319158.47897575767,363958.78492012393,13.546751100133223,9.556432421421317,76.89681647844546,3.3284078104086032,100.0,100.0,2,3,18,315,True,True,
GYR_air_1_col_1_fft_kurtosis,36,digital_feats_updt.csv,375.07985083866345,501.1191330770664,1106.5878447228095,1271.354371577546,8.703906715925145,15.5363404000111,75.75975288406376,3.1253704849509183,100.0,100.0,2,3,18,315,True,True,
GYR_air_0_col_1_fft_skew,37,digital_feats_updt.csv,4.294873899530095,5.641075340257788,12.476771374057664,14.35052252455757,8.957058382254152,15.452130622195497,75.59081099555034,3.0968178001231657,100.0,100.0,2,3,18,315,True,True,
CV1_water_1_col_0_kurt,38,stats_features_2.csv,0.004535737037229842,0.009882131796168387,0.019093322606925648,0.021972355528706494,4.261303835036547,20.2277719254867,75.51092423947675,3.0834534131827662,100.0,100.0,2,3,18,315,True,False,
CTB_water_0_col_0_mad,39,stats_features_2.csv,6.367393872889465,6.154466512946918,15.268080799401694,17.65036696753226,13.014154312268335,12.158313784799056,74.8275319029326,2.9725941697250606,100.0,100.0,2,3,18,84,True,True,
VRY_air_1_col_1_mad,40,stats_features_2.csv,5.614238219197063,5.811996138020703,13.884648298167875,16.064944078772157,12.213024728232396,13.088569933599887,74.69840533816773,2.9523200547849684,100.0,100.0,2,3,18,76,True,True,
AC1_air_0_col_1_fft_mean,41,digital_feats_updt.csv,0.0006570126438366924,0.0007701148883325768,0.001722966559734805,0.0019983383901024288,10.809594221598939,14.851590829989751,74.3388149484113,2.896936162494528,100.0,100.0,2,3,18,315,True,True,
CTB_water_1_col_0_kurt,42,stats_features_2.csv,0.004706376798957693,0.009801436958825568,0.018505608988792343,0.021463357451192742,4.808150711004105,20.85375107274962,74.33809821624627,2.896827321789102,100.0,100.0,2,3,18,315,True,False,
CTB_air_0_col_0_mad,43,stats_features_2.csv,7.351237158274902,6.2415681648702295,16.297351478593427,18.93677707876223,15.069843215753677,10.86363841700969,74.06651836723664,2.8560190805103405,100.0,100.0,2,3,18,74,True,True,
AC1_air_0_col_2_fft_std,44,digital_feats_updt.csv,0.0026947983385718598,0.002574784963344779,0.006216582278914191,0.007248265373421836,13.822429105984916,12.618675077686841,73.55889581632825,2.781990317248296,100.0,100.0,2,3,18,315,True,True,
GYR_air_1_col_1_fft_skew,45,digital_feats_updt.csv,4.476658646203823,5.93766536179533,12.396601611303684,14.455866424835026,9.590024275561396,16.871091556965254,73.53888416747334,2.779130125611617,100.0,100.0,2,3,18,315,True,True,
CTB_water_0_col_0_std,46,stats_features_2.csv,6.416914885380697,6.579089943737612,15.160683838084125,17.728721205218243,13.100797583830683,13.77135984178564,73.12784257438366,2.721323837760542,100.0,100.0,2,3,18,315,True,True,
CTB_water_0_col_0_q05,47,stats_features_2.csv,9.494099667579997,10.270240613870925,22.770749424897424,26.7230761727802,12.62218885613925,14.770266716968687,72.60754442689208,2.650640218548835,100.0,100.0,2,3,18,95,True,True,
CV1_water_0_col_0_mad,48,stats_features_2.csv,8.405407179665186,6.679303200034951,17.40420508350404,20.449213082234536,16.895237946441693,10.668641356134899,72.4361206974234,2.627936362014627,100.0,100.0,2,3,18,89,True,True,
GYR_water_0_col_1_mad,49,stats_features_2.csv,4.393655990512111,12.928357910871934,21.882492348105217,25.793218538977474,2.9016232628761545,25.1232406124622,71.97513612466163,2.5682599724596393,100.0,100.0,2,3,18,77,True,False,
GYR_water_0_col_1_std,50,stats_features_2.csv,6.655038195523647,19.593582559703805,32.83153100110087,38.80860006215189,2.940662282342585,25.490112301276113,71.56922541638131,2.51731535508773,100.0,100.0,2,3,18,315,True,False,
GYR_water_0_col_1_rms,51,stats_features_2.csv,6.6552617894736565,19.59379134498855,32.83141389624208,38.80864474809361,2.940853112155621,25.49059683717656,71.56855005066782,2.5172318041538673,100.0,100.0,2,3,18,315,True,False,
AC1_air_1_col_0_fft_skew,52,digital_feats_updt.csv,2.1547858322291575,2.532345525809039,5.258516464767926,6.221565016544947,11.995239810983493,16.56710548565961,71.43765470335688,2.50111305501768,100.0,100.0,2,3,18,315,True,True,
GYR_water_0_col_1_q05,53,stats_features_2.csv,11.663000793933366,34.01624081781219,56.764467694919894,67.19624260018031,3.012524805565236,25.626108236868678,71.36136695756609,2.4917867711014643,100.0,100.0,2,3,18,160,True,False,
GYR_water_0_col_1_q95,54,stats_features_2.csv,11.18174957507414,33.13782937105617,55.167234764693866,65.3189945618252,2.930492005823571,25.73766433068324,71.33184366349319,2.4881908283951026,100.0,100.0,2,3,18,151,True,False,
GYR_air_1_col_2_q05,55,stats_features_2.csv,25.29148034273509,65.4606095280104,110.06110784305261,130.5304479320655,3.7542642950471015,25.149909871255552,71.09582583369733,2.459707910166933,100.0,100.0,2,3,18,179,True,False,
AC1_air_0_col_1_contrast_freq,56,digital_feats_updt.csv,0.03647649270884839,0.0381920892777622,0.08158043373089625,0.0971830096851316,14.087873953035484,15.444225863389361,70.46790018357515,2.3861459436210857,100.0,100.0,2,3,18,315,True,True,
CTR_water_0_col_0_mad,57,stats_features_2.csv,5.390617277235477,6.757494707524547,13.34410960899448,15.899300318212454,11.495317537996362,18.064061495173082,70.44062096683056,2.3830209994529,100.0,100.0,2,3,18,72,True,True,
CTR_water_0_col_0_std,58,stats_features_2.csv,5.394943234968267,7.039091134434639,13.517848002525225,16.167449740969705,11.135012778996451,18.95615001332776,69.90883720767579,2.323234821138532,100.0,100.0,2,3,18,315,True,True,
CV1_water_0_col_0_std,59,stats_features_2.csv,8.426455618898558,6.942384898639233,16.584769804139302,19.85589211882488,18.009890254653158,12.224710047635881,69.76539969771096,2.3074688932609795,100.0,100.0,2,3,18,315,True,True,
CTB_water_0_col_0_kurt,60,stats_features_2.csv,0.004836365678210902,0.009231025316095216,0.015792356700757515,0.018920908845077394,6.53362604976981,23.80213407453962,69.66423987569058,2.296439568028673,100.0,100.0,2,3,18,315,True,False,
GYR_air_1_col_2_rms,61,stats_features_2.csv,14.616628175947708,37.73860931769777,61.312828356420894,73.46503504070262,3.958521595119627,26.388238720037414,69.65323968484297,2.2952446640590445,100.0,100.0,2,3,18,315,True,False,
GYR_air_1_col_2_std,62,stats_features_2.csv,14.614184521528973,37.75185802821882,61.28869731580379,73.45121913542553,3.9586869182289726,26.41670492192827,69.62460815984277,2.2921386010828937,100.0,100.0,2,3,18,315,True,False,
GYR_air_0_col_1_q05,63,stats_features_2.csv,9.63038221062039,28.4674292900517,45.3232732646777,54.38141126645552,3.136072539918012,27.402838639424417,69.46108882065758,2.2745109808513226,100.0,100.0,2,3,18,105,True,False,
CV1_water_0_col_0_kurt,64,stats_features_2.csv,0.004643325366419234,0.009054112083250517,0.015290304996520485,0.018366568622394185,6.391490997138874,24.301645499256292,69.30686350360484,2.258057383993479,100.0,100.0,2,3,18,315,True,False,
GYR_air_1_col_2_q95,65,stats_features_2.csv,24.527133586188494,64.22626993057268,103.23447259116215,124.03205376968054,3.9104408671780244,26.813748432892005,69.27581069992996,2.2547644796529123,100.0,100.0,2,3,18,183,True,False,
GYR_air_0_col_0_fft_mean,66,digital_feats_updt.csv,0.0004118634031611043,0.0005046742233264565,0.0009777178013177837,0.0011748445146347196,12.2898227795761,18.45276537080915,69.25741184961474,2.2528165654376386,100.0,100.0,2,3,18,315,True,True,
GYR_air_0_col_1_std,67,stats_features_2.csv,5.663743664581571,16.18024944792069,25.5092878053259,30.734381868356724,3.3959259589955746,27.715419698005082,68.88865434299935,2.2142614820486894,100.0,100.0,2,3,18,315,True,False,
GYR_air_0_col_1_rms,68,stats_features_2.csv,5.664634364514877,16.182251546036525,25.511240262225023,30.737220552610403,3.3963667347470587,27.717158724645557,68.88647454060738,2.2140362920464796,100.0,100.0,2,3,18,315,True,False,
CV1_air_1_col_0_mad,69,stats_features_2.csv,4.315653555620506,3.7234957427295163,8.432209227143382,10.177987945001052,17.979155287641788,13.383751333457788,68.63709337890043,2.1884799839541795,100.0,100.0,2,3,18,47,True,True,
GYR_air_0_col_1_q95,70,stats_features_2.csv,9.428545817599241,27.601394682623088,43.075996788498344,52.02187966599459,3.2848636804845555,28.15075027694616,68.5643860425693,2.181105358254411,100.0,100.0,2,3,18,104,True,False,
AC1_water_3_col_1_std,71,stats_features_2.csv,21.630721337456162,102.10142403671051,154.0065594867297,186.03926806145648,1.3518632453200918,30.119957472457443,68.52817928222248,2.177445655170273,100.0,100.0,2,3,18,315,True,False,
AC1_water_3_col_1_rms,72,stats_features_2.csv,21.632947423772457,102.11502776484957,154.01724304468968,186.05583695423994,1.3519006940301352,30.122618460701513,68.52548084526833,2.1771732399910775,100.0,100.0,2,3,18,315,True,False,
AC1_water_3_col_1_q95,73,stats_features_2.csv,40.518108620172775,175.3693032824834,265.281071477039,320.57784786841654,1.5974648491015027,29.925411781028796,68.4771233698697,2.172299316884604,100.0,100.0,2,3,18,290,True,False,
AC1_air_1_col_0_q05,74,stats_features_2.csv,48.9455729018055,151.146347212314,233.79414999163674,282.66692758903235,2.9983120877332907,28.592051344464835,68.40963656780188,2.16552230285759,100.0,100.0,2,3,18,268,True,False,
CTB_water_0_col_0_peak_magn_raw,75,ctvt_singlefault_peaks_freq.csv,188729.64148381125,156381.60341357483,360132.01990008814,435625.0167496422,18.769582197732074,12.886818122835136,68.34359967943278,2.1589188596098796,100.0,100.0,2,3,18,315,True,True,
GYR_water_0_col_2_mad,76,stats_features_2.csv,13.267112445206184,29.838769005002238,47.72790495523496,57.830107381739914,5.263138789700263,26.62280476660365,68.11405644369609,2.136178166514687,100.0,100.0,2,3,18,134,True,False,
AC1_air_1_col_0_q95,77,stats_features_2.csv,47.86112307727813,147.89172454537479,226.62183352966696,274.80921513583104,3.033214944024557,28.961774177967072,68.00501087800836,2.1254894201937824,100.0,100.0,2,3,18,270,True,False,
GYR_water_1_col_1_std,78,stats_features_2.csv,8.284605260651805,23.593124223745903,36.446458549941994,44.199711942438775,3.51321527697913,28.492596693887386,67.99418802913348,2.124432527786691,100.0,100.0,2,3,18,315,True,False,
GYR_water_1_col_1_rms,79,stats_features_2.csv,8.285992043691609,23.592820537621527,36.4460406409776,44.199465194415275,3.514430788116782,28.492181314592237,67.99338789729099,2.1243544202398126,100.0,100.0,2,3,18,315,True,False,
AC1_air_1_col_0_std,80,stats_features_2.csv,29.092578807057503,88.6881603641524,135.9012969933049,164.86700838823066,3.113844521844537,28.937684552277435,67.94847092587803,2.119975953993996,100.0,100.0,2,3,18,315,True,False,
AC1_air_1_col_0_rms,81,stats_features_2.csv,29.117072758112077,88.70693634150412,135.89589988878632,164.87698471187508,3.1187125686945265,28.946435236490096,67.93485219481538,2.118650835716122,100.0,100.0,2,3,18,315,True,False,
GYR_water_1_col_1_q05,82,stats_features_2.csv,14.745387347219724,41.03518941268103,63.46069966512627,76.99723124984115,3.667432707268255,28.40289887628004,67.92966841645169,2.118146743805381,100.0,100.0,2,3,18,168,True,False,
AC1_air_1_col_0_fft_kurtosis,83,digital_feats_updt.csv,142.73390881330332,188.2932398032162,343.78199868421433,417.1491046376931,11.707702736403151,20.37449365815306,67.91780360544378,2.1169935739489536,100.0,100.0,2,3,18,315,True,False,
GYR_water_1_col_1_q95,84,stats_features_2.csv,14.350209315804625,39.793006141891965,61.521344876276835,74.66115268733701,3.6942568760188053,28.406917927043857,67.89882519693735,2.115150788514424,100.0,100.0,2,3,18,169,True,False,
AC1_water_2_col_0_q05,85,stats_features_2.csv,94.59618910673534,276.4743713881756,424.88087821617995,515.6648889557601,3.36520990119598,28.745815579275725,67.88897451952829,2.114195155829418,100.0,100.0,2,3,18,295,True,False,
CV1_water_0_col_0_q05,86,stats_features_2.csv,12.330106001667048,10.799174130803124,23.603972156892006,28.736756558510326,18.410183728731436,14.12230511223406,67.4675111590345,2.073850282062595,100.0,100.0,2,3,18,93,True,True,
GYR_water_3_col_1_q05,87,stats_features_2.csv,9.763154089955119,34.72090612971267,51.903863530813055,63.20499623983686,2.3860386147308135,30.177223659808345,67.43673772546084,2.0709453849219788,100.0,100.0,2,3,18,145,True,False,
GYR_water_3_col_1_std,88,stats_features_2.csv,5.560341828083668,19.909636179132416,29.725732103454092,36.20676957582486,2.3584323646674963,30.237584269397715,67.40398336593478,2.067859521690534,100.0,100.0,2,3,18,315,True,False,
GYR_water_3_col_1_rms,89,stats_features_2.csv,5.5615781166498115,19.91085543609744,29.726631026675637,36.20836792153001,2.3592729262711574,30.238618031368084,67.40210904236076,2.067683124958893,100.0,100.0,2,3,18,315,True,False,
AC1_water_3_col_1_q05,90,stats_features_2.csv,39.87328083947381,184.77847420348084,271.6126027319071,330.91746556606944,1.4518594116306727,31.1790855961708,67.36905499219853,2.0645756650961777,100.0,100.0,2,3,18,286,True,False,
AC1_air_0_col_resultant_fft_mean,91,digital_feats_updt.csv,0.0007213841516952584,0.0011352148802078973,0.0019325138051573645,0.0023545100394108142,9.387114186570363,23.246365246322462,67.36652056710717,2.064337659906571,100.0,100.0,2,3,18,315,True,False,
GYR_water_3_col_1_mad,92,stats_features_2.csv,3.4331289643118144,13.002523486216132,19.316089385010255,23.53642497544826,2.1276453642869404,30.51928111824118,67.35307351747188,2.063075479816383,100.0,100.0,2,3,18,77,True,False,
GYR_water_1_col_1_mad,93,stats_features_2.csv,4.9045967143121105,15.880938600623159,23.87243896391422,29.088702649871028,2.842875896002502,29.805995316137253,67.35112878786023,2.0628930277631534,100.0,100.0,2,3,18,89,True,False,
AC1_water_3_col_1_mad,94,stats_features_2.csv,14.029990923693786,59.571944882526395,87.86569263594552,107.07958351058406,1.7167277744094938,30.950681161239256,67.33259106435125,2.0611549326421676,100.0,100.0,2,3,18,207,True,False,
AC1_water_2_col_0_q95,95,stats_features_2.csv,93.03646317992109,277.9044300770457,420.38011248370594,512.4510656728988,3.2961091366180746,29.409398263183395,67.29449260019854,2.057589010241346,100.0,100.0,2,3,18,299,True,False,
CV1_air_1_col_0_q95,96,stats_features_2.csv,5.537050411850502,6.143300097989983,11.850669364918817,14.45120852226425,14.680762731618172,18.071538468873708,67.24769879950813,2.053220577932954,100.0,100.0,2,3,18,54,True,True,
VRY_water_3_col_1_kurt,97,stats_features_2.csv,0.003483293614032917,0.00394448594596857,0.007532660793538491,0.009188758480339877,14.37032181532585,18.42753110365575,67.2021470810184,2.048980073391496,100.0,100.0,2,3,18,315,True,True,
AC1_water_3_col_2_q95,98,stats_features_2.csv,45.41471627593712,123.77806049024883,188.68892192960175,230.18908308629,3.892456471522615,28.914647401706553,67.19289612677083,2.048120321330793,100.0,100.0,2,3,18,270,True,False,
CV1_air_1_col_0_std,99,stats_features_2.csv,3.8421578125458082,3.7457535261945143,7.671963459530051,9.362257711677763,16.84182750176875,16.007267803252496,67.15090469497875,2.0442238689208034,100.0,100.0,2,3,18,315,True,True,
AC1_water_3_col_2_q05,100,stats_features_2.csv,47.60097994167955,129.50772154163724,196.56925613748788,240.16156163874297,3.9284821949438316,29.079325437346426,66.99219236770975,2.029586245594024,100.0,100.0,2,3,18,274,True,False,
AC1_water_1_col_1_std,101,stats_features_2.csv,31.763326849828175,121.75913265347185,179.20937838953427,218.9753333593947,2.104076737302026,30.918092999823127,66.97783026287485,2.0282686085152988,100.0,100.0,2,3,18,315,True,False,
AC1_water_1_col_1_rms,102,stats_features_2.csv,31.76248454517101,121.78820578117285,179.22004619590533,219.00010833408732,2.1034891398624653,30.92586141442068,66.97064944571686,2.0276102412504837,100.0,100.0,2,3,18,315,True,False,
CV1_air_1_col_0_q05,103,stats_features_2.csv,4.881129574793718,6.19836480328221,11.225352564264686,13.720557290159077,12.656020515820053,20.408484824095872,66.93549466008407,2.0243912307763643,100.0,100.0,2,3,18,58,True,False,
AC1_air_0_col_0_q05,104,stats_features_2.csv,53.46623868300611,179.53135379944243,266.13017256381323,325.4464847326112,2.698982668795053,30.4313656063167,66.86965172488826,2.0183805847619842,100.0,100.0,2,3,18,275,True,False,
GYR_water_3_col_1_q95,105,stats_features_2.csv,9.640921558541109,33.88255039173851,50.01175540375367,61.17311720119816,2.4837957280867973,30.678276894210633,66.83792737770257,2.0154930645909706,100.0,100.0,2,3,18,148,True,False,
AC1_air_0_col_0_q95,106,stats_features_2.csv,53.47715357761083,172.18021403839026,255.4603473956622,312.67526469578894,2.9251592438426073,30.323507496589997,66.75133325956739,2.0076393974135898,100.0,100.0,2,3,18,271,True,False,
AC1_air_0_col_0_std,107,stats_features_2.csv,31.90248645668384,104.18422926257996,154.31371695919015,188.90432898935313,2.852103259932875,30.417263887879063,66.73063285218808,2.005768025454515,100.0,100.0,2,3,18,315,True,False,
AC1_water_2_col_0_std,108,stats_features_2.csv,56.807204029830125,166.27786609050904,248.85065534601446,304.6342657145464,3.4773573663747785,29.79280411160903,66.7298385220162,2.0056962622851704,100.0,100.0,2,3,18,315,True,False,
AC1_water_2_col_0_rms,109,stats_features_2.csv,56.81417680477271,166.30015474381784,248.85105729004167,304.64806066704796,3.477896081312739,29.79809298297983,66.72401093570743,2.005169878100089,100.0,100.0,2,3,18,315,True,False,
AC1_air_0_col_0_rms,110,stats_features_2.csv,31.900704338137295,104.23239968210646,154.32554940370392,188.94026378597732,2.850699957533492,30.43381792642043,66.71548211604609,2.00439983384013,100.0,100.0,2,3,18,315,True,False,
AC1_water_1_col_1_q05,111,stats_features_2.csv,58.03484049845241,216.68358934193807,317.5354113852953,388.7782891127219,2.228299597656437,31.063331655187117,66.70836874715646,2.0037578885972627,100.0,100.0,2,3,18,294,True,False,
AC1_water_1_col_1_q95,112,stats_features_2.csv,56.1626859551083,208.35696026714032,305.20330663183773,373.78593949540476,2.2576146657729206,31.07206410737406,66.67032122685302,2.0003289464814134,100.0,100.0,2,3,18,293,True,False,
CTB_water_0_col_0_q95,113,stats_features_2.csv,12.145034222912642,11.233069403946567,23.378339046989183,28.639665520141445,17.982977573583256,15.383707054788346,66.63331537162841,1.9970013836786853,100.0,100.0,2,3,18,59,True,True,
AC1_water_2_col_1_log_band_power_ratio,114,digital_feats_updt.csv,0.41477928288768573,0.570035574222498,0.9944770577430744,1.2190024724213309,11.577770589639938,21.867279004633268,66.5549504057268,1.989979121368174,100.0,100.0,2,3,18,315,True,False,
CTR_water_0_col_0_peak_magn_raw,115,ctvt_singlefault_peaks_freq.csv,146774.59885689768,171544.12858973586,318461.2893033576,390368.753498499,14.136819351773358,19.310860227600017,66.55232042062661,1.9897440198413143,100.0,100.0,2,3,18,315,True,True,
AC1_air_1_col_0_mad,116,stats_features_2.csv,23.170613603181557,63.70322863602065,95.50250256929212,117.11407545807084,3.914324997243,29.587256684421014,66.498418318336,1.9849336950777974,100.0,100.0,2,3,18,199,True,False,
GYR_water_0_col_2_std,117,stats_features_2.csv,19.94520829804813,47.210175974194364,72.19797929726369,88.53903243301816,5.074667702234963,28.431625842630318,66.49370645513471,1.9845139351536734,100.0,100.0,2,3,18,315,True,False,
GYR_water_0_col_2_rms,118,stats_features_2.csv,19.945510689355707,47.21265512780275,72.19997778859951,88.54205211960193,5.074475435415421,28.432672521707286,66.49285204287729,1.9844378318311247,100.0,100.0,2,3,18,315,True,False,
GYR_water_0_col_2_q95,119,stats_features_2.csv,33.39108724313735,79.9381332426378,121.43892657553599,149.17266083775186,5.010518242999044,28.716369407287964,66.27311234971299,1.9649934211806532,100.0,100.0,2,3,18,218,True,False,
AC1_air_0_col_1_fft_std,120,digital_feats_updt.csv,0.0026261479651281047,0.002053450282058938,0.004663587449299046,0.005732570025119101,20.986482179356944,12.83127011353157,66.18224770711149,1.957026804558766,100.0,100.0,2,3,18,315,True,False,
GYR_air_0_col_2_q05,121,stats_features_2.csv,35.85957158126363,81.19622090632332,124.03677441641808,152.52493753838948,5.527496569892848,28.339352374023278,66.13315105608388,1.952740013267874,100.0,100.0,2,3,18,198,True,False,
AC1_water_0_col_1_q05,122,stats_features_2.csv,46.096027744963614,181.27859977925175,261.25302823551004,321.30969371311346,2.058161018340967,31.830643581486598,66.11119540017243,1.950827011481804,100.0,100.0,2,3,18,289,True,False,
AC1_air_0_col_0_mad,123,stats_features_2.csv,25.68233555516128,73.21193495535688,108.29390245812904,133.2183887047358,3.716555982668347,30.201980121988388,66.08146389534326,1.9482404456208482,100.0,100.0,2,3,18,221,True,False,
GYR_water_0_col_2_q05,124,stats_features_2.csv,35.055410998172235,82.8236289276355,125.3317230275722,154.2617131567438,5.164090281804231,28.826519580467952,66.00939013772782,1.9419889906416425,100.0,100.0,2,3,18,212,True,False,
GYR_air_0_col_2_rms,125,stats_features_2.csv,19.8567048601571,45.55453875006477,69.1925106719304,85.18866275344239,5.433138292606244,28.595632390901955,65.97122931649182,1.9386897613807803,100.0,100.0,2,3,18,315,True,False,
GYR_air_0_col_2_std,126,stats_features_2.csv,19.85483995724882,45.55387473352325,69.17767132543656,85.1758204126947,5.433755974125197,28.60342214239984,65.96282188347496,1.9379638834234039,100.0,100.0,2,3,18,315,True,False,
AC1_water_3_col_2_std,127,stats_features_2.csv,29.468765375426255,75.62521731369917,112.83659995507108,138.9952514149922,4.494940581476541,29.60283772109688,65.90222169742658,1.9327423949041518,100.0,100.0,2,3,18,315,True,False,
AC1_water_3_col_2_rms,128,stats_features_2.csv,29.534516033408675,75.70777749948725,112.91119376978561,139.1146753213248,4.507272593800828,29.616593273997363,65.8761341322018,1.9305003245358376,100.0,100.0,2,3,18,315,True,False,
AC1_water_0_col_1_std,129,stats_features_2.csv,24.59563952847064,103.18953391598231,147.04707847279397,181.31703913586324,1.8400897317251885,32.38874085159236,65.77116941668244,1.9215137735011607,100.0,100.0,2,3,18,315,True,False,
AC1_water_0_col_1_rms,130,stats_features_2.csv,24.601505691669246,103.19958183188908,147.06229012169956,181.3358898519897,1.840584840105879,32.38831387802478,65.77110128186935,1.9215079580410552,100.0,100.0,2,3,18,315,True,False,
GYR_air_0_col_2_q95,131,stats_features_2.csv,34.192246593927116,77.68119512043326,117.28874900242019,144.77613216629138,5.577779402478109,28.78974759703466,65.63247300048724,1.9097234724342462,100.0,100.0,2,3,18,186,True,False,
GYR_air_1_col_1_q05,132,stats_features_2.csv,6.6182452379447785,28.932960538276802,40.9533854684762,50.57763494736245,1.7122559208499846,32.72417559519859,65.56356848395143,1.9039013509107796,100.0,100.0,2,3,18,97,True,False,
AC1_water_1_col_1_mad,133,stats_features_2.csv,21.40929817217997,75.81940426231864,108.66667517192438,134.22140814280982,2.544258768313963,31.909290946254632,65.5464502854314,1.902458551541215,100.0,100.0,2,3,18,221,True,False,
GYR_air_0_col_1_mad,134,stats_features_2.csv,3.754084332690827,10.209299245475975,14.97418834127437,18.5080862527866,4.114196396469614,30.427679824922013,65.45812377860837,1.8950367188818322,100.0,100.0,2,3,18,58,True,False,
GYR_air_1_col_2_mad,135,stats_features_2.csv,10.013695611223595,25.40140041085624,37.56385842206122,46.43865525808802,4.649748910974988,29.919618424593683,65.43063266443131,1.8927344556031043,100.0,100.0,2,3,18,107,True,False,
AC1_water_0_col_1_q95,136,stats_features_2.csv,44.60190073451964,177.86526487660217,251.07382194382544,310.9074557874667,2.057995685163116,32.72804119625614,65.21396311858075,1.874716666945592,100.0,100.0,2,3,18,287,True,False,
CTR_water_0_col_0_q95,137,stats_features_2.csv,7.624150171895947,11.236159118760847,18.565293012734273,23.0010661108222,10.98719801062706,23.863812551081523,65.14898943829142,1.8693572550195077,100.0,100.0,2,3,18,82,True,False,
GYR_air_1_col_1_std,138,stats_features_2.csv,3.7427723336568537,16.447075844130737,23.012834118814936,28.5325285024701,1.7207045279292308,33.227439102001355,65.05185637006942,1.8613823114300456,100.0,100.0,2,3,18,315,True,False,
GYR_air_1_col_1_rms,139,stats_features_2.csv,3.7429081893792655,16.449954070217366,23.01527390349655,28.536173245187456,1.7203898940041649,33.23057938913035,65.04903071686549,1.8611509795310515,100.0,100.0,2,3,18,315,True,False,
AC1_air_0_col_1_relative_band_power_75_125,140,digital_feats_updt.csv,0.08276335406954863,0.11010042764475013,0.18732981951147304,0.2325173933764943,12.669669142418547,22.421626835875536,64.90870402170593,1.8497095137738877,100.0,100.0,2,3,18,315,True,False,
AC1_water_2_col_1_rms,141,stats_features_2.csv,27.329125345802236,114.88633375182724,159.58723153425274,198.52917982974188,1.8949718735700354,33.487910022633606,64.61711810379636,1.826225412993546,100.0,100.0,2,3,18,315,True,False,
AC1_water_2_col_1_std,142,stats_features_2.csv,27.327885530693948,114.87978306736804,159.57133133484592,198.5124370641785,1.8951195752626044,33.489739659686414,64.61514076505097,1.826067480896793,100.0,100.0,2,3,18,315,True,False,
CV1_water_0_col_0_q95,143,stats_features_2.csv,13.347583858360554,12.834185795534243,24.89571961092699,31.026942724608798,18.50663025059304,17.110341447828997,64.38302830157797,1.8076502642258712,100.0,100.0,2,3,18,78,True,True,
AC1_water_2_col_1_q95,144,stats_features_2.csv,47.46300845325648,198.3405378977171,273.8387168128775,341.4371815879357,1.9323638288628868,33.74437181274573,64.32326435839137,1.8029470242051302,100.0,100.0,2,3,18,291,True,False,
CV1_water_0_col_0_peak_magn_raw,145,ctvt_singlefault_peaks_freq.csv,233938.23354325915,172721.06722294245,389982.0985447662,486462.4357145702,23.126174191422763,12.606426776828952,64.26739903174828,1.7985648200882338,100.0,100.0,2,3,18,315,True,False,
GYR_air_1_col_1_mad,146,stats_features_2.csv,2.7654425188571325,9.913280710636302,13.782799844463582,17.201348154302384,2.58466522466581,33.213132353040514,64.20220242229368,1.7934679440244858,100.0,100.0,2,3,18,52,True,False,
GYR_air_0_col_2_mad,147,stats_features_2.csv,12.889548708965023,27.30167815940601,40.339773518580145,50.386698877490566,6.544004838044502,29.35937953447164,64.09661562748384,1.7852527483885192,100.0,100.0,2,3,18,110,True,False,
GYR_air_0_col_0_relative_band_power_75_125,148,digital_feats_updt.csv,0.07927635770820081,0.10497314692082055,0.1756667219409882,0.2194604740344631,13.048925491191799,22.87935662400923,64.07171788479897,1.783322611400077,100.0,100.0,2,3,18,315,True,False,
AC1_water_2_col_1_q05,149,stats_features_2.csv,50.211578205835984,204.67473222082768,281.02299591926436,351.26467632118545,2.0433312945482114,33.951542046969934,64.00512665848186,1.7781734096187354,100.0,100.0,2,3,18,290,True,False,
CTR_water_0_col_0_q05,150,stats_features_2.csv,7.729833545820407,11.622677407847384,18.609877104663358,23.262942260678248,11.04106580616887,24.962212869544743,63.99672132428638,1.7775248165788868,100.0,100.0,2,3,18,85,True,False,
AC1_water_0_col_1_mad,151,stats_features_2.csv,17.12095801026626,64.90966969442088,89.35676550484877,111.76324961505303,2.3467027524884205,33.730342939117534,63.922954308394054,1.7718455899859618,100.0,100.0,2,3,18,213,True,False,
AC1_air_1_col_1_band_peak_mag_75_125,152,digital_feats_updt.csv,0.07928629466710474,0.07155300090419076,0.14212749191480187,0.1777818112699557,19.88939584339679,16.198733187774245,63.911870968828964,1.7709943043493674,100.0,100.0,2,3,18,68,True,True,
CV1_air_1_col_0_peak_magn_raw,153,ctvt_singlefault_peaks_freq.csv,95097.51545541393,97549.99058721447,181215.02032767195,226712.2001607255,17.594971102956276,18.51418846825751,63.89084042878622,1.7693804338697483,100.0,100.0,2,3,18,315,True,True,
GYR_air_1_col_1_q95,154,stats_features_2.csv,6.352136651643477,28.567086408878332,38.89143213185623,48.672081927941534,1.7032555703106094,34.44863754159308,63.84810688809631,1.7661068727566338,100.0,100.0,2,3,18,101,True,False,
AC1_water_1_col_2_q95,155,stats_features_2.csv,68.31279948382952,138.73814471834936,205.445364996223,257.1433634602278,7.057542889069062,29.109927561657912,63.83252954927303,1.7649155098152567,100.0,100.0,2,3,18,276,True,False,
CTR_water_3_col_0_kurt,156,stats_features_2.csv,0.00445281986869535,0.014781318457441024,0.02042189661028696,0.02560017268075715,3.0254115749818227,33.338077976369895,63.63651044864828,1.7500111027238519,100.0,100.0,2,3,18,315,True,False,
GYR_water_2_col_1_mad,157,stats_features_2.csv,4.260341116629178,15.038536414083293,20.508725018657508,25.785962960468606,2.7297447418089287,34.012960482371646,63.25729477581942,1.721628671320299,100.0,100.0,2,3,18,87,True,False,
GYR_water_1_col_2_mad,158,stats_features_2.csv,16.07173630380147,39.41319941988546,55.83342088477325,70.20734921663703,5.240351812599461,31.515066630405954,63.244581556994575,1.7206872955361519,100.0,100.0,2,3,18,152,True,False,
VRY_water_0_col_1_kurt,159,stats_features_2.csv,0.003616478038519038,0.006240359248598274,0.009440559748643215,0.011880453077318177,9.266285085443634,27.590093831855217,63.14362108270114,1.7132345319215325,100.0,100.0,2,3,18,315,True,False,
AC1_air_0_col_resultant_contrast_freq,160,digital_feats_updt.csv,0.06528231722178177,0.10572988642833192,0.1623742809146612,0.2044651484447817,10.194185655061485,26.739725650495558,63.066088694442946,1.7075388569786834,100.0,100.0,2,3,18,315,True,False,
GYR_water_2_col_1_std,161,stats_features_2.csv,6.7436836722358935,23.061847126552436,31.39320869876885,39.53301929734322,2.9098755282664994,34.03049051009925,63.05963396163425,1.7070657582586322,100.0,100.0,2,3,18,315,True,False,
GYR_water_2_col_1_rms,162,stats_features_2.csv,6.744877772017339,23.06407541865734,31.394006713430706,39.535156615345535,2.9105913934745433,34.033386976455624,63.05602163006983,1.7068010650794734,100.0,100.0,2,3,18,315,True,False,
AC1_water_2_col_1_mad,163,stats_features_2.csv,18.43798585884218,69.93548804297174,94.3966322182695,118.91869484858444,2.4039569545723647,34.58557111820997,63.01047192721766,1.703467851853511,100.0,100.0,2,3,18,225,True,False,
VRY_air_1_col_1_std,164,stats_features_2.csv,6.268132894370244,5.219796200325133,10.623363053799633,13.393715127896742,21.901520975532627,15.18815352813086,62.910325496336505,1.696168174517752,100.0,100.0,2,3,18,315,True,False,
CTB_air_1_col_0_q95,165,stats_features_2.csv,5.028062709339813,6.534927112018796,10.737667143594328,13.538248876980992,13.793560493231851,23.300031536144868,62.90640797062329,1.6958834270028043,100.0,100.0,2,3,18,55,True,False,
CTB_water_1_col_0_mad,166,stats_features_2.csv,7.46310392121729,7.1047205469973225,13.413945682423384,16.9147542979737,19.467383788395384,17.642601039079945,62.89001517252466,1.6946925595604774,100.0,100.0,2,3,18,79,True,True,
AC1_water_2_col_0_mad,167,stats_features_2.csv,47.054957819840354,124.4492632713291,173.06510395319793,218.29640031510996,4.646411058472582,32.50060992993271,62.852979011594726,1.6920059089317836,100.0,100.0,2,3,18,264,True,False,
GYR_water_2_col_1_q95,168,stats_features_2.csv,11.677238689399397,39.10930502003883,52.824350775059365,66.75558161956313,3.0598852970089077,34.32298328320204,62.61713141978906,1.6750221103400333,100.0,100.0,2,3,18,149,True,False,
GYR_water_2_col_1_q05,169,stats_features_2.csv,11.965382164319736,40.49352254734566,54.60758044721674,69.02813615425134,3.0046981821596015,34.412705797366016,62.582596020474384,1.6725531267406706,100.0,100.0,2,3,18,163,True,False,
AC1_air_1_col_1_contrast_freq,170,digital_feats_updt.csv,0.07997161493933008,0.08974200207661519,0.15520360014951656,0.1963090513249318,16.595528359683197,20.89829520140345,62.50617643891335,1.6671059524530873,100.0,100.0,2,3,18,315,True,False,
GYR_water_1_col_2_rms,171,stats_features_2.csv,25.02452338034062,61.42370152202542,85.52083790995471,108.22620568005158,5.346465439322323,32.21121475882445,62.44231980185323,1.6625712629858957,100.0,100.0,2,3,18,315,True,False,
GYR_water_1_col_2_std,172,stats_features_2.csv,25.02379113389905,61.42263778964259,85.51799519222932,108.22318632090257,5.346450869179395,32.21189641256438,62.44165271825623,1.6625239723635985,100.0,100.0,2,3,18,315,True,False,
AC1_water_1_col_2_q05,173,stats_features_2.csv,69.98413243831064,146.48521385503534,209.24407399604183,264.8372692310496,6.982982667846855,30.593514929873972,62.423502402279176,1.6612379118075506,100.0,100.0,2,3,18,281,True,False,
GYR_water_1_col_2_q05,174,stats_features_2.csv,43.870897976777684,107.04872419923727,148.81828535519114,188.49659704629232,5.416840143918918,32.25194890155125,62.33121095452983,1.6547176730127833,100.0,100.0,2,3,18,225,True,False,
GYR_water_1_col_2_q95,175,stats_features_2.csv,42.61451712492325,103.7169592585796,144.0784023909648,182.56996122902862,5.448243341568879,32.273116439297326,62.278640219133806,1.6510179002275536,100.0,100.0,2,3,18,227,True,False,
CTB_air_1_col_0_q05,176,stats_features_2.csv,4.997800699435229,6.865222151439221,10.9016520225168,13.818657816153191,13.080554102971178,24.68183613696301,62.2376097600658,1.6481374554052663,100.0,100.0,2,3,18,59,True,False,
CV1_air_0_col_0_rms,177,stats_features_2.csv,2.1537504947207102,1.104223545624693,3.1052498468282046,3.937070921820975,29.92569904755311,7.866246120723743,62.208054831723146,1.6460664978933541,100.0,100.0,2,3,18,315,True,False,
AC1_air_1_col_1_fft_mean,178,digital_feats_updt.csv,0.0011628212389377106,0.0015560109808674856,0.0024890098302323125,0.003157292089955871,13.56426881605942,24.28822580990915,62.147505374031425,1.64183380747105,100.0,100.0,2,3,18,315,True,False,
CV1_water_1_col_0_mad,179,stats_features_2.csv,9.232714886584267,7.20722698876807,15.00076596558903,19.03181874122796,23.534136234136753,14.340880428215568,62.124983337647684,1.6402628648715494,100.0,100.0,2,3,18,90,True,False,
AC1_air_0_col_resultant_fft_std,180,digital_feats_updt.csv,0.002993836926958288,0.003675462516096861,0.006067085524478095,0.007699455241365051,15.119460136019272,22.787883925914297,62.09265593806642,1.638011247546611,100.0,100.0,2,3,18,315,True,False,
VRY_air_0_col_1_std,181,stats_features_2.csv,3.046493592823755,4.302741322203975,6.734816644134085,8.552921215995346,12.68736969713915,25.308215950571842,62.004414352289,1.6318846859523113,100.0,100.0,2,3,18,315,True,False,
AC1_water_0_col_2_q95,182,stats_features_2.csv,65.87664344673406,121.26296972117704,174.99734586152144,222.86433325228197,8.737391279283672,29.605694873650894,61.65691384706543,1.6080321130422766,100.0,100.0,2,3,18,279,True,False,
AC1_water_3_col_0_q05,183,stats_features_2.csv,88.75657504537183,287.1571658716049,379.93486912415494,484.4455307891547,3.356689445980065,35.13576464168821,61.50754591233172,1.597911782196208,100.0,100.0,2,3,18,287,True,False,
AC1_water_2_col_2_q05,184,stats_features_2.csv,85.59074170815593,135.99240205707227,203.11229261662402,258.9870882792919,10.921878822369587,27.572304351175383,61.505816826455025,1.5977950889142323,100.0,100.0,2,3,18,275,True,False,
AC1_water_1_col_2_std,185,stats_features_2.csv,45.34257036941338,85.14075113453346,121.52561381075293,155.1559570352941,8.54034396513494,30.111892109697443,61.347763925167605,1.5871724421426927,100.0,100.0,2,3,18,315,True,False,
AC1_water_1_col_2_rms,186,stats_features_2.csv,45.355673739353286,85.26558730426031,121.54350957452235,155.24233391180096,8.535774211177399,30.1666614236698,61.2975643651528,1.583816712299141,100.0,100.0,2,3,18,315,True,False,
AC1_water_3_col_0_q95,187,stats_features_2.csv,86.62248642692414,286.8313841814556,376.4170535136832,481.10861173144207,3.2417164870378685,35.544063488045865,61.214220024916266,1.5782645099374237,100.0,100.0,2,3,18,288,True,False,
AC1_water_2_col_0_wavelet_max_energy,188,digital_feats_updt.csv,8723965.677576432,21148555.912353233,28737611.982863985,36731721.12492294,5.640860241752044,33.149644759688556,61.2094949985594,1.5779504545322678,100.0,100.0,2,3,18,315,True,False,
AC1_water_3_col_0_rms,189,stats_features_2.csv,52.44825789055485,170.37748887013208,222.31235210663425,284.95980482978695,3.3876218497163677,35.74845004840686,60.86392810187677,1.5551874562248929,100.0,100.0,2,3,18,315,True,False,
AC1_water_3_col_0_std,190,stats_features_2.csv,52.44626543935326,170.389799209807,222.31595658488834,284.9696106351472,3.387131356167227,35.75115560183085,60.861713042001924,1.5550428435285555,100.0,100.0,2,3,18,315,True,False,
AC1_water_1_col_0_q05,191,stats_features_2.csv,113.2312067313522,367.54676464588505,478.78959230514045,614.1265375142311,3.399511718414597,35.81867195522428,60.781816326361124,1.5498376169627812,100.0,100.0,2,3,18,298,True,False,
AC1_water_2_col_2_q95,192,stats_features_2.csv,85.67870113124552,130.20794097175133,193.34471677032275,248.34880153251532,11.902045633608989,27.488485043902298,60.60946932248872,1.5386812078947616,100.0,100.0,2,3,18,280,True,False,
GYR_water_3_col_2_mad,193,stats_features_2.csv,11.663315766572637,31.95630346835275,42.11059943761924,54.13447008171276,4.641905422443432,34.84699184463775,60.511102732918815,1.5323573693044654,100.0,100.0,2,3,18,128,True,False,
AC1_water_0_col_0_wavelet_entropy,194,digital_feats_updt.csv,0.22209407368371595,0.38804352228457883,0.5527837529085794,0.7109665464929722,9.758332409831016,29.789454040713494,60.452213549455486,1.5285865272144241,100.0,100.0,2,3,18,315,True,False,
AC1_water_0_col_0_q05,195,stats_features_2.csv,126.24437854725518,307.2603155157691,410.6089093040616,528.153596035759,5.713518203377347,33.84483975102399,60.44164204559865,1.527910792335449,100.0,100.0,2,3,18,290,True,False,
AC1_water_1_col_0_std,196,stats_features_2.csv,67.80137488449495,218.3203475076387,281.08140245143653,362.3086465655358,3.5020279177554063,36.31039977797592,60.187572304268684,1.5117785020359853,100.0,100.0,2,3,18,315,True,False,
AC1_water_1_col_0_rms,197,stats_features_2.csv,67.81218755777199,218.32893742273004,281.07376120308874,362.309918349415,3.503120390183169,36.313002199282245,60.183877410534585,1.5115454116684401,100.0,100.0,2,3,18,315,True,False,
VRY_air_0_col_1_q95,198,stats_features_2.csv,5.47300234381002,6.37725503332874,10.300541312200567,13.293768756068284,16.94942729063333,23.01289895138371,60.037673757982965,1.5023568296396714,100.0,100.0,2,3,18,48,True,False,
AC1_water_0_col_0_std,199,stats_features_2.csv,75.27771934885807,182.8380071689282,242.15380628062348,312.62587511603095,5.798064805056399,34.20448983824844,59.99744535669515,1.4998403449899875,100.0,100.0,2,3,18,315,True,False,
AC1_water_0_col_0_rms,200,stats_features_2.csv,75.29782912876837,182.82895983379728,242.14602901011258,312.6194027740117,5.801403234971124,34.20252104021217,59.996075724816706,1.4997547568610834,100.0,100.0,2,3,18,315,True,False,
GYR_water_3_col_2_rms,201,stats_features_2.csv,18.857587257821837,53.810156913352046,69.77901425488483,90.11244317301221,4.379280089207325,35.65816478598795,59.96255512480472,1.4976618840617828,100.0,100.0,2,3,18,315,True,False,
GYR_water_3_col_2_std,202,stats_features_2.csv,18.857785324029038,53.80825606388208,69.77671466821901,90.10956884734006,4.379651475067624,35.65792030588701,59.96242821904536,1.4976539673059972,100.0,100.0,2,3,18,315,True,False,
GYR_water_3_col_0_q95,203,stats_features_2.csv,12.745663040322734,31.216769398025825,41.24560303558752,53.27418124904631,5.723890245742367,34.335418450822154,59.94069130343547,1.4962986944549035,100.0,100.0,2,3,18,129,True,False,
AC1_air_1_col_resultant_contrast_time,204,digital_feats_updt.csv,0.06485282279809791,0.09371128001869602,0.139317863170899,0.17999210989965445,12.982275833494096,27.106709674818745,59.911014491687155,1.4944507507994689,100.0,100.0,2,3,18,315,True,False,
GYR_water_3_col_2_q95,205,stats_features_2.csv,32.32810864622259,91.96662231517321,119.11557417342745,153.92038929059717,4.411317205187748,35.69999591670611,59.88868687810615,1.4930622364845307,100.0,100.0,2,3,18,202,True,False,
GYR_water_3_col_0_rms,206,stats_features_2.csv,7.660354941247242,18.456249849720905,24.408916868076364,31.545354951464358,5.89694326117847,34.23072397936702,59.87233275945451,1.4920461835109808,100.0,100.0,2,3,18,315,True,False,
GYR_water_3_col_0_std,207,stats_features_2.csv,7.660550293271023,18.45472718494598,24.405919210481265,31.54219204137622,5.898426786955527,34.231940272832134,59.869632940212334,1.4918785280736757,100.0,100.0,2,3,18,315,True,False,
GYR_air_1_col_0_fft_mean,208,digital_feats_updt.csv,0.0006357158396335768,0.0006375967720508654,0.0010980764780359777,0.0014200127549098295,20.042023840356183,20.160798485446726,59.79717767419709,1.4873875567640973,100.0,100.0,2,3,18,315,True,False,
GYR_water_3_col_2_q05,209,stats_features_2.csv,33.448823762667175,95.56635041133036,123.38896976456213,159.61387471522386,4.391576168361423,35.84831285838555,59.760110973253035,1.4850963165810722,100.0,100.0,2,3,18,217,True,False,
AC1_water_0_col_0_q95,210,stats_features_2.csv,124.18412619678593,304.50612466745343,400.44266935793416,518.1698646213978,5.743648679778215,34.53406964225463,59.72228167796715,1.482762285600912,100.0,100.0,2,3,18,293,True,False,
CTB_water_1_col_0_std,211,stats_features_2.csv,7.703424309580666,7.185609914301956,12.808542710259408,16.58416420247015,21.576473350931547,18.773277319668313,59.65024932940014,1.478330059988778,100.0,100.0,2,3,18,315,True,False,
AC1_water_0_col_resultant_fft_mean,212,digital_feats_updt.csv,0.0011636052846327421,0.0014222546416722797,0.002234275972083321,0.002892883447982732,16.178918851144832,24.17090137923921,59.65017976961596,1.4783257875508065,100.0,100.0,2,3,18,315,True,False,
AC1_air_0_col_resultant_fft_skew,213,digital_feats_updt.csv,6.750107173801395,8.522998949514673,13.216837276437424,17.11403650641949,15.55666245331018,24.801615007266896,59.641722539422915,1.4778064449773005,100.0,100.0,2,3,18,315,True,False,
CTB_air_1_col_0_std,214,stats_features_2.csv,3.8488145799444275,4.357699354459684,7.061463691793935,9.146976921648767,17.705117425887362,22.696524634056136,59.598357940056516,1.475146922286749,100.0,100.0,2,3,18,315,True,False,
GYR_water_3_col_0_mad,215,stats_features_2.csv,5.4007153542330455,11.934375188731277,15.889475506691925,20.5930199184242,6.878005162991467,33.58607819086883,59.535916646139704,1.471327451693279,100.0,100.0,2,3,18,70,True,False,
CTB_air_1_col_0_mad,216,stats_features_2.csv,4.522152777244566,4.615871053920349,7.836895058072085,10.157413818408463,19.8209364314339,20.65099796417425,59.528065604391834,1.4708480455248905,100.0,100.0,2,3,18,49,True,False,
AC1_water_3_col_1_log_band_power_ratio,217,digital_feats_updt.csv,0.4531512031171006,0.5967250424522847,0.9084544906497649,1.177589211379707,14.808076127049935,25.677982097425513,59.51394177552454,1.469986073861495,100.0,100.0,2,3,18,315,True,False,
SMG_water_3_col_0_kurt,218,stats_features_2.csv,0.014586561368425904,0.04731594522584197,0.06001546758777929,0.07780374537867389,3.5148341651002966,36.984012986549494,59.50115284835021,1.4692060893868264,100.0,100.0,2,3,18,315,True,False,
AC1_water_1_col_0_q95,219,stats_features_2.csv,110.25058054100366,369.75104364357867,467.58039623475145,606.2198047970646,3.307512766913035,37.201339374092704,59.49114785899425,1.4685962379756838,100.0,100.0,2,3,18,301,True,False,
AC1_water_3_col_2_mad,220,stats_features_2.csv,27.14228430842592,56.32306138938984,75.7169219436855,98.19390566821632,7.640534159056457,32.90057105073892,59.45889479020462,1.466632310158096,100.0,100.0,2,3,18,208,True,False,
CTB_water_3_col_0_kurt,221,stats_features_2.csv,0.004197753401203386,0.007830138750531731,0.010743292447487656,0.013940966217667213,9.066675966289633,31.546644090689487,59.386679943020894,1.4622463728575597,100.0,100.0,2,3,18,315,True,False,
CTB_water_1_col_0_q95,222,stats_features_2.csv,11.387043987879148,11.08773719402082,19.159491172696683,24.893549141538845,20.924175668881784,19.838654223419955,59.23717010769826,1.4532153499697402,100.0,100.0,2,3,18,77,True,False,
AC1_air_0_col_1_kurt,223,stats_features_2.csv,0.0941334224342023,0.240932535104465,0.31083494093393865,0.40438589020444987,5.418707515690945,35.49759359918763,59.08369888512142,1.4440136883154515,100.0,100.0,2,3,18,315,True,False,
GYR_water_3_col_0_q05,224,stats_features_2.csv,13.399769358677105,32.84047105189695,42.5877745391436,55.423541008971554,5.845290607122723,35.109950479090635,59.044758913786644,1.4416899363257005,100.0,100.0,2,3,18,136,True,False,
GYR_air_1_col_0_relative_band_power_75_125,225,digital_feats_updt.csv,0.09151125171933769,0.10706130705143564,0.16887540037073062,0.2198984618163036,17.318274083769488,23.70394873894651,58.97777717728401,1.437703106244773,100.0,100.0,2,3,18,315,True,False,
AC1_water_1_col_0_mad,226,stats_features_2.csv,55.461981064702336,158.21337571090783,201.0051822468684,261.7452709936878,4.489862783791129,36.536648408694894,58.973488807513974,1.4374483009492391,100.0,100.0,2,3,18,258,True,False,
VRY_water_2_col_1_mad,227,stats_features_2.csv,5.882775084556033,7.194568888050957,11.125331497563959,14.49627073115954,16.46841893079293,24.631846423153956,58.899734646053126,1.4330743156721968,100.0,100.0,2,3,18,71,True,False,
AC1_water_0_col_0_mad,228,stats_features_2.csv,59.14541874601934,135.78371723574966,177.18272343443076,230.9309765030278,6.559607259634125,34.572517380454585,58.86787535991128,1.4311897543589744,100.0,100.0,2,3,18,251,True,False,
AC1_water_0_col_2_fft_mean,229,digital_feats_updt.csv,0.0010638462030540439,0.0013706916709241206,0.002075051064755533,0.002704884715073146,15.468926511380115,25.67923182580697,58.851841662812916,1.4302424225296706,100.0,100.0,2,3,18,315,True,False,
AC1_water_0_col_0_wavelet_max_energy_ratio,230,digital_feats_updt.csv,3.9225338890752315e-06,4.64403851826627e-06,7.2625364743804214e-06,9.470892350343258e-06,17.153455026773845,24.044171985786264,58.802372987439895,1.4273242720876262,100.0,100.0,2,3,18,315,True,False,
AC1_air_0_col_resultant_contrast_time,231,digital_feats_updt.csv,0.06669122837341762,0.10846060808688984,0.15194792122729192,0.19824125255311664,11.317470398690014,29.933396875733017,58.74913272557697,1.4241914560182707,100.0,100.0,2,3,18,315,True,False,
AC1_water_0_col_2_q05,232,stats_features_2.csv,67.06047258357725,131.9543311368956,175.71438592784816,229.7489889225173,8.519733333428402,32.986791971344495,58.49347469522711,1.4092597312283535,100.0,100.0,2,3,18,275,True,False,
AC1_air_0_col_2_fft_skew,233,digital_feats_updt.csv,7.1437809504070495,8.067196578199876,12.778172940249135,16.715112042389475,18.265756953211287,23.293068051288117,58.44117499550059,1.4062277985283127,100.0,100.0,2,3,18,315,True,False,
AC1_water_2_col_0_wavelet_max_energy_ratio,234,digital_feats_updt.csv,3.6848998327975454e-06,6.702985065152022e-06,9.067709127104642e-06,1.186304532467019e-05,9.648482074570328,31.925971682621764,58.42554624280791,1.4053232445104755,100.0,100.0,2,3,18,315,True,False,
GYR_air_0_col_0_fft_std,235,digital_feats_updt.csv,0.002197258393369544,0.0020827030182801526,0.0035885944450148944,0.004695061916564884,21.90179029485002,19.677596231617034,58.420613473532946,1.4050378890594197,100.0,100.0,2,3,18,315,True,False,
CTB_air_1_col_0_peak_magn_raw,236,ctvt_singlefault_peaks_freq.csv,92217.37719251591,105254.12916785573,165169.02413347072,216479.2897631398,18.146497920504146,23.639896785262778,58.21360529423307,1.3931234246011426,100.0,100.0,2,3,18,315,True,False,
GYR_air_0_col_0_fft_skew,237,digital_feats_updt.csv,7.55373894648418,7.995971552767848,12.941691845907588,16.984755546628733,19.779046076110202,22.162761831229442,58.05819209266036,1.3842558294321983,100.0,100.0,2,3,18,315,True,False,
AC1_water_2_col_2_std,238,stats_features_2.csv,57.95593994601412,80.72377351726752,116.90684095382366,153.4354197950907,14.267394035233151,27.679080499536266,58.05352546523059,1.3839905763024267,100.0,100.0,2,3,18,315,True,False,
AC1_water_2_col_2_rms,239,stats_features_2.csv,57.96654837951573,80.80025459586321,116.98128110734342,153.5363865776004,14.25385220085338,27.695092981581613,58.05105481756502,1.3838501675096315,100.0,100.0,2,3,18,315,True,False,
AC1_water_3_col_0_mad,240,stats_features_2.csv,41.86672840115957,124.79159693142319,154.24183270230546,202.77156745233597,4.263084425871798,37.87534243082415,57.86157314330406,1.3731308323416835,100.0,100.0,2,3,18,239,True,False,
AC1_air_1_col_1_fft_std,241,digital_feats_updt.csv,0.004180086349344704,0.004735090349944804,0.0073932299188944105,0.009723890741043618,18.479506352840392,23.71244843655917,57.80804521060044,1.3701200975197365,100.0,100.0,2,3,18,315,True,False,
AC1_water_0_col_2_std,242,stats_features_2.csv,43.85889242032558,76.69559876579416,103.36669021238811,135.97974099050634,10.403198879613669,31.812109267076092,57.78469185331024,1.3688089555693868,100.0,100.0,2,3,18,315,True,False,
AC1_water_0_col_2_rms,243,stats_features_2.csv,43.88666117673025,76.75661126386963,103.38639832106293,136.03809672204108,10.407441754871128,31.835413208103205,57.75714503702566,1.3672642411988851,100.0,100.0,2,3,18,315,True,False,
CV1_water_2_col_0_mad,244,stats_features_2.csv,9.216877439377734,6.872828237848555,13.442611050474103,17.688707967904474,27.150348033451298,15.096586396056793,57.75306557049191,1.3670356524177358,100.0,100.0,2,3,18,79,True,False,
CTB_water_1_col_0_q05,245,stats_features_2.csv,11.628144050255724,11.098419607367829,18.78709638790255,24.725364355718707,22.117467926134612,20.148229115928608,57.734302957936784,1.3659848765886689,100.0,100.0,2,3,18,93,True,False,
AC1_air_0_col_resultant_relative_band_power_75_125,246,digital_feats_updt.csv,0.08013209481254256,0.1316588106172544,0.17978456351200853,0.23680727250107797,11.450459658103233,30.910767137801564,57.6387732040952,1.3606492909612178,100.0,100.0,2,3,18,315,True,False,
GYR_water_0_col_0_q05,247,stats_features_2.csv,14.332912874252237,29.723353803889058,38.39696320229079,50.6284202397245,8.014568945151087,34.46726866928451,57.518162385564395,1.353947136364444,100.0,100.0,2,3,18,127,True,False,
AC1_water_0_col_0_contrast_freq,248,digital_feats_updt.csv,0.2346039796846533,0.4137671525266003,0.5519298485241764,0.7286074673552067,10.367726071441075,32.249633644124984,57.38264028443393,1.3464616453814438,100.0,100.0,2,3,18,315,True,False,
AC1_air_0_col_1_fft_skew,249,digital_feats_updt.csv,8.247250379270413,8.278217952871964,13.555220614609677,17.89664877021301,21.2361081887091,21.395886388912434,57.36800542237847,1.345656143719163,100.0,100.0,2,3,18,315,True,False,
VRY_water_1_col_1_kurt,250,stats_features_2.csv,0.00452518911113241,0.007346858628847734,0.009996223807426551,0.013205232243771675,11.743062694612245,30.953608033211758,57.303329272175986,1.3421029859087656,100.0,100.0,2,3,18,315,True,False,
AC1_water_1_col_2_fft_mean,251,digital_feats_updt.csv,0.0011643661059824908,0.0012201529986950981,0.0019505959492931181,0.0025786326466529096,20.389198610114562,22.389769868314435,57.221031521571,1.337597271669239,100.0,100.0,2,3,18,315,True,False,
AC1_air_1_col_2_q05,252,stats_features_2.csv,41.942407369438506,120.83466230839342,147.78257836846433,195.44787443295132,4.605160858724925,38.22268242231953,57.17215671895554,1.334929623791256,100.0,100.0,2,3,18,234,True,False,
GYR_air_1_col_0_wavelet_std_energy,253,digital_feats_updt.csv,0.030132773190191357,0.025836155907621967,0.04583096825647714,0.0606297668108717,24.70053782061252,18.15866837949256,57.14079379989492,1.3332210011802508,100.0,100.0,2,3,18,315,True,False,
AC1_water_0_col_1_contrast_freq,254,digital_feats_updt.csv,0.06746101427630498,0.13127558089306773,0.16983440300001437,0.2250066466315417,8.989075716311733,34.03903214163682,56.97189214205145,1.3240622230040051,100.0,100.0,2,3,18,315,True,False,
AC1_air_1_col_2_q95,255,stats_features_2.csv,41.350038697089126,111.01536400545766,136.24543533951356,180.54654634295446,5.245337897733079,37.80835690648682,56.946305195780106,1.322681025513251,100.0,100.0,2,3,18,239,True,False,
CV1_water_2_col_0_std,256,stats_features_2.csv,9.324836301711079,6.01043042279949,12.754763526363575,16.90449166743789,30.428335882650746,12.641741826893783,56.92992229045548,1.3217975290032864,100.0,100.0,2,3,18,315,True,False,
CTB_water_2_col_0_std,257,stats_features_2.csv,7.904763922566704,5.726929307373039,11.206157076656126,14.861391872561956,28.291686451911616,14.849939095510832,56.85837445257755,1.3179469649347655,100.0,100.0,2,3,18,315,True,False,
AC1_air_1_col_2_rms,258,stats_features_2.csv,24.801933890150025,66.813330304643,81.72495631545799,108.43489067570556,5.231581546412739,37.96541464350731,56.80300381007994,1.3149757811941292,100.0,100.0,2,3,18,315,True,False,
GYR_air_1_col_0_fft_std,259,digital_feats_updt.csv,0.002644413693134318,0.002724704745309245,0.0043535804596161656,0.0057767293988812305,20.95534166756188,22.247173806510116,56.797484525928006,1.3146800343145537,100.0,100.0,2,3,18,315,True,False,
AC1_air_1_col_2_std,260,stats_features_2.csv,24.77468944662646,66.82337171733383,81.68093391296166,108.40167530874865,5.223293746553121,38.0001037192591,56.77660253418776,1.3135617712396512,100.0,100.0,2,3,18,315,True,False,
AC1_air_1_col_1_q95,261,stats_features_2.csv,34.42550180934333,158.49615919714336,185.40804090371796,246.33775448929072,1.9529836279304411,41.39763475551656,56.649381616553,1.3067721690951473,100.0,100.0,2,3,18,256,True,False,
AC1_water_3_col_0_wavelet_max_energy,262,digital_feats_updt.csv,7641280.802137564,15431007.754274173,19680834.801997866,26150342.848863687,8.53842060816345,34.820403924476665,56.641175467359886,1.3063355863054114,100.0,100.0,2,3,18,315,True,False,
AC1_water_0_col_1_fft_mean,263,digital_feats_updt.csv,0.0017199623641086454,0.0024891779361561795,0.0034495308415527256,0.0045884137083114455,14.05117848855731,29.42976189422591,56.51905961721679,1.2998582624858812,100.0,100.0,2,3,18,315,True,False,
AC1_water_0_col_0_log_band_power_ratio,264,digital_feats_updt.csv,0.5680296581602792,0.701439307836456,1.0270597083179087,1.3673062713151862,17.25879269311343,26.317739731415084,56.423467575471484,1.2948131582794697,100.0,100.0,2,3,18,315,True,False,
GYR_water_0_col_0_q95,265,stats_features_2.csv,14.279797291063623,29.24660313575369,37.00435448096289,49.280814281086144,8.396307481794791,35.220467276228504,56.38322524197672,1.2926958848924297,100.0,100.0,2,3,18,121,True,False,
AC1_water_1_col_0_wavelet_entropy,266,digital_feats_updt.csv,0.25267039368453176,0.4371978849072891,0.5721450870110455,0.7631083271744452,10.963174547912836,32.823411626273916,56.21341382581326,1.283804441894409,100.0,100.0,2,3,18,315,True,False,
CV1_water_1_col_0_std,267,stats_features_2.csv,9.53337706280544,7.369106422045943,13.614758766136786,18.181052333161634,27.49511289373856,16.428262104203426,56.07662500205801,1.2766920803486859,100.0,100.0,2,3,18,315,True,False,
AC1_air_1_col_resultant_fft_mean,268,digital_feats_updt.csv,0.0009673083647506842,0.001420351256322151,0.0019413120662871018,0.0025926387528085073,13.920212662848384,30.012868334274334,56.06691900287728,1.2761890978360755,100.0,100.0,2,3,18,315,True,False,
AC1_water_0_col_1_log_band_power_ratio,269,digital_feats_updt.csv,0.5330552912879785,0.6741579278195973,0.9699880486480373,1.295960520128662,16.918465666041723,27.060745014031053,56.02078931992722,1.2738016088431197,100.0,100.0,2,3,18,315,True,False,
AC1_air_1_col_1_rms,270,stats_features_2.csv,20.562211624304684,91.48885329443846,105.7467019178031,141.33428384686667,2.116628326053801,41.90263396698588,55.98073770696032,1.2717327549537782,100.0,100.0,2,3,18,315,True,False,
AC1_water_1_col_0_wavelet_max_energy,271,digital_feats_updt.csv,8088898.640913967,21168661.596171413,25546560.846410394,34149220.87069558,5.6107018084114495,38.4260020499452,55.96329614164335,1.2708329924430402,100.0,100.0,2,3,18,315,True,False,
AC1_air_1_col_1_std,272,stats_features_2.csv,20.57160535676342,91.51279052210927,105.65416633627997,141.28193317021177,2.120133025060526,41.955638975775386,55.9242279991641,1.268820158115517,100.0,100.0,2,3,18,315,True,False,
GYR_water_0_col_0_rms,273,stats_features_2.csv,8.688521562815595,17.466363964208774,21.967391699853753,29.379083974360498,8.746116650128196,35.34504267436378,55.908840675508024,1.2680283651432933,100.0,100.0,2,3,18,315,True,False,
GYR_water_0_col_0_std,274,stats_features_2.csv,8.68927540137952,17.46437034536069,21.963739091609987,29.375390609237012,8.74983420408669,35.34586092349443,55.904304872418884,1.2677950695792906,100.0,100.0,2,3,18,315,True,False,
GYR_water_1_col_0_q05,275,stats_features_2.csv,18.054924595813016,41.56554775328795,51.013754107793886,68.23546123799423,7.0011776055547355,37.106223238013335,55.89259915643194,1.2671932167270843,100.0,100.0,2,3,18,146,True,False,
AC1_air_0_col_2_relative_band_power_75_125,276,digital_feats_updt.csv,0.0806442270648364,0.13314575646876944,0.1751075739728072,0.23429457161267714,11.847374435175483,32.29462202061603,55.85800354420848,1.265416338840737,100.0,100.0,2,3,18,315,True,False,
AC1_air_0_col_2_wavelet_std_energy,277,digital_feats_updt.csv,0.02236683346244553,0.03285602039659276,0.044665292387291895,0.059789477832477914,13.994567690869639,30.19815415686783,55.80727815226254,1.262816043432267,100.0,100.0,2,3,18,315,True,False,
GYR_air_0_col_0_contrast_freq,278,digital_feats_updt.csv,0.05679099577051039,0.0787484774515236,0.10905274108273771,0.14601041140685098,15.128341446985687,29.088188921052684,55.78346963196164,1.2615976235051756,100.0,100.0,2,3,18,315,True,False,
AC1_air_1_col_2_fft_mean,279,digital_feats_updt.csv,0.0008771535649721566,0.0011880658970009012,0.0016550051852627966,0.0022180940276297265,15.638365551449656,28.689379456117468,55.67225499243288,1.2559234624483866,100.0,100.0,2,3,18,315,True,False,
AC1_water_2_col_1_contrast_freq,280,digital_feats_updt.csv,0.07334429608642268,0.12101502981997939,0.15844842813175244,0.21243805588492487,11.919774872015013,32.44994668719672,55.63027844078827,1.25378921674208,100.0,100.0,2,3,18,315,True,False,
VRY_air_0_col_1_q05,281,stats_features_2.csv,5.523251636669768,6.603450241547409,9.633510749662076,12.919612730202967,18.276400583367,26.124189651570315,55.59940976506268,1.2522223121555127,100.0,100.0,2,3,18,64,True,False,
AC1_air_0_col_resultant_fft_kurtosis,282,digital_feats_updt.csv,709.5371639761079,785.8528972082264,1181.9932779409505,1586.8572311999005,19.992844357123786,24.524875239685326,55.4822804031909,1.24629655125389,100.0,100.0,2,3,18,315,True,False,
AC1_air_0_col_2_band_power_175_225,283,digital_feats_updt.csv,0.389479790526213,0.5567535543229917,0.7574786663376659,1.0175671758838902,14.6502041603458,29.936416875996677,55.41337896365753,1.242825261831126,100.0,100.0,2,3,18,315,True,False,
AC1_air_1_col_1_q05,284,stats_features_2.csv,37.397569309426295,165.03672784073785,188.2813526711219,253.1512739258851,2.1823606234977393,42.50117866320061,55.31646071330165,1.2379605912230986,100.0,100.0,2,3,18,263,True,False,
CV1_water_3_col_0_kurt,285,stats_features_2.csv,0.004157156965838383,0.00798936748475052,0.010000444618346522,0.013458114259049199,9.541670685135065,35.24166132094319,55.21666799392176,1.2329736426585551,100.0,100.0,2,3,18,315,True,False,
AC1_water_1_col_2_fft_skew,286,digital_feats_updt.csv,6.598908518716646,6.983167702905921,10.621830378830792,14.32248251533065,21.22792839378677,23.772143449387123,54.9999281568261,1.2222186744168297,100.0,100.0,2,3,18,315,True,False,
GYR_air_0_col_0_fft_kurtosis,287,digital_feats_updt.csv,849.6470604767145,875.9185478300286,1346.7983341280556,1817.4155228289137,21.855897851122318,23.22838305470606,54.915719094171614,1.2180679826939915,100.0,100.0,2,3,18,315,True,False,
AC1_air_0_col_0_fft_skew,288,digital_feats_updt.csv,2.8172110729275524,2.5223749004280163,4.1678754841008026,5.627631777106899,25.06036700416758,20.08944439665917,54.85018859917325,1.2148486759386303,100.0,100.0,2,3,18,315,True,False,
AC1_water_0_col_1_fft_std,289,digital_feats_updt.csv,0.005769485173254689,0.007826867204669994,0.010715906457599674,0.01446988115403754,15.898062316313412,29.258092089037525,54.84384559464906,1.2145375600928088,100.0,100.0,2,3,18,315,True,False,
AC1_air_1_col_2_log_band_power_ratio,290,digital_feats_updt.csv,0.6037701860172157,1.171784321705349,1.45122127263747,1.9605254694273282,9.484148610848404,35.72320275617348,54.79264863297812,1.2120296141248517,100.0,100.0,2,3,18,315,True,False,
SMG_air_1_col_0_kurt,291,stats_features_2.csv,0.00697294874447206,0.032906746405032584,0.03702924926561668,0.050026405770686073,1.9428279510808706,43.26844482550066,54.78872722341847,1.211837753256039,100.0,100.0,2,3,18,315,True,False,
GYR_water_1_col_0_rms,292,stats_features_2.csv,10.694933040307856,24.234055748018303,29.134791858904816,39.37647962167814,7.3770438871394335,37.877249323501545,54.74570678935902,1.209735097055637,100.0,100.0,2,3,18,315,True,False,
GYR_water_1_col_0_std,293,stats_features_2.csv,10.694831386142967,24.235222073671526,29.13201786771209,39.375117426909355,7.377414073327563,37.883516338107604,54.73906958856484,1.2094110547655692,100.0,100.0,2,3,18,315,True,False,
VRY_water_1_col_0_q95,294,stats_features_2.csv,9.796614085022684,6.075287423978426,12.66064663230716,17.1223461582508,32.73598816791245,12.589460313123165,54.674551518964385,1.2062660900496212,100.0,100.0,2,3,18,50,True,False,
GYR_water_1_col_0_q95,295,stats_features_2.csv,17.930256347734552,41.07375661655528,49.19300001474378,66.5469670664417,7.259663044883004,38.0953806014236,54.64495635369339,1.2048264528159767,100.0,100.0,2,3,18,136,True,False,
AC1_water_3_col_0_wavelet_max_energy_ratio,296,digital_feats_updt.csv,3.3039863610200057e-06,4.991095377126773e-06,6.568900002605362e-06,8.886945829789399e-06,13.822017097694369,31.54181442605886,54.636168476246766,1.2043993340297632,100.0,100.0,2,3,18,315,True,False,
GYR_air_1_col_0_log_band_power_ratio,297,digital_feats_updt.csv,0.571735977849129,1.072782787519845,1.3298455266703917,1.8017308518120014,10.069576687527267,35.45224672919011,54.478176583282625,1.1967485591378164,100.0,100.0,2,3,18,315,True,False,
AC1_air_1_col_1_kurt,298,stats_features_2.csv,0.09017416657412097,0.2259553132909944,0.26597596013987895,0.3604585902625976,6.258258738405147,39.29473429898055,54.447006962614296,1.195245434650786,100.0,100.0,2,3,18,315,True,False,
AC1_air_0_col_2_kurt,299,stats_features_2.csv,0.09889423059506589,0.13482774108592466,0.18251116083144056,0.2475255793637562,15.962530516057777,29.67005458816348,54.367414895778744,1.1914165014234417,100.0,100.0,2,3,18,315,True,False,
GYR_water_1_col_0_kurt,300,stats_features_2.csv,0.10444070050986923,0.13402447714715562,0.1853531611164744,0.2514482346993718,17.252116023363254,28.409988721135445,54.3378952555013,1.1899997943491172,100.0,100.0,2,3,18,315,True,False,
GYR_air_1_col_0_q05,301,stats_features_2.csv,5.191929278180651,23.674210723803608,26.43101898933942,35.86116489797157,2.096084325924863,43.581505848991334,54.32240982508381,1.1892573495463188,100.0,100.0,2,3,18,85,True,False,
GYR_air_0_col_0_q05,302,stats_features_2.csv,7.444256666112242,22.50289620698958,25.832665532829942,35.058863409194586,4.508655079536282,41.19847773216679,54.29286718829692,1.1878423311294535,100.0,100.0,2,3,18,93,True,False,
GYR_air_1_col_0_rms,303,stats_features_2.csv,3.0106189836233237,13.325542409843973,14.871916271537453,20.19425167637375,2.2225731453561415,43.54259045114586,54.23483640349799,1.1850681204085842,100.0,100.0,2,3,18,315,True,False,
GYR_air_1_col_0_std,304,stats_features_2.csv,3.0121864383917085,13.32431749687756,14.866047596727054,20.189355488607916,2.2259673386681436,43.55570375384631,54.21832890748554,1.1842802504505023,100.0,100.0,2,3,18,315,True,False,
AC1_water_1_col_2_mad,305,stats_features_2.csv,42.79630864264129,63.48708670854253,83.29408959514792,113.13725988222775,14.308737273010589,31.489044666960318,54.2022180600291,1.183511859396908,100.0,100.0,2,3,18,218,True,False,
CV1_water_1_col_0_q95,306,stats_features_2.csv,13.694759094123945,11.591761135281429,19.494677231116544,26.494486090674137,26.7176215522506,19.14202356856354,54.140354879185864,1.180566372385934,100.0,100.0,2,3,18,88,True,False,
AC1_air_0_col_1_wavelet_std_energy,307,digital_feats_updt.csv,0.023724046248378355,0.020910502037776713,0.034341974689192825,0.04668458730052372,25.824414042073673,20.062353197214776,54.11323276071155,1.1792775132430675,100.0,100.0,2,3,18,315,True,False,
GYR_air_1_col_0_mad,308,stats_features_2.csv,2.220884203665408,8.192996198659458,9.205854458079681,12.522191088650757,3.1455107706289094,42.80799162968343,54.046497599687655,1.1761126960220623,100.0,100.0,2,3,18,41,True,False,
AC1_air_0_col_resultant_wavelet_std_energy,309,digital_feats_updt.csv,0.02248599849991563,0.031379030796740315,0.041794546800898794,0.05689505993118827,15.619791637797857,30.4179493483053,53.962259013896855,1.1721309051672577,100.0,100.0,2,3,18,315,True,False,
AC1_air_1_col_1_relative_band_power_75_125,310,digital_feats_updt.csv,0.09461518058869384,0.11081579950192973,0.15762279534816045,0.21465581620457225,19.42836815427093,26.651278489289155,53.920353356439925,1.1701555303479227,100.0,100.0,2,3,18,315,True,False,
GYR_air_1_col_0_wavelet_mean_energy,311,digital_feats_updt.csv,0.027466543072355208,0.02142491053991206,0.03766084826710144,0.051300850599053587,28.665457229927274,17.441703615818778,53.89283915425395,1.1688605016161224,100.0,100.0,2,3,18,315,True,False,
CTB_water_2_col_0_mad,312,stats_features_2.csv,7.776885729267889,6.97628205051124,11.26121627813567,15.361102009859959,25.6310671739524,20.625444417690655,53.74348840835694,1.1618577916728707,100.0,100.0,2,3,18,73,True,False,
CTB_water_1_col_0_peak_magn_raw,313,ctvt_singlefault_peaks_freq.csv,212364.89037475394,156651.34208988657,283832.27366687113,387555.47888960305,30.02601337814935,16.33805968167788,53.63592694017277,1.1568424299341018,100.0,100.0,2,3,18,315,True,False,
AC1_water_0_col_resultant_fft_std,314,digital_feats_updt.csv,0.00410828746413793,0.004575480635761177,0.006612731710350059,0.009030020465607351,20.698752875526043,25.674144084998396,53.62710303947555,1.1564320228931644,100.0,100.0,2,3,18,315,True,False,
AC1_air_1_col_2_mad,315,stats_features_2.csv,19.483628996373152,43.27120835989261,50.96730674198872,69.63961249407927,7.82757091321969,38.60871564252916,53.56371344425116,1.1534883044522846,100.0,100.0,2,3,18,165,True,False,
AC1_water_1_col_resultant_contrast_freq,316,digital_feats_updt.csv,0.08940902871166753,0.12152214494356792,0.1617555977889068,0.22119330808796162,16.338748444296172,30.18331146989254,53.477940085811284,1.1495178885985033,100.0,100.0,2,3,18,315,True,False,
GYR_air_1_col_0_q95,317,stats_features_2.csv,5.117167587174204,22.866695129047912,25.122012113800462,34.353844659455326,2.2187510995034985,44.305343504496626,53.47590539599987,1.1494238813494724,100.0,100.0,2,3,18,88,True,False,
AC1_air_0_col_2_wavelet_mean_energy,318,digital_feats_updt.csv,0.02052442299243449,0.023161600283600804,0.03307504353142453,0.045295365894043704,20.532147175949984,26.147464400261953,53.320388423788074,1.1422628985833356,100.0,100.0,2,3,18,315,True,False,
VRY_air_0_col_1_mad,319,stats_features_2.csv,4.939704331611848,9.740806793933555,11.670823102367937,15.984120487760723,9.5504628682986,37.13747474469105,53.31206238701035,1.1418808607253133,100.0,100.0,2,3,18,81,True,False,
CV1_water_2_col_0_kurt,320,stats_features_2.csv,0.00692107735289487,0.013356702210800642,0.016043856353306858,0.02199336564417338,9.902937023451045,36.882053869595936,53.21500910695302,1.1374376288456571,100.0,100.0,2,3,18,315,True,False,
AC1_air_0_col_resultant_band_peak_to_median_75_125,321,digital_feats_updt.csv,10.27194296854072,6.8426574889504455,13.125498448285105,18.017033145775624,32.50413730557979,14.423911485173573,53.07195120924664,1.130921753126541,100.0,100.0,2,3,18,315,True,False,
GYR_water_3_col_1_kurt,322,stats_features_2.csv,0.1171567858167763,0.23019417121355387,0.2745097993226518,0.3769226695859185,9.661184589247839,37.2978783735494,53.04093703720277,1.1295143831814494,100.0,100.0,2,3,18,315,True,False,
AC1_water_2_col_2_fft_mean,323,digital_feats_updt.csv,0.00099535554617096,0.0012217324584491303,0.001672128296702101,0.0022976892531309176,18.766094351254804,28.272853215669702,52.9610524330755,1.1258979031732237,100.0,100.0,2,3,18,315,True,False,
CV1_water_2_col_0_peak_magn_raw,324,ctvt_singlefault_peaks_freq.csv,235203.3720344231,138366.10310203163,288084.8385551823,396810.6335638836,35.13342459084419,12.15885883220291,52.70771657695289,1.1145098684591463,100.0,100.0,2,3,18,315,True,False,
GYR_air_0_col_0_wavelet_std_energy,325,digital_feats_updt.csv,0.026731881935639613,0.026286588826936356,0.03951170464328296,0.05446790860493378,24.086720245712485,23.29094253435399,52.62233721993352,1.110699307059817,100.0,100.0,2,3,18,315,True,False,
AC1_air_0_col_resultant_fft_entropy,326,digital_feats_updt.csv,0.18019560501943047,0.22994996199152462,0.3078337300813102,0.4243925617444245,18.02822051740173,29.358317118443033,52.613462364155225,1.1103040017077899,100.0,100.0,2,3,18,315,True,False,
AC1_water_2_col_0_wavelet_entropy,327,digital_feats_updt.csv,0.23224858956110633,0.4649818355074161,0.5476703443887582,0.7550432575871863,9.46155466642441,37.925237362015565,52.61320797156003,1.1102926726920725,100.0,100.0,2,3,18,315,True,False,
GYR_air_0_col_0_kurt,328,stats_features_2.csv,0.09173430293290213,0.20204438057805496,0.232947018631793,0.3217163774929655,8.13049880954363,39.440935927724524,52.428565262731844,1.102101829643968,100.0,100.0,2,3,18,315,True,False,
AC1_air_0_col_1_fft_kurtosis,329,digital_feats_updt.csv,883.5160220036541,769.5139295440745,1229.5268708355131,1698.3782190684421,27.06200911665988,20.52882763666734,52.40916324667279,1.1012448366545835,100.0,100.0,2,3,18,315,True,False,
AC1_air_1_col_1_mad,330,stats_features_2.csv,14.995857332607486,54.5677638022856,59.32373763548691,81.98672106241372,3.345457864482464,44.298118213326376,52.356423922191155,1.098918851865476,100.0,100.0,2,3,18,176,True,False,
CTR_water_0_col_0_kurt,331,stats_features_2.csv,0.003350272324722611,0.010192375741791639,0.01123385864748128,0.015534105317759849,4.651443276038648,43.05051593633163,52.29804078762972,1.096349953988212,100.0,100.0,2,3,18,315,True,False,
CTR_water_1_col_0_spectral_entropy,332,ctvt_singlefault_peaks_freq.csv,0.018532751403708025,0.06188773545475488,0.06759180520094567,0.09349976900844167,3.9287891749445025,43.81149846156004,52.259712363495474,1.0946668935344905,100.0,100.0,2,3,18,315,True,False,
GYR_air_0_col_0_q95,333,stats_features_2.csv,7.6547560325392,22.045418120702376,24.385170342723494,33.75251520520996,5.143401465060191,42.66034833336874,52.19625020157107,1.091886105622754,100.0,100.0,2,3,18,88,True,False,
AC1_air_0_col_2_fft_kurtosis,334,digital_feats_updt.csv,764.5224442286822,799.1865759192855,1154.4543876051573,1598.7365899108547,22.86791924324161,24.988634876917892,52.1434458798405,1.0895779447245064,100.0,100.0,2,3,18,315,True,False,
GYR_water_2_col_2_mad,335,stats_features_2.csv,12.922339390531192,39.007144813344105,42.88647278966767,59.39523339588941,4.733464231486628,43.130564150003465,52.13597161850991,1.0892516443240257,100.0,100.0,2,3,18,141,True,False,
AC1_water_0_col_resultant_fft_skew,336,digital_feats_updt.csv,5.5518599475612715,8.184095285680465,10.320108538197367,14.293607129154154,15.086667605848664,32.78367775768042,52.12965463647092,1.0889759461853992,100.0,100.0,2,3,18,315,True,False,
VRY_air_1_col_1_q05,337,stats_features_2.csv,10.458569398742489,9.865812198847872,14.986364989312696,20.767933450493953,25.36051088938412,22.56727501449535,52.072214096120526,1.086472348223071,100.0,100.0,2,3,18,74,True,False,
AC1_water_2_col_1_relative_band_power_75_125,338,digital_feats_updt.csv,0.05230904809324728,0.09468379399961059,0.11265833175375257,0.15618308830382668,11.217229915470503,36.75219578857575,52.03057429595375,1.084661188502929,100.0,100.0,2,3,18,315,True,False,
GYR_water_2_col_0_q05,339,stats_features_2.csv,15.47203812976456,36.54283894187877,41.301762897707825,57.27651054559325,7.296959752720764,40.705347292263376,51.99769295501586,1.0832332059850276,100.0,100.0,2,3,18,142,True,False,
VRY_water_0_col_0_q95,340,stats_features_2.csv,10.031636545954221,6.114750191741849,12.201650898344235,16.93824625935625,35.075727919130564,13.03228453514404,51.8919875457254,1.078655818405455,100.0,100.0,2,3,18,48,True,False,
CTB_water_2_col_0_q95,341,stats_features_2.csv,11.600172377036195,7.966654239189973,14.611771315282878,20.286336286128176,32.698034270174375,15.422141961840516,51.879823767985116,1.0781303775331748,100.0,100.0,2,3,18,72,True,False,
AC1_water_2_col_1_fft_mean,342,digital_feats_updt.csv,0.001738323111041989,0.00237059206537043,0.003049988550406013,0.004236024567491047,16.84007680499686,31.3181941771594,51.84172901784374,1.0764865091824471,100.0,100.0,2,3,18,315,True,False,
VRY_water_2_col_0_q95,343,stats_features_2.csv,11.04169540643827,6.861965154023552,13.487892701936186,18.73309511966821,34.74181062309487,13.417695753530854,51.84049362337427,1.0764332428568062,100.0,100.0,2,3,18,45,True,False,
GYR_air_0_col_0_rms,344,stats_features_2.csv,4.561096047700455,12.871842406970565,14.157713624766686,19.670505310925257,5.376595972016602,42.820367949356466,51.803036078626945,1.0748194878651838,100.0,100.0,2,3,18,315,True,False,
GYR_air_0_col_0_std,345,stats_features_2.csv,4.562455436340997,12.870404419973887,14.15518732354943,19.668061361177806,5.38113839927883,42.82144105408358,51.79742054663761,1.074577774344075,100.0,100.0,2,3,18,315,True,False,
CV1_water_1_col_0_q05,346,stats_features_2.csv,14.072470958893064,11.749404568574928,19.00154083438849,26.40343728922186,28.406634620669656,19.802078570883044,51.791286808447296,1.0743138196337991,100.0,100.0,2,3,18,95,True,False,
CV1_water_2_col_0_q95,347,stats_features_2.csv,13.732990942483637,8.904181127236768,16.919054091169677,23.540048281872796,34.03420172942796,14.307813579641177,51.65798469093086,1.0685939417432526,100.0,100.0,2,3,18,74,True,False,
AC1_air_0_col_2_fft_entropy,348,digital_feats_updt.csv,0.2008416256708814,0.22643558979274575,0.31258762597747725,0.4351108581053181,21.306279197842155,27.082548718267727,51.61117208389012,1.066592730317145,100.0,100.0,2,3,18,315,True,False,
AC1_water_0_col_0_wavelet_max_energy,349,digital_feats_updt.csv,8501661.550297676,13047607.824268645,16043483.861300362,22358705.093531948,14.458203330997083,34.05402837405274,51.487768294950186,1.0613358009994545,100.0,100.0,2,3,18,315,True,False,
GYR_air_1_col_0_band_power_175_225,350,digital_feats_updt.csv,0.4157696692175727,0.6535232438756587,0.7976340730636964,1.1118350429084505,13.983789950643049,34.54946776187985,51.46674228747711,1.0604427708589053,100.0,100.0,2,3,18,315,True,False,
AC1_water_2_col_1_wavelet_std_energy,351,digital_feats_updt.csv,0.032054386159600524,0.031062483871693622,0.04595930819261549,0.06406730512431305,25.032372685653975,23.50712128343516,51.460506030910864,1.0601780493155095,100.0,100.0,2,3,18,315,True,False,
VRY_air_1_col_1_q95,352,stats_features_2.csv,11.07456633118734,9.078398227206268,14.735170636417662,20.54722821890961,29.05005560570516,19.52144534831958,51.42849904597526,1.058820461295911,100.0,100.0,2,3,18,60,True,False,
GYR_water_2_col_2_rms,353,stats_features_2.csv,20.997887632387638,61.679886752918165,66.90103725303699,93.38666125527473,5.055702578207926,43.6231916957776,51.32110572601448,1.0542783785752707,100.0,100.0,2,3,18,315,True,False,
GYR_water_2_col_2_std,354,stats_features_2.csv,20.997245933401867,61.678359857568154,66.89830063784405,93.38354801429854,5.055730657917093,43.6239404678207,51.320328874262216,1.0542455954910561,100.0,100.0,2,3,18,315,True,False,
GYR_water_0_col_0_mad,355,stats_features_2.csv,6.864322984909165,12.436630501208677,14.577135353763186,20.353908307415526,11.37364824570847,37.334456665728624,51.2918950885629,1.0530464115124938,100.0,100.0,2,3,18,70,True,False,
GYR_water_2_col_0_q95,356,stats_features_2.csv,15.210112727969165,35.879541309415586,39.98077323611041,55.83145387976989,7.421761448593886,41.298653305390054,51.27958524601607,1.0525276827989822,100.0,100.0,2,3,18,132,True,False,
GYR_water_1_col_0_mad,357,stats_features_2.csv,8.245716028273714,16.828746431755835,19.222113426931305,26.845636216731343,9.434292713497511,39.29670456634924,51.26900272015325,1.0520819515704047,100.0,100.0,2,3,18,79,True,False,
GYR_water_2_col_0_std,358,stats_features_2.csv,9.304586080110571,21.043151580139202,23.58817031430528,32.951347913607044,7.973477019393954,40.78262705418533,51.24389592642071,1.0510252387903476,100.0,100.0,2,3,18,315,True,False,
GYR_water_2_col_0_rms,359,stats_features_2.csv,9.306068539167326,21.047333709461885,23.591747144199058,32.95699775842689,7.973283544285007,40.78485183845365,51.24186461726134,1.0509397911758942,100.0,100.0,2,3,18,315,True,False,
CTB_water_2_col_0_q05,360,stats_features_2.csv,12.084874282331311,8.137260379358825,14.914999591880635,20.849853853853155,33.595278323003065,15.231770784160446,51.17295089283648,1.0480451272106222,100.0,100.0,2,3,18,79,True,False,
AC1_air_1_col_1_wavelet_std_energy,361,digital_feats_updt.csv,0.03299500013467525,0.0295619146544819,0.045342287564813476,0.06339163882986723,27.091453730199483,21.74709034567725,51.161455924123274,1.0475630855137208,100.0,100.0,2,3,18,315,True,False,
CV1_water_1_col_0_peak_magn_raw,362,ctvt_singlefault_peaks_freq.csv,249731.65611859897,177931.57983728117,313081.37270561536,438229.9545973111,32.47454499398109,16.4854934064277,51.03996159959121,1.042482058166953,100.0,100.0,2,3,18,315,True,False,
AC1_water_0_col_2_fft_skew,363,digital_feats_updt.csv,6.034019007451232,8.465567319482428,10.613857186646495,14.8569572861168,16.495048554534375,32.46776439124981,51.03718705421582,1.0423663181020373,100.0,100.0,2,3,18,315,True,False,
VRY_air_1_col_1_kurt,364,stats_features_2.csv,0.004801641540039698,0.007327615509268044,0.008942234902077469,0.01251851730735844,14.712066603479785,34.2625402058516,51.0253931906686,1.0418744838385607,100.0,100.0,2,3,18,315,True,False,
AC1_water_2_col_1_fft_skew,365,digital_feats_updt.csv,3.1184981796036633,5.093537622310935,6.096038201136447,8.534098555547807,13.352902619886256,35.622445336130866,51.02465204398288,1.041843584037548,100.0,100.0,2,3,18,315,True,False,
AC1_water_2_col_resultant_log_band_power_ratio,366,digital_feats_updt.csv,0.4453600266207529,0.9243631664710048,1.0464831260940755,1.4655782988430093,9.234309303594038,39.78022286505638,50.98546783134958,1.0402112511431816,100.0,100.0,2,3,18,315,True,False,
GYR_water_2_col_2_q95,367,stats_features_2.csv,36.20910709625163,104.7100827048223,112.96608610730753,158.22969843604633,5.236723335661374,43.79262764191587,50.970649022422755,1.0395946102923803,100.0,100.0,2,3,18,211,True,False,
AC1_water_1_col_0_contrast_freq,368,digital_feats_updt.csv,0.2807418145528748,0.4768701565295528,0.564008029738627,0.7901431327529266,12.624165091232815,36.42409321113954,50.95174169762763,1.0388083789544715,100.0,100.0,2,3,18,315,True,False,
GYR_water_2_col_2_q05,369,stats_features_2.csv,37.31515098460833,108.71047953430964,117.1030853093702,164.08388538353577,5.171762155908601,43.89458632220079,50.93365152189062,1.0380566946940082,100.0,100.0,2,3,18,212,True,False,
CTR_air_1_col_0_spectral_entropy,370,ctvt_singlefault_peaks_freq.csv,0.05132403678279283,0.030334958591605322,0.0606894686661737,0.08507395648151296,36.39555560835907,12.714332110466264,50.89011228117467,1.0362498194364007,100.0,100.0,2,3,18,315,True,False,
AC1_water_0_col_1_band_power_175_225,371,digital_feats_updt.csv,0.17570883770144433,0.11077978990484932,0.2111721690541541,0.29620844431040666,35.18781835564048,13.98705246394663,50.82512918041287,1.033558977040941,100.0,100.0,2,3,18,315,True,False,
GYR_air_0_col_0_log_band_power_ratio,372,digital_feats_updt.csv,0.6154958116702125,1.1174107000598894,1.2947225165174288,1.8176215672051015,11.466827241566872,37.79363957376525,50.739533184667884,1.0300254233253716,100.0,100.0,2,3,18,315,True,False,
AC1_air_0_col_resultant_wavelet_mean_energy,373,digital_feats_updt.csv,0.02050468048426776,0.02347867926655501,0.031631874097553137,0.044410198837509435,21.31771134099667,27.950005068371656,50.73228359063167,1.0297267112827835,100.0,100.0,2,3,18,315,True,False,
AC1_water_1_col_0_wavelet_max_energy_ratio,374,digital_feats_updt.csv,3.809278349991634e-06,5.379694680649222e-06,6.688733325988263e-06,9.390999409589296e-06,16.453632402508447,32.81645241309316,50.7299151843984,1.0296291425975896,100.0,100.0,2,3,18,315,True,False,
CTB_water_2_col_0_peak_magn_raw,375,ctvt_singlefault_peaks_freq.csv,206686.35956460703,134383.59214847567,249808.43369967287,350973.58108023135,34.6796557700869,14.660326338667467,50.66001789124562,1.026753876391395,100.0,100.0,2,3,18,315,True,False,
AC1_air_0_col_resultant_band_peak_mag_75_125,376,digital_feats_updt.csv,0.06195037290821167,0.05211611739379081,0.08165289529894763,0.11498318879893171,29.028136230232423,20.54354605683022,50.42831771293736,1.0172807414707867,100.0,100.0,2,3,18,37,True,False,
VRY_air_0_col_0_q95,377,stats_features_2.csv,9.296931505153866,5.710124545258121,11.001836595974769,15.494478572007884,36.001892533468684,13.581171402524214,50.41693606400711,1.016817680510641,100.0,100.0,2,3,18,47,True,False,
CTR_water_0_col_0_spectral_entropy,378,ctvt_singlefault_peaks_freq.csv,0.025743601134690305,0.05356903383621759,0.05992303506261241,0.08439872343017357,9.303938700577815,40.28615984753683,50.40990145188536,1.0165315844850622,100.0,100.0,2,3,18,315,True,False,
AC1_air_1_col_0_wavelet_max_energy,379,digital_feats_updt.csv,1386977.5937607093,3751045.1278465097,4023135.580488362,5672712.428435511,5.978019871044173,43.724317778303075,50.29766235065275,1.011977800833143,100.0,100.0,2,3,18,315,True,False,
AC1_water_0_col_2_fft_std,380,digital_feats_updt.csv,0.003800017331874573,0.004475124159142393,0.0059005215753122,0.008323642401197437,20.842236862897053,28.9056906349187,50.252072502184255,1.0101339900921629,100.0,100.0,2,3,18,315,True,False,
AC1_water_2_col_0_contrast_freq,381,digital_feats_updt.csv,0.24658023215831365,0.49162727844016085,0.5526371457101986,0.7796839145554066,10.001827619929145,39.75893981741484,50.239232562656014,1.009615308403643,100.0,100.0,2,3,18,315,True,False,
VRY_water_1_col_0_q05,382,stats_features_2.csv,7.958998776393534,5.670328603760383,9.808531558360443,13.845778393741886,33.04320184341147,16.771878307990796,50.184919848597744,1.0074242517741905,100.0,100.0,2,3,18,46,True,False,
AC1_water_1_col_1_log_band_power_ratio,383,digital_feats_updt.csv,0.45245179791090506,0.7120582174201174,0.8448603009142134,1.1939549666922873,14.360472962802323,35.56764514614967,50.071881891048015,1.0028794151981113,100.0,100.0,2,3,18,315,True,False,
AC1_air_0_col_0_wavelet_max_energy,384,digital_feats_updt.csv,2019111.4009479026,4455751.399902283,4897012.590333106,6921796.276765875,8.50908645452578,41.43852406663535,50.052389478838855,1.002097777182621,100.0,100.0,2,3,18,315,True,False,
AC1_air_0_col_2_log_band_power_ratio,385,digital_feats_updt.csv,0.620762721668326,1.215804134476884,1.363540470357027,1.9294477614917733,10.35106909289712,39.70646115016817,49.942469756934706,0.9977014350174314,100.0,100.0,2,3,18,315,True,False,
GYR_water_0_col_0_kurt,386,stats_features_2.csv,0.10206402623637416,0.1421119694680367,0.17443303495084206,0.24706226138329007,17.066032502337475,33.086321989599604,49.847645508062925,0.993924333424403,100.0,100.0,2,3,18,315,True,False,
AC1_water_0_col_resultant_contrast_freq,387,digital_feats_updt.csv,0.09105888719030064,0.12060955895163669,0.15033971067470678,0.2131675755188832,18.24745854597288,32.012616147200355,49.73992530682676,0.9896508433478887,100.0,100.0,2,3,18,315,True,False,
AC1_air_0_col_resultant_wavelet_max_energy_ratio,388,digital_feats_updt.csv,3.089496597660685e-07,2.410940694152037e-07,3.8851753653964707e-07,5.518352279218757e-07,31.34415741403316,19.087726875438598,49.568115710528254,0.9828725697817356,100.0,100.0,2,3,18,315,True,False,
AC1_water_1_col_resultant_fft_mean,389,digital_feats_updt.csv,0.0011306622383138098,0.001550616423188132,0.0019022632687382371,0.0027021128645192145,17.508897714192766,32.93076264482486,49.56033964098236,0.9825668786868017,100.0,100.0,2,3,18,315,True,False,
AC1_water_0_col_2_mad,390,stats_features_2.csv,41.814147468266555,60.12946451416835,72.21843281443795,102.85658690347478,16.526552786276724,34.17515196953036,49.29829524419293,0.9723202697350444,100.0,100.0,2,3,18,214,True,False,
AC1_water_0_col_1_wavelet_std_energy,391,digital_feats_updt.csv,0.029034086720597735,0.03697793490534323,0.046345169374719136,0.06601682047731772,19.342256204740874,31.374448422294336,49.28329537296478,0.9717369402327781,100.0,100.0,2,3,18,315,True,False,
GYR_water_3_col_2_kurt,392,stats_features_2.csv,0.13336472322551948,0.28859449520445574,0.31325114335439064,0.4463173880504399,8.928825231178374,41.81079949864369,49.260375270177946,0.9708462672414151,100.0,100.0,2,3,18,315,True,False,
AC1_air_1_col_2_fft_skew,393,digital_feats_updt.csv,5.771514306848112,6.952709544426553,8.880167127519002,12.669171859911824,20.753105705919317,30.117000662331762,49.12989363174892,0.965791053710313,100.0,100.0,2,3,18,315,True,False,
AC1_water_3_col_0_wavelet_entropy,394,digital_feats_updt.csv,0.22175710634472637,0.44239653137856233,0.48567319918429264,0.6933753396221092,10.228649773173844,40.7086446453332,49.06270558149295,0.9631981074296517,100.0,100.0,2,3,18,315,True,False,
AC1_air_1_col_resultant_fft_skew,395,digital_feats_updt.csv,5.6974870111786124,7.011357082177575,8.866283592797794,12.658257033425494,20.259040258935087,30.680070393709826,49.060889347355086,0.9631281095954448,100.0,100.0,2,3,18,315,True,False,
CV1_water_1_col_0_spectral_entropy,396,ctvt_singlefault_peaks_freq.csv,0.03690279123417198,0.04724591867205307,0.058547290226672724,0.08379605017496577,19.394176176444315,31.789339156587396,48.81648466696829,0.9537540426705348,100.0,100.0,2,3,18,315,True,False,
AC1_water_2_col_1_fft_std,397,digital_feats_updt.csv,0.005818092848987949,0.007907385084795746,0.009558778699039592,0.013702087194873196,18.02967265136908,33.30368764240038,48.66663970623055,0.9480509249291716,100.0,100.0,2,3,18,315,True,False,
CTR_water_3_col_0_spectral_entropy,398,ctvt_singlefault_peaks_freq.csv,0.04003120052065533,0.047951560822991825,0.06066590807088263,0.08707583822479564,21.134982939332662,30.325653496044513,48.539363564622825,0.9432328654850041,100.0,100.0,2,3,18,315,True,False,
VRY_water_0_col_0_q05,399,stats_features_2.csv,8.451979429442549,5.484724361378773,9.78514956011246,14.04518812653611,36.21276959331898,15.249460944672503,48.53776946200851,0.9431726715804899,100.0,100.0,2,3,18,47,True,False,
VRY_air_1_col_0_q05,400,stats_features_2.csv,11.100579179825353,8.506538981015089,13.576141497610916,19.4909127935624,32.4359723260124,19.047651488117367,48.51637618587024,0.9423652142480857,100.0,100.0,2,3,18,67,True,False,
AC1_air_1_col_resultant_band_peak_to_median_75_125,401,digital_feats_updt.csv,8.881381348791889,7.272962473667223,11.13193001720044,15.99045914643755,30.848863444524014,20.687157702270547,48.46397885320544,0.9403903866610355,100.0,100.0,2,3,18,315,True,False,
AC1_air_1_col_1_fft_skew,402,digital_feats_updt.csv,6.43494446149986,7.305610663650368,9.439315105072279,13.560277543040016,22.519173603181837,29.025244747380153,48.45558164943801,0.940074273801747,100.0,100.0,2,3,18,315,True,False,
CV1_water_2_col_0_q05,403,stats_features_2.csv,14.027012216000205,8.945150747552198,16.125776612915303,23.16923531267052,36.65278249259002,14.905684584555685,48.44153292285431,0.9395456395236189,100.0,100.0,2,3,18,83,True,False,
AC1_air_0_col_1_wavelet_mean_energy,404,digital_feats_updt.csv,0.018988732692511355,0.01558388084935456,0.023775221539109204,0.03418611517602215,30.852649034787795,20.780296270813828,48.36705469439836,0.9367479311537753,100.0,100.0,2,3,18,315,True,False,
AC1_water_1_col_2_fft_std,405,digital_feats_updt.csv,0.004392275288569386,0.00397623902379509,0.0057257376600731895,0.008239334362490008,28.418087628096934,23.289529326655902,48.29238304524716,0.9339510480149529,100.0,100.0,2,3,18,315,True,False,
AC1_water_0_col_resultant_log_band_power_ratio,406,digital_feats_updt.csv,0.5279637238191321,0.9769007498169205,1.0724677398363538,1.5437836058371406,11.69594500192612,40.04313180092113,48.260923197152735,0.932775112726729,100.0,100.0,2,3,18,315,True,False,
AC1_air_1_col_2_wavelet_std_energy,407,digital_feats_updt.csv,0.02697286077486464,0.03458789275725627,0.04235555087370815,0.06097417677659102,19.568706985786523,32.177797657936836,48.253495356276645,0.9324976766740823,100.0,100.0,2,3,18,315,True,False,
AC1_air_1_col_2_fft_std,408,digital_feats_updt.csv,0.00347686573608066,0.0039062782894923095,0.005047593971589856,0.007268136647292821,22.88388057400691,28.885520130122924,48.230599295870164,0.9316429906445225,100.0,100.0,2,3,18,315,True,False,
AC1_water_0_col_0_band_peak_to_median_75_125,409,digital_feats_updt.csv,3.893836239612531,3.3416922335327244,4.947565966241446,7.12792232245017,29.84210464551824,21.978952077872083,48.17894327660967,0.929717499467032,100.0,100.0,2,3,18,315,True,False,
CTB_water_1_col_0_spectral_entropy,410,ctvt_singlefault_peaks_freq.csv,0.0179425944172217,0.04883165489329769,0.050151504764524756,0.07226092058772285,6.1654318318405075,45.666308390515795,48.1682597776437,0.9293197483048724,100.0,100.0,2,3,18,315,True,False,
AC1_water_0_col_resultant_band_power_175_225,411,digital_feats_updt.csv,0.22328946844979297,0.16134194779952396,0.265487133668169,0.3825870214522124,34.06246027133326,17.784191438048563,48.15334829061817,0.9287648614327907,100.0,100.0,2,3,18,315,True,False,
AC1_air_1_col_resultant_fft_entropy,412,digital_feats_updt.csv,0.16800637949012523,0.17022490471196658,0.23010385164466046,0.3318892048188461,25.62508370718661,26.306310768734182,48.06860552407922,0.9256174614445861,100.0,100.0,2,3,18,315,True,False,
AC1_water_1_col_resultant_fft_skew,413,digital_feats_updt.csv,5.793730984772444,7.8332598398463675,9.371862776534964,13.518842048957591,18.366976253059665,33.57423130243848,48.05879244450186,0.9252536609425572,100.0,100.0,2,3,18,315,True,False,
VRY_air_1_col_0_q95,414,stats_features_2.csv,11.962829015991264,9.45865808597503,14.640051623537946,21.14016561886589,32.02218926718158,20.01899553694449,47.95881519587393,0.9215550217848141,100.0,100.0,2,3,18,63,True,False,
AC1_air_0_col_1_q05,415,stats_features_2.csv,45.89324538628648,170.9450480744018,169.85093703737206,245.31151674089577,3.499948591432438,48.559831827913314,47.94021958065425,0.9208686474374631,100.0,100.0,2,3,18,269,True,False,
AC1_air_1_col_resultant_wavelet_mean_energy,416,digital_feats_updt.csv,0.02111661873550659,0.02615822838047769,0.032260235905738295,0.04659278183924912,20.540521970498705,31.519503838484138,47.93997419101714,0.9208595932494757,100.0,100.0,2,3,18,315,True,False,
VRY_air_1_col_1_peak_magn_raw,417,ctvt_singlefault_peaks_freq.csv,213093.83114790468,133246.17927250706,241074.7939806261,348253.6165739189,37.44126250702472,14.63923084590683,47.91950664706846,0.9201046987465054,100.0,100.0,2,3,18,315,True,False,
AC1_air_0_col_1_q95,418,stats_features_2.csv,45.05607483538437,166.2525709907777,165.14663267100187,238.62811553374462,3.5650324372578055,48.5393009042872,47.895666658454985,0.9192261677065873,100.0,100.0,2,3,18,257,True,False,
GYR_water_2_col_0_mad,419,stats_features_2.csv,7.465287433240957,14.223981652358779,15.374059895819048,22.235419676448117,11.272037010363908,40.92151512738217,47.80644786225392,0.9159454741858922,100.0,100.0,2,3,18,75,True,False,
AC1_air_1_col_resultant_log_band_power_ratio,420,digital_feats_updt.csv,0.5733234845175222,1.0261005837674022,1.124518575483451,1.6266911976507548,12.421934366346202,39.789605760474586,47.788459873179214,0.915285390109198,100.0,100.0,2,3,18,315,True,False,
AC1_air_1_col_2_wavelet_mean_energy,421,digital_feats_updt.csv,0.025170556344658288,0.03101087323269153,0.0382110541942256,0.05527491137928425,20.73621656052778,31.475445184579684,47.788338254892544,0.9152809287739361,100.0,100.0,2,3,18,315,True,False,
GYR_air_0_col_1_fft_mean,422,digital_feats_updt.csv,0.0016908900223971887,0.00187347678845816,0.0024111532293176322,0.003490370215318529,23.468629831666906,28.810689071068644,47.72068109726446,0.9128022724635658,100.0,100.0,2,3,18,315,True,False,
CTB_water_2_col_0_kurt,423,stats_features_2.csv,0.006394336187917448,0.012629054403662352,0.013510576369997834,0.019568245303662715,10.677932323882665,41.65219570862823,47.66987196748912,0.9109450666330012,100.0,100.0,2,3,18,315,True,False,
AC1_water_0_col_1_relative_band_power_75_125,424,digital_feats_updt.csv,0.05066949519969552,0.1113601389870451,0.1164293571870446,0.16889130680409334,9.000747179528929,43.47553514072801,47.52371767974305,0.9056227990716084,100.0,100.0,2,3,18,315,True,False,
GYR_air_1_col_0_band_peak_mag_75_125,425,digital_feats_updt.csv,0.10652361591773474,0.08905772960932148,0.1318430840287561,0.1914710389525521,30.95177875643689,21.6340112313809,47.41421001218222,0.9016544207696864,100.0,100.0,2,3,18,73,True,False,
AC1_air_0_col_2_75_125_spike_energy_ratio,426,digital_feats_updt.csv,0.001007016323578709,0.0005190773590441148,0.001075606839474827,0.0015621950114346219,41.55301374428029,11.040625517331868,47.40636073838783,0.9013706106660222,100.0,100.0,2,3,18,315,True,False,
AC1_air_1_col_resultant_fft_std,427,digital_feats_updt.csv,0.0037271104183353894,0.004751409571813263,0.005726136454303607,0.00832201199728092,20.058009993881015,32.59779778782459,47.344192218294396,0.8991257415434305,100.0,100.0,2,3,18,315,True,False,
AC1_water_1_col_1_fft_mean,428,digital_feats_updt.csv,0.0018856943719217122,0.002431672694787392,0.0029174247051395445,0.004240311576880921,19.77639239278716,32.88627598060422,47.337331626608616,0.8988783342874919,100.0,100.0,2,3,18,315,True,False,
VRY_water_2_col_0_q05,429,stats_features_2.csv,8.895078552129807,5.467211417766572,9.898771554342362,14.387442490594857,38.223669208094236,14.439911632927414,47.33641915897835,0.8988454336569955,100.0,100.0,2,3,18,52,True,False,
AC1_water_2_col_2_mad,430,stats_features_2.csv,56.472092688088125,64.25112437314468,81.0218032286114,117.82120706477738,22.97316479556171,29.738189783663962,47.28864542077432,0.8971244582549863,100.0,100.0,2,3,18,229,True,False,
GYR_water_0_col_0_fft_mean,431,digital_feats_updt.csv,0.000710366755522119,0.0008313111183572801,0.0010352108327308616,0.0015057757373057841,22.255874684959423,30.479412243713956,47.26471307132663,0.8962635044586764,100.0,100.0,2,3,18,315,True,False,
AC1_air_1_col_2_relative_band_power_75_125,432,digital_feats_updt.csv,0.08915181981300548,0.12981268729907697,0.1490676304319732,0.21684219885064318,16.903351409394254,35.83824020238865,47.25840838821709,0.8960368268002588,100.0,100.0,2,3,18,315,True,False,
AC1_air_1_col_resultant_wavelet_std_energy,433,digital_feats_updt.csv,0.02287236140018879,0.0313130030365364,0.03666957348006708,0.05336952964376792,18.366874503013946,34.42410752658458,47.209017970401476,0.8942629243747088,100.0,100.0,2,3,18,315,True,False,
AC1_air_0_col_1_rms,434,stats_features_2.csv,27.75268967085404,96.1619735625645,94.19323341389428,137.43981287959633,4.077416241210872,48.95326077128555,46.96932298750358,0.8857009873065641,100.0,100.0,2,3,18,315,True,False,
AC1_air_0_col_2_q95,435,stats_features_2.csv,64.54428692501922,110.57896251695595,120.46230942235474,175.79772443735638,13.479975906039458,39.56566992104249,46.95435417291804,0.8851688661870516,100.0,100.0,2,3,18,246,True,False,
AC1_air_0_col_1_std,436,stats_features_2.csv,27.744691502153263,96.16773439819598,94.14839859108449,137.4115060797215,4.0767455051630055,48.97929955311175,46.94395494172524,0.8847993643356525,100.0,100.0,2,3,18,315,True,False,
AC1_water_1_col_2_fft_kurtosis,437,digital_feats_updt.csv,638.0803188109822,626.6498003722925,840.9652363368878,1227.6233112350533,27.015962533461074,26.056708715124437,46.92732875141449,0.8842089091693344,100.0,100.0,2,3,18,315,True,False,
AC1_air_0_col_0_band_peak_mag_75_125,438,digital_feats_updt.csv,0.15918863679213816,0.16457460162167872,0.214884049051122,0.3140079236568379,25.700579325993697,27.469098750269485,46.83032192373682,0.8807712143106529,100.0,100.0,2,3,18,209,True,False,
CTR_water_1_col_0_spectral_bandwidth,439,ctvt_singlefault_peaks_freq.csv,0.1242594300100121,0.5168147106019854,0.4981726808550936,0.7285011125532876,2.909365439718071,50.327956304528776,46.76267825575315,0.8783814948543428,100.0,100.0,2,3,18,315,True,False,
AC1_water_1_col_2_kurt,440,stats_features_2.csv,0.11147526870428386,0.16706996147762526,0.18816489371280237,0.2752183402078751,16.4059851073914,36.85038267699758,46.74363221561102,0.8777097305031187,100.0,100.0,2,3,18,315,True,False,
CTB_water_0_col_0_spectral_entropy,441,ctvt_singlefault_peaks_freq.csv,0.022144133293738898,0.04531060862331096,0.047228097707488724,0.06909346645098825,10.271725620563647,43.00568084248137,46.72259353695498,0.8769682429898934,100.0,100.0,2,3,18,315,True,False,
AC1_water_1_col_1_fft_std,442,digital_feats_updt.csv,0.006219284728845316,0.0074694366743872425,0.009101254354174535,0.013315585514370393,21.81525751194179,31.466987186741374,46.71775530131683,0.8767978069525931,100.0,100.0,2,3,18,315,True,False,
AC1_air_1_col_0_fft_mean,443,digital_feats_updt.csv,0.002416724671316211,0.0027411551652606,0.0034218599693396495,0.005006357500893485,23.30293550033623,29.979440364436122,46.717624135227645,0.8767931868089803,100.0,100.0,2,3,18,315,True,False,
GYR_air_0_col_1_fft_std,444,digital_feats_updt.csv,0.005934035411961438,0.00663785993372165,0.008309648513658702,0.012178843097382847,23.740408992240543,29.70599457062829,46.55359643713117,0.8710332844448611,100.0,100.0,2,3,18,315,True,False,
AC1_water_0_col_2_kurt,445,stats_features_2.csv,0.109293998765631,0.1633617261450228,0.18325365830784604,0.26872687810948864,16.541329703840173,36.95544308916119,46.50322720699863,0.8692716360094593,100.0,100.0,2,3,18,315,True,False,
AC1_air_0_col_0_fft_kurtosis,446,digital_feats_updt.csv,191.45451134162747,149.43252251122613,226.3816465957072,332.0143951886923,33.25197006649162,20.257060613058457,46.490969320449935,0.8688434219425641,100.0,100.0,2,3,18,315,True,False,
GYR_air_1_col_1_kurt,447,stats_features_2.csv,0.07205431205207824,0.20100490016060407,0.19871891980562775,0.29169162288723377,6.101997685373515,47.48597683377186,46.41202548085464,0.8660903103227576,100.0,100.0,2,3,18,315,True,False,
AC1_water_1_col_resultant_wavelet_entropy,448,digital_feats_updt.csv,0.08411064980530317,0.10605022501963808,0.1258227473905303,0.18480426239209802,20.71466951554493,32.93056796839002,46.354762516065044,0.864098374621733,100.0,100.0,2,3,18,315,True,False,
AC1_air_0_col_2_contrast_freq,449,digital_feats_updt.csv,0.07076771592446779,0.10678039232488278,0.11891234726668999,0.1747863499667406,16.392882691194803,37.3222655028241,46.284851805981084,0.8616722351542321,100.0,100.0,2,3,18,315,True,False,
AC1_water_3_col_resultant_log_band_power_ratio,450,digital_feats_updt.csv,0.4932533000829077,0.9338228769277791,0.9797084368905956,1.4405389980250334,11.724381979247113,42.022218676525014,46.25339934422787,0.8605827862577663,100.0,100.0,2,3,18,315,True,False,
SMG_air_0_col_0_std,451,stats_features_2.csv,19.368100739069845,15.723905742029428,23.10929983409042,34.00594472801595,32.43877022508438,21.38017099511228,46.18105877980332,0.8580818896242599,100.0,100.0,2,3,18,315,True,False,
GYR_air_1_col_0_fft_skew,452,digital_feats_updt.csv,7.2303875389126135,6.194125808117521,8.80696483295953,12.969515336304445,31.0796169049602,22.80933112503978,46.111051970000034,0.8556680665640385,100.0,100.0,2,3,18,315,True,False,
AC1_water_1_col_1_wavelet_std_energy,453,digital_feats_updt.csv,0.02946027545571811,0.03318831413655842,0.04094342495035223,0.06037993103522722,23.806106992649152,30.212395344279045,45.9814976630718,0.8512175583149753,100.0,100.0,2,3,18,315,True,False,
GYR_air_1_col_0_wavelet_max_energy_ratio,454,digital_feats_updt.csv,6.331482129254856e-07,5.094020296109364e-07,7.487802419731136e-07,1.1050063068018173e-06,32.83078426342257,21.25160956631871,45.91760617025872,0.849030579430592,100.0,100.0,2,3,18,315,True,False,
AC1_water_3_col_1_kurt,455,stats_features_2.csv,0.12808226186730154,0.33707784976521604,0.3321672637241496,0.4902669004709316,6.8251598862481915,47.27105364302687,45.903786470724945,0.848558216480038,100.0,100.0,2,3,18,315,True,False,
AC1_water_3_col_2_fft_mean,456,digital_feats_updt.csv,0.0014230505737742026,0.0016476916462856237,0.002003811228769496,0.0029589221242373436,23.12989169617052,31.00878925559813,45.861319048231344,0.847108171864928,100.0,100.0,2,3,18,315,True,False,
AC1_water_0_col_resultant_relative_band_power_175_225,457,digital_feats_updt.csv,0.015050911277732807,0.017573871831687526,0.02128589082985514,0.031439784507328865,22.91745936728567,31.244658921526415,45.837881711187926,0.8463088808078683,100.0,100.0,2,3,18,315,True,False,
VRY_water_1_col_1_mad,458,stats_features_2.csv,6.413966353012153,6.974920635478768,8.699061378747627,12.863209207659576,24.863066326106104,29.40220318780914,45.734730486084764,0.8427992875693173,100.0,100.0,2,3,18,66,True,False,
AC1_water_3_col_resultant_relative_band_power_175_225,459,digital_feats_updt.csv,0.016365225126739047,0.023039571009071474,0.025933062739109215,0.03835578403267847,18.204646024066783,36.081704674389606,45.713649301543605,0.8420836676878236,100.0,100.0,2,3,18,315,True,False,
AC1_air_1_col_2_kurt,460,stats_features_2.csv,0.08879306822017442,0.1407340788711321,0.15258948601268663,0.22577387174178165,15.467166657125091,38.855382495194384,45.67745084768052,0.840856174101877,100.0,100.0,2,3,18,315,True,False,
AC1_air_0_col_0_wavelet_max_energy_ratio,461,digital_feats_updt.csv,2.9040480913680783e-06,4.3718171127215734e-06,4.799596402437158e-06,7.112130890974341e-06,16.672784107181986,37.78544053192076,45.541775360897255,0.8362699236470664,100.0,100.0,2,3,18,315,True,False,
AC1_air_0_col_2_q05,462,stats_features_2.csv,64.97799520253086,120.34552827383207,125.02826146328532,185.3031359707101,12.296091241887058,42.17881527300341,45.52509348510954,0.8357076018600502,100.0,100.0,2,3,18,256,True,False,
AC1_air_0_col_resultant_log_band_power_ratio,463,digital_feats_updt.csv,0.5442217397103145,1.0007478351924861,1.0396905738374658,1.542280785376725,12.451591856054879,42.10390942790356,45.444498716041565,0.8329957134754459,100.0,100.0,2,3,18,315,True,False,
AC1_water_2_col_1_band_peak_mag_75_125,464,digital_feats_updt.csv,0.08165502792179873,0.05118382067044145,0.08784227413567558,0.13039782286779492,39.21255875281225,15.407235519853957,45.3802057273338,0.83083809325228,100.0,100.0,2,3,18,61,True,False,
AC1_air_1_col_0_fft_std,465,digital_feats_updt.csv,0.00824696820936005,0.007511366152910776,0.010159118317454616,0.015087769587229613,29.877107838348817,24.784934723765417,45.33795743788578,0.8294230385988011,100.0,100.0,2,3,18,315,True,False,
GYR_water_3_col_0_kurt,466,stats_features_2.csv,0.11748728797564317,0.16778349326263206,0.18621317587155817,0.27682107996945476,18.01289180562667,36.73670045485352,45.2504077395198,0.8264976207353938,100.0,100.0,2,3,18,315,True,False,
AC1_water_1_col_resultant_fft_std,467,digital_feats_updt.csv,0.004209319807664195,0.00471981329147084,0.005736811136770321,0.008538501787111772,24.30303423594567,30.55528160218684,45.14168416186749,0.8228776890465364,100.0,100.0,2,3,18,315,True,False,
GYR_water_0_col_0_wavelet_std_energy,468,digital_feats_updt.csv,0.022654736725608027,0.020872815228244298,0.027906429401324803,0.041565373973900026,29.706716692285088,25.217305083895067,45.075978223819845,0.8206969694882891,100.0,100.0,2,3,18,315,True,False,
CTR_air_1_col_0_gmean,469,ctvt_singlefault_peaks_freq.csv,0.0005053219576875631,0.0002830438921181782,0.0005245713318024875,0.0007814340713941476,41.81688263753075,13.119669327530557,45.063448034938695,0.8202816963030053,100.0,100.0,2,3,18,315,True,False,
AC1_water_1_col_0_band_peak_to_median_75_125,470,digital_feats_updt.csv,3.6455671715799927,2.8372668486373365,4.178285776179497,6.228829360345498,34.25447711811533,20.748537994025476,44.99698488785918,0.8180821505169995,100.0,100.0,2,3,18,315,True,False,
AC1_water_3_col_resultant_contrast_freq,471,digital_feats_updt.csv,0.10607783132996984,0.14094014088570725,0.15947193641778473,0.23779808266130012,19.899060273808654,35.12794186136429,44.97299786482706,0.8172896236351676,100.0,100.0,2,3,18,315,True,False,
AC1_air_1_col_resultant_relative_band_power_75_125,472,digital_feats_updt.csv,0.08766420623932575,0.12858572927958203,0.1406649954579665,0.20977593707840453,17.463579680266346,37.57285574444968,44.96356457528397,0.8169781387239246,100.0,100.0,2,3,18,315,True,False,
AC1_water_2_col_1_kurt,473,stats_features_2.csv,0.12245854697786858,0.29174275323811133,0.2857477119115213,0.4263351787708283,8.250416338396102,46.827159545374585,44.92242411622932,0.8156209382022981,100.0,100.0,2,3,18,315,True,False,
SMG_air_0_col_0_peak_magn_raw,474,ctvt_singlefault_peaks_freq.csv,436183.1747638879,376692.94092077797,520176.36757691164,776361.2477913613,31.565314417141593,23.5422119211975,44.8924736616609,0.8146341642344518,100.0,100.0,2,3,18,315,True,False,
GYR_air_1_col_2_fft_kurtosis,475,digital_feats_updt.csv,227.48179526217638,97.37309828701545,223.04764422404963,333.1362169437807,46.62830136700135,8.543469602706837,44.82822903029182,0.8125211179989956,100.0,100.0,2,3,18,315,True,False,
AC1_water_2_col_1_band_peak_mag_175_225,476,digital_feats_updt.csv,0.06175672654004299,0.0539079660518509,0.07388824687854603,0.11036047799631046,31.314204973451034,23.86045640979446,44.82533861675451,0.8124261661597856,100.0,100.0,2,3,18,315,True,False,
AC1_water_1_col_1_contrast_freq,477,digital_feats_updt.csv,0.0821409566099077,0.1365628141248494,0.1435758962212196,0.21450076207374028,14.66431677877933,40.53285884674711,44.80282437447356,0.811686900040481,100.0,100.0,2,3,18,315,True,False,
AC1_air_1_col_1_wavelet_mean_energy,478,digital_feats_updt.csv,0.02792811293780982,0.02240435881821189,0.032256610364321134,0.04819153139834714,33.58471982372668,21.61342456053674,44.8018556157366,0.8116551039079727,100.0,100.0,2,3,18,315,True,False,
AC1_water_3_col_resultant_wavelet_entropy,479,digital_feats_updt.csv,0.09256295713384839,0.12594441098094833,0.14079870593814794,0.21036675422831844,19.360663152565646,35.84293682813349,44.79640001930086,0.8114760637886488,100.0,100.0,2,3,18,315,True,False,
AC1_water_1_col_1_relative_band_power_75_125,480,digital_feats_updt.csv,0.04521383657386357,0.08881228417727742,0.0895524698711548,0.13398342322294057,11.387819664778043,43.93836987989088,44.673810455331086,0.8074622673817545,100.0,100.0,2,3,18,315,True,False,
AC1_air_0_col_2_contrast_time,481,digital_feats_updt.csv,0.09407622859192019,0.07105400338231185,0.10586677831817942,0.15845120048205175,35.25077987599229,20.1087945432296,44.64042558077811,0.8063722680150899,100.0,100.0,2,3,18,315,True,False,
AC1_water_2_col_1_wavelet_mean_energy,482,digital_feats_updt.csv,0.029463483220194032,0.026283130556530327,0.035433863572732385,0.053051470130518384,30.844187210694468,24.54479097922225,44.61102181008328,0.805413337959076,100.0,100.0,2,3,18,315,True,False,
GYR_water_1_col_0_fft_skew,483,digital_feats_updt.csv,6.864693218481367,7.471788888632449,9.099530839267144,13.62912703275339,25.3691658720986,30.05474906841423,44.57608505948716,0.8042752863512298,100.0,100.0,2,3,18,315,True,False,
AC1_air_0_col_0_fft_mean,484,digital_feats_updt.csv,0.002169397821311795,0.002273452267192865,0.00281773852618336,0.0042207253547529855,26.41826016813765,29.013324411742225,44.56841542012012,0.804025642743347,100.0,100.0,2,3,18,315,True,False,
SMG_air_0_col_0_mad,485,stats_features_2.csv,19.594158916815168,16.246601378926623,22.81216250257704,34.18008013546969,32.862991833125044,22.593259816101188,44.54374835077377,0.8032232079536028,100.0,100.0,2,3,18,94,True,False,
AC1_air_1_col_1_band_power_75_125,486,digital_feats_updt.csv,0.30578874930494765,0.2498834827168014,0.35203239282324494,0.5290324373164859,33.41014823696567,22.31056135790836,44.27929040512598,0.7946648692571461,100.0,100.0,2,3,18,315,True,False,
AC1_air_0_col_2_rms,487,stats_features_2.csv,40.99051312493486,67.96727907224107,70.73343448531494,106.31553012056939,14.865286770515844,40.87016116650348,44.26455206298068,0.7941902990175896,100.0,100.0,2,3,18,315,True,False,
AC1_air_1_col_2_fft_entropy,488,digital_feats_updt.csv,0.18270475893022003,0.17508946400738754,0.22547971389589694,0.33893723714091906,29.057694220565576,26.685875561573052,44.25643021786137,0.7939288852656513,100.0,100.0,2,3,18,315,True,False,
VRY_water_0_col_0_std,489,stats_features_2.csv,6.3235297050504,3.186043915745242,6.3074048010500405,9.482682061949625,44.46893686343151,11.28862733463384,44.24243580193466,0.7934786326887244,100.0,100.0,2,3,18,315,True,False,
AC1_air_1_col_2_band_peak_to_median_75_125,490,digital_feats_updt.csv,10.17673500807941,6.555756625915825,10.780873051332726,16.21021604149249,39.41298483891953,16.35565869523603,44.231356465844435,0.7931223293741204,100.0,100.0,2,3,18,315,True,False,
AC1_water_2_col_1_fft_kurtosis,491,digital_feats_updt.csv,250.6282694001582,339.46899031809625,375.5378567424191,564.873797105863,19.685989610226752,36.115809892188366,44.19820049758489,0.7920569030336015,100.0,100.0,2,3,18,315,True,False,
CV1_water_2_col_0_rms,492,stats_features_2.csv,2.943232590804186,1.5217194538338852,2.9469889765666046,4.434297261996933,44.05544177633392,11.77659062115378,44.16796760251229,0.7910865090503089,100.0,100.0,2,3,18,315,True,False,
AC1_water_1_col_resultant_log_band_power_ratio,493,digital_feats_updt.csv,0.4989031429819562,0.9659711337925609,0.9666718072780077,1.4548054716641292,11.760414481749612,44.08780178526293,44.15178373298746,0.7905674824401917,100.0,100.0,2,3,18,315,True,False,
AC1_air_0_col_2_std,494,stats_features_2.csv,40.79976158306848,68.25074427271667,70.53097004151209,106.28923922021303,14.734542420693908,41.232169480794255,44.03328809851183,0.7867763998002709,100.0,100.0,2,3,18,315,True,False,
CTB_water_1_col_0_spectral_bandwidth,495,ctvt_singlefault_peaks_freq.csv,0.1276087491283746,0.4285649882330733,0.39654144111581713,0.5976596493954831,4.558826159699996,51.419222468096656,44.02195137220333,0.7864145401871626,100.0,100.0,2,3,18,315,True,False,
AC1_water_2_col_resultant_relative_band_power_175_225,496,digital_feats_updt.csv,0.011652787063634042,0.01647599840508896,0.017885632897864687,0.02696556756220923,18.674134812514076,37.3322659719764,43.99359921550951,0.7855102023926596,100.0,100.0,2,3,18,315,True,False,
GYR_water_1_col_0_fft_mean,497,digital_feats_updt.csv,0.0007291276891597066,0.0010268296033970968,0.0011152329139230922,0.0016821862779756004,18.78706813359279,37.26049238794725,43.952439478459965,0.7841989743972583,100.0,100.0,2,3,18,315,True,False,
AC1_air_0_col_0_band_peak_to_median_75_125,498,digital_feats_updt.csv,7.4485714170891955,6.547772170169475,8.759825903705206,13.232123276751496,31.687421125264027,24.486574960914254,43.826003913821715,0.7801831268437245,100.0,100.0,2,3,18,315,True,False,
AC1_water_0_col_1_wavelet_mean_energy,499,digital_feats_updt.csv,0.02738112322774348,0.02931117191637576,0.03535789868347408,0.05347010106250995,26.222887372437125,30.049991639431003,43.72712098813186,0.7770549820084675,100.0,100.0,2,3,18,315,True,False,
AC1_air_1_col_2_band_peak_mag_75_125,500,digital_feats_updt.csv,0.10843265576680602,0.1324668858219544,0.15078109744704885,0.22812289675380198,22.59344384903819,33.71917169246454,43.68738445849727,0.7758010179139949,100.0,100.0,2,3,18,110,True,False,
CTR_water_1_col_0_gmean,501,ctvt_singlefault_peaks_freq.csv,0.00018221466871049915,0.00013317508821057318,0.00019866198244064532,0.00030067319947148295,36.72630475208865,19.618082129006755,43.655613118904604,0.7747996834366455,100.0,100.0,2,3,18,315,True,False,
GYR_water_0_col_0_wavelet_mean_energy,502,digital_feats_updt.csv,0.020023988164464258,0.01653725192090108,0.022852761259289096,0.03459320020293028,33.50577588562307,22.85310442110123,43.64111969327571,0.7743432704085995,100.0,100.0,2,3,18,315,True,False,
AC1_air_0_col_2_band_peak_to_median_75_125,503,digital_feats_updt.csv,12.228643985531646,6.887190865807187,12.326092518200221,18.67901733266953,42.859643349955476,13.594905323571911,43.545451326472616,0.77133645294541,100.0,100.0,2,3,18,315,True,False,
GYR_water_3_col_0_rank_175_225,504,digital_feats_updt.csv,0.19360134679666227,0.1456869635829668,0.212602916254693,0.322344804269444,36.07243001758472,20.42678579915403,43.500784183261246,0.7699360699865408,100.0,100.0,2,3,18,2,True,False,
GYR_water_3_col_0_rank_75_125,505,digital_feats_updt.csv,0.19360134679666224,0.14568696358296682,0.21260291625469294,0.322344804269444,36.07243001758472,20.426785799154043,43.500784183261246,0.7699360699865406,100.0,100.0,2,3,18,2,True,False,
GYR_air_0_col_0_band_peak_mag_175_225,506,digital_feats_updt.csv,0.09425419945153322,0.1355774111479381,0.14457395243380194,0.21946916924743137,18.44396879394975,38.16169306230601,43.39433814374424,0.7666077335857265,100.0,100.0,2,3,18,311,True,False,
VRY_air_0_col_0_q05,507,stats_features_2.csv,7.234264932612475,5.090324949741821,7.7412294986999655,11.754685506670656,37.87623395446124,18.752923671487487,43.37084237405127,0.7658747576739124,100.0,100.0,2,3,18,48,True,False,
AC1_air_1_col_2_band_peak_mag_175_225,508,digital_feats_updt.csv,0.13038762919650373,0.20948695551822252,0.21588969658422352,0.3278628973687123,15.81569322808186,40.82530381976089,43.35900295215725,0.7655056445339998,100.0,100.0,2,3,18,265,True,False,
CV1_water_1_col_0_spectral_bandwidth,509,ctvt_singlefault_peaks_freq.csv,0.10933163967288273,0.40756378216355826,0.36901971759443714,0.5605686362422567,3.8039441504882685,52.860781180077694,43.335274669434035,0.764766341257781,100.0,100.0,2,3,18,315,True,False,
GYR_air_1_col_1_fft_mean,510,digital_feats_updt.csv,0.0019396670525670563,0.0021520743477684867,0.0025335835878979216,0.0038487372045910113,25.399072726493642,31.266410503389185,43.33451677011718,0.7647427375553467,100.0,100.0,2,3,18,315,True,False,
GYR_air_1_col_0_kurt,511,stats_features_2.csv,0.060849002301681054,0.1438155049509236,0.13650502161194694,0.20741051436867233,8.60687283824185,48.07838644121788,43.31474072054026,0.764127063563342,100.0,100.0,2,3,18,315,True,False,
AC1_air_1_col_2_band_power_175_225,512,digital_feats_updt.csv,0.49962896600200646,0.7879489528157531,0.8154734117956738,1.2391487163602892,16.257297556310448,40.43424169044101,43.30846075324854,0.7639316435693745,100.0,100.0,2,3,18,315,True,False,
AC1_water_2_col_2_fft_std,513,digital_feats_updt.csv,0.003898387814710179,0.004120735398028178,0.004943093784938721,0.007524098879011563,26.844856901315005,29.994419984786713,43.160723113898285,0.7593468016911368,100.0,100.0,2,3,18,315,True,False,
AC1_air_1_col_1_log_band_power_ratio,514,digital_feats_updt.csv,0.5859988161920588,0.729945969573813,0.8149860327782342,1.2411357559506346,22.292301209662927,34.58938617358405,43.118312616753016,0.7580350478395336,100.0,100.0,2,3,18,315,True,False,
AC1_water_3_col_0_contrast_freq,515,digital_feats_updt.csv,0.24472152279403053,0.4765270817816275,0.46632547437669025,0.710229632895297,11.872625144806854,45.017108654125906,43.11026620106725,0.7577863934718567,100.0,100.0,2,3,18,315,True,False,
CTR_water_2_col_0_spectral_entropy,516,ctvt_singlefault_peaks_freq.csv,0.03219056934821184,0.054080187717760526,0.05475955786455331,0.08342366951933734,14.88945282129789,42.02404015176398,43.086507026938136,0.7570525858838381,100.0,100.0,2,3,18,315,True,False,
GYR_air_1_col_0_contrast_time,517,digital_feats_updt.csv,0.1157480404941452,0.09327269104996452,0.1292163952044872,0.19696263748127113,34.53501053145551,22.425457488364383,43.039531980180115,0.7556035523655482,100.0,100.0,2,3,18,315,True,False,
AC1_water_3_col_1_relative_band_power_75_125,518,digital_feats_updt.csv,0.03462903927463504,0.04527334393572696,0.049544212931740966,0.07552135504102485,21.025258232014743,35.9373127253308,43.03742904265446,0.755538739199141,100.0,100.0,2,3,18,315,True,False,
AC1_air_0_col_1_log_band_power_ratio,519,digital_feats_updt.csv,0.5782110796340573,0.7465363630292908,0.81997568441964,1.2506017419530648,21.3764094815517,35.63394248596368,42.98964803248463,0.7540674026531221,100.0,100.0,2,3,18,315,True,False,
SMG_water_0_col_0_std,520,stats_features_2.csv,18.34888712720696,49.254316289566674,45.62145538209152,69.59875374703071,6.950507752212897,50.08246124475534,42.967031003031764,0.7533718085992648,100.0,100.0,2,3,18,315,True,False,
AC1_air_0_col_0_band_power_75_125,521,digital_feats_updt.csv,0.38865704720174,0.3780775767914649,0.47031094686632186,0.7177669128306053,29.32015247076157,27.745654394210945,42.934193135027485,0.7523628507806286,100.0,100.0,2,3,18,315,True,False,
AC1_air_1_col_resultant_contrast_freq,522,digital_feats_updt.csv,0.105892731395841,0.13453380483329916,0.1483959773242704,0.2265700361729709,21.843757839109262,35.258018543652085,42.89822361723864,0.751259003392219,100.0,100.0,2,3,18,315,True,False,
VRY_water_3_col_0_q05,523,stats_features_2.csv,15.76243696813354,11.041729444266013,16.67357821564174,25.46335442960877,38.319117231956106,18.80368523016619,42.8771975378777,0.7506143902220002,100.0,100.0,2,3,18,75,True,False,
SMG_water_0_col_0_mad,524,stats_features_2.csv,18.999635501160405,49.54046858900138,45.948369282484386,70.18900780688057,7.3274410314762894,49.817509667143774,42.85504930137995,0.7499358872036758,100.0,100.0,2,3,18,178,True,False,
VRY_water_2_col_0_std,525,stats_features_2.csv,6.517848214341793,3.9577657855517194,6.6029175330411025,10.086861519155695,41.7538347469649,15.395296678456615,42.850868574578485,0.7498078711921986,100.0,100.0,2,3,18,315,True,False,
AC1_water_0_col_1_band_peak_to_median_75_125,526,digital_feats_updt.csv,6.785715763978432,5.654960553685798,7.645724989551737,11.682535166183053,33.73782913856497,23.430683934280164,42.83148692715487,0.749214639754199,100.0,100.0,2,3,18,315,True,False,
VRY_water_3_col_0_q95,527,stats_features_2.csv,17.621623080749387,12.060803011828227,18.466282886484873,28.2309789581199,38.96188306746542,18.251584431254265,42.7865325012803,0.7478402266431025,100.0,100.0,2,3,18,66,True,False,
GYR_air_1_col_1_fft_std,528,digital_feats_updt.csv,0.006732991033586863,0.0075443651330712735,0.008742668075264592,0.013367305584661154,25.370458703184187,31.85353572152312,42.7760055752927,0.7475186939558265,100.0,100.0,2,3,18,315,True,False,
AC1_air_0_col_2_wavelet_max_energy_ratio,529,digital_feats_updt.csv,4.999314332624106e-07,3.323017239357876e-07,5.190022478273557e-07,7.935484906068138e-07,39.68934649088673,17.53550384250142,42.77514966661185,0.7474925564227201,100.0,100.0,2,3,18,315,True,False,
AC1_air_0_col_0_fft_std,530,digital_feats_updt.csv,0.007716190028555488,0.006815650269463475,0.008888641743071978,0.013601493638167036,32.18345192540981,25.109692220644035,42.70685585394615,0.7454095335573874,100.0,100.0,2,3,18,315,True,False,
GYR_air_0_col_0_band_power_175_225,531,digital_feats_updt.csv,0.2765253053339541,0.446656855875249,0.45352706894129363,0.6940139722317414,15.875716434963097,41.42014177134709,42.704141793689814,0.7453268548648194,100.0,100.0,2,3,18,315,True,False,
VRY_water_1_col_0_std,532,stats_features_2.csv,6.094442088057279,3.4662810531260173,6.050619497116243,9.261065003703818,43.30579782389092,14.008953105234767,42.685249070874306,0.7447515409018886,100.0,100.0,2,3,18,315,True,False,
AC1_air_1_col_2_relative_band_power_175_225,533,digital_feats_updt.csv,0.06555875106625998,0.13505142381572144,0.12880309484740599,0.19780564743781034,10.984592980247351,46.614492565600266,42.400914454152364,0.7361386739447827,100.0,100.0,2,3,18,315,True,False,
AC1_water_1_col_1_wavelet_mean_energy,534,digital_feats_updt.csv,0.0281932081393385,0.027514329835682038,0.0337684670440375,0.051886459678793004,29.524388906194325,28.119642866286267,42.355968227519426,0.7347849712299319,100.0,100.0,2,3,18,315,True,False,
CV1_water_0_col_0_spectral_entropy,535,ctvt_singlefault_peaks_freq.csv,0.04190705170875458,0.046446127171480694,0.05358266638224914,0.08236835465626954,25.885313800860697,31.79642053147825,42.318265667661045,0.7336510622901911,100.0,100.0,2,3,18,315,True,False,
SMG_water_0_col_0_peak_magn_raw,536,ctvt_singlefault_peaks_freq.csv,450982.21077572874,1169758.9202248843,1073757.8366457515,1650659.4977886917,7.46455345108223,50.22011941654504,42.31532713237273,0.7335627477592953,100.0,100.0,2,3,18,315,True,False,
GYR_air_0_col_0_fft_entropy,537,digital_feats_updt.csv,0.2648809696044504,0.1735134836768856,0.2712067044455354,0.4169195769120114,40.36425472921562,17.3205581090863,42.31518716169809,0.7335585413150789,100.0,100.0,2,3,18,315,True,False,
GYR_water_0_col_0_fft_entropy,538,digital_feats_updt.csv,0.26746385358491803,0.2177146919379397,0.2945636198566904,0.4535463881492204,34.77657193452866,23.04263014809354,42.180797917377795,0.729529229011194,100.0,100.0,2,3,18,315,True,False,
AC1_water_1_col_0_log_band_power_ratio,539,digital_feats_updt.csv,0.5555542647041919,0.6526831475226545,0.7318211944347119,1.1270306529615524,24.29861474373039,33.53770514247503,42.163680113794584,0.7290173406045336,100.0,100.0,2,3,18,315,True,False,
GYR_air_0_col_0_wavelet_mean_energy,540,digital_feats_updt.csv,0.024166292327487734,0.018956392887082403,0.02622142696136065,0.04038462266800313,35.808653475046135,22.03328964455403,42.15805688039984,0.728849250330843,100.0,100.0,2,3,18,315,True,False,
VRY_water_0_col_0_mad,541,stats_features_2.csv,6.737635680852832,3.7103269713824214,6.566119013218353,10.113168627992744,44.38544214483675,13.460149054440969,42.15440880072227,0.7287402190341628,100.0,100.0,2,3,18,59,True,False,
GYR_water_2_col_0_kurt,542,stats_features_2.csv,0.11668544422780132,0.17158305412215472,0.1770752012171586,0.27278538128467006,18.29747585713681,39.56458390276793,42.13794024009525,0.7282481891405903,100.0,100.0,2,3,18,315,True,False,
PRS_water_0_col_0_rms,543,stats_features_2.csv,0.6337084833595648,0.9354193512183409,0.9616476314690066,1.483698746924581,18.24263556189865,39.74854539653924,42.008819041562106,0.7244001302830805,100.0,100.0,2,3,18,310,True,False,
SMG_air_0_col_0_q05,544,stats_features_2.csv,46.63472084520487,39.752520320558546,52.13114987193928,80.45319662460405,33.599448881790494,24.414212905670873,41.986338212538634,0.7237319093278343,100.0,100.0,2,3,18,191,True,False,
GYR_water_2_col_1_kurt,545,stats_features_2.csv,0.12345890207234281,0.24149822952901037,0.23068709366196363,0.35606183528813995,12.022477384595954,46.00203566224626,41.97548695315779,0.7234095513954885,100.0,100.0,2,3,18,315,True,False,
GYR_air_0_col_0_mad,546,stats_features_2.csv,3.799607814936313,8.597151751840263,7.983286179678284,12.332108336295846,9.492986907180843,48.59980456411521,41.90720852870395,0.7213839698064863,100.0,100.0,2,3,18,51,True,False,
AC1_air_1_col_resultant_wavelet_max_energy_ratio,547,digital_feats_updt.csv,3.218280906736552e-07,3.9764345203365927e-07,4.340728445817067e-07,6.709045157808598e-07,23.010521807305825,35.129036677589795,41.860441515104384,0.7199993017831314,100.0,100.0,2,3,18,315,True,False,
AC1_water_0_col_0_band_peak_mag_75_125,548,digital_feats_updt.csv,0.10181046090728242,0.1342027036590079,0.1428818682847987,0.2208867671547921,21.244445939882834,36.91332211593337,41.84223194418379,0.7194607589484214,100.0,100.0,2,3,18,308,True,False,
CTR_water_0_col_0_spectral_bandwidth,549,ctvt_singlefault_peaks_freq.csv,0.2460352931845483,0.6871360076905804,0.6180326453366487,0.9563752450054173,6.618173796027104,51.621279168993205,41.76054703497969,0.7170490948818122,100.0,100.0,2,3,18,315,True,False,
AC1_air_1_col_1_band_peak_to_median_75_125,550,digital_feats_updt.csv,9.702105936715087,6.229469738911686,9.761238571070827,15.106916670075975,41.24585943886841,17.003976405874997,41.7501641552566,0.7167430354058968,100.0,100.0,2,3,18,315,True,False,
VRY_water_0_col_1_q95,551,stats_features_2.csv,11.549381327737745,13.047978697084119,14.739945101389763,22.823320063589396,25.607064784339414,32.68352097629787,41.70941423936273,0.7155428907617607,100.0,100.0,2,3,18,62,True,False,
AC1_water_0_col_1_band_peak_mag_175_225,552,digital_feats_updt.csv,0.0971923156287665,0.07796947913669694,0.10538062616245594,0.16318903843249058,35.471690953276855,22.82797031655867,41.70033873016446,0.7152758321726369,100.0,100.0,2,3,18,315,True,False,
AC1_air_1_col_1_fft_kurtosis,553,digital_feats_updt.csv,586.3193201385612,579.7181172316874,696.4563487667359,1079.3029631905447,29.51084678930411,28.85007904010421,41.639074170591684,0.7134752161455529,100.0,100.0,2,3,18,315,True,False,
VRY_water_2_col_1_kurt,554,stats_features_2.csv,0.005095978537743441,0.008769707395367905,0.008566025762238073,0.013276052215053942,14.73388503531364,43.63473097836405,41.63138398632231,0.7132494622892327,100.0,100.0,2,3,18,315,True,False,
AC1_air_0_col_resultant_band_power_175_225,555,digital_feats_updt.csv,0.29972602547551525,0.4852281389498438,0.48138624723829687,0.7463342121370619,16.12806291869318,42.26931947590072,41.60261760540609,0.7124055205813029,100.0,100.0,2,3,18,315,True,False,
AC1_air_1_col_2_wavelet_max_energy_ratio,556,digital_feats_updt.csv,1.0526437887590926e-06,5.997510478339478e-07,1.0220668047815607e-06,1.5850491534420643e-06,44.103940680866124,14.317149561180008,41.578909757953866,0.7117106097419111,100.0,100.0,2,3,18,315,True,False,
GYR_water_1_col_0_wavelet_mean_energy,557,digital_feats_updt.csv,0.022606044059270886,0.015140208230538483,0.022917858633785225,0.03557368940146532,40.38232518494021,18.11364611893718,41.50402869612261,0.7095194381937125,100.0,100.0,2,3,18,315,True,False,
AC1_air_1_col_2_fft_kurtosis,558,digital_feats_updt.csv,562.8161534346932,584.7788202828585,683.2464325259016,1060.9212877390137,28.14276601029681,30.38204076385024,41.47519322585295,0.708677149262701,100.0,100.0,2,3,18,315,True,False,
GYR_water_3_col_0_wavelet_max_energy,559,digital_feats_updt.csv,51433.35462982843,57702.8064917949,65012.179918837006,101002.90779629294,25.931160211463986,32.63819395869706,41.430645829838966,0.7073775426901732,100.0,100.0,2,3,18,315,True,False,
AC1_water_0_col_2_fft_entropy,560,digital_feats_updt.csv,0.20572662277755263,0.2153977429455365,0.25035587011585025,0.38909856423142114,27.9551442088157,30.645240916560947,41.39961487462334,0.7064734265149977,100.0,100.0,2,3,18,315,True,False,
GYR_air_1_col_0_band_peak_mag_175_225,561,digital_feats_updt.csv,0.11151612633385839,0.19401314862066746,0.1879715096449263,0.29225029804673747,14.560135777360529,44.07094897326308,41.3689152493764,0.7055799056990225,100.0,100.0,2,3,18,282,True,False,
AC1_air_1_col_resultant_band_peak_mag_175_225,562,digital_feats_updt.csv,0.1309439228508991,0.18796444035648238,0.19240195154691858,0.29915790601147524,19.15886272285815,39.477570939210146,41.3635663379317,0.7054243199086244,100.0,100.0,2,3,18,285,True,False,
CTB_water_2_col_0_spectral_entropy,563,ctvt_singlefault_peaks_freq.csv,0.02476829955969567,0.04287717573017607,0.041587409359166175,0.06466400450700593,14.671252482601567,43.967032068818526,41.3617154485799,0.7053704890072232,100.0,100.0,2,3,18,315,True,False,
AC1_water_0_col_resultant_fft_kurtosis,564,digital_feats_updt.csv,530.6785689168075,757.011400057152,775.8038325983727,1206.8792773092111,19.334610965015084,39.34387927751742,41.32150975746748,0.704201992700828,100.0,100.0,2,3,18,315,True,False,
AC1_water_0_col_2_relative_band_power_75_125,565,digital_feats_updt.csv,0.09459794238036985,0.16017134295543436,0.15598721186295542,0.2427666370643332,15.183971348642919,43.530296901861135,41.285731749495945,0.7031635236149182,100.0,100.0,2,3,18,315,True,False,
GYR_water_3_col_0_relative_band_power_175_225,566,digital_feats_updt.csv,0.01670690458819214,0.020734328034515893,0.022314701756049767,0.03474160235831557,23.12556192642389,35.61887840638406,41.25555966719203,0.7022887516412575,100.0,100.0,2,3,18,315,True,False,
AC1_water_0_col_resultant_wavelet_entropy,567,digital_feats_updt.csv,0.0871248429369721,0.10939558787224068,0.11718895655894486,0.18245926789856265,22.800908955884573,35.947422573351,41.25166847076443,0.7021760005258347,100.0,100.0,2,3,18,315,True,False,
SMG_water_3_col_0_mad,568,stats_features_2.csv,17.30155489991384,26.523026522028037,26.49310275077732,41.28800347808283,17.55991886867505,41.26657201519669,41.173509116128265,0.6999144177647466,100.0,100.0,2,3,18,133,True,False,
AC1_water_1_col_resultant_fft_kurtosis,569,digital_feats_updt.csv,553.963815243775,669.651968426372,726.260474502222,1132.5916935246112,23.92302262448043,34.95840063408296,41.1185767414366,0.6983285128974279,100.0,100.0,2,3,18,315,True,False,
AC1_air_0_col_1_skew,570,stats_features_2.csv,0.044135683520329004,0.054058592560838434,0.05830945172206244,0.09094109164504739,23.553713459492148,35.33532927655418,41.11095726395369,0.6981087712398735,100.0,100.0,2,3,18,315,True,False,
AC1_water_2_col_1_band_power_175_225,571,digital_feats_updt.csv,0.09847069355125389,0.08606096985545392,0.10922368190539672,0.1703900839541362,33.39837677056996,25.510785916336264,41.090837313093765,0.697528795842604,100.0,100.0,2,3,18,315,True,False,
GYR_air_1_col_0_fft_kurtosis,572,digital_feats_updt.csv,708.363609431227,599.9839625261411,773.9679508839312,1208.6298637095135,34.34992890932018,24.642946944482425,41.00712414619739,0.6951199369873425,100.0,100.0,2,3,18,315,True,False,
GYR_water_1_col_0_fft_kurtosis,573,digital_feats_updt.csv,679.6208577177969,697.5509984701001,811.4345513543651,1267.6308361835347,28.744039933015966,30.280729869843015,40.975230197141016,0.6942039813792938,100.0,100.0,2,3,18,315,True,False,
AC1_water_0_col_resultant_relative_band_power_75_125,574,digital_feats_updt.csv,0.0949120680635207,0.14136495690082876,0.14174689600839563,0.22155029729540535,18.352625333215073,40.71353910632427,40.93383556046065,0.6930166525771432,100.0,100.0,2,3,18,315,True,False,
VRY_water_0_col_1_q05,575,stats_features_2.csv,11.300107892161277,12.146309437689489,13.796510066562691,21.57704709517398,27.427180283871117,31.68871750581158,40.8841022103173,0.6915923421440903,100.0,100.0,2,3,18,75,True,False,
SMG_water_3_col_0_spectral_entropy,576,ctvt_singlefault_peaks_freq.csv,0.03885794673758736,0.056448941658456285,0.05694591478340653,0.08910252661703806,19.018648806085757,40.13576724033496,40.84558395357928,0.6904908658303075,100.0,100.0,2,3,18,315,True,False,
AC1_air_0_col_1_band_peak_to_median_75_125,577,digital_feats_updt.csv,11.928778365449991,5.374459087989904,10.869445484845386,17.009568158202335,49.18190691201189,9.98350286462825,40.83459022335985,0.6901767498529567,100.0,100.0,2,3,18,315,True,False,
GYR_air_1_col_1_band_peak_to_median_175_225,578,digital_feats_updt.csv,1.6376686976198187,1.476080993656233,1.8277954360738042,2.863845320391657,32.70039366549338,26.565699841267364,40.73390649323925,0.687305406565941,100.0,100.0,2,3,18,315,True,False,
VRY_air_1_col_0_std,579,stats_features_2.csv,8.21854173689265,6.4900637756103405,8.680634129122769,13.602160305489235,36.50679880482676,22.76575990381389,40.727441291359355,0.6871213623754392,100.0,100.0,2,3,18,315,True,False,
GYR_water_1_col_0_band_power_175_225,580,digital_feats_updt.csv,0.11304016689775136,0.18417461567124666,0.17911379907239752,0.28067796744324286,16.219928458960865,43.05691391607412,40.723157624965026,0.6869994418278255,100.0,100.0,2,3,18,315,True,False,
AC1_water_3_col_1_fft_mean,581,digital_feats_updt.csv,0.002276479735362756,0.0028595770061940686,0.003029412010436185,0.004747302156893547,22.99502193103751,36.283555948719595,40.7214221202429,0.6869500513801757,100.0,100.0,2,3,18,315,True,False,
GYR_water_1_col_0_rank_175_225,582,digital_feats_updt.csv,0.11021863793455329,0.10115383712658704,0.12384556071209536,0.19421114752164345,32.20785266434877,27.127914927044973,40.664232408606246,0.6853241149357663,100.0,100.0,2,3,18,2,True,False,
GYR_water_1_col_0_rank_75_125,583,digital_feats_updt.csv,0.11021863793455329,0.10115383712658704,0.1238455607120953,0.1942111475216434,32.207852664348785,27.127914927044984,40.664232408606225,0.6853241149357657,100.0,100.0,2,3,18,2,True,False,
CTB_water_3_col_0_spectral_entropy,584,ctvt_singlefault_peaks_freq.csv,0.03617837997281227,0.03879949235641569,0.043823858016681386,0.06880992890592892,27.643689944051452,31.794343984379395,40.561966071569145,0.6824244240717936,100.0,100.0,2,3,18,315,True,False,
GYR_water_0_col_0_fft_std,585,digital_feats_updt.csv,0.003024163964183176,0.003156759463888033,0.0036082254428624347,0.005668332104034711,28.46427282419177,31.015044424587284,40.52068275122093,0.6812566893082941,100.0,100.0,2,3,18,315,True,False,
AC1_water_0_col_resultant_band_peak_to_median_75_125,586,digital_feats_updt.csv,6.211236816320084,5.227201988790064,6.689643488605742,10.519241104978345,34.864814354388336,24.69276628686806,40.44241935874361,0.6790473844521576,100.0,100.0,2,3,18,315,True,False,
GYR_water_2_col_0_log_band_power_ratio,587,digital_feats_updt.csv,0.5204573095075613,1.0681849355134079,0.978910703335399,1.5395327318969996,11.428582585578003,48.140992986230486,40.43042442819151,0.6787092914478536,100.0,100.0,2,3,18,315,True,False,
GYR_air_1_col_0_band_peak_to_median_75_125,588,digital_feats_updt.csv,11.383228465231559,7.274322795153318,11.126922404362773,17.501487497137365,42.303955886031886,17.27568248520889,40.42036162875923,0.6784257631256492,100.0,100.0,2,3,18,315,True,False,
AC1_water_1_col_1_band_peak_mag_75_125,589,digital_feats_updt.csv,0.10918543920198669,0.11568688137015298,0.13090545450188437,0.2060125061087979,28.089388206581305,31.5341447585007,40.376467034918,0.677190113148178,100.0,100.0,2,3,18,150,True,False,
AC1_water_2_col_resultant_fft_mean,590,digital_feats_updt.csv,0.0010828065086714662,0.0014411622939359445,0.0014832104287147378,0.0023343804035615445,21.51584751135938,38.11382399843018,40.37032849021045,0.6770174557071433,100.0,100.0,2,3,18,315,True,False,
AC1_air_1_col_resultant_fft_kurtosis,591,digital_feats_updt.csv,550.0082276179071,578.1761976658325,655.8083429884887,1032.8994862657346,28.35451672372525,31.333167080469817,40.31231619580494,0.6753875108983814,100.0,100.0,2,3,18,315,True,False,
AC1_water_2_col_2_fft_skew,592,digital_feats_updt.csv,6.814311406197641,8.524083943947728,8.960733143582003,14.120537719739701,23.28849815573481,36.44122480280611,40.27027704145908,0.6742083345909898,100.0,100.0,2,3,18,315,True,False,
AC1_water_0_col_2_wavelet_std_energy,593,digital_feats_updt.csv,0.02152860878832096,0.019994115559396897,0.024097923103536433,0.03799941514374981,32.098009939009195,27.685385235835792,40.21660482515502,0.6727052671989584,100.0,100.0,2,3,18,315,True,False,
AC1_air_0_col_1_fft_entropy,594,digital_feats_updt.csv,0.20681204210323398,0.20453727397925314,0.23850406354005482,0.3761527688730902,30.22895400833475,29.567622236843988,40.203423754821266,0.6723365496709819,100.0,100.0,2,3,18,315,True,False,
GYR_water_1_col_0_wavelet_std_energy,595,digital_feats_updt.csv,0.02563855427390123,0.019373370128647316,0.026345271943579197,0.041554016522816234,38.06808656164366,21.736235723645486,40.195677714710854,0.6721199434877354,100.0,100.0,2,3,18,315,True,False,
VRY_air_0_col_1_rms,596,stats_features_2.csv,3.431153434333361,1.8267091402671551,3.1867620484541757,5.026443327696139,46.597079503027615,13.207396714148201,40.19552378282419,0.6721156395861896,100.0,100.0,2,3,18,315,True,False,
AC1_air_0_col_2_band_peak_mag_175_225,597,digital_feats_updt.csv,0.11279049368226442,0.18532909413852017,0.17781878933460213,0.28051397548021917,16.167243853547355,43.649392102757446,40.183364043695214,0.6717757259543747,100.0,100.0,2,3,18,300,True,False,
AC1_water_3_col_2_fft_skew,598,digital_feats_updt.csv,6.490150279594848,8.043566703145302,8.469559395087757,13.362426886856749,23.590591053645742,36.23486531540223,40.17454363095203,0.6715292463984817,100.0,100.0,2,3,18,315,True,False,
AC1_air_0_col_0_relative_band_power_75_125,599,digital_feats_updt.csv,0.059291806487042915,0.049959453963072435,0.06338335426803346,0.10014447041675509,35.053825186999994,24.887508284542324,40.058666528457685,0.6682978874248082,100.0,100.0,2,3,18,315,True,False,
GYR_water_3_col_0_band_power_175_225,600,digital_feats_updt.csv,0.16335103510679855,0.14418509921546804,0.17794355750765456,0.2813126608681466,33.71826537280806,26.270128912700887,40.01160571449106,0.666989109994505,100.0,100.0,2,3,18,315,True,False,
GYR_water_0_col_1_wavelet_mean_energy,601,digital_feats_updt.csv,0.021034357989502206,0.03203754154087882,0.03128608919588172,0.049473908893342335,18.076155641816943,41.933963677319234,39.98988068086382,0.6663856218681395,100.0,100.0,2,3,18,315,True,False,
AC1_air_1_col_resultant_wavelet_max_energy,602,digital_feats_updt.csv,1364981.4995218525,2348119.5610054284,2212918.6730833296,3503405.3463015286,15.180034322777704,44.922057160471326,39.897908516750974,0.6638356092461584,100.0,100.0,2,3,18,315,True,False,
VRY_water_3_col_0_kurt,603,stats_features_2.csv,0.002390177122207235,0.0018685604084394223,0.002466759169709345,0.003910161822336168,37.36549227089241,22.836251807000647,39.79825592210693,0.6610814442620347,100.0,100.0,2,3,18,315,True,False,
CV1_air_1_col_0_spectral_centroid,604,ctvt_singlefault_peaks_freq.csv,0.1498915950417533,0.09640635738878114,0.14481827979153003,0.22963886903334166,42.60531332880483,17.624651936863344,39.77003473433182,0.6603031324841431,100.0,100.0,2,3,18,315,True,False,
GYR_water_3_col_0_log_band_power_ratio,605,digital_feats_updt.csv,0.5245003206610644,0.9765433403003869,0.8997846528446293,1.4277079194825975,13.496239576972842,46.78474946407345,39.719010958953696,0.6588977983076619,100.0,100.0,2,3,18,315,True,False,
GYR_water_2_col_2_kurt,606,stats_features_2.csv,0.13514854271804919,0.25102327524144374,0.23073188765601482,0.36676288974358057,13.578505185795684,46.84434941242189,39.57714540178241,0.6550029068462765,100.0,100.0,2,3,18,315,True,False,
AC1_water_0_col_2_fft_kurtosis,607,digital_feats_updt.csv,588.9839035564005,792.2980900489141,798.4879771001893,1269.7327875254875,21.51702297448395,38.93610904151151,39.54686798400455,0.6541740132428661,100.0,100.0,2,3,18,315,True,False,
GYR_air_1_col_0_contrast_freq,608,digital_feats_updt.csv,0.09552845115475479,0.10271271688210395,0.11339778846739773,0.1803736278357407,28.04912980149954,32.42667011950902,39.52420007899144,0.6535539857367181,100.0,100.0,2,3,18,315,True,False,
AC1_water_2_col_2_log_band_power_ratio,609,digital_feats_updt.csv,0.5217048555871667,1.1014834650923715,0.9837578527607879,1.5662762505648995,11.094635331536187,49.456028581378064,39.44933608708575,0.6515095547725611,100.0,100.0,2,3,18,315,True,False,
GYR_air_1_col_1_skew,610,stats_features_2.csv,0.02685359326918832,0.02860479288331718,0.031641424424588525,0.05040366442017303,28.384457001845774,32.20723129952357,39.408311698630655,0.6503913788079748,100.0,100.0,2,3,18,315,True,False,
GYR_water_0_col_1_log_band_power_ratio,611,digital_feats_updt.csv,0.5163659729089091,1.0075355985980023,0.9124535389020704,1.4540747095920867,12.61077536294156,48.01173027595278,39.377494361105654,0.6495524054327728,100.0,100.0,2,3,18,315,True,False,
AC1_water_3_col_1_fft_std,612,digital_feats_updt.csv,0.007334698612208095,0.00877707912296738,0.009216574533260526,0.014689457709183945,24.931764713570928,35.701667451587916,39.36656783484115,0.6492551457026368,100.0,100.0,2,3,18,315,True,False,
AC1_water_1_col_2_rank_75_125,613,digital_feats_updt.csv,0.11021863793455329,0.10356604620205372,0.12183552744417146,0.1942111475216434,32.207852664348785,28.4371772304738,39.354970105177415,0.6489397428516602,100.0,100.0,2,3,18,2,True,False,
AC1_water_1_col_2_rank_175_225,614,digital_feats_updt.csv,0.11021863793455329,0.10356604620205372,0.12183552744417146,0.1942111475216434,32.207852664348785,28.4371772304738,39.354970105177415,0.6489397428516602,100.0,100.0,2,3,18,2,True,False,
GYR_water_2_col_1_wavelet_mean_energy,615,digital_feats_updt.csv,0.020892908633660508,0.02958970561210651,0.029104916452259117,0.04646676738356776,20.21682209458141,40.550514421642355,39.232663483776236,0.6456209163174665,100.0,100.0,2,3,18,315,True,False,
VRY_water_2_col_0_mad,616,stats_features_2.csv,6.622468030797132,4.7022597101851185,6.525603281475566,10.418820825226094,40.401975603877894,20.36929908417272,39.22872531194938,0.6455142748497076,100.0,100.0,2,3,18,58,True,False,
CTB_water_0_col_0_spectral_bandwidth,617,ctvt_singlefault_peaks_freq.csv,0.21472952544166896,0.6043835246014244,0.5147193043604668,0.8223893093829514,6.817554468676934,54.00952053330771,39.172924998015354,0.6440047461880622,100.0,100.0,2,3,18,315,True,False,
AC1_water_0_col_1_fft_skew,618,digital_feats_updt.csv,3.549698357768537,6.990664301420171,6.279088792836683,10.044735032574142,12.488374938957163,48.43506920164463,39.0765558593982,0.6414042477509251,100.0,100.0,2,3,18,315,True,False,
AC1_water_2_col_1_relative_band_power_175_225,619,digital_feats_updt.csv,0.0041407143497013965,0.003595956421585785,0.004389085450896996,0.007024278539967132,34.74938264875269,26.207487696561554,39.04312965468575,0.6405041701371893,100.0,100.0,2,3,18,315,True,False,
GYR_air_0_col_1_kurt,620,stats_features_2.csv,0.09613655753726687,0.2557413113519532,0.21845968802194932,0.34981493867155006,7.552668617726907,53.44721397103158,39.00011741124152,0.6393474176691079,100.0,100.0,2,3,18,315,True,False,
VRY_air_1_col_0_mad,621,stats_features_2.csv,8.347526986486683,7.146503008249099,8.780448556415083,14.065915856739958,35.219211879388084,25.81375189037562,38.967036230236296,0.6384588560574038,100.0,100.0,2,3,18,72,True,False,
GYR_water_1_col_0_wavelet_max_energy,622,digital_feats_updt.csv,85249.89725059312,84287.23548525048,95781.21825955411,153446.81429820266,30.86540468182618,30.172261742016914,38.962333576156915,0.6383326208050623,100.0,100.0,2,3,18,315,True,False,
AC1_water_0_col_0_band_peak_mag_175_225,623,digital_feats_updt.csv,0.08098323405641171,0.11300952726893157,0.11102678951216366,0.17792241410559054,20.717097378111106,40.34305583397935,38.93984678790956,0.6377292676068674,100.0,100.0,2,3,18,315,True,False,
VRY_water_3_col_0_mad,624,stats_features_2.csv,11.479680653277537,8.475450896632845,11.393670318190534,18.26012210041557,39.523214488797144,21.543599643768204,38.93318586743466,0.6375506307389401,100.0,100.0,2,3,18,78,True,False,
AC1_water_1_col_1_band_peak_to_median_75_125,625,digital_feats_updt.csv,5.809224902044228,5.005088081788283,6.121093352137532,9.811512854528203,35.056166777962076,26.022648480958026,38.921184741079905,0.6372288751196064,100.0,100.0,2,3,18,315,True,False,
GYR_air_0_col_1_skew,626,stats_features_2.csv,0.030592407080348844,0.0413849561537175,0.041077392980530945,0.06584802336358982,21.584491098519507,39.50021989105147,38.91528901042903,0.6370708542285328,100.0,100.0,2,3,18,315,True,False,
GYR_air_0_col_0_relative_band_power_175_225,627,digital_feats_updt.csv,0.06184994921968598,0.0765206128446606,0.07840985149869964,0.12581305663820547,24.167251820026337,36.991798928232086,38.84094925174158,0.6350809696445071,100.0,100.0,2,3,18,315,True,False,
GYR_water_2_col_0_fft_mean,628,digital_feats_updt.csv,0.0005871784440066487,0.0008283306305862646,0.0008089230876893111,0.00129817823139595,20.458395155981588,40.71353366403368,38.82807117998473,0.6347367481942192,100.0,100.0,2,3,18,315,True,False,
GYR_water_1_col_0_fft_entropy,629,digital_feats_updt.csv,0.2659660427468517,0.21699471520368488,0.2727994873935465,0.43845661432224986,36.79587468539018,24.493173671294542,38.710951643315276,0.6316128685508153,100.0,100.0,2,3,18,315,True,False,
AC1_water_2_col_1_band_peak_to_median_75_125,630,digital_feats_updt.csv,6.288418095528443,5.043101424607155,6.406056624819082,10.296340884189526,37.30070090708225,23.9899631160466,38.70933597687116,0.6315698580498929,100.0,100.0,2,3,18,315,True,False,
VRY_water_3_col_0_std,631,stats_features_2.csv,11.619410807718449,8.030522431740616,11.190870226244739,18.02042104019394,41.57558276163437,19.85901625738519,38.56540098098044,0.6277472563797636,100.0,100.0,2,3,18,315,True,False,
AC1_water_2_col_resultant_fft_skew,632,digital_feats_updt.csv,5.62993264198437,8.327771686465269,7.9536009767895015,12.818256172863787,19.290722972225417,42.20848136056653,38.50079566720805,0.6260372973098624,100.0,100.0,2,3,18,315,True,False,
AC1_water_0_col_resultant_band_peak_mag_175_225,633,digital_feats_updt.csv,0.08869913973918375,0.09164424890216286,0.10079482105532046,0.16256014794188303,29.77218053824509,31.782075914069036,38.44574354768587,0.6245830225805694,100.0,100.0,2,3,18,315,True,False,
AC1_water_1_col_2_wavelet_std_energy,634,digital_feats_updt.csv,0.02128185244583246,0.016592285757650472,0.02130799009622623,0.03438388622786248,38.30971607203128,23.286408678277105,38.40387524969161,0.6234787562589209,100.0,100.0,2,3,18,315,True,False,
AC1_air_1_col_resultant_relative_band_power_175_225,635,digital_feats_updt.csv,0.05951727519394874,0.10574858778501624,0.09579733642249091,0.15460336196435515,14.820000318235316,46.785501075626236,38.39449860613844,0.6232316552489597,100.0,100.0,2,3,18,315,True,False,
GYR_water_1_col_0_log_band_power_ratio,636,digital_feats_updt.csv,0.513980837943437,1.152861097922487,0.9962335855015251,1.6080256122827472,10.216636281996712,51.40058308301093,38.38278063499236,0.6229229593698593,100.0,100.0,2,3,18,315,True,False,
AC1_water_0_col_resultant_wavelet_std_energy,637,digital_feats_updt.csv,0.020959960141074072,0.018816183140334238,0.02222248091911817,0.03587767182087744,34.129694344664664,27.505184150599415,38.36512150473591,0.6224579725209294,100.0,100.0,2,3,18,315,True,False,
SMG_water_0_col_0_spectral_bandwidth,638,ctvt_singlefault_peaks_freq.csv,0.385493648268739,0.8226522542420207,0.7166472983564964,1.1571280977085838,11.098686251564361,50.544011276965826,38.357302471469815,0.6222521727527717,100.0,100.0,2,3,18,315,True,False,
AC1_water_3_col_0_log_band_power_ratio,639,digital_feats_updt.csv,0.5127569950378441,0.6779694376015746,0.6704483456124837,1.0826187133134875,22.432213413890274,39.216530948974786,38.351255637134955,0.6220930536946401,100.0,100.0,2,3,18,315,True,False,
AC1_water_3_col_0_contrast_time,640,digital_feats_updt.csv,0.20667566649905936,0.12233790987287581,0.18919993210561936,0.3057417368035729,45.69505843652083,16.010786122124376,38.294155441354796,0.6205920316828344,100.0,100.0,2,3,18,315,True,False,
AC1_air_1_col_resultant_band_power_175_225,641,digital_feats_updt.csv,0.4792500782074782,0.5983042638747881,0.6030870118909996,0.9753781695036243,24.142282222246077,37.62687351018709,38.23084426756683,0.6189309828544887,100.0,100.0,2,3,18,315,True,False,
AC1_air_1_col_2_rank_75_125,642,digital_feats_updt.csv,0.1589898669028243,0.255706477174779,0.23686517206919425,0.38310401979916964,17.2228680246041,44.550239206500336,38.22689276889557,0.6188274231678488,100.0,100.0,2,3,18,2,True,False,
AC1_air_1_col_2_rank_175_225,643,digital_feats_updt.csv,0.1589898669028243,0.255706477174779,0.23686517206919425,0.38310401979916964,17.2228680246041,44.550239206500336,38.22689276889557,0.6188274231678488,100.0,100.0,2,3,18,2,True,False,
GYR_air_1_col_2_fft_skew,644,digital_feats_updt.csv,3.6865829434906687,1.727450824153695,3.2007691878229054,5.178793637790765,50.67465577397163,11.126387330605892,38.198956895422484,0.6180956659709379,100.0,100.0,2,3,18,315,True,False,
AC1_water_3_col_2_fft_std,645,digital_feats_updt.csv,0.005410115655204626,0.00551125274160593,0.006066808169875749,0.009820866537868244,30.346840383123997,31.49205762161986,38.16110199525614,0.6171051429850622,100.0,100.0,2,3,18,315,True,False,
GYR_water_0_col_1_fft_skew,646,digital_feats_updt.csv,4.536675648391724,6.236354511064389,6.057778172995311,9.806641622879978,21.401038654082804,40.44091572233778,38.158045623579426,0.6170252219281175,100.0,100.0,2,3,18,315,True,False,
GYR_water_0_col_1_fft_mean,647,digital_feats_updt.csv,0.001527678202256383,0.001840338836512962,0.0018785836087500762,0.003041335906783668,25.231030298311886,36.61565466530914,38.153315036378984,0.6169015373875129,100.0,100.0,2,3,18,315,True,False,
GYR_water_2_col_1_band_peak_mag_75_125,648,digital_feats_updt.csv,0.12503223524941454,0.18428291932141544,0.17464606739764107,0.28300972255834184,19.518268112926968,42.40015613443805,38.08157575263498,0.615028179665854,100.0,100.0,2,3,18,279,True,False,
SMG_water_3_col_0_peak_magn_raw,649,ctvt_singlefault_peaks_freq.csv,432952.5580103356,643658.3181646119,607776.9448135417,985462.7150111123,19.301907279358563,42.66093576773188,38.037156952909555,0.6138704275399713,100.0,100.0,2,3,18,315,True,False,
AC1_air_0_col_1_mad,650,stats_features_2.csv,23.3643549378433,60.9854663391174,51.15875082894496,82.95985759775158,7.931797070003303,54.04016947998534,38.02803345001136,0.6136328337964988,100.0,100.0,2,3,18,190,True,False,
SMG_water_3_col_0_std,651,stats_features_2.csv,18.127870982524133,26.73334615059695,25.299689518166815,41.02884098390201,19.521586325836694,42.45493163751242,38.0234820366509,0.6135143323014168,100.0,100.0,2,3,18,315,True,False,
GYR_water_0_col_2_log_band_power_ratio,652,digital_feats_updt.csv,0.3063562611405772,0.26016032159965147,0.3145843261150201,0.5103928388135054,36.02835029970122,25.98202384278975,37.98962585750903,0.6126333921194267,100.0,100.0,2,3,18,315,True,False,
AC1_water_3_col_resultant_fft_mean,653,digital_feats_updt.csv,0.0011925580469118425,0.0017392384104832528,0.0016495462145204396,0.002677339660482624,19.84047711053579,42.199887516211874,37.95963537325234,0.6118538406669306,100.0,100.0,2,3,18,315,True,False,
AC1_water_2_col_0_wavelet_std_energy,654,digital_feats_updt.csv,0.008928918028903143,0.011131206148595914,0.011161706198663746,0.018116650152682746,24.2908032493084,37.75101702477068,37.958179725920914,0.6118160227768131,100.0,100.0,2,3,18,315,True,False,
GYR_air_1_col_2_wavelet_max_energy,655,digital_feats_updt.csv,200566.98257382374,194902.68315435067,218746.2928877216,355055.0817150131,31.91004494711862,30.133124791718135,37.95683026116325,0.6117809651076493,100.0,100.0,2,3,18,315,True,False,
GYR_water_1_col_0_fft_std,656,digital_feats_updt.csv,0.003248433721415152,0.0035672736924864615,0.0037731804321147295,0.006124920718901313,28.128532639741863,33.92125557281581,37.95021178744233,0.6116090462297814,100.0,100.0,2,3,18,315,True,False,
VRY_air_1_col_1_rms,657,stats_features_2.csv,3.4522481451649107,1.9433679794739098,3.0955799793133045,5.027654698541302,47.14906935235628,14.940983987311569,37.90994666033216,0.6105639248358062,100.0,100.0,2,3,18,315,True,False,
SMG_water_1_col_0_spectral_bandwidth,658,ctvt_singlefault_peaks_freq.csv,0.1584428936779351,0.5333252235581541,0.4345948730038192,0.7059834617620998,5.036820522831885,57.06833385228451,37.89484562488361,0.6101723118824883,100.0,100.0,2,3,18,315,True,False,
AC1_water_3_col_resultant_band_power_175_225,659,digital_feats_updt.csv,0.27543244229769764,0.3074243154316384,0.3223641346543478,0.5237283411274709,27.657825619585886,34.45595386118063,37.886220519233476,0.6099487237121822,100.0,100.0,2,3,18,315,True,False,
SMG_water_3_col_0_gmean,660,ctvt_singlefault_peaks_freq.csv,0.00020926718291963225,0.00022175386448159573,0.00023809711587699707,0.00038685626122448235,29.261931919260697,32.858151934255524,37.87991614648378,0.6097853350585849,100.0,100.0,2,3,18,315,True,False,
VRY_water_2_col_1_std,661,stats_features_2.csv,6.129792106364391,4.765904247143062,6.062596419720346,9.851054253661859,38.71917269754061,23.405892355370693,37.874934947088704,0.60965626216779,100.0,100.0,2,3,18,315,True,False,
GYR_air_1_col_0_band_power_75_125,662,digital_feats_updt.csv,0.23174717779525705,0.20685844935392986,0.2424939346435972,0.3940818199614288,34.58247787197318,27.553306880984685,37.86421524704215,0.6093785633767133,100.0,100.0,2,3,18,315,True,False,
VRY_water_1_col_0_mad,663,stats_features_2.csv,6.411478983604457,4.1742290549295245,5.962841159006967,9.699831217488633,43.69060829164613,18.519284291228136,37.79010741712573,0.6074613835216451,100.0,100.0,2,3,18,61,True,False,
GYR_air_1_col_0_relative_band_power_175_225,664,digital_feats_updt.csv,0.07020847587491956,0.11239073269436711,0.1032588215139343,0.16799789016741365,17.465114423018125,44.75621482450826,37.778670752473616,0.6071659221901872,100.0,100.0,2,3,18,315,True,False,
AC1_water_1_col_2_fft_entropy,665,digital_feats_updt.csv,0.1685129704740388,0.18990360652276608,0.197417758620254,0.32161121312383173,27.453916218245986,34.86615534861703,37.679928433136986,0.6046194666626835,100.0,100.0,2,3,18,315,True,False,
AC1_water_3_col_1_fft_skew,666,digital_feats_updt.csv,2.605431593558145,2.798040366139295,2.967330735734589,4.839664799807011,28.98202883602369,33.42545941844692,37.592511745529386,0.6023718114121733,100.0,100.0,2,3,18,315,True,False,
AC1_water_1_col_0_contrast_time,667,digital_feats_updt.csv,0.20170035516499077,0.13591847820636596,0.1886617515222454,0.3078150783815817,42.937182780607785,19.497423575380903,37.56539364401132,0.601675830705515,100.0,100.0,2,3,18,315,True,False,
AC1_water_2_col_0_kurt,668,stats_features_2.csv,0.08379373479528013,0.14019806011819042,0.12659003825978843,0.20664443819870928,16.44279545226909,46.029532850228854,37.52767169750204,0.6007087092350535,100.0,100.0,2,3,18,315,True,False,
GYR_water_0_col_0_fft_skew,669,digital_feats_updt.csv,6.887278097829465,8.844389179628358,8.665967572357083,14.168867757259687,23.627890264095477,38.964166938163316,37.40794279774121,0.5976468016838284,100.0,100.0,2,3,18,315,True,False,
VRY_water_3_col_0_peak_magn_raw,670,ctvt_singlefault_peaks_freq.csv,326932.2160135116,189965.9239395548,292262.12252669537,477900.485864498,46.799422324403935,15.800704983843168,37.39987269175289,0.5974408407764648,100.0,100.0,2,3,18,315,True,False,
AC1_water_2_col_2_wavelet_max_energy_ratio,671,digital_feats_updt.csv,3.4766265138462465e-07,3.180802337077856e-07,3.64033007736278e-07,5.954530921616812e-07,34.08952627313369,28.535024770074727,37.37544895679159,0.5968178347658577,100.0,100.0,2,3,18,315,True,False,
AC1_water_3_col_0_wavelet_mean_energy,672,digital_feats_updt.csv,0.005075781278221111,0.007440050112424222,0.006949932751820509,0.011376267688242528,19.907017296693354,42.77126707917624,37.321715624130405,0.5954489022117974,100.0,100.0,2,3,18,315,True,False,
AC1_water_0_col_2_wavelet_max_energy_ratio,673,digital_feats_updt.csv,3.2172481132983466e-07,2.615899932539385e-07,3.1984470578862235e-07,5.236762498116786e-07,37.74360286741307,24.9526398073899,37.30375732519705,0.5949919123333539,100.0,100.0,2,3,18,315,True,False,
GYR_water_1_col_0_band_peak_mag_175_225,674,digital_feats_updt.csv,0.07752080067915791,0.142752252990998,0.1252595218584561,0.20512832102894196,14.281875692583895,48.4300248372212,37.288099470194915,0.5945936760834253,100.0,100.0,2,3,18,312,True,False,
AC1_water_2_col_0_log_band_power_ratio,675,digital_feats_updt.csv,0.46284535280649947,0.5997349966421028,0.5841538927535174,0.9566314113758568,23.408982723300092,39.30334471044982,37.28767256625009,0.5945828211469467,100.0,100.0,2,3,18,315,True,False,
AC1_water_2_col_resultant_relative_band_power_75_125,676,digital_feats_updt.csv,0.09120001545766983,0.15496535364001449,0.13859864385167053,0.22702706386194615,16.13743696845898,46.592279487741706,37.27028354379931,0.5941407940178124,100.0,100.0,2,3,18,315,True,False,
AC1_water_0_col_resultant_fft_entropy,677,digital_feats_updt.csv,0.17980613629414607,0.19795371836792877,0.20609927975213146,0.3376282487871322,28.36164819055185,34.375559506997895,37.262792302450265,0.593950442966648,100.0,100.0,2,3,18,315,True,False,
GYR_water_2_col_1_log_band_power_ratio,678,digital_feats_updt.csv,0.50331417630552,0.8418821332707954,0.7554992059583897,1.2380911665117587,16.526202717845592,46.237818478642474,37.23597880351193,0.5932694893295882,100.0,100.0,2,3,18,315,True,False,
GYR_water_1_col_1_wavelet_mean_energy,679,digital_feats_updt.csv,0.023025247937464077,0.0298214148410408,0.029010876973648726,0.04755112836183095,23.446983450012475,39.330986039902776,37.22203051008476,0.5929154895024784,100.0,100.0,2,3,18,315,True,False,
AC1_water_3_col_resultant_band_peak_mag_175_225,680,digital_feats_updt.csv,0.10244727988629958,0.1345509853283397,0.1302105028958517,0.21343427061584908,23.03947374781068,39.741609933145895,37.218916319043416,0.5928364745690595,100.0,100.0,2,3,18,313,True,False,
VRY_water_1_col_1_spectral_bandwidth,681,ctvt_singlefault_peaks_freq.csv,0.08354926717674767,0.3571199036684783,0.2823289305161119,0.4628441753423352,3.25848468785371,59.53310115513483,37.20841415701147,0.5925700658373522,100.0,100.0,2,3,18,315,True,False,
VRY_water_1_col_1_spectral_centroid,682,ctvt_singlefault_peaks_freq.csv,0.05714599036607066,0.07987778526796739,0.07560279145129782,0.12394315983330012,21.25819563071731,41.5343006147163,37.2075037545664,0.5925469758223252,100.0,100.0,2,3,18,315,True,False,
GYR_water_2_col_0_band_peak_mag_175_225,683,digital_feats_updt.csv,0.06284053996299054,0.0891122331309782,0.08393085020865682,0.1376020027949376,20.855965800510322,41.93968304925117,37.2043511502385,0.5924670233004496,100.0,100.0,2,3,18,315,True,False,
GYR_water_1_col_1_kurt,684,stats_features_2.csv,0.11549864113265548,0.21945965978048435,0.19081145213062073,0.31290811532884866,13.624485021080352,49.18987847147596,37.185636507443675,0.5919925704866895,100.0,100.0,2,3,18,315,True,False,
AC1_water_3_col_2_kurt,685,stats_features_2.csv,0.12729894360904628,0.20584159680698758,0.18605299437566913,0.30527282999995653,17.388947399671412,45.466338283357686,37.144714316970905,0.590956097221271,100.0,100.0,2,3,18,315,True,False,
AC1_air_0_col_resultant_wavelet_entropy,686,digital_feats_updt.csv,0.07119021883519117,0.09601046015304664,0.09186785702732313,0.15075065131333543,22.300893389226317,40.561939035631326,37.13716757514236,0.5907651014537698,100.0,100.0,2,3,18,315,True,False,
CV1_water_1_col_0_rms,687,stats_features_2.csv,4.309070533943751,2.2687088187336073,3.740668652997756,6.140662060577993,49.24212780642231,13.6498262562803,37.1080459372974,0.5900285098520086,100.0,100.0,2,3,18,315,True,False,
CV1_water_1_col_0_gmean,688,ctvt_singlefault_peaks_freq.csv,9.507507394721194e-05,5.557117512248415e-05,8.452555491585683e-05,0.0001388236097513501,46.90365404432814,16.024057523265952,37.072288432405905,0.5891250056437303,100.0,100.0,2,3,18,315,True,False,
AC1_air_1_col_2_band_peak_to_median_175_225,689,digital_feats_updt.csv,3.319273652877328,3.312623094908015,3.592631344548488,5.907457095014388,31.57075479686621,31.44437004294691,36.98487516018687,0.5869206044454224,100.0,100.0,2,3,18,315,True,False,
CV1_water_3_col_0_spectral_entropy,690,ctvt_singlefault_peaks_freq.csv,0.04930146589495276,0.041333773203415726,0.04926620092932506,0.08103254840267105,37.01695323975945,26.019030474302458,36.96401628593809,0.5863954856897434,100.0,100.0,2,3,18,315,True,False,
CTB_water_1_col_0_spectral_centroid,691,ctvt_singlefault_peaks_freq.csv,0.07114233446651208,0.14093073442686532,0.12077387336661063,0.1987687906775478,12.810315713279865,50.27071235759247,36.91897192912767,0.5852626860749438,100.0,100.0,2,3,18,315,True,False,
GYR_air_0_col_1_band_peak_to_median_175_225,692,digital_feats_updt.csv,1.8163980317085997,1.672534252993104,1.8882543000599303,3.1084042431326226,34.146567906158424,28.951765685677525,36.901666408164054,0.5848279076095699,100.0,100.0,2,3,18,315,True,False,
VRY_water_1_col_1_q95,693,stats_features_2.csv,10.465452431571233,9.509075341158823,10.807061345092501,17.797212797455323,34.57896815065949,28.547796366866994,36.87323548247352,0.5841141354905978,100.0,100.0,2,3,18,63,True,False,
GYR_air_1_col_2_kurt,694,stats_features_2.csv,0.0889750507160355,0.20246049220394663,0.16883216670988305,0.2782285231052689,10.226645168327344,52.95137912017345,36.821975711499206,0.5828288574418315,100.0,100.0,2,3,18,315,True,False,
CV1_water_1_col_0_spectral_centroid,695,ctvt_singlefault_peaks_freq.csv,0.06875266937521378,0.1371941985559367,0.11714106932901759,0.1930575245546491,12.682523124042035,50.50077321048223,36.81670366547573,0.5826967854059009,100.0,100.0,2,3,18,315,True,False,
GYR_water_1_col_1_fft_mean,696,digital_feats_updt.csv,0.0013386253437934295,0.0015636039164158868,0.001570876489247195,0.002589291015499565,26.72737809921196,36.46630586446814,36.806316036319906,0.5824366254303823,100.0,100.0,2,3,18,315,True,False,
AC1_water_2_col_2_relative_band_power_75_125,697,digital_feats_updt.csv,0.10198247207537986,0.17690706671718187,0.15576222478650203,0.25682368569803654,15.7681565013032,47.448251667669545,36.783591831027266,0.5818677918667486,100.0,100.0,2,3,18,315,True,False,
CTR_water_2_col_0_spectral_bandwidth,698,ctvt_singlefault_peaks_freq.csv,0.1692397359785182,0.22518685065198207,0.2146706134417108,0.35416758493131056,22.8342661227535,40.42671327238965,36.73902060485684,0.5807532693317338,100.0,100.0,2,3,18,315,True,False,
AC1_water_1_col_2_wavelet_max_energy,699,digital_feats_updt.csv,4623421.434571938,4813640.776818417,5085223.51906345,8390867.745873744,30.36080009692298,32.910433508893384,36.728766394183644,0.5804970806007371,100.0,100.0,2,3,18,315,True,False,
AC1_water_3_col_1_band_power_175_225,700,digital_feats_updt.csv,0.18772416251023477,0.19391465787491638,0.2056265486671683,0.33930153734648216,30.61037825115958,32.66251497701953,36.72710677182089,0.5804556248024417,100.0,100.0,2,3,18,315,True,False,
AC1_water_0_col_2_wavelet_mean_energy,701,digital_feats_updt.csv,0.01918601629490989,0.015686606577206903,0.018878878220756488,0.031154211433621175,37.92591714973967,25.352715504895063,36.721367345365266,0.5803122761167259,100.0,100.0,2,3,18,315,True,False,
SMG_water_2_col_0_kurt,702,stats_features_2.csv,0.011279347877138609,0.01874839568095386,0.016667161042816875,0.027504913858623754,16.816956640239496,46.463042292768165,36.72000106699234,0.5802781555964711,100.0,100.0,2,3,18,315,True,False,
AC1_water_3_col_1_band_peak_mag_75_125,703,digital_feats_updt.csv,0.1439089160284007,0.1400073084211312,0.15265070044833834,0.2522182762433511,32.55534465173994,30.814016208316886,36.63063913994318,0.5780496858858539,100.0,100.0,2,3,18,241,True,False,
VRY_water_1_col_1_spectral_entropy,704,ctvt_singlefault_peaks_freq.csv,0.024376994455864807,0.04234636676529291,0.037089648044956444,0.06134406759435429,15.791201584954706,47.652662369730585,36.556136045314716,0.5761965581324759,100.0,100.0,2,3,18,315,True,False,
AC1_water_2_col_0_band_peak_mag_175_225,705,digital_feats_updt.csv,0.049740611943079355,0.07934873118291119,0.07107651864223945,0.11756794256560979,17.899644747046427,45.55144275352957,36.54891249942401,0.5760171171076024,100.0,100.0,2,3,18,315,True,False,
AC1_air_1_col_0_band_peak_to_median_75_125,706,digital_feats_updt.csv,5.7346611518418396,4.2388036315837,5.411162825657862,8.951786295446999,41.038937791491364,22.421630118035154,36.53943209047348,0.5757816750484561,100.0,100.0,2,3,18,315,True,False,
GYR_water_0_col_0_relative_band_power_75_125,707,digital_feats_updt.csv,0.09578910024399502,0.1687566484042585,0.14720789225143763,0.2435662572018208,15.466710005863458,48.00511759698778,36.52817239714876,0.5755021365653551,100.0,100.0,2,3,18,315,True,False,
AC1_water_3_col_resultant_band_peak_to_median_175_225,708,digital_feats_updt.csv,2.0667002967410046,1.8216996767037599,2.0896438148673897,3.4578101598649797,35.723393841793005,27.75564156859488,36.52096458961213,0.5753232441782776,100.0,100.0,2,3,18,315,True,False,
CV1_air_0_col_0_spectral_centroid,709,ctvt_singlefault_peaks_freq.csv,0.14606708775569285,0.08951758921709009,0.12970325071573635,0.21487653699484766,46.20901899500734,17.355565269359698,36.43541573563295,0.5732030840333503,100.0,100.0,2,3,18,315,True,False,
AC1_water_1_col_1_kurt,710,stats_features_2.csv,0.11904499711036465,0.3075609997715742,0.2496180009249229,0.41361168540462173,8.283935287916716,55.29386246491669,36.42220224716659,0.5728761223967276,100.0,100.0,2,3,18,315,True,False,
AC1_air_1_col_1_fft_entropy,711,digital_feats_updt.csv,0.17716976548156627,0.13870239146671484,0.17024147890857225,0.2821518037162918,39.42879991241584,24.165858954186522,36.40534113339764,0.5724590992737666,100.0,100.0,2,3,18,315,True,False,
AC1_air_0_col_0_wavelet_mean_energy,712,digital_feats_updt.csv,0.029431400995835844,0.033116209717839185,0.033490800095795525,0.05553849477353641,28.082363819117198,35.55437413521125,36.36326204567155,0.5714193281209536,100.0,100.0,2,3,18,315,True,False,
SMG_water_0_col_0_spectral_entropy,713,ctvt_singlefault_peaks_freq.csv,0.085061615730582,0.069625678029513,0.08302511573958413,0.13775479430980958,38.12885909401645,25.546148337616557,36.324992568366994,0.570474885415108,100.0,100.0,2,3,18,315,True,False,
GYR_water_2_col_0_band_power_175_225,714,digital_feats_updt.csv,0.10502459991629133,0.09935032714348196,0.10914562569829454,0.18114475344366496,33.61480155396658,30.080640762517323,36.3045576835161,0.5699710428750843,100.0,100.0,2,3,18,315,True,False,
GYR_water_0_col_0_band_power_175_225,715,digital_feats_updt.csv,0.09795381032926019,0.15576805274031763,0.13863504856362635,0.23038730846722025,18.076967058780806,45.71299535478271,36.21003758643648,0.5676447550114438,100.0,100.0,2,3,18,315,True,False,
AC1_water_1_col_2_75_125_spike_energy_ratio,716,digital_feats_updt.csv,0.0007464800018576851,0.0005317413270777079,0.0006903773082153246,0.0011474328127583108,42.32352433509378,21.475649139308306,36.20082652559791,0.5674184249443709,100.0,100.0,2,3,18,315,True,False,
CV1_air_1_col_0_rms,717,stats_features_2.csv,1.0495852449534901,0.7871132377501873,0.9881711545992494,1.6424550728247256,40.83649277825041,22.96610971555367,36.19739750619591,0.5673341853055457,100.0,100.0,2,3,18,315,True,False,
GYR_water_3_col_0_band_peak_mag_175_225,718,digital_feats_updt.csv,0.09876010100070606,0.12885091052038003,0.12225393040877272,0.20322927493841453,23.615139497936127,40.19781509798285,36.187045404081026,0.5670799233984268,100.0,100.0,2,3,18,314,True,False,
AC1_water_0_col_2_contrast_time,719,digital_feats_updt.csv,0.07781732012124594,0.07344216951355803,0.08055244500087295,0.13393275913431082,33.758171047573285,30.06888774168002,36.1729412107467,0.566733637690935,100.0,100.0,2,3,18,315,True,False,
AC1_water_0_col_0_wavelet_mean_energy,720,digital_feats_updt.csv,0.008948629765155881,0.012941035946197747,0.0118321267134233,0.01968622890746527,20.66274514341788,43.21286150287606,36.12439335370606,0.5655428613577324,100.0,100.0,2,3,18,315,True,False,
AC1_water_2_col_resultant_fft_std,721,digital_feats_updt.csv,0.003952721325606826,0.004354473919331503,0.0044187822427931775,0.007356023756165388,28.873946499447733,35.04169790438483,36.08435559616744,0.5645621808673139,100.0,100.0,2,3,18,315,True,False,
GYR_air_0_col_2_wavelet_max_energy,722,digital_feats_updt.csv,250988.90578990887,273728.1877310581,278920.9446580188,464456.0743031215,29.2024814184708,34.73359611760621,36.06392246392299,0.5640621673041065,100.0,100.0,2,3,18,315,True,False,
CTR_water_1_col_0_spectral_centroid,723,ctvt_singlefault_peaks_freq.csv,0.07470939618908701,0.15979039498773182,0.13243589303019696,0.22057590523894283,11.471872520673116,52.478957615460175,36.04916986386671,0.5637013591086808,100.0,100.0,2,3,18,315,True,False,
AC1_water_2_col_resultant_band_power_175_225,724,digital_feats_updt.csv,0.18395174666693176,0.17857549359222638,0.19246495048134749,0.3205779299597991,32.92612263095989,31.029621489520082,36.04425587952003,0.5635812134656706,100.0,100.0,2,3,18,315,True,False,
AC1_water_1_col_resultant_band_power_175_225,725,digital_feats_updt.csv,0.23293633872260183,0.19158438359525748,0.22618646019814512,0.3769936719787648,38.17740183303242,25.8256993689263,35.99689879804128,0.5624242907301443,100.0,100.0,2,3,18,315,True,False,
CTR_air_0_col_0_kurt,726,stats_features_2.csv,0.003320681526516507,0.00804774118786818,0.0065283155079100715,0.010881726305980916,9.312340672002415,54.695601846619006,35.992057481378566,0.5623061149154674,100.0,100.0,2,3,18,315,True,False,
CV1_air_0_col_0_peak_width_end,727,ctvt_singlefault_peaks_freq.csv,0.1509713978160756,0.09087491775509589,0.13209753376579095,0.220228000178314,46.99420229013879,17.02719036123419,35.97860734862704,0.5619778929919209,100.0,100.0,2,3,18,178,True,False,
VRY_air_0_col_0_kurt,728,stats_features_2.csv,0.002230986498038465,0.0014316429129845839,0.0019856740256904166,0.0033120693714097393,45.37274295649705,18.684030451134692,35.94322659236825,0.5611151589487642,100.0,100.0,2,3,18,315,True,False,
VRY_air_1_col_0_peak_magn_raw,729,ctvt_singlefault_peaks_freq.csv,260105.70759409104,141468.40970757484,221791.362729232,369945.53470680356,49.4338214906398,14.623231778731496,35.9429467306287,0.5611083385225701,100.0,100.0,2,3,18,315,True,False,
AC1_water_2_col_2_fft_entropy,730,digital_feats_updt.csv,0.1733235904890929,0.19221528830791476,0.19381356799900515,0.3233442178543333,28.7332767502363,35.338300253101536,35.928422996662164,0.5607544667550552,100.0,100.0,2,3,18,315,True,False,
AC1_water_0_col_0_relative_band_power_175_225,731,digital_feats_updt.csv,0.004150216671746506,0.00883616617129214,0.007309890341761963,0.012195762700123148,11.580401326051234,52.49401828033743,35.92558039361134,0.560685225309935,100.0,100.0,2,3,18,315,True,False,
AC1_water_3_col_2_fft_entropy,732,digital_feats_updt.csv,0.1627107425863969,0.1525038106630358,0.16684596574597693,0.27851350829981564,34.13028591363232,29.982570498605384,35.8871435877623,0.559749566561384,100.0,100.0,2,3,18,315,True,False,
GYR_air_0_col_2_kurt,733,stats_features_2.csv,0.09602704382228744,0.21972585584405935,0.17936855830360904,0.2994557138869904,10.283049118881635,53.839016894593506,35.87793398652487,0.5595255458391685,100.0,100.0,2,3,18,315,True,False,
SMG_water_1_col_0_spectral_centroid,734,ctvt_singlefault_peaks_freq.csv,0.06722282738104927,0.17055599428097842,0.1370504701418506,0.2288909938647167,8.625338342110595,55.523465556243366,35.85119610164604,0.5588755194633641,100.0,100.0,2,3,18,315,True,False,
AC1_water_1_col_2_log_band_power_ratio,735,digital_feats_updt.csv,0.5712649924882263,1.2080636602556392,0.9974682395636784,1.6675444185421535,11.736008080293068,52.483745256326024,35.78024666338091,0.5571532870242037,100.0,100.0,2,3,18,315,True,False,
AC1_water_3_col_1_wavelet_mean_energy,736,digital_feats_updt.csv,0.02350548770668435,0.023344150169167143,0.02472345873378411,0.04133650579343689,32.33486172343557,31.892503467400722,35.772634809163705,0.5569687422623341,100.0,100.0,2,3,18,315,True,False,
CV1_water_2_col_0_spectral_entropy,737,ctvt_singlefault_peaks_freq.csv,0.044247720950609574,0.03945983487078279,0.04424339233780714,0.0739757875450447,35.776892700143335,28.45321413494392,35.76989316491275,0.5569022834844887,100.0,100.0,2,3,18,315,True,False,
AC1_water_1_col_2_contrast_time,738,digital_feats_updt.csv,0.08434858639195286,0.06769652553346102,0.08060290533369212,0.13488636678276797,39.10384865064258,25.188171697891054,35.70797965146636,0.5554029793727081,100.0,100.0,2,3,18,315,True,False,
AC1_water_1_col_1_fft_skew,739,digital_feats_updt.csv,3.238946910675083,4.436692694639522,4.092150916957482,6.8498699465022925,22.35851767373747,41.952132845719895,35.68934948054264,0.5549523942343692,100.0,100.0,2,3,18,315,True,False,
AC1_water_2_col_resultant_band_peak_mag_175_225,740,digital_feats_updt.csv,0.08580865769103313,0.10228893481543028,0.09945648229114502,0.1664864672883087,26.564664824399905,37.74847716644576,35.686858009154335,0.5548921558557036,100.0,100.0,2,3,18,315,True,False,
CV1_air_1_col_0_peak_freq,741,ctvt_singlefault_peaks_freq.csv,0.15849267015155477,0.10077379248282568,0.13973993236889767,0.23409940717909825,45.8371636722008,18.530817462117543,35.632018865681665,0.5535674451452408,100.0,100.0,2,3,18,81,True,False,
CV1_water_2_col_0_spectral_centroid,742,ctvt_singlefault_peaks_freq.csv,0.06775789902340316,0.05732053901986953,0.06597284619032401,0.11058568401039184,37.54240111618931,26.86721893284775,35.59037995096294,0.5525631097321623,100.0,100.0,2,3,18,315,True,False,
SMG_water_1_col_0_std,743,stats_features_2.csv,23.02333273956475,42.428351891644446,35.88201417784528,60.14779992765332,14.651999233943172,49.75913606653667,35.588864699520165,0.5525265861795025,100.0,100.0,2,3,18,315,True,False,
AC1_water_1_col_2_relative_band_power_75_125,744,digital_feats_updt.csv,0.10239177514403726,0.163656310883571,0.1432772557369734,0.2404076448881882,18.139846039798375,46.34138040923636,35.518773550965285,0.5508389884463339,100.0,100.0,2,3,18,315,True,False,
VRY_air_0_col_1_kurt,745,stats_features_2.csv,0.002499635870048319,0.00944071496093473,0.00724573344528689,0.012160424812340975,4.225284949705029,60.27153844392952,35.50317660636546,0.5504639568011562,100.0,100.0,2,3,18,315,True,False,
SMG_water_1_col_0_spectral_entropy,746,ctvt_singlefault_peaks_freq.csv,0.028430321675741506,0.06809808840588324,0.05474770270576926,0.09188549279772582,9.573475922713545,54.92574345752595,35.5007806197605,0.5504063608967772,100.0,100.0,2,3,18,315,True,False,
CTR_water_3_col_0_gmean,747,ctvt_singlefault_peaks_freq.csv,0.00019860468552101765,0.0001668357452017439,0.00019237171101628238,0.00032293166798450656,37.82315120681307,26.690514129502066,35.48633466368486,0.5500591925554317,100.0,100.0,2,3,18,315,True,False,
GYR_air_0_col_2_contrast_freq,748,digital_feats_updt.csv,0.11097314181250595,0.08836853060635176,0.10519992509102355,0.17660990811509203,39.48259002461043,25.036011249853207,35.481398725536344,0.5499406066569491,100.0,100.0,2,3,18,315,True,False,
AC1_air_0_col_0_wavelet_std_energy,749,digital_feats_updt.csv,0.036300090434116555,0.03580114373181639,0.03779835263930998,0.0634675816482466,32.71233259877508,31.819247271155405,35.46842013006951,0.5496288825031012,100.0,100.0,2,3,18,315,True,False,
AC1_water_3_col_2_log_band_power_ratio,750,digital_feats_updt.csv,0.5539023666084302,0.9950528248536642,0.8434093689813047,1.4171370151361933,15.277164599208287,49.302460101097445,35.42037529969426,0.5484760164536319,100.0,100.0,2,3,18,315,True,False,
VRY_water_1_col_1_q05,751,stats_features_2.csv,10.240602668013011,9.21011934712049,10.193276135197607,17.13473430668557,35.71875252541204,28.891877624612526,35.38936984997543,0.5477329313737079,100.0,100.0,2,3,18,67,True,False,
AC1_air_1_col_resultant_band_peak_to_median_175_225,752,digital_feats_updt.csv,2.914428871583573,3.2524730206249015,3.228563108377096,5.43103085446827,28.796677385966447,35.86434184001393,35.338980774019625,0.546526813171863,100.0,100.0,2,3,18,315,True,False,
AC1_water_0_col_0_relative_band_power_75_125,753,digital_feats_updt.csv,0.010834143580588138,0.013779231219576015,0.012955963577785527,0.021796854643646238,24.70594769142672,39.96338983616409,35.330662472409195,0.5463278861846322,100.0,100.0,2,3,18,315,True,False,
CTR_air_1_col_0_hmean,754,ctvt_singlefault_peaks_freq.csv,0.000315795208644621,0.00017167627637403474,0.00026561385637504026,0.00044693408727794996,49.92569445589318,14.7548096651644,35.31949587894243,0.5460609245227531,100.0,100.0,2,3,18,315,True,False,
AC1_water_3_col_resultant_fft_skew,755,digital_feats_updt.csv,5.582797487135012,7.191054282607322,6.722410804814632,11.316788259327582,24.336457907347487,40.37743752504238,35.28610456761013,0.5452631823790525,100.0,100.0,2,3,18,315,True,False,
AC1_water_1_col_2_contrast_freq,756,digital_feats_updt.csv,0.09539547216556338,0.13664535340738895,0.12300593934727161,0.20712969326541683,21.211471595333215,43.52161595584132,35.26691244882548,0.5448050414858604,100.0,100.0,2,3,18,315,True,False,
AC1_water_0_col_2_log_band_power_ratio,757,digital_feats_updt.csv,0.5686922426419192,1.1896275541927992,0.9728135957790128,1.6385941769298247,12.045138389535232,52.70832500745063,35.24653660301412,0.5443189407017073,100.0,100.0,2,3,18,315,True,False,
VRY_water_0_col_1_std,758,stats_features_2.csv,7.436209109467172,8.564590443499071,8.357148579034284,14.088695743632655,27.85874877907323,36.954864931847915,35.186386289078854,0.542885734562119,100.0,100.0,2,3,18,315,True,False,
GYR_water_0_col_0_log_band_power_ratio,759,digital_feats_updt.csv,0.5460853084304788,1.1722035836938347,0.9527757810430959,1.606254056695441,11.558261350687966,53.25711230690362,35.184626342408414,0.5428438402327619,100.0,100.0,2,3,18,315,True,False,
GYR_water_0_col_1_fft_std,760,digital_feats_updt.csv,0.005696029893554067,0.006586271392923353,0.006413909769479052,0.01081489555846569,27.739578663341554,37.08809997542294,35.1723213612355,0.5425509921036072,100.0,100.0,2,3,18,315,True,False,
AC1_water_0_col_0_band_peak_to_median_175_225,761,digital_feats_updt.csv,3.071111686500206,2.471323412201241,2.903398810848244,4.895803412463282,39.34986800144834,25.480692427801923,35.169439570749745,0.5424824239970938,100.0,100.0,2,3,18,315,True,False,
VRY_air_1_col_0_kurt,762,stats_features_2.csv,0.002261585705830148,0.001696888903160973,0.002080935160201388,0.0035106257270532946,41.500854491167864,23.363492118777188,35.13565339005495,0.5416789843169086,100.0,100.0,2,3,18,315,True,False,
SMG_water_1_col_0_peak_magn_raw,763,ctvt_singlefault_peaks_freq.csv,558094.8787761198,1014708.6056073381,852138.5316122128,1437791.1966165109,15.066918335414575,49.807076031826014,35.1260056327594,0.541449713022403,100.0,100.0,2,3,18,315,True,False,
AC1_air_1_col_0_wavelet_max_energy_ratio,764,digital_feats_updt.csv,3.241601692886594e-06,6.442660111744667e-06,5.304567116829248e-06,8.952892445893517e-06,13.109694357764182,51.78496729733101,35.10533834490481,0.5409588007636761,100.0,100.0,2,3,18,315,True,False,
GYR_air_1_col_2_fft_std,765,digital_feats_updt.csv,0.005376080171408618,0.0019441432074668963,0.004204485928216031,0.007096452123499405,57.39167749294152,7.50540185741567,35.10292064964281,0.5409013934222543,100.0,100.0,2,3,18,315,True,False,
CV1_water_1_col_0_fft_skew,766,ctvt_singlefault_peaks_freq.csv,0.008744895270288136,0.012140021532027208,0.010996068723382605,0.018567898197042798,22.181133348492672,42.74776580045528,35.07110085105206,0.5401462416696513,100.0,100.0,2,3,18,315,True,False,
CV1_air_1_col_0_peak_width_end,767,ctvt_singlefault_peaks_freq.csv,0.15760985518148998,0.09558525940272555,0.13537431791619667,0.22869983431715044,47.493594510343776,17.468280064230278,35.03812542542595,0.5393644449900128,100.0,100.0,2,3,18,183,True,False,
AC1_water_1_col_2_band_peak_to_median_75_125,768,digital_feats_updt.csv,5.961642477815594,5.1842118236722365,5.801431111813146,9.801726185275315,36.99361078410295,27.97437189209955,35.032017323797504,0.5392197184018396,100.0,100.0,2,3,18,315,True,False,
GYR_air_1_col_0_rank_175_225,769,digital_feats_updt.csv,0.1646404612526383,0.21756402491742885,0.20023616457807583,0.33843035919475567,23.666526315789476,41.327157894736835,35.00631578947368,0.5386110391293081,100.0,100.0,2,3,18,2,True,False,
GYR_air_1_col_0_rank_75_125,770,digital_feats_updt.csv,0.1646404612526383,0.21756402491742888,0.2002361645780758,0.33843035919475567,23.666526315789476,41.32715789473684,35.006315789473675,0.5386110391293079,100.0,100.0,2,3,18,2,True,False,
CV1_air_0_col_0_peak_width_start,771,ctvt_singlefault_peaks_freq.csv,0.15555336199707742,0.09121016479268357,0.1322068494224207,0.22359515563693438,48.39873649729506,16.64032103827723,34.96094246442772,0.537537654897694,100.0,100.0,2,3,18,182,True,False,
SMG_water_0_col_0_spectral_centroid,772,ctvt_singlefault_peaks_freq.csv,0.1265714102882057,0.247061397527044,0.203293520348505,0.34407544443922383,13.532058893478766,51.55875578185242,34.909185324668805,0.536315077615691,100.0,100.0,2,3,18,315,True,False,
AC1_air_0_col_2_relative_band_power_175_225,773,digital_feats_updt.csv,0.06249171688874884,0.10740258054728574,0.09096536338113485,0.1539974880411419,16.467119590248743,48.64096235521779,34.891918054533484,0.5359076325387435,100.0,100.0,2,3,18,315,True,False,
AC1_air_1_col_0_band_peak_mag_75_125,774,digital_feats_updt.csv,0.15485891194931428,0.16577801877566245,0.16569017797054678,0.2809214644615481,30.38803091744771,34.82443207573193,34.78753700682036,0.5334492121614648,100.0,100.0,2,3,18,286,True,False,
VRY_water_2_col_0_kurt,775,stats_features_2.csv,0.0022377705204172484,0.0015949143756324932,0.002004612217002942,0.0034014465905266127,43.28164758194837,21.98606122160615,34.73229119644549,0.5321512250565466,100.0,100.0,2,3,18,315,True,False,
AC1_air_1_col_2_wavelet_max_energy,776,digital_feats_updt.csv,2234488.8233481436,3476874.6755959294,3013902.3113403865,5115193.540206567,19.08236648820202,46.2012719990487,34.716361512749295,0.5317773689885418,100.0,100.0,2,3,18,315,True,False,
GYR_water_1_col_2_kurt,777,stats_features_2.csv,0.11506327552890243,0.20276160820279698,0.16992706955539727,0.28849096364376736,15.90776026059444,49.397733820001505,34.69450591940406,0.5312647336621675,100.0,100.0,2,3,18,315,True,False,
GYR_water_2_col_1_band_peak_to_median_75_125,778,digital_feats_updt.csv,4.8896453963787,5.347610676990044,5.278491159272755,8.964822417287806,29.748929814289124,35.58247732091061,34.66859286480025,0.5306573726945069,100.0,100.0,2,3,18,315,True,False,
CV1_water_0_col_0_spectral_bandwidth,779,ctvt_singlefault_peaks_freq.csv,0.29515720239883403,0.5860998174500042,0.47791970013152113,0.811811560595584,13.21893014014865,52.12339665482717,34.657673205024174,0.5304015774303434,100.0,100.0,2,3,18,315,True,False,
GYR_water_2_col_0_relative_band_power_75_125,780,digital_feats_updt.csv,0.09923887873608905,0.1865199468822084,0.15372684637143993,0.2612852635206324,14.425599310488622,50.95898084744199,34.615419842069386,0.5294125886938318,100.0,100.0,2,3,18,315,True,False,
GYR_water_1_col_2_band_peak_mag_75_125,781,digital_feats_updt.csv,0.13485360013362818,0.11903271526628852,0.1307535435620419,0.22237529072875115,36.77494505334855,28.652308800587804,34.57274614606364,0.5284150580925476,100.0,100.0,2,3,18,305,True,False,
AC1_water_0_col_resultant_wavelet_max_energy,782,digital_feats_updt.csv,3982051.877997146,4311976.172113382,4266097.100839798,7255994.772719169,30.117568378432747,35.31496516549726,34.567466456069994,0.528291731709611,100.0,100.0,2,3,18,315,True,False,
GYR_water_1_col_0_contrast_freq,783,digital_feats_updt.csv,0.08321887623056802,0.12992149845196868,0.11208890834331452,0.19070632001766347,19.04204214832323,46.412169547095,34.54578830458178,0.527785568105772,100.0,100.0,2,3,18,315,True,False,
GYR_water_0_col_1_band_peak_mag_75_125,784,digital_feats_updt.csv,0.12672150643121655,0.19953951158290684,0.17093620540307297,0.29170797588092,18.871396806055223,46.790878824556934,34.33772436938785,0.5229444767122782,100.0,100.0,2,3,18,281,True,False,
GYR_water_2_col_0_fft_entropy,785,digital_feats_updt.csv,0.2519704135550033,0.22260983242103505,0.24313680347834096,0.4149213564077729,36.878013556546975,28.784395116031646,34.33759132742138,0.5229413909965376,100.0,100.0,2,3,18,315,True,False,
AC1_water_2_col_0_fft_skew,786,digital_feats_updt.csv,1.7638390178411611,2.355043439085564,2.127695543045069,3.631039245826556,23.59695720049294,42.06645920495323,34.33658359455384,0.522918018498135,100.0,100.0,2,3,18,315,True,False,
VRY_water_1_col_0_fft_skew,787,ctvt_singlefault_peaks_freq.csv,0.005180526373397189,0.003379594583873183,0.0044694043011568665,0.007631191772194451,46.08536621106524,19.61302020873917,34.30161358019559,0.5221073979049136,100.0,100.0,2,3,18,315,True,False,
AC1_water_1_col_1_band_power_175_225,788,digital_feats_updt.csv,0.12822943536108722,0.09076858504241578,0.11345867564547393,0.1937900802488362,43.78369146094603,21.938556350028062,34.277752189025904,0.5215547752963847,100.0,100.0,2,3,18,315,True,False,
GYR_water_1_col_0_relative_band_power_75_125,789,digital_feats_updt.csv,0.09972879914532276,0.16141966477751302,0.13697679946634986,0.2340187709306615,18.16100136631318,47.578581941875925,34.260416691810896,0.521153542017403,100.0,100.0,2,3,18,315,True,False,
CTB_water_3_col_0_mad,790,stats_features_2.csv,14.748223161443994,10.064190016042637,12.885624948581302,22.01902217207354,44.86248678366594,20.89111395982844,34.24639925650561,0.5208292605921497,100.0,100.0,2,3,18,77,True,False,
AC1_water_2_col_0_wavelet_mean_energy,791,digital_feats_updt.csv,0.007929185029488575,0.01137964578105966,0.009999062988008456,0.017098233065799967,21.50575230111265,44.29503225977254,34.1992154391148,0.519738718426228,100.0,100.0,2,3,18,315,True,False,
CV1_air_0_col_0_peak_freq,792,ctvt_singlefault_peaks_freq.csv,0.1557468078595392,0.09811628697566045,0.1325785401694488,0.2268500457169637,47.13685103762037,18.707013831166563,34.15613513121307,0.5187443841469378,100.0,100.0,2,3,18,81,True,False,
CTR_water_2_col_0_gmean,793,ctvt_singlefault_peaks_freq.csv,0.00028647856567978785,0.00016945413161125662,0.00023966225694857933,0.00041014956871824264,48.78650970082255,17.069460934519157,34.1440293646583,0.5184652057399768,100.0,100.0,2,3,18,315,True,False,
CTB_air_0_col_0_spectral_centroid,794,ctvt_singlefault_peaks_freq.csv,0.09150457201482043,0.07173659812448183,0.083670290121186,0.14324783998040705,40.80462811564153,25.07872144280088,34.11665044155759,0.5178341822358942,100.0,100.0,2,3,18,315,True,False,
VRY_water_1_col_0_fft_kurt,795,ctvt_singlefault_peaks_freq.csv,0.06932178631943715,0.044972547646895095,0.05941016210693179,0.101772331514719,46.39594690352125,19.527000316278265,34.07705278020048,0.5169224711173968,100.0,100.0,2,3,18,315,True,False,
AC1_water_2_col_1_75_125_spike_energy_ratio,796,digital_feats_updt.csv,0.0024057069642802126,0.0012753811582206693,0.0019570830263224612,0.0033532368047380873,51.470335877714355,14.466102726706962,34.063561395578674,0.5166120906216881,100.0,100.0,2,3,18,315,True,False,
AC1_water_0_col_2_band_peak_to_median_75_125,797,digital_feats_updt.csv,7.258832804523711,5.547683691704123,6.563574899403116,11.249353914216766,41.636903694080985,24.320260472850332,34.04283583306868,0.5161355292187744,100.0,100.0,2,3,18,315,True,False,
AC1_air_0_col_2_mad,798,stats_features_2.csv,35.323136820729374,51.25493383591482,44.70329291618143,76.63665333852914,21.24444865893024,44.729937575857804,34.02561376521195,0.5157397545787303,100.0,100.0,2,3,18,185,True,False,
AC1_water_3_col_2_fft_kurtosis,799,digital_feats_updt.csv,616.4822887747794,619.0094096492622,627.3380176898033,1075.535238867742,32.854277399482974,33.12418589743406,34.02153670308295,0.5156460912097762,100.0,100.0,2,3,18,315,True,False,
AC1_air_0_col_resultant_band_peak_to_median_175_225,800,digital_feats_updt.csv,3.3841422860933568,3.845807855151789,3.6771176576766926,6.305858493470188,28.80108094836315,37.195184974428855,34.00373407720798,0.5152372426189751,100.0,100.0,2,3,18,315,True,False,
AC1_air_0_col_0_log_band_power_ratio,801,digital_feats_updt.csv,0.6304584976842781,1.0918348432043652,0.9024117913534245,1.5504606680954902,16.534516443844996,49.58980403496587,33.875679521189134,0.5123028754910893,100.0,100.0,2,3,18,315,True,False,
AC1_water_2_col_0_175_225_spike_energy_ratio,802,digital_feats_updt.csv,0.0020986148517944223,0.001088657337692436,0.0016885727992945769,0.0029052774727384013,52.17833908926799,14.041295363459671,33.78036554727232,0.5101261253773179,100.0,100.0,2,3,18,315,True,False,
AC1_water_2_col_0_band_peak_to_median_175_225,803,digital_feats_updt.csv,1.8774264362984618,2.0826836405874816,2.002267890257926,3.4454865947846893,29.69099342025243,36.53805979812452,33.770946781623046,0.5099113627711114,100.0,100.0,2,3,18,315,True,False,
CV1_air_1_col_0_peak_width_start,804,ctvt_singlefault_peaks_freq.csv,0.15565576206905762,0.09470614239249847,0.12996701190108836,0.22380659922054336,48.37095121493991,17.906492206499063,33.722556578561026,0.5088089527553001,100.0,100.0,2,3,18,185,True,False,
CTB_water_0_col_0_spectral_centroid,805,ctvt_singlefault_peaks_freq.csv,0.1040739617977565,0.1851821919371724,0.15134353034207113,0.2608231161368525,15.921794561462068,50.40879108894482,33.66941434959312,0.5076001367912931,100.0,100.0,2,3,18,315,True,False,
GYR_water_0_col_1_kurt,806,stats_features_2.csv,0.11114533818108983,0.1979886373395885,0.16159363632548424,0.2786849296533072,15.905800643845879,50.47235451973172,33.6218448364224,0.5065197240502861,100.0,100.0,2,3,18,315,True,False,
GYR_water_1_col_1_band_peak_to_median_75_125,807,digital_feats_updt.csv,4.409648316476942,4.812382875599332,4.640562469143159,8.008673251318827,30.317037349158895,36.10764760457292,33.5753150462682,0.5054644228972275,100.0,100.0,2,3,18,315,True,False,
AC1_water_2_col_resultant_contrast_freq,808,digital_feats_updt.csv,0.0933130445842777,0.13700891875422425,0.11777027247868292,0.20334356441129933,21.058326514533363,45.39800975893595,33.54366372653069,0.5047474117215514,100.0,100.0,2,3,18,315,True,False,
AC1_water_0_col_0_rank_175_225,809,digital_feats_updt.csv,0.3080095062933581,0.2669934019416661,0.28954917058095386,0.49999405479623515,37.94884483592677,28.51486877494293,33.536286389130304,0.5045803878109764,100.0,100.0,2,3,18,2,True,False,
AC1_water_0_col_0_rank_75_125,810,digital_feats_updt.csv,0.3080095062933581,0.2669934019416661,0.2895491705809538,0.49999405479623515,37.94884483592677,28.51486877494293,33.53628638913029,0.5045803878109762,100.0,100.0,2,3,18,2,True,False,
VRY_water_0_col_1_spectral_bandwidth,811,ctvt_singlefault_peaks_freq.csv,0.24015276228070112,0.518769715296054,0.4057074517630034,0.7009949380383781,11.736683923163913,54.767064829297375,33.49625124753871,0.5036746330228342,100.0,100.0,2,3,18,315,True,False,
AC1_water_1_col_0_band_peak_mag_75_125,812,digital_feats_updt.csv,0.10572782372655268,0.1324340805927131,0.1201893143742953,0.20775617849333244,25.898266132277154,40.63419171506645,33.4675421526564,0.5030257897498167,100.0,100.0,2,3,18,309,True,False,
VRY_water_0_col_1_spectral_centroid,813,ctvt_singlefault_peaks_freq.csv,0.08485263398063751,0.12619460469182833,0.10761605791642316,0.18629617190981088,20.745446880353068,45.88531455172313,33.369238567923816,0.5008083031129791,100.0,100.0,2,3,18,315,True,False,
CTR_water_1_col_0_fft_kurt,814,ctvt_singlefault_peaks_freq.csv,0.0517208717676354,0.11881473920282881,0.09166136188592623,0.15872553698451658,10.617886112674134,56.033406799169356,33.34870708815651,0.5003459892708347,100.0,100.0,2,3,18,315,True,False,
AC1_water_3_col_1_wavelet_std_energy,815,digital_feats_updt.csv,0.024309572856087414,0.026230429306388938,0.025273291372045373,0.04379189435065801,30.815356129979154,35.877595788552156,33.307048081468686,0.49940881492477435,100.0,100.0,2,3,18,315,True,False,
AC1_air_1_col_0_log_band_power_ratio,816,digital_feats_updt.csv,0.5458715734142019,0.8444354951556908,0.7105158918032113,1.2312107507025132,19.656951198837536,47.040091997420596,33.30295680374186,0.49931683936493054,100.0,100.0,2,3,18,315,True,False,
AC1_water_2_col_2_kurt,817,stats_features_2.csv,0.1239630473181134,0.1865779234202458,0.15822160480482125,0.2742484910354421,20.43129968689288,46.28412064084983,33.28457967225728,0.4989038442498777,100.0,100.0,2,3,18,315,True,False,
AC1_water_3_col_1_fft_kurtosis,818,digital_feats_updt.csv,154.07453950236172,141.78476940830507,147.89130229006628,256.3468779838811,36.124819982498686,30.591663764558277,33.28351625294302,0.4988799526535486,100.0,100.0,2,3,18,315,True,False,
AC1_air_0_col_resultant_wavelet_max_energy,819,digital_feats_updt.csv,2854491.8746604975,3203277.6136726825,3025524.3256943305,5250038.931105891,29.56191571830305,37.22752033486084,33.21056394683611,0.4972427663620449,100.0,100.0,2,3,18,315,True,False,
AC1_water_1_col_resultant_band_peak_to_median_75_125,820,digital_feats_updt.csv,5.068321808185843,5.253678716986579,5.147268501317758,8.932155341086938,32.1970312888276,34.59509170374033,33.20787700743208,0.49718253469989526,100.0,100.0,2,3,18,315,True,False,
AC1_water_3_col_resultant_wavelet_max_energy,821,digital_feats_updt.csv,2540276.2740132757,4410802.914999759,3588121.205123885,6227583.77590738,16.63882855433304,50.1644608241655,33.19671062150146,0.49693227579578186,100.0,100.0,2,3,18,315,True,False,
GYR_water_3_col_1_fft_skew,822,digital_feats_updt.csv,4.7016783556572435,4.965750989549215,4.817609482183181,8.365035766396106,31.591498498220272,35.239867855632184,33.168633646147555,0.4963033894972217,100.0,100.0,2,3,18,315,True,False,
AC1_water_2_col_1_fft_entropy,823,digital_feats_updt.csv,0.14655856894558808,0.09564645283171427,0.12328275756995306,0.21407077424235157,46.87137260898244,19.962869926227988,33.16575746478957,0.49623899675853717,100.0,100.0,2,3,18,315,True,False,
GYR_air_0_col_0_band_peak_to_median_75_125,824,digital_feats_updt.csv,20.961889659854975,15.066832816402899,18.18403786933777,31.57640737105601,44.06922657112294,22.767665700003352,33.163107728873705,0.4961796786473307,100.0,100.0,2,3,18,315,True,False,
GYR_water_0_col_1_wavelet_std_energy,825,digital_feats_updt.csv,0.022390985570431687,0.034293244234779294,0.028779849851568944,0.05005659389571324,20.00892842986457,46.93475505019405,33.056316519941376,0.49379291370765827,100.0,100.0,2,3,18,315,True,False,
CTB_water_2_col_0_spectral_bandwidth,826,ctvt_singlefault_peaks_freq.csv,0.15149020728633233,0.1880696771299567,0.1696414141821789,0.29512318744068833,26.348897869279902,40.60980390472971,33.041298225990396,0.49345786806779984,100.0,100.0,2,3,18,315,True,False,
CTB_air_0_col_0_peak_freq,827,ctvt_singlefault_peaks_freq.csv,0.1533354463421241,0.09789999062094011,0.12768910576327225,0.22226262618610154,47.594003736480204,19.401370859297955,33.004625404221855,0.49264035917938886,100.0,100.0,2,3,18,54,True,False,
AC1_water_2_col_resultant_fft_kurtosis,828,digital_feats_updt.csv,537.5107522849261,689.0610964439211,613.2315334133533,1067.602883579329,25.348650072862416,41.657766894305546,32.993583032832056,0.4923943784219706,100.0,100.0,2,3,18,315,True,False,
AC1_air_0_col_resultant_band_peak_mag_175_225,829,digital_feats_updt.csv,0.11180892281667668,0.17407473625245548,0.1446973893128887,0.25246897531529133,19.61267772527114,47.53959273514567,32.84772953958317,0.4891529253496411,100.0,100.0,2,3,18,306,True,False,
AC1_air_0_col_resultant_relative_band_power_175_225,830,digital_feats_updt.csv,0.0539392844215048,0.0780785144218447,0.0663704431645623,0.11580473454952779,21.694903887936697,45.45801339308487,32.847082718978434,0.4891385817464928,100.0,100.0,2,3,18,315,True,False,
GYR_water_2_col_1_relative_band_power_75_125,831,digital_feats_updt.csv,0.0489435997860528,0.09807774242860255,0.07665151857596447,0.13375415814063515,13.389896879886127,53.76830386914954,32.84179925096434,0.4890214282793442,100.0,100.0,2,3,18,315,True,False,
CTR_water_1_col_0_fft_skew,832,ctvt_singlefault_peaks_freq.csv,0.005328547712250619,0.018160061696622775,0.01322056257253043,0.023086024696362718,5.327450287753756,61.878008455561755,32.794541256684475,0.48797436800394334,100.0,100.0,2,3,18,315,True,False,
AC1_water_0_col_1_band_peak_mag_75_125,833,digital_feats_updt.csv,0.09829565620144548,0.08637126538625471,0.09136825262567458,0.15959382538295364,37.934685094012195,29.289124847196454,32.77619005879134,0.48756817097180494,100.0,100.0,2,3,18,118,True,False,
SMG_water_0_col_0_kurt,834,stats_features_2.csv,0.007502217073356908,0.04487093199283325,0.03172141342131245,0.05546108426966656,1.829795438403108,65.45660385430891,32.71360070728797,0.4861844451651506,100.0,100.0,2,3,18,315,True,False,
CV1_water_2_col_0_spectral_bandwidth,835,ctvt_singlefault_peaks_freq.csv,0.15369845415372632,0.16685653223748403,0.1581296634221397,0.2765308438738125,30.892413631655817,36.408205094537244,32.69938127380693,0.4858704406097902,100.0,100.0,2,3,18,315,True,False,
CV1_water_1_col_0_fft_kurt,836,ctvt_singlefault_peaks_freq.csv,0.11162891851541126,0.11361672400157162,0.11099150040879838,0.19413626293087524,33.06283606876417,34.250837468492236,32.686326462743594,0.4855822709579583,100.0,100.0,2,3,18,315,True,False,
AC1_water_3_col_0_rank_175_225,837,digital_feats_updt.csv,0.3158753921635644,0.2617527249639688,0.2857205056057033,0.4999279545335782,39.92240943535113,27.413695171076483,32.663895393572396,0.4850873923356482,100.0,100.0,2,3,18,2,True,False,
AC1_water_3_col_0_rank_75_125,838,digital_feats_updt.csv,0.3158753921635644,0.26175272496396884,0.2857205056057033,0.4999279545335782,39.92240943535112,27.413695171076487,32.66389539357238,0.485087392335648,100.0,100.0,2,3,18,2,True,False,
AC1_water_3_col_1_band_peak_mag_175_225,839,digital_feats_updt.csv,0.08747693955164872,0.09690917728398281,0.09085440366096457,0.1590538470448631,30.248149110914277,37.12286256074496,32.62898832834076,0.4843179212947265,100.0,100.0,2,3,18,315,True,False,
PRS_water_0_col_0_std,840,stats_features_2.csv,0.36567370107065145,0.43090452979011185,0.39276596207971803,0.6882303905065165,28.23057751760275,39.20075458814199,32.568667894255256,0.48299013051057016,100.0,100.0,2,3,18,313,True,False,
SMG_water_1_col_0_mad,841,stats_features_2.csv,22.31893596876379,41.44283118881291,32.67458022598151,57.29983728307022,15.17190780997269,52.31088364200135,32.51720854802597,0.4818592688354885,100.0,100.0,2,3,18,157,True,False,
VRY_water_3_col_0_fft_skew,842,ctvt_singlefault_peaks_freq.csv,0.005298874211236576,0.0034468021213823305,0.004386758324653395,0.007694294078691667,47.42743720337508,20.06758636705533,32.504976429569595,0.4815907115826245,100.0,100.0,2,3,18,315,True,False,
VRY_water_3_col_0_fft_kurt,843,ctvt_singlefault_peaks_freq.csv,0.07052839245832118,0.045933297085847695,0.05833088181167014,0.10240416835685327,47.43432233271839,20.119629102088048,32.446048565193564,0.48029830788663674,100.0,100.0,2,3,18,315,True,False,
AC1_water_2_col_resultant_wavelet_entropy,844,digital_feats_updt.csv,0.08554604633923475,0.12226734898437813,0.10338746154233876,0.1815389706815338,22.205479105406763,45.360857348138964,32.43366354645428,0.480026966812883,100.0,100.0,2,3,18,315,True,False,
CTR_water_3_col_0_spectral_bandwidth,845,ctvt_singlefault_peaks_freq.csv,0.42603581599848256,0.4202126850641217,0.4145116125069821,0.7279458043738078,34.25264609314745,33.32270299965574,32.42465090719682,0.4798295730987214,100.0,100.0,2,3,18,315,True,False,
AC1_air_1_col_2_contrast_time,846,digital_feats_updt.csv,0.16214257397734785,0.10089950431431047,0.13228514281828294,0.23231505176661885,48.712388928750315,18.86354740544882,32.42406366580086,0.47981671323718744,100.0,100.0,2,3,18,315,True,False,
GYR_water_1_col_0_band_peak_to_median_75_125,847,digital_feats_updt.csv,6.5987537645670304,6.377908419100151,6.356934236471566,11.163864919222217,34.93773123555763,32.638291120827844,32.423977643614535,0.47981482947628223,100.0,100.0,2,3,18,315,True,False,
AC1_water_3_col_2_band_power_175_225,848,digital_feats_updt.csv,0.1465580133314311,0.13574338402691105,0.13833488167561747,0.2429857137095522,36.37957811548346,31.20871328413607,32.411708600380464,0.4795462043676238,100.0,100.0,2,3,18,315,True,False,
VRY_water_0_col_1_spectral_entropy,849,ctvt_singlefault_peaks_freq.csv,0.029997313607017833,0.03982088204801406,0.03449257365056306,0.060624080263201874,24.48355069790655,43.14509457891672,32.37135472317674,0.47866336211041305,100.0,100.0,2,3,18,315,True,False,
CTB_water_3_col_0_std,850,stats_features_2.csv,15.617302252283752,10.704786125900519,13.098921108846907,23.0233427168223,46.01244110572497,21.618185199797253,32.36937369447778,0.4786200492695237,100.0,100.0,2,3,18,315,True,False,
AC1_water_0_col_0_band_power_175_225,851,digital_feats_updt.csv,0.13410947056506015,0.23331351111472765,0.1861074171046763,0.32719491937573975,16.79986505321159,50.847157068195465,32.35297787859294,0.47826167160068905,100.0,100.0,2,3,18,315,True,False,
AC1_air_0_col_0_contrast_time,852,digital_feats_updt.csv,0.1933962465769218,0.1416998659114377,0.16575529029907662,0.29147174211489546,44.025385620949876,23.634475297608525,32.3401390814416,0.4779811640518911,100.0,100.0,2,3,18,315,True,False,
VRY_water_0_col_0_fft_kurt,853,ctvt_singlefault_peaks_freq.csv,0.07168661585770575,0.047345518908144965,0.059386640241778366,0.1044382214183016,47.11478607074893,20.551277676679486,32.3339362525716,0.47784568012204515,100.0,100.0,2,3,18,315,True,False,
AC1_water_0_col_0_spectral_centroid,854,digital_feats_updt.csv,53.85426218487506,38.22329353540684,45.64963086928364,80.28194393930052,44.99915937743979,22.668378282290867,32.332462340269345,0.47781349016798313,100.0,100.0,2,3,18,315,True,False,
VRY_water_2_col_1_fft_kurt,855,ctvt_singlefault_peaks_freq.csv,0.07273187377751074,0.04318616181610412,0.05845945608093847,0.10282255608996335,50.03486829423219,17.640562271176037,32.32456943459177,0.47764113452296575,100.0,100.0,2,3,18,315,True,False,
GYR_water_0_col_0_fft_kurtosis,856,digital_feats_updt.csv,694.8435677751543,858.0765111177323,762.9881653121179,1342.1079774060047,26.80397273882663,40.87682088573129,32.31920637544208,0.4775240455176206,100.0,100.0,2,3,18,315,True,False,
AC1_air_1_col_0_kurt,857,stats_features_2.csv,0.11430613905147481,0.17054953414958804,0.14182594866962328,0.24953484073278268,20.98344197565996,46.71310029046497,32.30345773387506,0.4771803204790796,100.0,100.0,2,3,18,315,True,False,
GYR_water_0_col_1_band_peak_to_median_75_125,858,digital_feats_updt.csv,4.546716648786874,5.765566747783721,5.072055579248984,8.924132451196353,25.95755392025878,41.739956660596015,32.3024894191452,0.47715919155645464,100.0,100.0,2,3,18,315,True,False,
VRY_water_0_col_0_fft_skew,859,ctvt_singlefault_peaks_freq.csv,0.005364361346520144,0.00356200529667076,0.004447394809713528,0.007825827431206031,46.98676173626257,20.717082138051172,32.29615612568626,0.4770210120660392,100.0,100.0,2,3,18,315,True,False,
VRY_water_1_col_0_spectral_centroid,860,ctvt_singlefault_peaks_freq.csv,0.056237541756113014,0.04664555180029468,0.05044243993728987,0.08878574408288542,40.1204855036412,27.601583140375954,32.27793135598285,0.4766235291135693,100.0,100.0,2,3,18,315,True,False,
AC1_water_2_col_0_fft_mean,861,digital_feats_updt.csv,0.0018891304278528542,0.002645614635652936,0.0022424343644398513,0.003949253404460302,22.88199487212761,44.87693279119062,32.24107233668176,0.4758202859537828,100.0,100.0,2,3,18,315,True,False,
CTB_water_0_col_0_skew,862,stats_features_2.csv,0.012705970716989572,0.0055817067283609285,0.00957217811326544,0.01685893637494679,56.80091828591016,10.961593311445627,32.23748840264421,0.47574223036771524,100.0,100.0,2,3,18,315,True,False,
GYR_water_1_col_1_fft_std,863,digital_feats_updt.csv,0.005584333482157655,0.005466927909939985,0.005385605725588989,0.009490881426080757,34.62020183825277,33.17978740098543,32.200010760761806,0.47492648777776714,100.0,100.0,2,3,18,315,True,False,
CV1_water_0_col_0_fft_skew,864,ctvt_singlefault_peaks_freq.csv,0.011172372876133698,0.013498809330643131,0.01207250367842361,0.021278747944697727,27.567583782681645,40.24378180136857,32.18863441594979,0.4746790473648981,100.0,100.0,2,3,18,315,True,False,
GYR_water_2_col_0_wavelet_max_energy_ratio,865,digital_feats_updt.csv,3.4802007717799543e-07,2.3597577941170326e-07,2.8939225395065705e-07,5.104413964742479e-07,46.485426688157524,21.37189747479415,32.14267583704833,0.47368027303672244,100.0,100.0,2,3,18,315,True,False,
CTR_water_1_col_0_kurt,866,stats_features_2.csv,0.003237828397780071,0.008594721187193318,0.006318082407893574,0.011147687218970356,8.436029814425513,59.4420851990445,32.12188498653,0.4732288894609933,100.0,100.0,2,3,18,315,True,False,
AC1_water_3_col_2_contrast_freq,867,digital_feats_updt.csv,0.11189469013581257,0.1531608931903255,0.13040269199606863,0.230181543489632,23.63077472804952,44.27461413654546,32.09461113540501,0.472637174634291,100.0,100.0,2,3,18,315,True,False,
AC1_water_1_col_resultant_contrast_time,868,digital_feats_updt.csv,0.07895591887465202,0.06656187010536702,0.07096990417946694,0.12530461674059382,39.704089329135904,28.217392915052127,32.07851775581196,0.4722882466034063,100.0,100.0,2,3,18,315,True,False,
VRY_air_0_col_0_mad,869,stats_features_2.csv,6.429385862741205,4.973950939224891,5.584510951518896,9.862248885800192,42.499817517896986,25.436132463253518,32.0640500188495,0.471974705995073,100.0,100.0,2,3,18,58,True,False,
VRY_water_2_col_0_fft_skew,870,ctvt_singlefault_peaks_freq.csv,0.0054522988448110505,0.0031828353944245093,0.0043362069907377405,0.007659027020950651,50.6771403576571,17.269555302659604,32.05330433968328,0.4717419151613513,100.0,100.0,2,3,18,315,True,False,
GYR_water_3_col_0_fft_mean,871,digital_feats_updt.csv,0.0010003555557576223,0.0011249042603458316,0.0010335948329700468,0.0018260446630960928,30.011381357881206,37.94969866247651,32.03891997964228,0.4714304123778643,100.0,100.0,2,3,18,315,True,False,
VRY_water_0_col_0_kurt,872,stats_features_2.csv,0.0022832425993792233,0.0017885749750987815,0.0019909084941920623,0.003517941705232721,42.12373190716756,25.84859980880141,32.02766828403104,0.47118684140280376,100.0,100.0,2,3,18,315,True,False,
VRY_water_2_col_1_fft_skew,873,ctvt_singlefault_peaks_freq.csv,0.00554275022835219,0.0032589674739927,0.004413115719518367,0.0077986242020179905,50.51433390970259,17.46320956337539,32.022456526922014,0.4710740472639214,100.0,100.0,2,3,18,315,True,False,
GYR_air_0_col_1_wavelet_mean_energy,874,digital_feats_updt.csv,0.028992927573493088,0.031173675660612184,0.029204685126692123,0.051626558444506955,31.5382645328544,36.461092329200966,32.00064313794465,0.47060214411824053,100.0,100.0,2,3,18,315,True,False,
VRY_air_0_col_0_std,875,stats_features_2.csv,5.940529277408885,3.689258598803229,4.7954831844657955,8.47922025171477,49.08383057759244,18.930686504640907,31.98548291776666,0.4702743515637173,100.0,100.0,2,3,18,315,True,False,
VRY_water_2_col_0_fft_kurt,876,ctvt_singlefault_peaks_freq.csv,0.07197034822778368,0.04304209503799233,0.057499200393348014,0.10167846878844312,50.10132519501002,17.91962055795577,31.979054247034213,0.47013539569375795,100.0,100.0,2,3,18,315,True,False,
AC1_water_0_col_1_relative_band_power_175_225,877,digital_feats_updt.csv,0.010929409217286603,0.006644009169883704,0.008767758488489581,0.015507044612075159,49.67470555154592,18.357028143799493,31.96826630465459,0.4699022730746871,100.0,100.0,2,3,18,315,True,False,
AC1_water_0_col_1_fft_kurtosis,878,digital_feats_updt.csv,285.58318998616636,531.0739526203831,413.1693968856337,730.9625517612718,15.264234338562055,52.786120704237405,31.949644957200547,0.4695000479733897,100.0,100.0,2,3,18,315,True,False,
CTR_water_2_col_0_spectral_centroid,879,ctvt_singlefault_peaks_freq.csv,0.069946654024748,0.06002979487043704,0.06311958289121834,0.11171478159046781,39.20239562285318,28.874364667130063,31.923239710016773,0.4689300662081291,100.0,100.0,2,3,18,315,True,False,
GYR_air_1_col_1_contrast_freq,880,digital_feats_updt.csv,0.15678368013713123,0.22158596984092824,0.18585816714378656,0.3289752615041665,22.713037971582505,45.368877659070684,31.918084369346804,0.46881883498260457,100.0,100.0,2,3,18,315,True,False,
GYR_water_0_col_1_fft_kurtosis,881,digital_feats_updt.csv,360.46498402446997,508.1601405373778,426.5327066962525,755.0442920917689,22.79194083931921,45.295633234221164,31.91242592645962,0.46869676825306605,100.0,100.0,2,3,18,315,True,False,
AC1_water_1_col_resultant_band_peak_mag_175_225,882,digital_feats_updt.csv,0.11547455350907976,0.11760093427305672,0.11281717120391421,0.1997299836491017,33.426126350427516,34.6684967736508,31.905376875921682,0.46854473102502436,100.0,100.0,2,3,18,314,True,False,
VRY_water_2_col_1_q95,883,stats_features_2.csv,10.35120183220971,9.245201077079493,9.496138957094203,16.816592324820615,37.88833856791874,30.224333350727388,31.887328081353875,0.46815558960071546,100.0,100.0,2,3,18,59,True,False,
GYR_water_0_col_1_band_peak_mag_175_225,884,digital_feats_updt.csv,0.061213291818927845,0.056579956225059964,0.05702769611112225,0.10099760722651517,36.734091205294554,31.38362056956271,31.88228822514274,0.4680469645034483,100.0,100.0,2,3,18,315,True,False,
GYR_water_1_col_0_relative_band_power_175_225,885,digital_feats_updt.csv,0.01641007665949276,0.02733415459175458,0.021800915121147804,0.03862287564819401,18.052277797423,50.08666103054319,31.86106117203382,0.4675896296605828,100.0,100.0,2,3,18,315,True,False,
GYR_water_2_col_1_wavelet_std_energy,886,digital_feats_updt.csv,0.022463330904207175,0.03171095560920173,0.026571364133513346,0.047076781250170785,22.76851921132823,45.373798332121005,31.85768245655076,0.4675168618419458,100.0,100.0,2,3,18,315,True,False,
GYR_water_3_col_1_contrast_freq,887,digital_feats_updt.csv,0.2075791649897373,0.28429186836967874,0.24067154367049753,0.42641970884528724,23.69697894403561,44.448216230312035,31.854804825652348,0.46745489163473214,100.0,100.0,2,3,18,315,True,False,
AC1_water_3_col_2_band_peak_to_median_175_225,888,digital_feats_updt.csv,2.652274713494224,2.960469051657769,2.7171177784584715,4.814734383502315,30.345363429224832,37.807362759456026,31.847273811319152,0.467292734895886,100.0,100.0,2,3,18,315,True,False,
VRY_water_0_col_0_spectral_centroid,889,ctvt_singlefault_peaks_freq.csv,0.05534284204063128,0.04845905760636161,0.050255615890382466,0.08908836825171175,38.59054454085587,29.58747604017504,31.821979418969075,0.4667483618294261,100.0,100.0,2,3,18,315,True,False,
AC1_water_1_col_resultant_band_peak_freq_175_225,890,digital_feats_updt.csv,6.684988672421817,5.2783039913158065,5.813178531673314,10.312255389402257,42.02367521287335,26.198804699354163,31.777520087772487,0.4657925089890642,100.0,100.0,2,3,18,280,True,False,
SMG_water_3_col_0_peak_to_median,891,ctvt_singlefault_peaks_freq.csv,96.51416390918271,76.60694272249036,84.07785376022201,149.17336558950726,41.860029411020406,26.37264475335128,31.767325835628316,0.46557351334495867,100.0,100.0,2,3,18,315,True,False,
AC1_water_3_col_resultant_fft_entropy,892,digital_feats_updt.csv,0.14463622662210507,0.14540023255308315,0.13991126190907185,0.24826604054312482,33.94060115173747,34.300114225829866,31.759284622432652,0.4654008160188899,100.0,100.0,2,3,18,315,True,False,
CTB_air_1_col_0_peak_freq,893,ctvt_singlefault_peaks_freq.csv,0.15558472395180925,0.09891173745089869,0.12566806821338525,0.22312015037015426,48.62463109039625,19.652512143865437,31.722856765738317,0.46461898174175054,100.0,100.0,2,3,18,54,True,False,
CV1_water_0_col_0_fft_kurt,894,ctvt_singlefault_peaks_freq.csv,0.12804212390971811,0.12349935085532608,0.1212326122438025,0.21527708059255798,35.376115921208324,32.91044534048933,31.713438738302344,0.4644169826734357,100.0,100.0,2,3,18,315,True,False,
GYR_water_1_col_1_fft_skew,895,digital_feats_updt.csv,3.809982578239344,6.611563522760852,5.197686818704797,9.232804976134112,17.028588682170692,51.27917455141186,31.692236766417434,0.46396244388860897,100.0,100.0,2,3,18,315,True,False,
VRY_water_1_col_1_fft_kurt,896,ctvt_singlefault_peaks_freq.csv,0.07081085837787357,0.058390382275661575,0.06249304882480231,0.11103601018556228,40.66979861134631,27.65380785708386,31.676393531569808,0.46362297262815455,100.0,100.0,2,3,18,315,True,False,
AC1_water_3_col_2_wavelet_max_energy,897,digital_feats_updt.csv,3104784.198795636,4238437.202081671,3574731.277319192,6354741.422129233,23.87080537154623,44.485219587697046,31.64397504075672,0.4629288356018973,100.0,100.0,2,3,18,315,True,False,
AC1_water_3_col_resultant_fft_std,898,digital_feats_updt.csv,0.004376408350137596,0.005416327911078468,0.004736386698822264,0.0084215744993595,27.005304976557472,41.36407421082869,31.630620812613834,0.4626430894731533,100.0,100.0,2,3,18,315,True,False,
CTB_water_3_col_0_q95,899,stats_features_2.csv,22.720113811443312,15.817870197741321,18.82557126180606,33.47851135476111,46.05626634614216,22.323574584262786,31.620159069595058,0.46241931305130046,100.0,100.0,2,3,18,86,True,False,
AC1_water_1_col_0_rank_75_125,900,digital_feats_updt.csv,0.285019492510795,0.27598560751523904,0.26974396296405884,0.47975615912901237,35.29457909298544,33.09266561871113,31.612755288303426,0.4622609877262179,100.0,100.0,2,3,18,2,True,False,
AC1_water_1_col_0_rank_175_225,901,digital_feats_updt.csv,0.285019492510795,0.275985607515239,0.26974396296405884,0.47975615912901237,35.29457909298544,33.09266561871113,31.612755288303422,0.46226098772621776,100.0,100.0,2,3,18,2,True,False,
SMG_air_1_col_0_std,902,stats_features_2.csv,25.08404170550938,36.70669176660341,30.155604807822687,53.72104680716622,21.80248994575381,46.687600763677295,31.509909290568896,0.4600652293519297,100.0,100.0,2,3,18,315,True,False,
CTR_water_0_col_0_spectral_centroid,903,ctvt_singlefault_peaks_freq.csv,0.11892643560471963,0.20117437428854443,0.15844320708801238,0.28234531309792565,17.741716674598376,50.76731006282815,31.490973262573476,0.4596616644879285,100.0,100.0,2,3,18,315,True,False,
VRY_water_2_col_1_spectral_centroid,904,ctvt_singlefault_peaks_freq.csv,0.055629211118846604,0.04807410871470892,0.04984204228561129,0.08882543688392151,39.22212306460674,29.291915864575465,31.485961070817783,0.4595548819324817,100.0,100.0,2,3,18,315,True,False,
AC1_water_2_col_1_skew,905,stats_features_2.csv,0.046929184347798095,0.059423549629227516,0.051267188221981716,0.09144304884612599,26.338110582979144,42.22948506808471,31.432404348936146,0.45841485399158016,100.0,100.0,2,3,18,315,True,False,
GYR_water_1_col_1_wavelet_std_energy,906,digital_feats_updt.csv,0.02357173647043822,0.03159773779552317,0.026653902255816014,0.047586492826105754,24.53667768970335,44.09045552073296,31.372866789563684,0.4571496042733245,100.0,100.0,2,3,18,315,True,False,
GYR_air_0_col_2_fft_kurtosis,907,digital_feats_updt.csv,283.8327330106593,101.4305004228134,203.6447935324934,363.75866818154924,60.88331005547813,7.775179678587132,31.341510265934748,0.4564841199876335,100.0,100.0,2,3,18,315,True,False,
CTR_air_1_col_0_kurt,908,stats_features_2.csv,0.004805456774996792,0.009803371823128784,0.0073671513534486165,0.013170931363555797,13.311787528041435,55.40104755502118,31.287164916937378,0.45533217890247574,100.0,100.0,2,3,18,315,True,False,
AC1_water_2_col_2_wavelet_std_energy,909,digital_feats_updt.csv,0.02112545712522586,0.022542621456819113,0.02084226277451077,0.03726734010439912,32.13330800735112,36.58912661371303,31.277565378935865,0.45512888988000094,100.0,100.0,2,3,18,315,True,False,
AC1_air_1_col_0_band_power_75_125,910,digital_feats_updt.csv,0.3899067926554936,0.43338890861706714,0.393111920610989,0.7031288894631248,30.750467168534723,37.991435255027554,31.258097576437724,0.45471679535193604,100.0,100.0,2,3,18,315,True,False,
GYR_water_1_col_0_contrast_time,911,digital_feats_updt.csv,0.1471674143537259,0.07757580289611742,0.11214910622261304,0.20063318536341251,53.804398754645,14.950200657831212,31.24540058752379,0.45444815117130904,100.0,100.0,2,3,18,315,True,False,
PRS_water_2_col_0_mad,912,stats_features_2.csv,1.3366105557632626,0.8853537341469234,1.0800925251226345,1.9331267095489286,47.806740082142014,20.975532930512884,31.217726987345113,0.4538629739904281,100.0,100.0,2,3,18,4,True,False,
AC1_water_1_col_resultant_fft_entropy,913,digital_feats_updt.csv,0.1350932290009384,0.18881319808777566,0.15638837742778072,0.2799248629338373,23.290789816385765,45.49689390444469,31.212316279169553,0.45374861589819404,100.0,100.0,2,3,18,315,True,False,
VRY_water_1_col_0_peak_magn_raw,914,ctvt_singlefault_peaks_freq.csv,270183.2722476026,96698.74283310198,193261.0311293249,345976.11712529295,60.98523109090571,7.811769411034857,31.202999498059437,0.45355174310512697,100.0,100.0,2,3,18,315,True,False,
AC1_water_2_col_0_band_peak_to_median_75_125,915,digital_feats_updt.csv,3.3837346768695253,2.350295676635826,2.774507015413863,4.967035263579584,46.40856262882921,22.389815601289143,31.20162176988164,0.4535226348725512,100.0,100.0,2,3,18,315,True,False,
PRS_water_2_col_0_kurt,916,stats_features_2.csv,0.10899919585699008,0.10931468088835851,0.10394196737116976,0.18610334961032662,34.30348218818256,34.5023441503545,31.194173661462948,0.4533652936305423,100.0,100.0,2,3,18,315,True,False,
AC1_water_2_col_resultant_band_peak_freq_75_125,917,digital_feats_updt.csv,1.5152256645297222,1.4932804485258386,1.4316394088319044,2.5642516860323274,34.91671160869411,33.91262896810308,31.170659423202796,0.45286877895370425,100.0,100.0,2,3,18,259,True,False,
CTB_water_3_col_0_q05,918,stats_features_2.csv,22.730923220873603,16.229574459078563,18.79360829390643,33.66442737223989,45.59231945027122,23.241909314896304,31.165771234832484,0.4527656050474039,100.0,100.0,2,3,18,96,True,False,
AC1_water_2_col_2_fft_kurtosis,919,digital_feats_updt.csv,658.8432096637274,762.6793091570576,677.9427730255754,1214.6441894785055,29.421580207042208,39.42627756694606,31.152142226011723,0.4524780179548515,100.0,100.0,2,3,18,315,True,False,
AC1_water_0_col_2_wavelet_max_energy,920,digital_feats_updt.csv,4448480.355785418,4700529.197548129,4352038.149210241,7798986.361380081,32.53471692806519,36.32596729567744,31.139315776257373,0.45220746972364206,100.0,100.0,2,3,18,315,True,False,
AC1_water_1_col_2_band_power_175_225,921,digital_feats_updt.csv,0.16047343388507068,0.17461227007119196,0.15943464563838586,0.2857631433059881,31.535074637270448,37.33679955823977,31.128125804489773,0.4519715220196378,100.0,100.0,2,3,18,315,True,False,
VRY_water_3_col_1_rms,922,stats_features_2.csv,4.251452010898916,2.8251944031512086,3.429825206451545,6.149818579713042,47.79142213304078,21.104354143387916,31.104223723571298,0.45146778807996363,100.0,100.0,2,3,18,315,True,False,
AC1_water_0_col_2_band_power_175_225,923,digital_feats_updt.csv,0.11105762661772278,0.12089522826526652,0.11004901617371952,0.19763663275839327,31.576346866993845,37.41824611969728,31.005407013308876,0.4493889400766483,100.0,100.0,2,3,18,315,True,False,
AC1_water_2_col_0_fft_kurtosis,924,digital_feats_updt.csv,101.55587432863571,100.36724907245849,95.42744156655966,171.73694099105683,34.96895491952332,34.15518138135044,30.87586369912624,0.4466726870153451,100.0,100.0,2,3,18,315,True,False,
VRY_water_1_col_1_fft_skew,925,ctvt_singlefault_peaks_freq.csv,0.005324653511196668,0.005461120636247648,0.005094199868933689,0.009172057889186751,33.70149220068316,35.45112048219727,30.847387317119562,0.44607696109153955,100.0,100.0,2,3,18,315,True,False,
AC1_water_2_col_2_75_125_spike_energy_ratio,926,digital_feats_updt.csv,0.0008081176337151762,0.000544600081071195,0.0006508194602363065,0.001171840146114838,47.5567778767177,21.598254704887996,30.844967418394294,0.4460263594264959,100.0,100.0,2,3,18,315,True,False,
VRY_water_3_col_0_spectral_centroid,927,ctvt_singlefault_peaks_freq.csv,0.05610379841101438,0.04757144338647937,0.049103577862150034,0.0884411656463266,40.241634760118004,28.93235209706792,30.826013142814066,0.4456301355949936,100.0,100.0,2,3,18,315,True,False,
GYR_water_3_col_1_wavelet_mean_energy,928,digital_feats_updt.csv,0.018420202751564817,0.022041097071546542,0.019174899215815364,0.034536800509931,28.446222866461216,40.72885587872931,30.824921254809475,0.44560731717204743,100.0,100.0,2,3,18,315,True,False,
GYR_water_3_col_0_contrast_freq,929,digital_feats_updt.csv,0.10410402495582718,0.15768191342409313,0.1259991713181912,0.22710575731574398,21.012549697761063,48.20670796388749,30.78074233835143,0.4446846640397551,100.0,100.0,2,3,18,315,True,False,
CV1_water_0_col_0_spectral_centroid,930,ctvt_singlefault_peaks_freq.csv,0.11568061963657675,0.1779918691080994,0.14148200003948236,0.25510834475428124,20.562309069323867,48.68004796967883,30.7576429609973,0.444202714585123,100.0,100.0,2,3,18,315,True,False,
CV1_water_2_col_0_peak_width_end,931,ctvt_singlefault_peaks_freq.csv,0.07755873995772126,0.05479415801198246,0.06327757464343557,0.11411314275238892,46.19448789865172,23.056701813197222,30.748810288151056,0.44401851312729,100.0,100.0,2,3,18,250,True,False,
VRY_water_0_col_1_peak_magn_raw,932,ctvt_singlefault_peaks_freq.csv,231471.1801317906,207473.0850680975,206875.90631924925,373392.0578623609,38.429408452658556,30.87403394659999,30.69655760074146,0.4429297670943669,100.0,100.0,2,3,18,315,True,False,
GYR_air_0_col_2_log_band_power_ratio,933,digital_feats_updt.csv,0.4789496743783226,0.390108473063652,0.4109980343566765,0.7419547126261866,41.67014093914833,27.644960329595463,30.684898731256197,0.442687064861765,100.0,100.0,2,3,18,315,True,False,
AC1_water_0_col_resultant_band_power_75_125,934,digital_feats_updt.csv,0.5465611308243675,0.5512501789974903,0.5162399476914954,0.9322604320495933,34.371855928724216,34.96415069006055,30.663993381215246,0.4422520833916565,100.0,100.0,2,3,18,315,True,False,
VRY_air_0_col_1_peak_magn_raw,935,ctvt_singlefault_peaks_freq.csv,200278.57484591007,117957.90604016706,154527.7658883339,279113.6069240076,51.488111935082415,17.86043741114931,30.65145065376829,0.44199123042555527,100.0,100.0,2,3,18,315,True,False,
AC1_air_1_col_2_75_125_spike_energy_ratio,936,digital_feats_updt.csv,0.0011732008587655414,0.0005674685543630499,0.0008663309262026255,0.001564912166511013,56.203687500618216,13.14933128491386,30.646981214467928,0.441898301633285,100.0,100.0,2,3,18,315,True,False,
GYR_water_0_col_2_kurt,937,stats_features_2.csv,0.10413531194117401,0.1958566749584609,0.14743516518162614,0.2663477581114645,15.286144244445765,54.072775654285905,30.641080101268326,0.4417756237554767,100.0,100.0,2,3,18,315,True,False,
PRS_water_0_col_0_q95,938,stats_features_2.csv,2.405626121623441,2.276029139087483,2.2006304434008217,3.9761941636991076,36.603371935159004,32.7657768124851,30.630851252355896,0.4415630262926669,100.0,100.0,2,3,18,2,True,False,
GYR_water_3_col_0_fft_skew,939,digital_feats_updt.csv,7.080385941507538,8.933199642417732,7.573230169057159,13.685310961958717,26.767297270923624,42.609333372375445,30.623369356700927,0.44140756149071886,100.0,100.0,2,3,18,315,True,False,
GYR_water_2_col_0_relative_band_power_175_225,940,digital_feats_updt.csv,0.014848257668275381,0.016309656541931394,0.014645620716662255,0.02647583536879603,31.45224478880726,37.948121919856895,30.599633291335845,0.44091457642853765,100.0,100.0,2,3,18,315,True,False,
SMG_air_1_col_0_peak_width_start,941,ctvt_singlefault_peaks_freq.csv,0.14212403772978457,0.08673711602058162,0.11051267496485052,0.19983898699721175,50.57951206062473,18.838638686872958,30.581849252502316,0.44054543261662293,100.0,100.0,2,3,18,138,True,False,
CTB_water_2_col_0_gmean,942,ctvt_singlefault_peaks_freq.csv,0.00022573368788528805,0.00013909576455253174,0.0001757422496095615,0.00031810166277555893,50.35711895773038,19.120354211117615,30.522526831152014,0.4393154419559054,100.0,100.0,2,3,18,315,True,False,
SMG_water_3_col_0_spectral_bandwidth,943,ctvt_singlefault_peaks_freq.csv,0.4043501087221726,0.44857997061563787,0.40025725483757413,0.7245197516363996,31.14688858023527,38.33357266891006,30.519538750854654,0.4392535426818294,100.0,100.0,2,3,18,315,True,False,
AC1_water_3_col_0_fft_mean,944,digital_feats_updt.csv,0.0019672252219848857,0.0027990263688312655,0.0022671251970873,0.004104190583622348,22.974873485167716,46.51134949556183,30.513777019270442,0.43913420114563945,100.0,100.0,2,3,18,315,True,False,
AC1_water_3_col_0_fft_skew,945,digital_feats_updt.csv,1.708841900469211,2.444782587294234,1.9765272710389314,3.5782345637334787,22.806894610601447,46.681292750300884,30.511812639097673,0.4390935178756038,100.0,100.0,2,3,18,315,True,False,
AC1_air_0_col_0_kurt,946,stats_features_2.csv,0.11375798993743219,0.1370456019157895,0.11799061220882105,0.21364494341893128,28.351665909791127,41.14764351859199,30.50069057161689,0.4388632178143714,100.0,100.0,2,3,18,315,True,False,
AC1_water_3_col_0_wavelet_std_energy,947,digital_feats_updt.csv,0.0074761214952891696,0.010650754469421138,0.008617467545109815,0.015607424844324579,22.94511276680492,46.56914253838119,30.48574469481389,0.43855385576632216,100.0,100.0,2,3,18,315,True,False,
GYR_water_2_col_1_fft_mean,948,digital_feats_updt.csv,0.0015181926999846284,0.0016463442950437571,0.0014830557401938403,0.002686040383283848,31.94689998552931,37.56784216204269,30.48525785242801,0.4385437809394622,100.0,100.0,2,3,18,315,True,False,
AC1_water_2_col_0_band_power_175_225,949,digital_feats_updt.csv,0.0606254719025964,0.07842091011600405,0.06562910407013943,0.11888004999950195,26.007122667354295,43.51568238796869,30.47719494467702,0.43837694581547304,100.0,100.0,2,3,18,315,True,False,
VRY_water_2_col_0_spectral_centroid,950,ctvt_singlefault_peaks_freq.csv,0.05629757939417418,0.0473756173103542,0.048710266172406626,0.0882414675295418,40.70371040511551,28.8246683766508,30.47162121823368,0.4382616386594765,100.0,100.0,2,3,18,315,True,False,
AC1_water_1_col_resultant_relative_band_power_175_225,951,digital_feats_updt.csv,0.016046796290478515,0.021962077790210522,0.017999797439784124,0.032616333943664366,24.205072555559767,45.33948272344334,30.455444720996905,0.4379270900333446,100.0,100.0,2,3,18,315,True,False,
AC1_water_0_col_0_wavelet_std_energy,952,digital_feats_updt.csv,0.010801318060290487,0.012039322910171853,0.01070285308248144,0.01939496924669201,31.015252328188215,38.53238893542108,30.452358736390693,0.43786328598788643,100.0,100.0,2,3,18,315,True,False,
AC1_water_1_col_resultant_wavelet_max_energy,953,digital_feats_updt.csv,3685017.6902755494,8336819.333724205,6031353.957395934,10929736.618061619,11.367363844148137,58.18102752559994,30.451608630251926,0.4378477780795612,100.0,100.0,2,3,18,315,True,False,
AC1_water_1_col_resultant_relative_band_power_75_125,954,digital_feats_updt.csv,0.0945411897429141,0.15034517272852257,0.11749377588419807,0.21294716455567364,19.71053458317717,49.846567009100646,30.44289840772218,0.4376677249458871,100.0,100.0,2,3,18,315,True,False,
AC1_water_1_col_2_band_peak_mag_75_125,955,digital_feats_updt.csv,0.14898667584119404,0.19132005176645278,0.1603301727786024,0.2906994256776984,26.266760441382914,43.31443281980482,30.418806738812272,0.4371699494233858,100.0,100.0,2,3,18,164,True,False,
SMG_air_1_col_0_q05,956,stats_features_2.csv,51.32429941952788,60.31289177986003,52.35779888691737,94.93770447002258,29.225947966403105,40.35922800733273,30.41482402626416,0.4370876928980376,100.0,100.0,2,3,18,210,True,False,
SMG_water_0_col_0_q05,957,stats_features_2.csv,63.21515079651664,75.88126978443417,65.241395036582,118.36621993053494,28.52244816687746,41.09733139622839,30.38022043689414,0.43637340749343256,100.0,100.0,2,3,18,232,True,False,
AC1_water_0_col_resultant_contrast_time,958,digital_feats_updt.csv,0.07810290316984189,0.092015302820858,0.07958346097193754,0.14456972953230493,29.18633867742155,40.51029281842523,30.303368504153237,0.4347895709415887,100.0,100.0,2,3,18,315,True,False,
SMG_air_1_col_0_spectral_entropy,959,ctvt_singlefault_peaks_freq.csv,0.03077715265118384,0.023797698447324094,0.025645672559156202,0.046596824974621406,43.62588255896209,26.08298327161753,30.29113416942038,0.4345377565464905,100.0,100.0,2,3,18,315,True,False,
AC1_water_2_col_0_fft_std,960,digital_feats_updt.csv,0.0072232400603741195,0.007840818589238805,0.007026862760771333,0.012768337142238266,32.00334801838211,37.709791279804875,30.286860701813023,0.4344498183085077,100.0,100.0,2,3,18,315,True,False,
AC1_air_1_col_1_skew,961,stats_features_2.csv,0.05515148658455273,0.08287708965371365,0.0655713288467513,0.11920527517138069,21.40540735737636,48.336815429299605,30.257777213324047,0.43385163254510867,100.0,100.0,2,3,18,315,True,False,
AC1_water_0_col_2_wavelet_entropy,962,digital_feats_updt.csv,0.08194499739109126,0.12214119373748264,0.09687170063358985,0.17611808592159714,21.648956999795498,48.0968248227772,30.254218177427294,0.4337784649742895,100.0,100.0,2,3,18,315,True,False,
AC1_air_1_col_0_fft_entropy,963,digital_feats_updt.csv,0.14013983009243539,0.1643538691449649,0.1422347690014923,0.25861572998208127,29.363870472566898,40.387780888404755,30.248348639028336,0.4336578138127534,100.0,100.0,2,3,18,315,True,False,
SMG_air_1_col_0_peak_magn_raw,964,ctvt_singlefault_peaks_freq.csv,602666.2214769514,880892.6362096962,701843.130713114,1277404.4743803581,22.25854824161342,47.55422332549143,30.18722843289515,0.43240266437322056,100.0,100.0,2,3,18,315,True,False,
CTB_water_1_col_0_gmean,965,ctvt_singlefault_peaks_freq.csv,0.00017861788068264012,0.00011370591044382378,0.00013910341732601233,0.0002533439205530527,49.70829763865246,20.143971844668627,30.147730516678912,0.4315927133030003,100.0,100.0,2,3,18,315,True,False,
GYR_air_1_col_2_skew,966,stats_features_2.csv,0.015151181892405559,0.02079121619652577,0.01689963672618173,0.030780362329646864,24.229562277252164,45.62599339281675,30.14444432993109,0.4315253674640386,100.0,100.0,2,3,18,315,True,False,
AC1_water_0_col_1_fft_entropy,967,digital_feats_updt.csv,0.16572062485498845,0.11722379798290268,0.1332709293157315,0.24282892108754858,46.57493996943811,23.304015250488032,30.121044780073856,0.4310460092781234,100.0,100.0,2,3,18,315,True,False,
GYR_water_2_col_0_75_125_spike_energy_ratio,968,digital_feats_updt.csv,0.0006298914452593917,0.0004615662405990115,0.0005125899582850062,0.0009341065745439832,45.4714248043463,24.416039315563527,30.112535880090178,0.4308717773537243,100.0,100.0,2,3,18,315,True,False,
AC1_water_3_col_0_spectral_centroid,969,digital_feats_updt.csv,50.10861330343036,45.60331296016825,44.430033049027514,81.02199156323822,38.248899164954494,31.68013035928499,30.070970475760504,0.4300212755753604,100.0,100.0,2,3,18,315,True,False,
AC1_water_2_col_resultant_fft_entropy,970,digital_feats_updt.csv,0.13954188741921636,0.18829015323754908,0.15366916633338695,0.2802486981813388,24.792594541241815,45.14067095770315,30.066734501055034,0.4299346567980389,100.0,100.0,2,3,18,315,True,False,
AC1_water_3_col_2_band_peak_mag_175_225,971,digital_feats_updt.csv,0.08504119702018915,0.10615658081937804,0.08912991323723754,0.1626203132316663,27.34696549583731,42.6132106995,30.039823804662685,0.4293846219138706,100.0,100.0,2,3,18,315,True,False,
AC1_water_0_col_2_contrast_freq,972,digital_feats_updt.csv,0.08281247386339907,0.1340657706367121,0.10321268055939962,0.18837301853516156,19.326540579278575,50.65221291269774,30.021246508023687,0.42900516242356174,100.0,100.0,2,3,18,315,True,False,
GYR_water_1_col_1_band_peak_mag_75_125,973,digital_feats_updt.csv,0.1144337447560156,0.1977894202076171,0.14958999894852942,0.27311701607620736,17.55539891074541,52.445544283108404,29.999056806146168,0.42855217997662826,100.0,100.0,2,3,18,288,True,False,
SMG_air_1_col_0_mad,974,stats_features_2.csv,24.368962845801235,34.34461828608533,27.552920395029957,50.32457230510564,23.448437381605654,46.57546532540013,29.976097292994208,0.42808378473876674,100.0,100.0,2,3,18,164,True,False,
AC1_air_1_col_resultant_band_peak_mag_75_125,975,digital_feats_updt.csv,0.1199055695396571,0.16082804280007207,0.13125132705201945,0.23972883808680076,25.017168380845042,45.00730336236139,29.975528256793567,0.42807217977623235,100.0,100.0,2,3,18,125,True,False,
AC1_water_2_col_0_band_peak_mag_75_125,976,digital_feats_updt.csv,0.10706581761384114,0.11825968171993313,0.1043501605354519,0.19062370688241997,31.546258263817176,38.48749011857994,29.966251617602886,0.4278830179698744,100.0,100.0,2,3,18,308,True,False,
CV1_water_2_col_0_peak_freq,977,ctvt_singlefault_peaks_freq.csv,0.08016510611658377,0.05858684764877849,0.0649226767906832,0.1186331189751489,45.66241181216511,24.388683876417815,29.948904311417074,0.42752942001873945,100.0,100.0,2,3,18,48,True,False,
AC1_water_3_col_2_relative_band_power_75_125,978,digital_feats_updt.csv,0.08509926351745774,0.1491704517005498,0.11228380658910703,0.20518616311510812,17.201069959180753,52.85297873948572,29.94595130133354,0.4274692449275039,100.0,100.0,2,3,18,315,True,False,
AC1_water_0_col_0_fft_skew,979,digital_feats_updt.csv,1.7411394891260066,2.4398114347783566,1.957757867986113,3.580092516616117,23.652586056554135,46.44340207385601,29.904011869589866,0.4266151696721205,100.0,100.0,2,3,18,315,True,False,
CTB_air_1_col_0_spectral_centroid,980,ctvt_singlefault_peaks_freq.csv,0.09686403833751911,0.07249370577719837,0.07901270326904555,0.14450254869117576,44.933901412625126,25.168051124491207,29.89804746288366,0.42649379055531694,100.0,100.0,2,3,18,315,True,False,
AC1_water_1_col_2_wavelet_mean_energy,981,digital_feats_updt.csv,0.019591686684847433,0.015967107440175883,0.016500903236314708,0.030183812131299278,42.13038961996357,27.983647210901243,29.885963169135184,0.42624793151232615,100.0,100.0,2,3,18,315,True,False,
GYR_water_2_col_1_wavelet_entropy,982,digital_feats_updt.csv,0.35466430170613455,0.32531636245231843,0.3141577342202238,0.574728270188872,38.08113065823098,32.039571190425825,29.87929815134319,0.42611236572948724,100.0,100.0,2,3,18,315,True,False,
AC1_water_3_col_0_band_power_175_225,983,digital_feats_updt.csv,0.08804823399823586,0.08407723277197286,0.07938056943494304,0.14533666909839518,36.702098306843325,33.46620087754687,29.831700815609793,0.4251449894377122,100.0,100.0,2,3,18,315,True,False,
GYR_water_2_col_0_fft_std,984,digital_feats_updt.csv,0.002644521004261439,0.0032425502623820573,0.002726415170887613,0.004994092833548452,28.040181437498905,42.156079166120435,29.803739396380664,0.4245773085360615,100.0,100.0,2,3,18,315,True,False,
AC1_water_2_col_resultant_wavelet_max_energy,985,digital_feats_updt.csv,4932966.463333288,5891129.995415236,5004512.459028093,9169771.84578872,28.940049240441887,41.274341397701434,29.785609361856668,0.4242094689016059,100.0,100.0,2,3,18,315,True,False,
GYR_water_3_col_1_fft_kurtosis,986,digital_feats_updt.csv,375.6876791796219,366.26853792542744,341.7276696650058,626.1562699327351,35.99883427232427,34.21635650867008,29.78480921900564,0.4241932392081132,100.0,100.0,2,3,18,315,True,False,
AC1_water_1_col_0_wavelet_mean_energy,987,digital_feats_updt.csv,0.011061418173989038,0.014173569969469066,0.011706947087626852,0.02145454888390304,26.581705834296276,43.643515865385375,29.774778300318346,0.42398980850000395,100.0,100.0,2,3,18,315,True,False,
SMG_water_0_col_0_q95,988,stats_features_2.csv,63.83327263620075,72.84830087142313,63.05806577386733,115.57630074735175,30.503989409928767,39.72841817408106,29.76759241599018,0.423844111856526,100.0,100.0,2,3,18,218,True,False,
VRY_water_1_col_0_kurt,989,stats_features_2.csv,0.002438632322713047,0.0016748069380765295,0.0019255184225519513,0.003529805530166934,47.729962516365354,22.512718674149216,29.75731880948542,0.42363586220145283,100.0,100.0,2,3,18,315,True,False,
AC1_water_3_col_0_band_peak_mag_175_225,990,digital_feats_updt.csv,0.057242865842276794,0.07244312827021313,0.06002729048119689,0.11012732688086752,27.017959191835757,43.271723804434174,29.710317003730058,0.4226838952354742,100.0,100.0,2,3,18,315,True,False,
GYR_air_0_col_2_fft_skew,991,digital_feats_updt.csv,4.021711412457018,1.5699778277518324,2.80648117338938,5.149303801613225,60.999289482296994,9.295869268743262,29.704841248959735,0.4225730729788009,100.0,100.0,2,3,18,315,True,False,
AC1_water_3_col_resultant_fft_kurtosis,992,digital_feats_updt.csv,514.0899869795867,537.5386538761913,483.13969594013594,886.9387154233524,33.596270179142806,36.730951079038945,29.67277874181826,0.42192451530091096,100.0,100.0,2,3,18,315,True,False,
SMG_water_1_col_0_fft_skew,993,ctvt_singlefault_peaks_freq.csv,0.008479771722391609,0.027143039042924335,0.01845195288401092,0.033898756056577446,6.2574991430658224,64.11349017181422,29.629010685119948,0.4210401327817463,100.0,100.0,2,3,18,315,True,False,
AC1_air_1_col_2_band_power_75_125,994,digital_feats_updt.csv,0.3308248378136481,0.29244753374148164,0.28622866370472194,0.5262104913740245,39.52548532671228,30.887084855708192,29.587429817579537,0.42020096327866296,100.0,100.0,2,3,18,315,True,False,
VRY_water_3_col_1_q95,995,stats_features_2.csv,24.33779597164052,18.197208453703666,19.692136728188228,36.21114410214631,45.17290274809742,25.253701729694072,29.573395522208514,0.41991795205083704,100.0,100.0,2,3,18,87,True,False,
GYR_air_0_col_1_relative_band_power_75_125,996,digital_feats_updt.csv,0.05803380329260697,0.08395650487816084,0.06609967552178475,0.12159680974452773,22.778111006524696,47.672106156787834,29.549782836687474,0.4194420404437836,100.0,100.0,2,3,18,315,True,False,
AC1_air_0_col_2_wavelet_entropy,997,digital_feats_updt.csv,0.08500688197643212,0.09970897592660832,0.08469663804954308,0.15601785269828364,29.68653984237807,40.84321485039435,29.470245307227586,0.4178413130117915,100.0,100.0,2,3,18,315,True,False,
AC1_air_0_col_1_75_125_spike_energy_ratio,998,digital_feats_updt.csv,0.0012031464072906582,0.0008722617417983436,0.0009604044725824452,0.0017694006257876883,46.236463004736585,24.301959659264263,29.46157733599916,0.41766708445317735,100.0,100.0,2,3,18,315,True,False,
AC1_water_2_col_0_fft_entropy,999,digital_feats_updt.csv,0.1487756189213605,0.16552094646618357,0.14381171969449225,0.2649776957141531,31.524259447353362,39.020001687835425,29.4557388648112,0.41754975374060765,100.0,100.0,2,3,18,315,True,False,
GYR_water_0_col_0_wavelet_max_energy,1000,digital_feats_updt.csv,88168.91101234728,81905.00817065516,77671.54884763708,143230.78137372975,37.89293381102565,32.7000332037456,29.407032985228746,0.4165717100270833,100.0,100.0,2,3,18,315,True,False,
AC1_air_1_col_1_contrast_time,1001,digital_feats_updt.csv,0.2271195809796699,0.11622232128302747,0.16444398656552342,0.30353378188656055,55.988017602023874,14.661048297514657,29.35093410046147,0.4154468813812468,100.0,100.0,2,3,18,315,True,False,
VRY_water_0_col_0_peak_magn_raw,1002,ctvt_singlefault_peaks_freq.csv,261325.16374087977,107311.54095265052,182003.89370639023,336053.60487594386,60.47074865830065,10.19707809713913,29.332173244560227,0.4150711093192396,100.0,100.0,2,3,18,315,True,False,
GYR_water_1_col_0_band_peak_mag_75_125,1003,digital_feats_updt.csv,0.11709200748765468,0.194594891838782,0.1462250979045536,0.27011014309801945,18.79198762136076,51.90164053895737,29.306371839681855,0.4145546437823396,100.0,100.0,2,3,18,151,True,False,
CTB_water_3_col_0_spectral_bandwidth,1004,ctvt_singlefault_peaks_freq.csv,0.3697428555956999,0.36110758014774397,0.3327499483361409,0.6146795846796332,36.18278601361918,34.51243737613162,29.3047766102492,0.41452272452254146,100.0,100.0,2,3,18,315,True,False,
CV1_air_0_col_0_cycle_count,1005,physics_features.csv,2.317956275751615,1.255708508382694,1.6971525035689552,3.135291338088274,54.65811797786787,16.04064652115424,29.301235500977892,0.4144518749176046,100.0,100.0,2,3,18,19,True,False,
AC1_water_3_col_2_rank_75_125,1006,digital_feats_updt.csv,0.18135294011647257,0.12401712346922197,0.14142960072626673,0.2612880934219169,48.1736953459822,22.528074197456693,29.298230456561104,0.41439175632740544,100.0,100.0,2,3,18,2,True,False,
AC1_water_3_col_2_rank_175_225,1007,digital_feats_updt.csv,0.18135294011647257,0.12401712346922197,0.1414296007262667,0.26128809342191683,48.17369534598221,22.5280741974567,29.298230456561097,0.4143917563274052,100.0,100.0,2,3,18,2,True,False,
GYR_water_2_col_1_fft_skew,1008,digital_feats_updt.csv,4.226401284751925,6.458233505994548,4.964935644820076,9.177245436126698,21.208832692066856,49.522526568962185,29.26864073897096,0.4138000604647951,100.0,100.0,2,3,18,315,True,False,
GYR_water_0_col_2_band_peak_mag_75_125,1009,digital_feats_updt.csv,0.1592072308868656,0.09731853848927387,0.11983642176818975,0.221762504230439,51.540584924715624,19.25816582542002,29.201249249864357,0.41245430096530916,100.0,100.0,2,3,18,306,True,False,
GYR_water_1_col_0_75_125_spike_energy_ratio,1010,digital_feats_updt.csv,0.0011541369113576923,0.0006262249935706677,0.0008429069747346628,0.001560346730950271,54.71072006513245,16.107144807063243,29.182135127804315,0.4120730719638191,100.0,100.0,2,3,18,315,True,False,
AC1_water_3_col_0_fft_std,1011,digital_feats_updt.csv,0.007446854170251223,0.008376326809734352,0.007194047770373792,0.013318138427681349,31.26501557054331,39.55671128914701,29.178273140309688,0.4119960700494741,100.0,100.0,2,3,18,315,True,False,
CTB_water_3_col_0_peak_magn_raw,1012,ctvt_singlefault_peaks_freq.csv,389582.75732500217,252917.3296362967,298101.247865782,551911.4552303142,49.82652936549652,20.999954762360954,29.17351587214253,0.41190122919948813,100.0,100.0,2,3,18,315,True,False,
AC1_water_1_col_2_wavelet_max_energy_ratio,1013,digital_feats_updt.csv,2.917402891895978e-07,3.055228687780712e-07,2.7109975254458156e-07,5.019479011934864e-07,33.78123578937851,37.04846008537156,29.170304125249935,0.41183720704988647,100.0,100.0,2,3,18,315,True,False,
VRY_water_2_col_1_rms,1014,stats_features_2.csv,3.5640025612315545,2.0477699368590208,2.636272843727506,4.883176269329604,53.26859132298738,17.585613459193045,29.145795217819565,0.4113488438324781,100.0,100.0,2,3,18,315,True,False,
SMG_water_2_col_0_peak_width_start,1015,ctvt_singlefault_peaks_freq.csv,0.12174140301408291,0.08641323342662599,0.09568034187058791,0.1773215834002011,47.13607363333727,23.748561602881374,29.11536476378138,0.4107429581425684,100.0,100.0,2,3,18,204,True,False,
AC1_water_3_col_1_band_peak_to_median_75_125,1016,digital_feats_updt.csv,4.11082917727809,2.6189534814093616,3.122763957346148,5.788738083196307,50.43024299348782,20.468582557348316,29.101174449163857,0.4104605996371213,100.0,100.0,2,3,18,315,True,False,
VRY_water_2_col_1_q05,1017,stats_features_2.csv,9.9015336499655,8.900135262955423,8.529231034880734,15.811405957936644,39.21605986079594,31.684892312409243,29.099047826794816,0.41041829389975243,100.0,100.0,2,3,18,65,True,False,
CTB_air_0_col_0_fft_kurt,1018,ctvt_singlefault_peaks_freq.csv,0.0725923293066155,0.0380693617072774,0.05249272016055363,0.09733657197997997,55.619793215525085,15.296747441644557,29.083459342830345,0.4101082635069286,100.0,100.0,2,3,18,315,True,False,
AC1_water_2_col_2_spectral_centroid,1019,digital_feats_updt.csv,67.96248914747059,37.22655615680422,49.6157776234329,92.01326971471941,54.55538511065535,16.368345940882378,29.076268948462275,0.4099653038181761,100.0,100.0,2,3,18,315,True,False,
AC1_water_1_col_2_wavelet_entropy,1020,digital_feats_updt.csv,0.09621772693308417,0.13330780296067196,0.10512253211585573,0.19513986795327093,24.31185921124578,46.667993449797386,29.020147338956825,0.40885048715921535,100.0,100.0,2,3,18,315,True,False,
AC1_air_0_col_0_rank_175_225,1021,digital_feats_updt.csv,0.20849993338661338,0.1821510701195,0.17700691282525852,0.32860718457731547,40.25851323133599,30.726234805599,29.015251963064998,0.40875332751716886,100.0,100.0,2,3,18,2,True,False,
AC1_air_0_col_0_rank_75_125,1022,digital_feats_updt.csv,0.20849993338661338,0.1821510701195,0.1770069128252585,0.32860718457731547,40.258513231335996,30.726234805599002,29.015251963064998,0.40875332751716875,100.0,100.0,2,3,18,2,True,False,
GYR_water_1_col_1_log_band_power_ratio,1023,digital_feats_updt.csv,0.5231079330629848,0.838096486777649,0.631458167900338,1.172513133653742,19.904312447078688,51.091965251576255,29.003722301345057,0.40852454863129456,100.0,100.0,2,3,18,315,True,False,
AC1_water_1_col_0_fft_skew,1024,digital_feats_updt.csv,1.4397999945806337,2.5874172299881235,1.8923088180211216,3.514055293986465,16.787543593060015,54.21453659599794,28.997919810942047,0.40840944002948915,100.0,100.0,2,3,18,315,True,False,
AC1_water_2_col_2_band_peak_mag_75_125,1025,digital_feats_updt.csv,0.1403306252727033,0.17147286449532823,0.1415479339045056,0.2629285934247079,28.485856647402183,42.5319377542751,28.982205598322714,0.4080977991853577,100.0,100.0,2,3,18,142,True,False,
GYR_water_3_col_1_fft_mean,1026,digital_feats_updt.csv,0.0014847550443822153,0.0012929282308842816,0.0012576129015656147,0.002336183032688209,40.3920493312051,30.62916136208574,28.978789306709157,0.4080300662833772,100.0,100.0,2,3,18,315,True,False,
AC1_water_1_col_0_band_power_175_225,1027,digital_feats_updt.csv,0.05992351110659534,0.08742038208157463,0.06766097055199931,0.12574242451404086,22.710716932744084,48.33500196934543,28.954281097910496,0.4075443467299326,100.0,100.0,2,3,18,315,True,False,
CTR_water_0_col_0_fft_kurt,1028,ctvt_singlefault_peaks_freq.csv,0.08503943355851518,0.11013468978870071,0.08872510409534724,0.16502575329789185,26.55444749556033,44.53944674101664,28.906105763423014,0.40659055287129237,100.0,100.0,2,3,18,315,True,False,
AC1_water_2_col_2_wavelet_mean_energy,1029,digital_feats_updt.csv,0.019277449763170054,0.015875268251604815,0.015919734421199466,0.029615572854048932,42.370041056294376,28.7343825760952,28.89557636761043,0.40638225994209287,100.0,100.0,2,3,18,315,True,False,
GYR_water_3_col_0_wavelet_std_energy,1030,digital_feats_updt.csv,0.021446063568128938,0.018240623612324147,0.017946957311619056,0.03338783115267869,41.25900599405822,29.8471554042143,28.893838601727477,0.4063478893184837,100.0,100.0,2,3,18,315,True,False,
CV1_water_3_col_0_mad,1031,stats_features_2.csv,16.631659701420908,11.660919840478412,12.944892976658602,24.08649850283508,47.67863790458555,23.43787744411127,28.88348465130318,0.40614313721197337,100.0,100.0,2,3,18,85,True,False,
AC1_air_1_col_1_75_125_spike_energy_ratio,1032,digital_feats_updt.csv,0.0015649674977210478,0.001287068230968204,0.0012911735138963047,0.0024026645506766506,42.42524538923641,28.695702403907905,28.87905220685568,0.4060555026748317,100.0,100.0,2,3,18,315,True,False,
CTB_air_0_col_0_fft_skew,1033,ctvt_singlefault_peaks_freq.csv,0.0074635853767502335,0.0038760603726843965,0.005357238682404426,0.009971406971384957,56.025033715491304,15.110129350304616,28.864836934204096,0.40577452402134495,100.0,100.0,2,3,18,315,True,False,
GYR_air_1_col_1_log_band_power_ratio,1034,digital_feats_updt.csv,0.5120911527035197,0.6260444468434275,0.5139469954694378,0.9582851935894527,28.556500789031137,42.67964312659525,28.763856084373618,0.40378176727873066,100.0,100.0,2,3,18,315,True,False,
AC1_water_1_col_2_band_peak_mag_175_225,1035,digital_feats_updt.csv,0.07722389649754054,0.12817363840482277,0.09504332895283937,0.17727167328885557,18.97687662231138,52.27797263125182,28.745150746436796,0.40341325604585926,100.0,100.0,2,3,18,314,True,False,
AC1_water_2_col_2_band_peak_mag_175_225,1036,digital_feats_updt.csv,0.05481531564571321,0.07958305138595459,0.061373549506817025,0.11447660667710403,22.928220170367315,48.32898549958716,28.742794330045516,0.4033668463393715,100.0,100.0,2,3,18,315,True,False,
VRY_water_3_col_1_peak_magn_raw,1037,ctvt_singlefault_peaks_freq.csv,416102.23320068244,307045.32839575515,328325.974414205,612548.6492020772,46.14439117215614,25.126026601171006,28.729582226672857,0.4031066903248161,100.0,100.0,2,3,18,315,True,False,
VRY_water_2_col_0_peak_magn_raw,1038,ctvt_singlefault_peaks_freq.csv,293560.6374976268,107920.31530828994,198495.9511003389,370439.3134475361,62.80026885788182,8.487353085619837,28.71237805649835,0.40276807212413507,100.0,100.0,2,3,18,315,True,False,
SMG_water_1_col_0_fft_kurt,1039,ctvt_singlefault_peaks_freq.csv,0.07164311022221645,0.19100603055437074,0.1294613701243276,0.2416118484365326,8.79250061134027,62.49678875175638,28.710710636903354,0.4027352621046835,100.0,100.0,2,3,18,315,True,False,
CV1_air_1_col_0_spectral_entropy,1040,ctvt_singlefault_peaks_freq.csv,0.06640753254006312,0.040670397819481466,0.0494180370825032,0.09222897606469502,51.8441684850702,19.445632186539584,28.710199328390217,0.4027252013319722,100.0,100.0,2,3,18,315,True,False,
GYR_water_1_col_1_fft_kurtosis,1041,digital_feats_updt.csv,299.86041491033524,526.0465294757776,384.0717893439349,717.0441820233677,17.488253600490086,53.82158543937369,28.690160960136225,0.40233102958061356,100.0,100.0,2,3,18,315,True,False,
AC1_water_1_col_0_band_peak_mag_175_225,1042,digital_feats_updt.csv,0.054437125587191416,0.07561921765632632,0.059025867043498596,0.11029832138970781,24.35861350527194,47.00310560585075,28.6382808888773,0.4013115329282144,100.0,100.0,2,3,18,315,True,False,
VRY_water_1_col_0_peak_width_end,1043,ctvt_singlefault_peaks_freq.csv,0.07948429756925601,0.0566586279404445,0.06178934583502735,0.11552435647469485,47.33861693019908,24.05387172976695,28.60751134003396,0.40070757970475224,100.0,100.0,2,3,18,203,True,False,
VRY_water_1_col_1_peak_width_end,1044,ctvt_singlefault_peaks_freq.csv,0.07948429756925601,0.0566586279404445,0.06178934583502735,0.11552435647469485,47.33861693019908,24.05387172976695,28.60751134003396,0.40070757970475224,100.0,100.0,2,3,18,203,True,False,
AC1_air_1_col_1_band_power_175_225,1045,digital_feats_updt.csv,0.16397127608775064,0.16965615067931042,0.14935316438086949,0.279242111000016,34.48051374861506,36.91283430050022,28.606651950884718,0.40069071884967045,100.0,100.0,2,3,18,315,True,False,
GYR_water_3_col_0_fft_entropy,1046,digital_feats_updt.csv,0.23246172904198428,0.20607946270087588,0.19663334242873154,0.3676572748783375,39.97758909542322,31.418330153066567,28.604080751510224,0.40064027541903635,100.0,100.0,2,3,18,315,True,False,
PRS_water_0_col_0_kurt,1047,stats_features_2.csv,0.13224993998195436,0.12244253945325541,0.1140600096407785,0.2132883210404335,38.44650056589796,32.955697314943905,28.597802119158132,0.4005171124687646,100.0,100.0,2,3,18,313,True,False,
VRY_water_0_col_1_mad,1048,stats_features_2.csv,7.034998970827738,8.795188494813143,7.125858258060607,13.327580691663862,27.86284347380676,43.54995010278862,28.587206423404627,0.400309314223127,100.0,100.0,2,3,18,68,True,False,
GYR_water_0_col_0_band_peak_mag_175_225,1049,digital_feats_updt.csv,0.08028551825556758,0.11604438852312353,0.08927862228387512,0.16698124728896224,23.11740219049308,48.296191775218595,28.586406034288323,0.4002936198395745,100.0,100.0,2,3,18,315,True,False,
GYR_water_0_col_1_75_125_spike_energy_ratio,1050,digital_feats_updt.csv,0.0059576373465324815,0.004630214152930614,0.004767211320383103,0.008925168324910537,44.55693365371266,26.913447045374312,28.529619300913012,0.3991810176726465,100.0,100.0,2,3,18,315,True,False,
AC1_water_2_col_resultant_band_peak_to_median_75_125,1051,digital_feats_updt.csv,5.233083000477286,5.213042142829915,4.666124185401932,8.73691484371903,35.87558904013051,35.601333555188084,28.523077404681395,0.39905295819981934,100.0,100.0,2,3,18,315,True,False,
AC1_water_1_col_resultant_band_peak_freq_75_125,1052,digital_feats_updt.csv,3.1289724000440207,3.1083647240093035,2.7844328520143575,5.2158859118158905,35.98713705543106,35.51466941417193,28.49819353039701,0.3985660633974643,100.0,100.0,2,3,18,262,True,False,
AC1_air_0_col_0_wavelet_entropy,1053,digital_feats_updt.csv,0.16868451057064432,0.2597606404486482,0.19542705867808338,0.3662264186214817,21.215392495794614,50.30919321839686,28.475414285808526,0.39812064622918336,100.0,100.0,2,3,18,315,True,False,
GYR_water_0_col_1_rank_75_125,1054,digital_feats_updt.csv,0.2601637660881799,0.23885658696339626,0.22279440226139516,0.4175823272122517,38.815876808708346,32.718261869994244,28.4658613212974,0.3979339354200173,100.0,100.0,2,3,18,2,True,False,
GYR_water_0_col_1_rank_175_225,1055,digital_feats_updt.csv,0.2601637660881799,0.23885658696339626,0.22279440226139513,0.4175823272122517,38.81587680870835,32.71826186999425,28.465861321297396,0.3979339354200172,100.0,100.0,2,3,18,2,True,False,
GYR_water_1_col_0_wavelet_entropy,1056,digital_feats_updt.csv,0.08624077914841705,0.11865132401885504,0.09252989215180528,0.1734283414588806,24.727784165448895,46.806378042576654,28.46583779197446,0.39793347560560133,100.0,100.0,2,3,18,315,True,False,
GYR_water_0_col_0_contrast_freq,1057,digital_feats_updt.csv,0.06951917809633397,0.12952527496016003,0.09273051951979157,0.17380639294083894,15.998444707205117,55.536378034151255,28.465177258643617,0.39792056746353077,100.0,100.0,2,3,18,315,True,False,
GYR_water_0_col_0_band_peak_freq_75_125,1058,digital_feats_updt.csv,2.453825759622564,2.444453331772364,2.184663630924215,4.09504189601074,35.906307332984554,35.63254169662832,28.461150970387123,0.3978418908949161,100.0,100.0,2,3,18,211,True,False,
CV1_water_0_col_0_peak_freq,1059,ctvt_singlefault_peaks_freq.csv,0.08004203338904838,0.05331876680257252,0.06062609495771961,0.11368879184960617,49.56794602578503,21.995046762564993,28.437007211649995,0.39737029019668607,100.0,100.0,2,3,18,50,True,False,
PRS_water_2_col_0_skew,1060,stats_features_2.csv,0.07589816633126345,0.0867687153581964,0.07264265724897226,0.13625820074238285,31.02682009673158,40.550950227748764,28.422229675519656,0.39708179713721753,100.0,100.0,2,3,18,315,True,False,
GYR_air_0_col_1_band_peak_mag_75_125,1061,digital_feats_updt.csv,0.16378695566368287,0.2093086823584233,0.16746387938648655,0.3141344334124616,27.184887129058097,44.39595477009128,28.419158100850623,0.3970218475620967,100.0,100.0,2,3,18,246,True,False,
AC1_water_2_col_2_band_peak_to_median_75_125,1062,digital_feats_updt.csv,6.141131486794511,4.770101282682885,4.895905335816187,9.188974439099571,44.664523516783916,26.94766339766906,28.387813085547016,0.3964103640551956,100.0,100.0,2,3,18,315,True,False,
AC1_water_0_col_1_kurt,1063,stats_features_2.csv,0.15499876753680575,0.3145741370516356,0.22072782974338787,0.41436973883590483,13.992020299995229,57.632832502269686,28.375147197735085,0.3961634277430279,100.0,100.0,2,3,18,315,True,False,
GYR_water_3_col_0_relative_band_power_75_125,1064,digital_feats_updt.csv,0.0849459387637896,0.1568900920359998,0.11228704557389636,0.21080487208610776,16.23767903034388,55.38979369265691,28.372527276999207,0.3961123602213639,100.0,100.0,2,3,18,315,True,False,
GYR_water_1_col_1_75_125_spike_energy_ratio,1065,digital_feats_updt.csv,0.006932314594082494,0.004834214071184787,0.005317255597964263,0.009984979640011911,48.2016781946404,23.43998821502021,28.35833359033939,0.3958357616666965,100.0,100.0,2,3,18,315,True,False,
GYR_air_1_col_1_relative_band_power_75_125,1066,digital_feats_updt.csv,0.024381479188185708,0.03542476310171795,0.027022484285379393,0.0507896153280407,23.044657245390734,48.6478960207938,28.307446733815468,0.3948450075241962,100.0,100.0,2,3,18,315,True,False,
CTR_air_1_col_0_spectral_bandwidth,1067,ctvt_singlefault_peaks_freq.csv,0.2654805832227197,0.15034374296886233,0.19164323958243581,0.3602919821420033,54.29456163187569,17.412515718293808,28.29292264983051,0.3945624852574421,100.0,100.0,2,3,18,315,True,False,
CTR_water_0_col_0_fft_skew,1068,ctvt_singlefault_peaks_freq.csv,0.010987970359826968,0.016634321297083022,0.012520600447342559,0.023541486214872256,21.785483561550866,49.92779854708705,28.286717891362095,0.394441825274581,100.0,100.0,2,3,18,315,True,False,
AC1_water_3_col_2_wavelet_std_energy,1069,digital_feats_updt.csv,0.02145349832569346,0.019160868522905668,0.01805633632525804,0.033962078182193774,39.9032001608661,31.83038319077107,28.26641664836283,0.39404718581812925,100.0,100.0,2,3,18,315,True,False,
GYR_water_0_col_1_band_power_175_225,1070,digital_feats_updt.csv,0.06939723649803838,0.06242347439667493,0.05859027238063671,0.11020656335697161,39.652395901594936,32.08344203781168,28.264162060593396,0.39400337226795057,100.0,100.0,2,3,18,315,True,False,
AC1_air_0_col_1_band_power_75_125,1071,digital_feats_updt.csv,0.348282960504435,0.18426774598626752,0.24721397923998512,0.46515629020820654,56.06175104092106,15.69281484007677,28.245434119002176,0.3936395373898037,100.0,100.0,2,3,18,315,True,False,
CTR_water_0_col_0_gmean,1072,ctvt_singlefault_peaks_freq.csv,0.0001741435890306837,0.000107803836470256,0.00012848228200719878,0.00024177541965214475,51.87889176925597,19.881270837184335,28.2398373935597,0.39353084452215614,100.0,100.0,2,3,18,315,True,False,
VRY_water_2_col_1_spectral_entropy,1073,ctvt_singlefault_peaks_freq.csv,0.02579743584109309,0.025282560672581455,0.02265140864720727,0.0426356879133063,36.61057356641947,35.1637810393382,28.225645394242346,0.3932553005774867,100.0,100.0,2,3,18,315,True,False,
GYR_water_3_col_1_band_peak_to_median_75_125,1074,digital_feats_updt.csv,2.857961062768993,3.0236197023461506,2.6086285527116773,4.91071893583232,33.87056639149594,37.91090719476733,28.218526413736722,0.39311712345700384,100.0,100.0,2,3,18,315,True,False,
AC1_water_2_col_2_skew,1075,stats_features_2.csv,0.05349838153947925,0.08082679402039745,0.060768891590275556,0.11440238478314216,21.868104073935214,49.91608901593605,28.215806910128723,0.3930643460016821,100.0,100.0,2,3,18,315,True,False,
VRY_water_2_col_1_peak_magn_raw,1076,ctvt_singlefault_peaks_freq.csv,231322.62415883134,123480.16713142615,164381.27877598404,309481.36120703723,55.86852736712795,15.919353275526321,28.212119357345735,0.3929927879857608,100.0,100.0,2,3,18,315,True,False,
CV1_water_1_col_0_peak_width_end,1077,ctvt_singlefault_peaks_freq.csv,0.08222098832847952,0.05244935385335921,0.06110842819700913,0.11508894663718089,51.038529761375905,20.768878911520552,28.19259132710355,0.39261396349127387,100.0,100.0,2,3,18,252,True,False,
AC1_water_3_col_resultant_relative_band_power_75_125,1078,digital_feats_updt.csv,0.08044011848295161,0.13256377070223208,0.09714809633626512,0.18297955783667613,19.325923478980233,52.48612979605605,28.18794672496372,0.3925238931270411,100.0,100.0,2,3,18,315,True,False,
VRY_water_3_col_1_q05,1079,stats_features_2.csv,24.48386144788393,18.259472367943523,19.128157054162685,36.038232404539265,46.156499342154056,25.67139590227443,28.172104755571507,0.3922167656410167,100.0,100.0,2,3,18,103,True,False,
CTB_water_2_col_0_spectral_centroid,1080,ctvt_singlefault_peaks_freq.csv,0.06812817416699976,0.061237181440184495,0.0573689933464396,0.10808627065289542,39.72943922794165,32.09883878719385,28.171721984864504,0.39220934656025336,100.0,100.0,2,3,18,315,True,False,
AC1_air_1_col_1_relative_band_power_175_225,1081,digital_feats_updt.csv,0.01730685994702583,0.01541921720189504,0.014506831118747497,0.02734461207355196,40.058347093585915,31.796631891106156,28.145021015307933,0.3916920081669487,100.0,100.0,2,3,18,315,True,False,
GYR_water_3_col_0_fft_kurtosis,1082,digital_feats_updt.csv,704.3867964882088,789.3774569814675,661.9633057425339,1247.9875587549072,31.856781851915805,40.00819217232485,28.135025975759348,0.39149845050064536,100.0,100.0,2,3,18,315,True,False,
CTR_air_1_col_0_peak_to_median,1083,ctvt_singlefault_peaks_freq.csv,248.82482934654837,107.33007768341764,169.48605886968764,319.6233180261519,60.60528788231583,11.276283242692406,28.11842887499177,0.3911771603613311,100.0,100.0,2,3,18,315,True,False,
GYR_water_2_col_0_wavelet_mean_energy,1084,digital_feats_updt.csv,0.020631439180245917,0.016495290693555445,0.01651471018660319,0.03115263311921768,43.860090851737866,28.036927971009877,28.102981177252264,0.3908782538888896,100.0,100.0,2,3,18,315,True,False,
GYR_water_3_col_0_band_peak_mag_75_125,1085,digital_feats_updt.csv,0.13920031339635722,0.21499083517877224,0.16009833939962342,0.3020418261417234,21.239595983891416,50.664728410436304,28.095675605672273,0.39073693887441135,100.0,100.0,2,3,18,237,True,False,
GYR_air_0_col_1_wavelet_std_energy,1086,digital_feats_updt.csv,0.030694010253400728,0.03336431749185922,0.02831174784071783,0.05344955577860159,32.97760163438176,38.96514442138124,28.057253944237004,0.3899942034807756,100.0,100.0,2,3,18,315,True,False,
CV1_water_1_col_0_peak_width_start,1087,ctvt_singlefault_peaks_freq.csv,0.08390232073729074,0.0559948912716443,0.06298556671165205,0.11892101953655815,49.777227030413854,22.17070807990421,28.052064889681937,0.3898939538246593,100.0,100.0,2,3,18,256,True,False,
AC1_air_1_col_resultant_rank_75_125,1088,digital_feats_updt.csv,0.16907975326148003,0.24611957597682543,0.1864039753972424,0.3520074582815982,23.071693844261745,48.88645952074947,28.041846634988783,0.389696585079736,100.0,100.0,2,3,18,2,True,False,
AC1_air_1_col_resultant_rank_175_225,1089,digital_feats_updt.csv,0.16907975326148003,0.24611957597682543,0.18640397539724238,0.35200745828159813,23.071693844261745,48.886459520749476,28.041846634988776,0.3896965850797358,100.0,100.0,2,3,18,2,True,False,
AC1_water_1_col_1_fft_kurtosis,1090,digital_feats_updt.csv,247.41685908571986,279.4651908489041,232.73059152854623,439.8629596695821,31.63907619691219,40.36645942418411,27.9944643789037,0.3887821142837501,100.0,100.0,2,3,18,315,True,False,
CTR_water_2_col_0_peak_freq,1091,ctvt_singlefault_peaks_freq.csv,0.1399039022038053,0.08964704883150082,0.10355064887636362,0.1957867005155492,51.06146617939837,20.965519076615912,27.973014743985715,0.3883685349950136,100.0,100.0,2,3,18,55,True,False,
AC1_air_0_col_resultant_band_power_75_125,1092,digital_feats_updt.csv,0.37421585339087504,0.24655561874887616,0.2791619569525573,0.5279759239541927,50.236124319550655,21.807283545819708,27.95659213462963,0.38805205032600537,100.0,100.0,2,3,18,315,True,False,
GYR_air_0_col_2_fft_std,1093,digital_feats_updt.csv,0.005677697385217348,0.00281232516922577,0.003942681057105994,0.007462583625905113,57.8850031225086,14.202102591416521,27.912894286074884,0.387210639262535,100.0,100.0,2,3,18,315,True,False,
VRY_water_1_col_1_std,1094,stats_features_2.csv,6.892759326772992,6.349670842789499,5.829675451338806,11.036918356884293,39.00233149594399,33.098382114117776,27.899286389938226,0.386948824679106,100.0,100.0,2,3,18,315,True,False,
GYR_air_0_col_2_band_peak_mag_75_125,1095,digital_feats_updt.csv,0.2011733202699026,0.16084001121069302,0.160124965630378,0.3032824073578987,43.99935703434372,28.125079062005163,27.87556390365113,0.38649264261023814,100.0,100.0,2,3,18,212,True,False,
AC1_water_2_col_2_band_power_175_225,1096,digital_feats_updt.csv,0.10021243485017221,0.07816421121203818,0.0789650248091244,0.14962503519166087,44.85746194888839,27.290240819809444,27.852297231302174,0.38604551721619385,100.0,100.0,2,3,18,315,True,False,
VRY_water_2_col_0_peak_width_end,1097,ctvt_singlefault_peaks_freq.csv,0.08055089952186793,0.05631594741601051,0.061060348499962676,0.11570781955460842,48.46356634638026,23.688489579443374,27.84794407417635,0.38596189279492743,100.0,100.0,2,3,18,204,True,False,
VRY_water_2_col_1_peak_width_end,1098,ctvt_singlefault_peaks_freq.csv,0.08055089952186793,0.05631594741601051,0.061060348499962676,0.11570781955460842,48.46356634638026,23.688489579443374,27.84794407417635,0.38596189279492743,100.0,100.0,2,3,18,204,True,False,
GYR_air_0_col_0_band_power_75_125,1099,digital_feats_updt.csv,0.17833312425367054,0.11367311295466292,0.13129262131364672,0.24892173915969512,51.32611385296502,20.854023253487803,27.819862893547175,0.3854226939541253,100.0,100.0,2,3,18,315,True,False,
AC1_air_1_col_0_band_peak_mag_175_225,1100,digital_feats_updt.csv,0.08815820252776507,0.14861903809790786,0.10721969314341526,0.20336063964258658,18.79280705687772,53.40907959282357,27.79811335029871,0.38500535983450945,100.0,100.0,2,3,18,311,True,False,
SMG_water_1_col_0_gmean,1101,ctvt_singlefault_peaks_freq.csv,0.0002363379572790769,0.00021876616691876655,0.00019948010403439545,0.0003788226204237936,38.921999903164945,33.34943703657556,27.728563060259507,0.38367250236603734,100.0,100.0,2,3,18,315,True,False,
CTR_water_0_col_0_peak_freq,1102,ctvt_singlefault_peaks_freq.csv,0.13962110434235153,0.0889957297144495,0.10248848327685095,0.19472591478684728,51.41083197118594,20.887710097685336,27.70145793112873,0.3831537557803094,100.0,100.0,2,3,18,53,True,False,
GYR_water_2_col_0_wavelet_std_energy,1103,digital_feats_updt.csv,0.024210193834439016,0.021747738752137223,0.0201399264891139,0.03827158561281766,40.016916567229735,32.290539665641155,27.692543767129102,0.3829832386572064,100.0,100.0,2,3,18,315,True,False,
SMG_air_1_col_0_q95,1104,stats_features_2.csv,50.049783356092256,54.79666628021489,45.90286304190943,87.26241049192546,32.89652263721444,39.432459348481295,27.67101801430428,0.3825716504592404,100.0,100.0,2,3,18,197,True,False,
AC1_water_0_col_resultant_175_225_num_spikes,1105,digital_feats_updt.csv,4.753059389453363,3.2260176694229927,3.548147631731235,6.751897154108622,49.555840311973206,22.82873499466961,27.61542469335718,0.3815097978591426,100.0,100.0,2,3,18,34,True,False,
GYR_air_0_col_0_contrast_time,1106,digital_feats_updt.csv,0.1740973914011945,0.08391800115655552,0.11926073306120234,0.2271018605408325,58.76830207972552,13.654282290543852,27.577415629730627,0.38078474925359884,100.0,100.0,2,3,18,315,True,False,
GYR_water_3_col_1_wavelet_entropy,1107,digital_feats_updt.csv,0.34331808680107156,0.3612753241346866,0.3075220263035329,0.5856252771313767,34.36795886352319,38.05721214809651,27.5748289883803,0.38073543497682955,100.0,100.0,2,3,18,315,True,False,
CV1_water_2_col_0_peak_width_start,1108,ctvt_singlefault_peaks_freq.csv,0.08213993572525172,0.06275296239956829,0.06376504737801975,0.12145321979260665,45.739419870909224,26.6962585447784,27.564321584312374,0.38053514769515406,100.0,100.0,2,3,18,254,True,False,
AC1_water_1_col_1_band_peak_freq_75_125,1109,digital_feats_updt.csv,1.4661801540778263,1.4542811851436959,1.272994240225898,2.4259291715388027,36.52737301515547,35.93689387705514,27.535733107789383,0.3799905013701211,100.0,100.0,2,3,18,239,True,False,
GYR_air_1_col_0_75_125_spike_energy_ratio,1110,digital_feats_updt.csv,0.0014033624410265452,0.0010645183237092512,0.0010857657731774136,0.002069181653842959,45.99837186628275,26.4672637107701,27.534364422947153,0.37996443698709864,100.0,100.0,2,3,18,315,True,False,
GYR_water_0_col_1_band_peak_freq_75_125,1111,digital_feats_updt.csv,4.214804693021385,4.169563294220359,3.6537834660198563,6.964192004919516,36.62801955805204,35.84591488127672,27.526065560671242,0.3798064196958227,100.0,100.0,2,3,18,235,True,False,
AC1_water_2_col_0_rank_75_125,1112,digital_feats_updt.csv,0.31191612120354834,0.2540356371422553,0.24780159950260489,0.4724737075446502,43.583324202346354,28.909061937126502,27.507613860527144,0.37945521351171196,100.0,100.0,2,3,18,2,True,False,
AC1_water_2_col_0_rank_175_225,1113,digital_feats_updt.csv,0.31191612120354834,0.25403563714225535,0.24780159950260486,0.4724737075446502,43.583324202346354,28.90906193712651,27.50761386052714,0.37945521351171185,100.0,100.0,2,3,18,2,True,False,
GYR_water_3_col_1_rank_175_225,1114,digital_feats_updt.csv,0.2572558173405522,0.3013664866226158,0.24404121132667067,0.46535838623646136,30.560138562414945,41.93868613138686,27.50117530619819,0.37933270535555824,100.0,100.0,2,3,18,2,True,False,
GYR_water_3_col_1_rank_75_125,1115,digital_feats_updt.csv,0.2572558173405522,0.3013664866226158,0.24404121132667067,0.46535838623646136,30.560138562414945,41.938686131386866,27.50117530619819,0.37933270535555824,100.0,100.0,2,3,18,2,True,False,
AC1_water_3_col_2_spectral_centroid,1116,digital_feats_updt.csv,66.42927518063196,40.047163286240156,47.75339115896729,91.08792595882421,53.18600875670129,19.329556525683152,27.484434717615567,0.3790142793562711,100.0,100.0,2,3,18,315,True,False,
GYR_water_0_col_1_contrast_freq,1117,digital_feats_updt.csv,0.20057047136391729,0.26286397043120785,0.2035009035402095,0.3882506905025212,26.687599816219585,45.8392658270114,27.473134356769012,0.3787994160937949,100.0,100.0,2,3,18,315,True,False,
GYR_air_0_col_0_wavelet_entropy,1118,digital_feats_updt.csv,0.10225308262624218,0.08697335473299682,0.08257929202542538,0.15760519284433905,42.09318360632593,30.453092282857682,27.453724110816374,0.3784305090002507,100.0,100.0,2,3,18,315,True,False,
GYR_water_2_col_2_log_band_power_ratio,1119,digital_feats_updt.csv,0.28592681687809285,0.2541182054989999,0.23517258737190824,0.44903936667876704,40.54533989715293,32.026001988515944,27.428658114331114,0.37795440185663187,100.0,100.0,2,3,18,315,True,False,
GYR_water_3_col_2_skew,1120,stats_features_2.csv,0.016234509242411772,0.01762784157718057,0.014706011236331423,0.028117020743585817,33.3380141742537,39.306074686816764,27.355911138929546,0.37657449584434693,100.0,100.0,2,3,18,315,True,False,
AC1_air_0_col_0_band_peak_to_median_175_225,1121,digital_feats_updt.csv,2.3127943874164,3.5534715445060554,2.6016634585641056,4.974417618948654,21.616708372827425,51.02948651129468,27.353805115877897,0.37653458876283796,100.0,100.0,2,3,18,315,True,False,
AC1_water_0_col_1_skew,1122,stats_features_2.csv,0.05978843996581189,0.0669072086829825,0.05503656415674232,0.10526279267373098,32.26150828938935,40.40136588071309,27.33712582989757,0.3762186142802701,100.0,100.0,2,3,18,315,True,False,
AC1_air_0_col_2_band_power_75_125,1123,digital_feats_updt.csv,0.34813980698988367,0.20074365501706784,0.24612701169841514,0.4712513619377209,54.576053993702075,18.145896014479693,27.278049991818232,0.3751006400233938,100.0,100.0,2,3,18,315,True,False,
GYR_water_2_col_2_skew,1124,stats_features_2.csv,0.01465997632307125,0.015509201768535931,0.013069024846419917,0.025024980633888787,34.31776829381056,38.40885776106564,27.273373945123797,0.3750122262587096,100.0,100.0,2,3,18,315,True,False,
AC1_water_2_col_2_band_power_75_125,1125,digital_feats_updt.csv,0.44370442837139473,0.4082343609521543,0.3691863199393363,0.7069847608320493,39.38831669797607,33.34256507498898,27.269118227034937,0.3749317698657573,100.0,100.0,2,3,18,315,True,False,
AC1_water_1_col_0_fft_kurtosis,1126,digital_feats_updt.csv,74.56370053313803,105.09754273235886,78.89391148392765,151.09430232410915,24.35335119978554,48.382571672769224,27.264077127445233,0.3748364776400288,100.0,100.0,2,3,18,315,True,False,
VRY_water_3_col_0_peak_width_end,1127,ctvt_singlefault_peaks_freq.csv,0.08052029886914316,0.05438450014264129,0.059454573615911714,0.11391241683675644,49.96531433883584,22.793349511040308,27.241336150123857,0.3744067676439364,100.0,100.0,2,3,18,204,True,False,
CTB_air_1_col_0_spectral_entropy,1128,ctvt_singlefault_peaks_freq.csv,0.04457451940105335,0.02505991036336827,0.031280625970878814,0.05994467823239151,55.293244210948146,17.476632733490433,27.230123055561418,0.3741949856030707,100.0,100.0,2,3,18,315,True,False,
AC1_water_3_col_2_relative_band_power_175_225,1129,digital_feats_updt.csv,0.011007580198980871,0.017032967630907198,0.012389908305570442,0.023765492546399525,21.453101002672078,51.36733126413149,27.17956773319645,0.37324095569241383,100.0,100.0,2,3,18,315,True,False,
SMG_water_2_col_0_spectral_bandwidth,1130,ctvt_singlefault_peaks_freq.csv,0.12139267669942116,0.11882230619642271,0.10372694967511702,0.19903316933363363,37.199239232731095,35.640602512752125,27.160158254516784,0.37287503107735637,100.0,100.0,2,3,18,315,True,False,
SMG_air_0_col_0_spectral_centroid,1131,ctvt_singlefault_peaks_freq.csv,0.0947183030517328,0.07166481014882088,0.0725137359274918,0.13916049671091452,46.32718129532124,26.520393821236446,27.152424883442315,0.37272928906690234,100.0,100.0,2,3,18,315,True,False,
PRS_water_2_col_0_rms,1132,stats_features_2.csv,2.31560273426136,2.9114145090688233,2.2705583649414693,4.358186062473793,28.230370143389724,44.62688245981857,27.1427473967917,0.372546952114915,100.0,100.0,2,3,18,315,True,False,
CTR_air_0_col_0_spectral_entropy,1133,ctvt_singlefault_peaks_freq.csv,0.027413164688931107,0.013657579762256766,0.018689191243423935,0.03587892072733151,58.37670917880308,14.490012160110451,27.13327866108647,0.3723685951901927,100.0,100.0,2,3,18,315,True,False,
AC1_air_1_col_resultant_wavelet_entropy,1134,digital_feats_updt.csv,0.09689080255031923,0.09613804310776412,0.08329046195744762,0.15989888056056017,36.71759775667005,36.14928477185257,27.133117471477373,0.3723655593589657,100.0,100.0,2,3,18,315,True,False,
AC1_air_1_col_2_wavelet_entropy,1135,digital_feats_updt.csv,0.13332771453078257,0.16677380181156642,0.13022542578975513,0.2500968651439048,28.420019598322337,44.46713635293906,27.11284404873861,0.3719838385087845,100.0,100.0,2,3,18,315,True,False,
GYR_water_0_col_0_band_peak_to_median_75_125,1136,digital_feats_updt.csv,9.12450883606811,7.546337675891162,7.221254045461335,13.869044084115933,43.28385514580383,29.605978002970467,27.110166851225703,0.37193344640934445,100.0,100.0,2,3,18,315,True,False,
GYR_water_1_col_0_band_power_75_125,1137,digital_feats_updt.csv,0.35058972746506983,0.4160311565265445,0.33161790216376485,0.6371542303401448,30.2767483924833,42.63463707035259,27.08861453716412,0.37152790836722793,100.0,100.0,2,3,18,315,True,False,
GYR_water_2_col_1_75_125_spike_energy_ratio,1138,digital_feats_updt.csv,0.005583961389269205,0.0037564449329069048,0.004100737991274893,0.007880834689542503,50.20423778407655,22.72006753799342,27.07569467793003,0.37128491739962843,100.0,100.0,2,3,18,315,True,False,
AC1_water_1_col_0_kurt,1139,stats_features_2.csv,0.09295775639382062,0.14090241744105703,0.10283987297998151,0.1976630344526905,22.116701162604087,50.81430291304598,27.068995924349927,0.37115896411177507,100.0,100.0,2,3,18,315,True,False,
CTR_water_1_col_0_peak_freq,1140,ctvt_singlefault_peaks_freq.csv,0.14657715211667133,0.08482248616851472,0.10312527150435512,0.1982789381283061,54.64864397563096,18.30074739005007,27.050608634318962,0.3708133560528223,100.0,100.0,2,3,18,54,True,False,
AC1_air_1_col_1_wavelet_max_energy,1141,digital_feats_updt.csv,1457916.7741895365,850955.4877791967,1025988.2643486005,1975423.6207015973,54.46844547359035,18.556377623734846,26.975176902674804,0.3693973604937479,100.0,100.0,2,3,18,315,True,False,
SMG_water_3_col_0_peak_width_start,1142,ctvt_singlefault_peaks_freq.csv,0.12664032529359565,0.08238693851265391,0.09181164838351921,0.17679015359135392,51.31305698063072,21.71703760794139,26.969905411427884,0.3692985140354479,100.0,100.0,2,3,18,203,True,False,
AC1_water_1_col_1_skew,1143,stats_features_2.csv,0.05395781283737989,0.06382179864619174,0.05078362350054641,0.09779388510778171,30.442847694966915,42.59069030137263,26.966462003660453,0.36923395392692077,100.0,100.0,2,3,18,315,True,False,
SMG_air_0_col_0_kurt,1144,stats_features_2.csv,0.006114958724027893,0.008509359935654947,0.006366466489087549,0.012261069377006606,24.873125443429675,48.165612649398945,26.96126190717137,0.36913646937471645,100.0,100.0,2,3,18,315,True,False,
CV1_water_0_col_0_peak_width_end,1145,ctvt_singlefault_peaks_freq.csv,0.07815248668503422,0.05586248989330916,0.058365146540413,0.11240515683374318,48.34072175957751,24.698359421445936,26.960918818976552,0.36913003809775974,100.0,100.0,2,3,18,250,True,False,
GYR_water_3_col_0_fft_std,1146,digital_feats_updt.csv,0.004286979441268606,0.004046151296651691,0.0035803736107561618,0.006896999944748076,38.63512810373623,34.41626930419186,26.948602592071914,0.3688992072470232,100.0,100.0,2,3,18,315,True,False,
AC1_air_1_col_0_band_power_175_225,1147,digital_feats_updt.csv,0.30342687839296223,0.44812707690905856,0.32861069156498873,0.6331435336487098,22.966972312100413,50.09541977646037,26.937607911439212,0.3686932105752499,100.0,100.0,2,3,18,315,True,False,
CV1_water_3_col_0_peak_width_start,1148,ctvt_singlefault_peaks_freq.csv,0.08230327124096525,0.06756483301152154,0.06465018996805484,0.12457320008631176,43.6500707898195,29.41657957911203,26.93334963106847,0.3686134439593898,100.0,100.0,2,3,18,250,True,False,
GYR_air_1_col_2_log_band_power_ratio,1149,digital_feats_updt.csv,0.29425661105279016,0.2104989500794549,0.21956140539083116,0.423206772003973,48.3445186861126,24.739712649537907,26.915768664349475,0.3682842136046378,100.0,100.0,2,3,18,315,True,False,
CTB_water_1_col_0_fft_skew,1150,ctvt_singlefault_peaks_freq.csv,0.003601670285735137,0.008728839979555236,0.00573011284228265,0.011045309838167592,10.632909066042183,62.45356842256976,26.913522511388067,0.3682421623833442,100.0,100.0,2,3,18,315,True,False,
CV1_water_3_col_0_spectral_bandwidth,1151,ctvt_singlefault_peaks_freq.csv,0.36077275102745393,0.336569699495984,0.29937766987819364,0.5771162185595125,39.07877104007467,34.011318728837274,26.909910231088052,0.36817454070953787,100.0,100.0,2,3,18,315,True,False,
AC1_water_2_col_0_relative_band_power_175_225,1152,digital_feats_updt.csv,0.00265185703392551,0.00390845776509745,0.002864633280221885,0.00552399417632618,23.045906179710716,50.061565040650315,26.892528779638965,0.3678492544021845,100.0,100.0,2,3,18,315,True,False,
GYR_air_1_col_0_wavelet_max_energy,1153,digital_feats_updt.csv,31040.26230815207,37783.16366769679,29641.220264145566,57181.004535128995,29.46776542544939,43.66093961995819,26.87129495459242,0.3674520824333935,100.0,100.0,2,3,18,315,True,False,
VRY_water_3_col_1_std,1154,stats_features_2.csv,17.075672578005648,13.065602362165158,13.007539216893397,25.12935804107398,46.17350566800462,27.03311458017966,26.79337975181571,0.3659966770898736,100.0,100.0,2,3,18,315,True,False,
PRS_water_0_col_0_skew,1155,stats_features_2.csv,0.08509957502019815,0.05068246143495719,0.05989988358846791,0.11575251884791217,54.04977394136746,19.17142948643534,26.77879657219721,0.36572461689463354,100.0,100.0,2,3,18,313,True,False,
AC1_air_0_col_1_band_power_175_225,1156,digital_feats_updt.csv,0.06273938218428544,0.04520899193147928,0.04673499454769343,0.09035619925439164,48.213045599404566,25.034201157699307,26.752753242896137,0.3652390284594762,100.0,100.0,2,3,18,315,True,False,
WTF_water_3_col_0_rms,1157,stats_features_2.csv,0.22662169848933425,0.13368520032540826,0.15895898387485768,0.30740378261622375,54.34812504339781,18.912469817302558,26.739405139299624,0.36499028147590984,100.0,100.0,2,3,18,284,True,False,
AC1_water_0_col_0_contrast_time,1158,digital_feats_updt.csv,0.29885321905705736,0.15048175873550207,0.2020768791438588,0.39088754308293977,58.45372814290292,14.820540953799414,26.725730903297652,0.36473555086611475,100.0,100.0,2,3,18,315,True,False,
AC1_water_2_col_0_contrast_time,1159,digital_feats_updt.csv,0.23524136991909697,0.15305789077881551,0.16929732826702049,0.32776028650436667,51.51275038898121,21.807143794675845,26.680105816342945,0.36388631098556484,100.0,100.0,2,3,18,315,True,False,
VRY_water_3_col_1_mad,1160,stats_features_2.csv,16.704896120543467,12.368846127019642,12.535547812916176,24.273068777596798,47.362889051783014,25.966236039114392,26.670874909102594,0.3637146205691378,100.0,100.0,2,3,18,89,True,False,
AC1_air_1_col_0_relative_band_power_75_125,1161,digital_feats_updt.csv,0.027047014123289394,0.021608069019491038,0.020868570776168896,0.04042210862852747,44.77140525302421,28.57550979615581,26.653084950819977,0.36338385783435817,100.0,100.0,2,3,18,315,True,False,
CV1_water_3_col_0_gmean,1162,ctvt_singlefault_peaks_freq.csv,0.00011266193521235661,5.477982457809979e-05,7.546710270872637e-05,0.00014624918604166684,59.342726827008384,14.02989300479291,26.627380168198712,0.3629062207297364,100.0,100.0,2,3,18,315,True,False,
SMG_air_0_col_0_peak_width_start,1163,ctvt_singlefault_peaks_freq.csv,0.14328750207624041,0.10029816483452209,0.10527801262812633,0.20414330766241026,49.265889564668726,24.138800148198946,26.595310287132335,0.362310778659558,100.0,100.0,2,3,18,137,True,False,
CTR_water_1_col_0_peak_to_median,1164,ctvt_singlefault_peaks_freq.csv,377.70236779675406,241.97795855886753,269.99309398320776,523.5538958562115,52.044713676344465,21.36135638961444,26.593929934041086,0.3622851612972217,100.0,100.0,2,3,18,315,True,False,
GYR_water_2_col_1_fft_std,1165,digital_feats_updt.csv,0.005818449512490987,0.005813914711243268,0.004949178411482683,0.009599496129886389,36.738182292072736,36.68093837106301,26.580879336864264,0.3620430086438057,100.0,100.0,2,3,18,315,True,False,
VRY_water_0_col_1_rms,1166,stats_features_2.csv,3.3918847152124063,2.5096757959745846,2.5371717088621435,4.923473855159856,47.46121955774876,25.983160282296303,26.555620159954927,0.3615745713666663,100.0,100.0,2,3,18,315,True,False,
CTR_water_2_col_0_peak_width_end,1167,ctvt_singlefault_peaks_freq.csv,0.06405383153658979,0.06982205526493374,0.05696092650661259,0.11055568680275568,33.56819989685407,39.88623862363026,26.545561479515662,0.36138812050292735,100.0,100.0,2,3,18,216,True,False,
AC1_water_1_col_0_wavelet_std_energy,1168,digital_feats_updt.csv,0.012029311750347287,0.0161022017045694,0.012080668567827338,0.02345053931079992,26.31333472765494,47.148171556140866,26.53849371620419,0.36125714076268634,100.0,100.0,2,3,18,315,True,False,
PRS_water_2_col_0_std,1169,stats_features_2.csv,0.4206784828388475,0.6762742235557332,0.478619914206384,0.9291900955372,20.49705441934602,52.97079915804229,26.532146422611685,0.36113953424083234,100.0,100.0,2,3,18,315,True,False,
GYR_water_3_col_1_log_band_power_ratio,1170,digital_feats_updt.csv,0.49785950459244405,0.7782074801465244,0.5546374058727724,1.0775405423752349,21.347467761845177,52.15831621871002,26.494216019444814,0.36043715997170295,100.0,100.0,2,3,18,315,True,False,
GYR_air_1_col_1_band_peak_mag_175_225,1171,digital_feats_updt.csv,0.09576997853051356,0.08108699375594837,0.07532867076952551,0.14636050691363364,42.81648095319875,30.69407776879647,26.48944127800479,0.3603487953095756,100.0,100.0,2,3,18,315,True,False,
GYR_water_0_col_2_band_peak_to_median_75_125,1172,digital_feats_updt.csv,2.041196600609698,1.5037868500703802,1.5215330117438672,2.956843106864405,47.655508802532324,25.8652096870072,26.479281510460467,0.3601608098297886,100.0,100.0,2,3,18,315,True,False,
AC1_water_1_col_resultant_band_peak_to_median_175_225,1173,digital_feats_updt.csv,2.166869173536967,2.05972673688885,1.7939803345634269,3.48656875547864,38.62503754264541,34.8997844879234,26.475177969431197,0.3600848970219041,100.0,100.0,2,3,18,315,True,False,
AC1_water_1_col_2_band_power_75_125,1174,digital_feats_updt.csv,0.4804187479803189,0.5133780578949758,0.42172091575982457,0.8198827565745601,34.334947599633814,39.207675959420484,26.457376440945694,0.3597556785515079,100.0,100.0,2,3,18,315,True,False,
VRY_water_1_col_0_cycle_count,1175,physics_features.csv,1.446521476755893,0.9882870359526629,1.0504139599754887,2.0426710786270843,50.14791629455002,23.408269941518725,26.44381376393126,0.35950495963811085,100.0,100.0,2,3,18,15,True,False,
AC1_air_1_col_0_band_peak_to_median_175_225,1176,digital_feats_updt.csv,2.6553010580319505,3.384920025696995,2.577732405080415,5.015277822947778,28.030932475673406,45.55193526618498,26.417132258141613,0.35901199652638643,100.0,100.0,2,3,18,315,True,False,
CTB_water_0_col_0_rms,1177,stats_features_2.csv,5.983994121364283,2.47697643836244,3.8779804292411137,7.54866412885764,62.840858846311406,10.767218999596492,26.391922154092107,0.3585465471512691,100.0,100.0,2,3,18,315,True,False,
GYR_water_3_col_0_band_power_75_125,1178,digital_feats_updt.csv,0.4199700388378743,0.5756854190162849,0.4266066894145836,0.830531036531876,25.569655918111096,48.04616480142469,26.384179280464206,0.35840365593400914,100.0,100.0,2,3,18,315,True,False,
SMG_water_0_col_0_fft_skew,1179,ctvt_singlefault_peaks_freq.csv,0.024292587630990466,0.04447797942619335,0.03033987352404704,0.05906715155737071,16.914357284494706,56.70195632987252,26.38368638563277,0.3583945608013118,100.0,100.0,2,3,18,315,True,False,
SMG_air_1_col_0_spectral_centroid,1180,ctvt_singlefault_peaks_freq.csv,0.10405773148546572,0.07236956807560163,0.07578818556168454,0.14767943301652653,49.64879072279964,24.014410416874195,26.336798860326184,0.3575299261077266,100.0,100.0,2,3,18,315,True,False,
AC1_air_0_col_0_contrast_freq,1181,digital_feats_updt.csv,0.18739851777404737,0.318340612561131,0.22083362856767574,0.4303794158368546,18.959606503851646,54.71181368248422,26.328579813664152,0.35737847522243676,100.0,100.0,2,3,18,315,True,False,
CV1_water_3_col_0_peak_width_end,1182,ctvt_singlefault_peaks_freq.csv,0.07788956338311438,0.06317062725954765,0.059925524753063425,0.11682628449671296,44.450577657868116,29.238106861631547,26.311315480500333,0.35706045849600926,100.0,100.0,2,3,18,250,True,False,
AC1_air_0_col_2_band_peak_to_median_175_225,1183,digital_feats_updt.csv,3.3460571061000635,4.120811705972387,3.170678367328729,6.183072746006484,29.285860208166053,44.41777796601565,26.29636182581829,0.3567851259075278,100.0,100.0,2,3,18,315,True,False,
GYR_water_3_col_1_fft_std,1184,digital_feats_updt.csv,0.005880124130672003,0.004922196862564667,0.004577496569454628,0.008930697430174281,43.35131111496798,30.377162671769472,26.271526213262554,0.35632808959607637,100.0,100.0,2,3,18,315,True,False,
VRY_water_0_col_1_cycle_count,1185,physics_features.csv,1.4609435194689044,0.9646213106585824,1.0446961196789162,2.0386859058047797,51.353046330427674,22.387884798702206,26.25906887087011,0.3560989598149648,100.0,100.0,2,3,18,12,True,False,
CTB_air_0_col_0_peak_to_median,1186,ctvt_singlefault_peaks_freq.csv,381.66171574043005,173.1265333672749,250.06439239357698,488.027317023205,61.16020501447896,12.584587994102144,26.255206991418895,0.3560279434015603,100.0,100.0,2,3,18,315,True,False,
AC1_water_0_col_0_fft_entropy,1187,digital_feats_updt.csv,0.14569885152308512,0.14655431700129262,0.12325952120090537,0.24062259397973793,36.66396657247879,37.09577280680312,26.240260620718086,0.3557531634675029,100.0,100.0,2,3,18,315,True,False,
GYR_air_1_col_1_relative_band_power_175_225,1188,digital_feats_updt.csv,0.010924620265577797,0.008540671980100653,0.008268276509812145,0.016144807284742078,45.787503975221874,27.984551690134506,26.22794433464361,0.35552681971637595,100.0,100.0,2,3,18,315,True,False,
CV1_water_1_col_0_peak_freq,1189,ctvt_singlefault_peaks_freq.csv,0.08436367360344343,0.05531529783171436,0.060147783227952174,0.11745112781628078,51.593689146267955,22.18074491488645,26.225565938845588,0.35548311922130404,100.0,100.0,2,3,18,49,True,False,
VRY_water_3_col_1_peak_width_end,1190,ctvt_singlefault_peaks_freq.csv,0.08060025734737405,0.055216081269432525,0.058208241213191694,0.11372517953535448,50.22958554206968,23.573165219721066,26.19724923820927,0.35496304633366244,100.0,100.0,2,3,18,204,True,False,
GYR_water_0_col_1_relative_band_power_75_125,1191,digital_feats_updt.csv,0.05091162636469775,0.10234291113407865,0.06806572927330726,0.13303762122047907,14.644852425864915,59.178859452548295,26.17628812158679,0.3545783252500068,100.0,100.0,2,3,18,315,True,False,
GYR_water_3_col_0_wavelet_mean_energy,1192,digital_feats_updt.csv,0.01863391302769605,0.016449710612994977,0.014796194101654185,0.028926511263352276,41.49693422829004,32.338837830817916,26.16422794089205,0.3543570712573674,100.0,100.0,2,3,18,315,True,False,
AC1_water_1_col_2_relative_band_power_175_225,1193,digital_feats_updt.csv,0.013310087487964934,0.01950032845654341,0.014050916255921394,0.027474524317652408,23.469371326342646,50.37597782382679,26.154650849830567,0.35418142307978445,100.0,100.0,2,3,18,315,True,False,
CTR_air_0_col_0_peak_to_median,1194,ctvt_singlefault_peaks_freq.csv,417.99116720423103,203.5127172049766,276.6361578745981,540.9820752747062,59.69919265697683,14.151984834290387,26.14882250873277,0.35407455096873475,100.0,100.0,2,3,18,315,True,False,
GYR_water_3_col_1_75_125_spike_energy_ratio,1195,digital_feats_updt.csv,0.006231267943200756,0.004217275956844402,0.004474912222120808,0.008754367828222974,50.66444295453532,23.206757252159736,26.128799793304946,0.35370753040691566,100.0,100.0,2,3,18,315,True,False,
AC1_water_3_col_2_band_power_75_125,1196,digital_feats_updt.csv,0.5674045599206852,0.6771447195396749,0.5249001066482518,1.0276152138707355,30.48769510306718,43.4212119908618,26.09109290607101,0.3530168951478675,100.0,100.0,2,3,18,315,True,False,
CV1_water_2_col_0_fft_skew,1197,ctvt_singlefault_peaks_freq.csv,0.008260393519645906,0.0046853713785702435,0.005634879212626442,0.011042584380271806,55.95772138066191,18.003070717398664,26.039207901939434,0.3520677262003289,100.0,100.0,2,3,18,315,True,False,
AC1_air_1_col_1_wavelet_entropy,1198,digital_feats_updt.csv,0.11695454581386264,0.09618268725844371,0.08976055716755643,0.17602963596455184,44.143079980404536,29.85535445958737,26.00156556000809,0.3513799414377304,100.0,100.0,2,3,18,315,True,False,
AC1_water_1_col_0_relative_band_power_175_225,1199,digital_feats_updt.csv,0.0021269829964020506,0.003943357438260447,0.002655737911418584,0.005208365233642259,16.677278204576666,57.323068060917734,25.999653734505596,0.3513450280519696,100.0,100.0,2,3,18,315,True,False,
AC1_air_1_col_0_skew,1200,stats_features_2.csv,0.06124292528129948,0.07829915027897215,0.05888513939445423,0.11553749379714015,28.09738924139644,45.92701425561198,25.975596502991582,0.3509058536897409,100.0,100.0,2,3,18,315,True,False,
AC1_water_0_col_2_spectral_centroid,1201,digital_feats_updt.csv,72.41623711697422,44.682282629233384,50.38290368959522,98.88910335995342,53.62595388915801,20.416148894514425,25.957897216327563,0.3505829283666931,100.0,100.0,2,3,18,315,True,False,
GYR_water_1_col_0_wavelet_max_energy_ratio,1202,digital_feats_updt.csv,7.888670631514678e-07,3.918450242364142e-07,5.211775415091615e-07,1.0234646042328927e-06,59.41033379658241,14.658280148975697,25.931386054441912,0.35009951817786134,100.0,100.0,2,3,18,315,True,False,
CTB_water_1_col_0_peak_to_median,1203,ctvt_singlefault_peaks_freq.csv,466.43185882927554,264.5834691681367,317.20591576966217,623.0430836525269,56.04543629824401,18.033883278861516,25.920680422894478,0.3499044074765686,100.0,100.0,2,3,18,315,True,False,
VRY_water_0_col_1_fft_kurt,1204,ctvt_singlefault_peaks_freq.csv,0.08541633462950461,0.08153281340377543,0.06976073148905254,0.13714995275595998,38.78738826933143,35.34056857594921,25.87204315471936,0.3490187003092411,100.0,100.0,2,3,18,315,True,False,
SMG_air_1_col_0_gmean,1205,ctvt_singlefault_peaks_freq.csv,0.000248185704131328,0.00016304054288024576,0.00017531320271496834,0.0003448377609891758,51.79929996589647,22.354326629857937,25.846373404245586,0.3485517106957705,100.0,100.0,2,3,18,315,True,False,
AC1_water_3_col_1_skew,1206,stats_features_2.csv,0.060299917412038474,0.08754504172128008,0.06271796736004398,0.1234251100856502,23.86856931637076,50.31020205765844,25.821228625970797,0.34809458484791095,100.0,100.0,2,3,18,315,True,False,
AC1_air_0_col_2_wavelet_max_energy,1207,digital_feats_updt.csv,3806929.2180435313,4493733.609318548,3474448.247720302,6837992.574491384,30.99505094126271,43.18743366170152,25.817515397035763,0.3480271055251785,100.0,100.0,2,3,18,315,True,False,
GYR_water_1_col_2_band_peak_to_median_75_125,1208,digital_feats_updt.csv,2.1597759973031225,1.517642513778729,1.5555581622508627,3.0639243388668396,49.68912482378762,24.534821057127093,25.776054119085273,0.3472741015472353,100.0,100.0,2,3,18,315,True,False,
SMG_water_0_col_0_fft_kurt,1209,ctvt_singlefault_peaks_freq.csv,0.188258887865197,0.32342401977568436,0.22047227367485292,0.4343414887936246,18.78660682114833,55.44749237380305,25.765900805048624,0.3470898291280262,100.0,100.0,2,3,18,315,True,False,
PRS_water_3_col_0_rms,1210,stats_features_2.csv,4.755391460446745,5.2413639021853795,4.166966817367843,8.212749597684473,33.52705322268185,40.729723651450044,25.743223125868102,0.34667843407079,100.0,100.0,2,3,18,314,True,False,
GYR_air_0_col_1_75_125_spike_energy_ratio,1211,digital_feats_updt.csv,0.004958474874365611,0.0035526228017991094,0.0035884131788675644,0.007077026988351001,49.09016934012505,25.19976519875283,25.71006546112213,0.34607737401716754,100.0,100.0,2,3,18,315,True,False,
CV1_water_3_col_0_peak_magn_raw,1212,ctvt_singlefault_peaks_freq.csv,418243.41030320537,285936.76668080065,297985.8195418341,587777.962712064,50.63276165779107,23.665375804074685,25.70186253813423,0.3459287596721514,100.0,100.0,2,3,18,315,True,False,
AC1_water_2_col_resultant_rank_175_225,1213,digital_feats_updt.csv,0.0769800358919501,0.11331154474650633,0.08055023396641316,0.15891435520685138,23.465507876154263,50.84193373166757,25.692558392178174,0.3457602339181289,100.0,100.0,2,3,18,2,True,False,
AC1_water_2_col_resultant_rank_75_125,1214,digital_feats_updt.csv,0.0769800358919501,0.11331154474650633,0.0805502339664131,0.15891435520685135,23.465507876154273,50.84193373166759,25.692558392178157,0.34576023391812843,100.0,100.0,2,3,18,2,True,False,
VRY_water_1_col_1_gmean,1215,ctvt_singlefault_peaks_freq.csv,5.5749647538573595e-05,4.4158616823217516e-05,4.178814986515e-05,8.248791493041371e-05,45.67763397831437,28.658289875332024,25.66407614635361,0.34524459798039775,100.0,100.0,2,3,18,315,True,False,
AC1_water_3_col_0_fft_kurtosis,1216,digital_feats_updt.csv,104.0720441574121,105.24922469595964,86.93555329474981,171.6571586065295,36.75736161940979,37.59360480788815,25.649033572702052,0.34497243015371243,100.0,100.0,2,3,18,315,True,False,
CV1_air_0_col_0_fft_kurt,1217,ctvt_singlefault_peaks_freq.csv,0.1575357319815766,0.08447390752693021,0.10496503549249976,0.20729449240098308,57.75407379600064,16.606176165828803,25.63975003817057,0.3448045165438786,100.0,100.0,2,3,18,315,True,False,
CTR_water_1_col_0_peak_width_end,1218,ctvt_singlefault_peaks_freq.csv,0.06673686908721906,0.06815621246905594,0.056004248173194396,0.110614442127312,36.40055367956755,37.96533439920286,25.634111921229593,0.3447025589753898,100.0,100.0,2,3,18,215,True,False,
AC1_water_2_col_2_relative_band_power_175_225,1219,digital_feats_updt.csv,0.00891928917630625,0.01244916473384934,0.008989253229239456,0.017757874185850172,25.227751232858793,49.147165802712536,25.625082964428678,0.3445393149436786,100.0,100.0,2,3,18,315,True,False,
GYR_water_2_col_0_band_peak_to_median_175_225,1220,digital_feats_updt.csv,2.9321945614388247,3.195491882887887,2.5435875626319753,5.027799817863662,34.01179963708307,40.39424373188425,25.593956631032658,0.34397685284939067,100.0,100.0,2,3,18,315,True,False,
CTB_water_0_col_0_fft_skew,1221,ctvt_singlefault_peaks_freq.csv,0.006011250816977989,0.010012396762285294,0.0068479649189574,0.013538014952027154,19.716041307264454,54.69732952410403,25.586629168631532,0.3438445118500889,100.0,100.0,2,3,18,315,True,False,
GYR_water_1_col_1_relative_band_power_75_125,1222,digital_feats_updt.csv,0.05465075213835573,0.09202333863495156,0.0627525005157329,0.12406802925729102,19.403162422907794,55.01437754358748,25.582460033504734,0.3437692249034653,100.0,100.0,2,3,18,315,True,False,
AC1_air_0_col_0_relative_band_power_175_225,1223,digital_feats_updt.csv,0.008278522630558807,0.013968567124394295,0.009517944761156562,0.018821426006809663,19.346420866152133,55.080600807152926,25.572978326694933,0.34359803404396144,100.0,100.0,2,3,18,315,True,False,
AC1_air_0_col_1_band_peak_mag_175_225,1224,digital_feats_updt.csv,0.04986158183715339,0.043952321536373455,0.03893385206022407,0.07703134912480318,41.89836695483378,32.55581936185812,25.5458136833081,0.34310782169653475,100.0,100.0,2,3,18,315,True,False,
GYR_water_2_col_1_fft_kurtosis,1225,digital_feats_updt.csv,348.4967372387032,538.9403652679375,375.7828596900375,743.72000834856,21.957278068311492,52.512475720315976,25.53024621137253,0.3428270527634179,100.0,100.0,2,3,18,315,True,False,
VRY_water_1_col_1_cycle_count,1226,physics_features.csv,1.5384300358835439,0.8893999398956693,1.0383456401321027,2.0581450135440913,55.87320168865974,18.674210465172155,25.452587846168115,0.3414281879248279,100.0,100.0,2,3,18,13,True,False,
AC1_water_0_col_1_band_peak_to_median_175_225,1227,digital_feats_updt.csv,2.3911672418262335,1.7647993168486658,1.7364932492952507,3.442035184593611,48.260219626485586,26.288151150737093,25.45162922277732,0.3414109383937569,100.0,100.0,2,3,18,315,True,False,
GYR_water_2_col_1_wavelet_max_energy_ratio,1228,digital_feats_updt.csv,3.335308149740506e-06,2.763594391499757e-06,2.5297930305051622e-06,5.016132692787028e-06,44.211362220498096,30.35362555850371,25.435012220998203,0.3411120014715665,100.0,100.0,2,3,18,315,True,False,
GYR_water_2_col_1_wavelet_max_energy,1229,digital_feats_updt.csv,60824.81847428546,40064.55727783092,42513.3399502804,84333.92772797008,52.018399791972705,22.569193563849133,25.41240664417816,0.3407055449952338,100.0,100.0,2,3,18,315,True,False,
GYR_water_2_col_0_wavelet_max_energy,1230,digital_feats_updt.csv,139664.78926611066,154118.18574441172,121358.37245231633,240803.91006412503,33.63928774687427,40.961957893729306,25.398754359396428,0.34046019126485644,100.0,100.0,2,3,18,315,True,False,
GYR_air_1_col_1_rank_175_225,1231,digital_feats_updt.csv,0.28633216918661286,0.26810635672903865,0.22887152711931188,0.4541467885558099,39.750975592510414,34.851520263255665,25.397504144233928,0.3404377273561544,100.0,100.0,2,3,18,2,True,False,
GYR_air_1_col_1_rank_75_125,1232,digital_feats_updt.csv,0.2863321691866129,0.26810635672903865,0.22887152711931183,0.4541467885558099,39.75097559251042,34.851520263255665,25.39750414423392,0.3404377273561542,100.0,100.0,2,3,18,2,True,False,
VRY_water_2_col_1_spectral_bandwidth,1233,ctvt_singlefault_peaks_freq.csv,0.08659269202147268,0.1341726943006022,0.09314425673038877,0.18486876093397997,21.939939307781213,52.674596913101965,25.385463779116826,0.3402214242003413,100.0,100.0,2,3,18,315,True,False,
GYR_water_2_col_1_rank_175_225,1234,digital_feats_updt.csv,0.18726837545203529,0.17990266572733843,0.151445509855586,0.30061629369624215,38.80644449767687,35.81378029604085,25.37977520628228,0.3401192542161706,100.0,100.0,2,3,18,2,True,False,
GYR_water_2_col_1_rank_75_125,1235,digital_feats_updt.csv,0.18726837545203529,0.17990266572733843,0.15144550985558594,0.30061629369624215,38.80644449767688,35.81378029604085,25.379775206282268,0.34011925421617045,100.0,100.0,2,3,18,2,True,False,
AC1_water_0_col_0_fft_kurtosis,1236,digital_feats_updt.csv,106.38309831719118,106.8330345505902,87.91563417515937,174.5274179356161,37.155057882800456,37.470009399082336,25.37493271811721,0.3400322926647149,100.0,100.0,2,3,18,315,True,False,
CTB_air_0_col_0_spectral_entropy,1237,ctvt_singlefault_peaks_freq.csv,0.03585999150921727,0.017123707234074807,0.023153650202528596,0.04599186730478002,60.79365849829721,13.862242848496082,25.344098653206718,0.3394788381895992,100.0,100.0,2,3,18,315,True,False,
CV1_air_1_col_0_peak_to_median,1238,ctvt_singlefault_peaks_freq.csv,187.3832433698883,90.71117896872298,121.27544206099792,240.9330420112711,60.48793738047361,14.1751901997153,25.336872419811098,0.33934919740134184,100.0,100.0,2,3,18,315,True,False,
CV1_water_3_col_0_std,1239,stats_features_2.csv,17.704105892435738,12.171570494571318,12.514435383228278,24.863499084318214,50.70181447783692,23.964520416871295,25.333665105291796,0.3392916652600724,100.0,100.0,2,3,18,315,True,False,
AC1_air_0_col_0_spectral_centroid,1240,digital_feats_updt.csv,56.67118225656055,45.05073823045432,42.157850271357105,83.77634661983886,45.75954641149409,28.917516309196376,25.32293727930952,0.33909926765629733,100.0,100.0,2,3,18,315,True,False,
AC1_water_3_col_0_kurt,1241,stats_features_2.csv,0.09616609012751938,0.1400906737967394,0.09891114528692599,0.19661314411099276,23.923175251199904,50.768385422739314,25.30843932606079,0.33883934272766114,100.0,100.0,2,3,18,315,True,False,
SMG_water_1_col_0_q05,1242,stats_features_2.csv,68.5808923068886,69.42356344204094,56.7755328584462,112.90009336559753,36.89926034484619,37.81161275654687,25.289126898606938,0.3384932587293696,100.0,100.0,2,3,18,225,True,False,
VRY_air_1_col_1_spectral_centroid,1243,ctvt_singlefault_peaks_freq.csv,0.11456698515915137,0.06914924687768959,0.07780680087458498,0.15479376826780267,54.778738163605816,19.95574581123241,25.26551602516177,0.33807038841223847,100.0,100.0,2,3,18,315,True,False,
GYR_water_0_col_0_contrast_time,1244,digital_feats_updt.csv,0.1549874092855094,0.09177062540930839,0.1045855178736725,0.20828124081144192,55.37229514330721,19.413644394084674,25.214060462608117,0.33714974524056696,100.0,100.0,2,3,18,315,True,False,
VRY_water_3_col_1_spectral_entropy,1245,ctvt_singlefault_peaks_freq.csv,0.037680761632208064,0.03527034524379161,0.029962142579316637,0.059678865930435004,39.865592356909815,34.928368330120236,25.206039312969953,0.3370063449165744,100.0,100.0,2,3,18,315,True,False,
AC1_water_0_col_2_75_125_spike_energy_ratio,1246,digital_feats_updt.csv,0.0009111799185268007,0.0006158442875498833,0.0006384235689125368,0.00127165155753349,51.341910402539376,23.45338752955891,25.20470206790171,0.33698244093877927,100.0,100.0,2,3,18,315,True,False,
AC1_air_0_col_0_band_peak_mag_175_225,1247,digital_feats_updt.csv,0.0997843218045449,0.15615713389999103,0.10746247972064836,0.21421985410685787,21.697274401974667,53.13787958839322,25.16484600963211,0.3362703845424185,100.0,100.0,2,3,18,312,True,False,
CTR_water_3_col_0_peak_width_end,1248,ctvt_singlefault_peaks_freq.csv,0.06896733663308022,0.06411382813654076,0.05460209813064312,0.10885065732851996,40.14438394385033,34.692956006275544,25.16266004987412,0.3362313527798204,100.0,100.0,2,3,18,214,True,False,
GYR_water_2_col_1_contrast_freq,1249,digital_feats_updt.csv,0.1868097771372524,0.23591118969938832,0.17444700354069292,0.3478271687257584,28.845110123803522,46.00129715418972,25.153592722006756,0.3360694739639501,100.0,100.0,2,3,18,315,True,False,
VRY_water_2_col_0_peak_width_start,1250,ctvt_singlefault_peaks_freq.csv,0.07941456826343198,0.05222121180936016,0.05508223098602848,0.10985345140551366,52.260426042364664,22.597816543607937,25.141757414027392,0.33585823745665394,100.0,100.0,2,3,18,197,True,False,
VRY_water_2_col_1_peak_width_start,1251,ctvt_singlefault_peaks_freq.csv,0.07941456826343198,0.05222121180936016,0.05508223098602848,0.10985345140551366,52.260426042364664,22.597816543607937,25.141757414027392,0.33585823745665394,100.0,100.0,2,3,18,197,True,False,
GYR_water_0_col_1_wavelet_entropy,1252,digital_feats_updt.csv,0.4280620762281876,0.3579778187330677,0.32322759573659127,0.6448731181056697,44.06207650497178,30.815107550241887,25.122815944786336,0.3355203091807116,100.0,100.0,2,3,18,315,True,False,
AC1_air_0_col_1_contrast_time,1253,digital_feats_updt.csv,0.21244055945966583,0.09118060128466493,0.13368402666024384,0.26705114180296186,63.282844869308015,11.657784562946498,25.059370567745493,0.33438964627857687,100.0,100.0,2,3,18,315,True,False,
GYR_air_0_col_1_band_power_175_225,1254,digital_feats_updt.csv,0.300405084840624,0.22371085139972488,0.21624593416887275,0.43249516075519356,48.24497149687562,26.755409132229033,24.999619370895342,0.3333265666280364,100.0,100.0,2,3,18,315,True,False,
VRY_air_1_col_1_cycle_count,1255,physics_features.csv,2.133971499842469,1.1653849808690335,1.402965874471712,2.8071818182489015,57.7877978853764,17.23446271353576,24.977739401087845,0.3329377067777938,100.0,100.0,2,3,18,18,True,False,
AC1_water_1_col_0_fft_mean,1256,digital_feats_updt.csv,0.0019161991143038651,0.00307872112115802,0.0020917917928495707,0.004186398893100875,20.950773243463672,54.082839902845386,24.96638685369094,0.3327360339826451,100.0,100.0,2,3,18,315,True,False,
GYR_water_1_col_2_log_band_power_ratio,1257,digital_feats_updt.csv,0.3475672723544384,0.2101319074227102,0.23422226351378184,0.4688480522029822,54.95579806984796,20.087217094849393,24.956984835302638,0.33256905763353717,100.0,100.0,2,3,18,315,True,False,
AC1_water_1_col_1_band_peak_mag_175_225,1258,digital_feats_updt.csv,0.06482198215109454,0.0647689907675757,0.05284055592864836,0.10577823918886031,37.55363208096849,37.49225766929849,24.954110249733024,0.3325180144145636,100.0,100.0,2,3,18,315,True,False,
CTB_water_2_col_0_peak_freq,1259,ctvt_singlefault_peaks_freq.csv,0.14212554638844485,0.08846381434746448,0.09653310164681166,0.19324636373983942,54.09057937187508,20.95601308720209,24.95340754092284,0.3325055372038365,100.0,100.0,2,3,18,36,True,False,
PRS_water_1_col_0_rms,1260,stats_features_2.csv,4.138072939799166,2.8589514325959375,2.8999100168753555,5.805749654869257,50.80186697187294,24.24917374985215,24.94895927827491,0.33242655982321256,100.0,100.0,2,3,18,314,True,False,
VRY_water_0_col_0_peak_width_start,1261,ctvt_singlefault_peaks_freq.csv,0.07688733503953972,0.050598391753566244,0.05305300281731286,0.10623784940153673,52.378260993682915,22.683751724470337,24.93798728184674,0.33223179580176176,100.0,100.0,2,3,18,195,True,False,
AC1_water_3_col_1_band_peak_freq_75_125,1262,digital_feats_updt.csv,2.4032954690940818,2.7760778275966107,2.115243752418715,4.237533875827787,32.165326876052966,42.91774635330426,24.91692677064278,0.33185810994348525,100.0,100.0,2,3,18,261,True,False,
CTR_water_2_col_0_peak_to_median,1263,ctvt_singlefault_peaks_freq.csv,249.2670062278627,150.1724386535609,167.4391381459159,335.7404752305059,55.121648045493565,20.006589673283987,24.871762281222445,0.331057443065858,100.0,100.0,2,3,18,315,True,False,
VRY_water_1_col_1_peak_magn_raw,1264,ctvt_singlefault_peaks_freq.csv,224493.57625386922,149586.0974478487,155167.01126724112,311207.59584967914,52.03642592318107,23.103729273479253,24.859844803339666,0.33084633293976196,100.0,100.0,2,3,18,315,True,False,
AC1_air_1_col_1_wavelet_max_energy_ratio,1265,digital_feats_updt.csv,1.417408404232324e-06,6.289173744787737e-07,8.916614308279335e-07,1.788754805873576e-06,62.78969591263096,12.3619094543554,24.848394633013648,0.33064356392218064,100.0,100.0,2,3,18,315,True,False,
AC1_air_1_col_1_band_peak_mag_175_225,1266,digital_feats_updt.csv,0.08015300046751984,0.09424407357907026,0.07107644277685272,0.14268254836010838,31.557155815550043,43.62810850428495,24.81473568016502,0.3300478611687014,100.0,100.0,2,3,18,315,True,False,
AC1_water_1_col_resultant_wavelet_std_energy,1267,digital_feats_updt.csv,0.0225023306994468,0.01666484199468934,0.016079559185946377,0.03228968982863694,48.565432340481436,26.636346397908618,24.79822126160995,0.3297557807492472,100.0,100.0,2,3,18,315,True,False,
GYR_air_0_col_1_log_band_power_ratio,1268,digital_feats_updt.csv,0.6716957579647601,0.8752665389295492,0.633416316345747,1.2721961072297703,27.87642559839536,47.33392595524043,24.789648446364204,0.3296042091850298,100.0,100.0,2,3,18,315,True,False,
PRS_water_3_col_0_q05,1269,stats_features_2.csv,5.571313762214173,5.621405573100375,4.540769534226874,9.124600025057752,37.281000797106365,37.95440321793349,24.764595984960145,0.32916146738588137,100.0,100.0,2,3,18,7,True,False,
VRY_air_0_col_0_spectral_centroid,1270,ctvt_singlefault_peaks_freq.csv,0.11403431482156025,0.0682266439684833,0.07622211407913124,0.15319435557068345,55.409672945395876,19.83455631574493,24.7557707388592,0.329005572679101,100.0,100.0,2,3,18,315,True,False,
AC1_water_3_col_1_relative_band_power_175_225,1271,digital_feats_updt.csv,0.009225092204419154,0.006481927197686116,0.006465761208973849,0.012997067915018718,50.37912898202298,24.872390134792607,24.74848088318441,0.32887682765269455,100.0,100.0,2,3,18,315,True,False,
GYR_water_0_col_0_relative_band_power_175_225,1272,digital_feats_updt.csv,0.018261871456640197,0.0291981830138434,0.019745916159730856,0.039697998002366106,21.161836367978772,54.0971569663914,24.74100666562981,0.32874485253486363,100.0,100.0,2,3,18,315,True,False,
GYR_air_0_col_1_band_peak_mag_175_225,1273,digital_feats_updt.csv,0.10187944822165135,0.0977792129594812,0.08091971718684152,0.16275194956289196,39.18508283536388,36.09447051358713,24.720446651048984,0.32838195168958784,100.0,100.0,2,3,18,315,True,False,
AC1_water_3_col_2_band_peak_mag_75_125,1274,digital_feats_updt.csv,0.16670301799148624,0.2184699177601924,0.15742582787798315,0.3167047401866341,27.706253119273093,47.5854480878889,24.708298792838004,0.32816762533833765,100.0,100.0,2,3,18,210,True,False,
GYR_air_1_col_0_band_peak_to_median_175_225,1275,digital_feats_updt.csv,3.8176494532952474,4.415904801879004,3.343855555385581,6.727260403967321,32.20443006016122,43.088653873540274,24.7069160662985,0.32814323408580137,100.0,100.0,2,3,18,315,True,False,
AC1_water_3_col_0_band_peak_to_median_75_125,1276,digital_feats_updt.csv,2.6526979886698148,2.0697382379463236,1.9233718071348758,3.875562165827212,46.849633852325,28.520782147119743,24.629584000555255,0.32678052355100046,100.0,100.0,2,3,18,315,True,False,
GYR_water_3_col_0_band_peak_to_median_75_125,1277,digital_feats_updt.csv,3.482363908249479,3.5145283372184934,2.827999709232932,5.698802521408504,37.340582679420244,38.03355169348629,24.625865627093475,0.3267150705208672,100.0,100.0,2,3,18,315,True,False,
CV1_water_3_col_0_q95,1278,stats_features_2.csv,25.554202853088366,17.807850813061272,17.80254338971432,35.87572138897973,50.73683716766831,24.63892366723064,24.62423916510105,0.326686442595748,100.0,100.0,2,3,18,91,True,False,
AC1_water_0_col_1_band_peak_freq_175_225,1279,digital_feats_updt.csv,14.076033249920913,10.045918200258464,9.883579988355182,19.918341746374832,49.94065213760685,25.437411535719885,24.621936326673268,0.326645911645857,100.0,100.0,2,3,18,288,True,False,
SMG_water_1_col_0_q95,1280,stats_features_2.csv,67.0555114708806,63.79152015315152,52.889292117790056,106.59773394773579,39.57063447692244,35.81211396723356,24.617251555844007,0.326563465301091,100.0,100.0,2,3,18,204,True,False,
CV1_water_0_col_0_peak_width_start,1281,ctvt_singlefault_peaks_freq.csv,0.0851504950790676,0.05339242955115362,0.05743212771570162,0.11575753815427262,54.1097828211836,21.274570576396844,24.61564660241956,0.32653522240345473,100.0,100.0,2,3,18,251,True,False,
VRY_air_1_col_0_spectral_centroid,1282,ctvt_singlefault_peaks_freq.csv,0.11498027727474623,0.06930535172405614,0.0766751838618266,0.15460523846240648,55.30931671926934,20.094866897571247,24.595816383159413,0.32618636265781736,100.0,100.0,2,3,18,315,True,False,
AC1_water_2_col_0_band_peak_freq_75_125,1283,digital_feats_updt.csv,2.1287936015883373,1.419135335053315,1.4609275854065358,2.9461868079200446,52.209141422782906,23.202087820120525,24.58877075709657,0.3260624578588273,100.0,100.0,2,3,18,258,True,False,
AC1_water_0_col_2_band_peak_freq_75_125,1284,digital_feats_updt.csv,3.8824420163805926,2.8514248943970353,2.749045938384859,5.5462810522272346,49.00114296623642,26.43139757599797,24.567459457765597,0.32568781697085186,100.0,100.0,2,3,18,238,True,False,
VRY_air_0_col_1_spectral_centroid,1285,ctvt_singlefault_peaks_freq.csv,0.11389422482981575,0.06852122312356268,0.07584253176707147,0.15303314050483616,55.39013512193388,20.048377518482937,24.561487359583175,0.32558286874845077,100.0,100.0,2,3,18,315,True,False,
VRY_water_0_col_1_fft_skew,1286,ctvt_singlefault_peaks_freq.csv,0.006916265470797239,0.007930361435144377,0.006002373389831962,0.012114200215677887,32.59521238061506,42.85450353451488,24.550284084870064,0.32538603740384653,100.0,100.0,2,3,18,315,True,False,
AC1_water_3_col_0_band_peak_mag_75_125,1287,digital_feats_updt.csv,0.09211430453115535,0.09837688777525641,0.07686548046332574,0.15514947384526231,35.24954705138056,40.20550710941939,24.544945839200043,0.32529226984441706,100.0,100.0,2,3,18,314,True,False,
CTB_water_0_col_0_peak_freq,1288,ctvt_singlefault_peaks_freq.csv,0.1416604659136791,0.08644891690999333,0.09464389575859025,0.1910459888146162,54.98212036709235,20.47591252816547,24.541967104742177,0.3252399534295907,100.0,100.0,2,3,18,38,True,False,
AC1_water_3_col_1_band_power_75_125,1289,digital_feats_updt.csv,0.4253127815094062,0.3951681339015303,0.331028483222746,0.6683028302133978,40.501421673708464,34.96368763056059,24.534890695730937,0.3251156848764148,100.0,100.0,2,3,18,315,True,False,
GYR_water_2_col_0_fft_skew,1290,digital_feats_updt.csv,7.119268050820418,10.0071192047433,7.00217166687738,14.137072554450404,25.360144064889944,50.107088951283174,24.532766983826885,0.32507839499785757,100.0,100.0,2,3,18,315,True,False,
GYR_air_0_col_1_band_power_75_125,1291,digital_feats_updt.csv,0.3084257568844334,0.32863415708061666,0.2568736172555424,0.5187590114415074,35.348417059648696,40.13230396968937,24.519278970661937,0.3248416103647409,100.0,100.0,2,3,18,315,True,False,
GYR_water_0_col_1_wavelet_max_energy_ratio,1292,digital_feats_updt.csv,3.827120412218272e-06,3.091449188052992e-06,2.8022027571458813e-06,5.6618238248895775e-06,45.69109329857037,29.813401047428464,24.495505654001153,0.3244244712341316,100.0,100.0,2,3,18,315,True,False,
SMG_air_0_col_0_peak_freq,1293,ctvt_singlefault_peaks_freq.csv,0.10827749985711987,0.07440221190127622,0.0748213844062767,0.1511884442528027,51.290772765429885,24.21778936029106,24.49143787427906,0.32435312214661277,100.0,100.0,2,3,18,51,True,False,
GYR_water_2_col_2_band_peak_to_median_75_125,1294,digital_feats_updt.csv,2.793827246541561,1.9321354223717335,1.933817811084032,3.908742675128082,51.08870991906316,24.434359788996627,24.476930291940203,0.32409872091478337,100.0,100.0,2,3,18,315,True,False,
SMG_water_2_col_0_spectral_centroid,1295,ctvt_singlefault_peaks_freq.csv,0.05719926517822899,0.05165385511587765,0.043873073696317585,0.08868327509076304,41.60039482770705,33.92517006717308,24.474435105119884,0.3240549758109655,100.0,100.0,2,3,18,315,True,False,
CTR_water_3_col_0_peak_freq,1296,ctvt_singlefault_peaks_freq.csv,0.14194997977900273,0.09701909422923825,0.09784752086628269,0.19782982268606197,51.485762206262756,24.050876485925023,24.463361307812217,0.32386086714158074,100.0,100.0,2,3,18,53,True,False,
VRY_air_0_col_0_cycle_count,1297,physics_features.csv,2.5104508923951436,1.165921933084132,1.5747429639684722,3.1845805123661766,62.14397004512085,13.404001820229748,24.452028134649414,0.3236622708843905,100.0,100.0,2,3,18,20,True,False,
VRY_water_0_col_1_peak_width_start,1298,ctvt_singlefault_peaks_freq.csv,0.0773944183164618,0.05065406705041509,0.052616162233497916,0.10641518229779619,52.894692204744715,22.657993877261454,24.447313917993842,0.3235796791057609,100.0,100.0,2,3,18,194,True,False,
CTR_water_0_col_0_peak_width_end,1299,ctvt_singlefault_peaks_freq.csv,0.07205483861242604,0.06602560367356738,0.05558291222826249,0.11243104660055642,41.072751033664325,34.4867488596037,24.44050010673197,0.32346032122043594,100.0,100.0,2,3,18,215,True,False,
CTB_air_0_col_0_peak_width_end,1300,ctvt_singlefault_peaks_freq.csv,0.09361195663981854,0.07283391608033084,0.06745087423149958,0.13644631981891456,47.06943578598523,28.493360297357686,24.437203916657076,0.32340258941323136,100.0,100.0,2,3,18,112,True,False,
GYR_water_3_col_1_wavelet_std_energy,1301,digital_feats_updt.csv,0.020050642482104187,0.022055733772233212,0.016946188681175048,0.034287854511397695,34.196051674225124,41.377323988910675,24.426624336864204,0.32321732518267476,100.0,100.0,2,3,18,315,True,False,
VRY_water_3_col_0_peak_width_start,1302,ctvt_singlefault_peaks_freq.csv,0.08018475013333454,0.05327955444549816,0.0547284679845882,0.11074073452797842,52.42866035217285,23.147621327162735,24.423718320664417,0.32316644558265506,100.0,100.0,2,3,18,200,True,False,
VRY_water_3_col_1_peak_width_start,1303,ctvt_singlefault_peaks_freq.csv,0.08018475013333454,0.05327955444549816,0.0547284679845882,0.11074073452797842,52.42866035217285,23.147621327162735,24.423718320664417,0.32316644558265506,100.0,100.0,2,3,18,200,True,False,
AC1_water_0_col_resultant_wavelet_mean_energy,1304,digital_feats_updt.csv,0.0188306384129236,0.016244458834021005,0.014135805453170447,0.028605880193735698,43.3330698981774,32.24778316573009,24.41914693609251,0.32308641601921145,100.0,100.0,2,3,18,315,True,False,
GYR_water_3_col_1_band_peak_mag_175_225,1305,digital_feats_updt.csv,0.04932495533736719,0.051716803039591225,0.04061693572319559,0.08220288561365315,36.004706512945944,39.58122350152575,24.414069985528307,0.32299754704154576,100.0,100.0,2,3,18,315,True,False,
GYR_water_2_col_0_band_peak_to_median_75_125,1306,digital_feats_updt.csv,7.259465581861179,6.436642403661716,5.508385751269672,11.15672530591454,42.33853442033527,33.28474877977373,24.376716799891,0.3223440687623552,100.0,100.0,2,3,18,315,True,False,
CV1_air_1_col_0_gmean,1307,ctvt_singlefault_peaks_freq.csv,0.00027547995744574413,0.0001352136368072647,0.00017414725840682118,0.00035284444468287727,60.95557694160664,14.685015858626867,24.359407199766498,0.32204146342559203,100.0,100.0,2,3,18,315,True,False,
GYR_water_1_col_1_wavelet_entropy,1308,digital_feats_updt.csv,0.5158310501349146,0.3691741023971037,0.3597774213497513,0.7292537165329174,50.03312845171665,25.627435727658806,24.33943582062454,0.32169249707047914,100.0,100.0,2,3,18,315,True,False,
GYR_water_3_col_0_band_peak_to_median_175_225,1309,digital_feats_updt.csv,3.2742639442139416,3.8891531915006965,2.883027691123214,5.844498745925329,31.385773184393816,44.280810415916996,24.333416399689185,0.32158735391337573,100.0,100.0,2,3,18,315,True,False,
GYR_water_3_col_2_band_peak_mag_75_125,1310,digital_feats_updt.csv,0.11045334359982081,0.09692803545593881,0.0832612301873395,0.1689006146289496,42.765669413258884,32.93338423345484,24.30094635328628,0.32102047757027996,100.0,100.0,2,3,18,310,True,False,
CTB_air_1_col_0_peak_width_start,1311,ctvt_singlefault_peaks_freq.csv,0.08611760706366138,0.07879866449386908,0.06610833124892644,0.13414836276640243,41.211000101458,34.503802616734205,24.285197281807786,0.32074569846264306,100.0,100.0,2,3,18,113,True,False,
AC1_water_0_col_0_band_power_75_125,1312,digital_feats_updt.csv,0.17327789661233994,0.20806509107457583,0.15306994505986915,0.31104134718538573,31.034881141455596,44.74682167674841,24.218297181795986,0.3195797439375874,100.0,100.0,2,3,18,315,True,False,
CV1_water_2_col_0_fft_kurt,1313,ctvt_singlefault_peaks_freq.csv,0.10618600984892304,0.05348732483510709,0.06712451984354374,0.13653594314274226,60.48401521860734,15.346444220617343,24.169540560775317,0.3187312953068195,100.0,100.0,2,3,18,315,True,False,
CV1_air_0_col_0_fft_skew,1314,ctvt_singlefault_peaks_freq.csv,0.012119347432716822,0.00644939505903211,0.007748541236836494,0.015764300495782334,59.1029369281291,16.737421444167897,24.159641627703024,0.31855917015982976,100.0,100.0,2,3,18,315,True,False,
AC1_water_1_col_0_fft_entropy,1315,digital_feats_updt.csv,0.157919777364585,0.16103499999525034,0.1271751900765146,0.2589294426621816,37.197193425977574,38.67921773605597,24.12358883796645,0.3179326548069162,100.0,100.0,2,3,18,315,True,False,
AC1_water_0_col_2_band_power_75_125,1316,digital_feats_updt.csv,0.5026004574904669,0.5559888910883458,0.42229814809877364,0.8602712320953949,34.133039153115185,41.76970694707885,24.097253899805963,0.3174753897309173,100.0,100.0,2,3,18,315,True,False,
CV1_water_1_col_0_peak_to_median,1317,ctvt_singlefault_peaks_freq.csv,282.5755356101593,136.53160214700037,176.64843149699482,360.1311983993385,61.566948175507164,14.37291577569447,24.06013604879836,0.31683143472918535,100.0,100.0,2,3,18,315,True,False,
AC1_water_3_col_resultant_175_225_std_spike_interval,1318,digital_feats_updt.csv,185.968244957097,96.43143930687079,117.86558673113323,240.36536180300988,59.85960112790516,16.095094521449905,24.045304350644933,0.31657429662611125,100.0,100.0,2,3,18,315,True,False,
CTB_water_1_col_0_peak_freq,1319,ctvt_singlefault_peaks_freq.csv,0.1388466317197421,0.0919236098321953,0.09367580127723674,0.19105887294086007,52.81244503693531,23.14833284835798,24.03922211470671,0.3164688775437215,100.0,100.0,2,3,18,36,True,False,
AC1_water_0_col_2_band_peak_mag_175_225,1320,digital_feats_updt.csv,0.07766144034127415,0.09782834335819036,0.07023299639901742,0.14329814326526938,29.371745423159528,46.60669122419902,24.021563352641444,0.31616290638005085,100.0,100.0,2,3,18,315,True,False,
AC1_air_1_col_resultant_175_225_mean_spike_interval,1321,digital_feats_updt.csv,213.36294874814268,112.77444114570318,135.6895863512824,276.86366016220035,59.38901162225264,16.591645320470036,24.019343057277325,0.31612444566495507,100.0,100.0,2,3,18,313,True,False,
AC1_air_1_col_1_band_peak_to_median_175_225,1322,digital_feats_updt.csv,2.2119096448674878,2.417196588359855,1.839471034352673,3.757530746389021,34.65210955687622,41.38270349789292,23.965186945230855,0.3151870305509706,100.0,100.0,2,3,18,315,True,False,
AC1_air_1_col_2_175_225_mean_spike_interval,1323,digital_feats_updt.csv,281.12954501491515,158.3177669981011,181.07648669669294,369.9824731821439,57.73652976002502,18.31036531560044,23.95310492437454,0.31497807899394414,100.0,100.0,2,3,18,314,True,False,
CTB_water_2_col_0_peak_to_median,1324,ctvt_singlefault_peaks_freq.csv,259.2626793942112,163.56496436365072,172.01947774943758,351.5129232604928,54.39981431687781,21.651997787038127,23.948187896084065,0.31489306084333213,100.0,100.0,2,3,18,315,True,False,
GYR_air_0_col_2_fft_mean,1325,digital_feats_updt.csv,0.0016733307729926267,0.0007485201552520855,0.0010282130735889251,0.002101794572112577,63.384499234829484,12.683130636577472,23.93237012859305,0.31461963740754045,100.0,100.0,2,3,18,315,True,False,
AC1_water_3_col_1_wavelet_max_energy,1326,digital_feats_updt.csv,2253487.0536664748,1580827.466295759,1543802.154787995,3156033.027768489,50.983195899896266,25.089145328634594,23.927658771469137,0.31453821960845724,100.0,100.0,2,3,18,315,True,False,
AC1_air_0_col_0_75_125_spike_energy_ratio,1327,digital_feats_updt.csv,0.0030699300757802165,0.0026027027898777857,0.0022554817668561326,0.004613646115951894,44.27600301338717,31.82442725079142,23.89956973582141,0.31405301721495305,100.0,100.0,2,3,18,315,True,False,
CTR_water_2_col_0_fft_skew,1328,ctvt_singlefault_peaks_freq.csv,0.007981717715532079,0.00592819525290417,0.0055632675848249855,0.011393035717812817,49.08104611858856,27.074851338286283,23.844102543125164,0.31309594318191153,100.0,100.0,2,3,18,315,True,False,
AC1_water_0_col_resultant_band_peak_mag_75_125,1329,digital_feats_updt.csv,0.1378252441691602,0.13804861040122418,0.10915039740356414,0.22353305352308322,38.016667078987986,38.13999021492759,23.843342706084417,0.31308284204313863,100.0,100.0,2,3,18,149,True,False,
CTB_air_1_col_0_peak_to_median,1330,ctvt_singlefault_peaks_freq.csv,208.94605170291533,103.50592375726751,130.4658788630771,267.19519891382356,61.1520523977682,15.006282250671605,23.841665351560195,0.31305392195900156,100.0,100.0,2,3,18,315,True,False,
GYR_water_2_col_1_band_power_75_125,1331,digital_feats_updt.csv,0.2359406473149656,0.3118960583886839,0.21869643770472366,0.4480795377592447,27.726516546045485,48.45175911980967,23.821724334144847,0.31271020676072203,100.0,100.0,2,3,18,315,True,False,
AC1_air_0_col_0_fft_entropy,1332,digital_feats_updt.csv,0.1427794540069348,0.1558476296640058,0.11819177067278464,0.24216471834925835,34.76239531721467,41.41700238319707,23.820602299588245,0.3126908720552866,100.0,100.0,2,3,18,315,True,False,
AC1_water_0_col_resultant_175_225_mean_spike_interval,1333,digital_feats_updt.csv,174.96483168992717,105.4569373711738,114.1367626787757,234.01080864520634,55.902301985611146,20.308529330121136,23.78916868426771,0.31214944481726037,100.0,100.0,2,3,18,314,True,False,
GYR_water_0_col_1_band_power_75_125,1334,digital_feats_updt.csv,0.26437266678290794,0.31195806014708766,0.22842625385236784,0.46839010630207256,31.85793910275296,44.35851474097552,23.783546156271527,0.31205264686069584,100.0,100.0,2,3,18,315,True,False,
AC1_water_2_col_0_spectral_centroid,1335,digital_feats_updt.csv,49.76222637049117,43.1711351566907,36.79875289766178,75.45975284142159,43.48794124253281,32.7307667958299,23.78129196163728,0.31201384245017094,100.0,100.0,2,3,18,315,True,False,
GYR_water_3_col_1_relative_band_power_75_125,1336,digital_feats_updt.csv,0.037521250024708096,0.0597729093969921,0.039390409303272984,0.08082233135883336,21.552211961584806,54.69480056685347,23.752987471561728,0.3115267953967697,100.0,100.0,2,3,18,315,True,False,
PRS_water_3_col_0_q95,1337,stats_features_2.csv,5.162591981464174,5.1512821862004,4.070534575916243,8.35208452200248,38.20725559387479,38.04003613628807,23.75270826983712,0.31152199285841287,100.0,100.0,2,3,18,8,True,False,
GYR_air_1_col_1_wavelet_mean_energy,1338,digital_feats_updt.csv,0.020636172672491123,0.018254924611409873,0.015374219273135531,0.03155091937480712,42.77935858211617,33.476191981894615,23.74444943598922,0.3113799488741157,100.0,100.0,2,3,18,315,True,False,
AC1_air_1_col_0_contrast_freq,1339,digital_feats_updt.csv,0.2436444363415073,0.5248399697693343,0.3228824325930258,0.662625588477261,13.519996881590679,62.736082742467474,23.74392037594184,0.31137085059970526,100.0,100.0,2,3,18,315,True,False,
AC1_air_0_col_2_band_peak_mag_75_125,1340,digital_feats_updt.csv,0.059677153471846704,0.05298671252346402,0.04451149076791264,0.09137957737333072,42.64988937266619,33.6229380343231,23.727172593010714,0.311082903304519,100.0,100.0,2,3,18,25,True,False,
AC1_water_1_col_1_band_peak_to_median_175_225,1341,digital_feats_updt.csv,1.6732679755288762,1.6442483150844676,1.3079398715769321,2.6859048656364015,38.810545459380364,37.47602837264849,23.713426167971143,0.31084665330736194,100.0,100.0,2,3,18,315,True,False,
CTB_air_1_col_0_peak_width_end,1342,ctvt_singlefault_peaks_freq.csv,0.09497189560226246,0.07270296916384342,0.06666817157517682,0.13693074081703865,48.10478714900791,28.19047409987668,23.704738751115418,0.31069739277499325,100.0,100.0,2,3,18,112,True,False,
VRY_water_3_col_0_peak_to_median,1343,ctvt_singlefault_peaks_freq.csv,875.4145300216035,400.9945807158726,536.6207935478977,1102.3198851533155,63.0684587049976,13.233103916253064,23.698437378749336,0.31058914869653154,100.0,100.0,2,3,18,315,True,False,
CTB_water_0_col_0_fft_kurt,1344,ctvt_singlefault_peaks_freq.csv,0.045917849352194236,0.06455391847541873,0.04412414369414843,0.09067853845537913,25.64212745522791,50.67995208863804,23.67792045613405,0.31023683575766847,100.0,100.0,2,3,18,315,True,False,
AC1_air_0_col_0_band_power_175_225,1345,digital_feats_updt.csv,0.23353298654456223,0.3657620246558873,0.2416455939290489,0.49670122563782687,22.105788137431965,54.225899170026025,23.668312692542013,0.3100719180647471,100.0,100.0,2,3,18,315,True,False,
AC1_water_3_col_0_band_peak_to_median_175_225,1346,digital_feats_updt.csv,2.0547722308111775,2.2511143807239558,1.6959068214641118,3.487937043970755,34.70484433120181,41.654109062758785,23.64104660603941,0.30960412047645014,100.0,100.0,2,3,18,315,True,False,
CV1_water_0_col_0_rms,1347,stats_features_2.csv,6.101990853348138,4.7512078917455085,4.302804474108394,8.849994076118715,47.53977748548287,28.821866834025837,23.63835568049129,0.30955797103562654,100.0,100.0,2,3,18,315,True,False,
GYR_air_0_col_0_75_125_spike_energy_ratio,1348,digital_feats_updt.csv,0.0010825323243147853,0.0005478085071313345,0.0006746802432788352,0.0013882232617063513,60.80833494195092,15.571803325429645,23.619861732619444,0.30924088733558514,100.0,100.0,2,3,18,315,True,False,
CTR_water_3_col_0_peak_to_median,1349,ctvt_singlefault_peaks_freq.csv,184.0599468608098,163.12861377758185,136.6400986985233,281.3530260077929,42.79720467510315,33.61685729046143,23.585938034435404,0.3086596554056272,100.0,100.0,2,3,18,315,True,False,
VRY_water_1_col_0_peak_width_start,1350,ctvt_singlefault_peaks_freq.csv,0.08275440039425357,0.04978874193982849,0.05360900064243118,0.11045874595722811,56.12831127965279,20.317117330989266,23.554571389357942,0.30812269376273577,100.0,100.0,2,3,18,201,True,False,
VRY_water_1_col_1_peak_width_start,1351,ctvt_singlefault_peaks_freq.csv,0.08275440039425357,0.04978874193982849,0.05360900064243118,0.11045874595722811,56.12831127965279,20.317117330989266,23.554571389357942,0.30812269376273577,100.0,100.0,2,3,18,201,True,False,
GYR_water_1_col_2_wavelet_mean_energy,1352,digital_feats_updt.csv,0.01659859018691395,0.007827470553463696,0.01018170394084552,0.02098689082731138,62.55271989729421,13.910626126057283,23.5366539766485,0.30781616553192076,100.0,100.0,2,3,18,315,True,False,
GYR_air_1_col_0_fft_entropy,1353,digital_feats_updt.csv,0.2423383904245121,0.17754067065264872,0.166515986799433,0.3434765771768498,49.77946047483498,26.7178470502025,23.502692474962533,0.30723555162082183,100.0,100.0,2,3,18,315,True,False,
VRY_water_3_col_1_spectral_centroid,1354,ctvt_singlefault_peaks_freq.csv,0.1279885794619509,0.10513465905383451,0.09175358213090631,0.18934912949603735,45.68943757621348,30.829408730268874,23.481153693517633,0.30686758657426866,100.0,100.0,2,3,18,315,True,False,
AC1_air_1_col_0_wavelet_std_energy,1355,digital_feats_updt.csv,0.023183312383856312,0.021767866378468958,0.017613553123409047,0.03635303609589572,40.66957171798091,35.85505148065215,23.47537680136694,0.30676893031452757,100.0,100.0,2,3,18,315,True,False,
WTF_water_3_col_0_std,1356,stats_features_2.csv,0.19893278093910283,0.11009916575967198,0.12592495885450306,0.2599099322758734,58.5823724272675,17.944125762531666,23.473501810200833,0.3067369129054151,100.0,100.0,2,3,18,285,True,False,
AC1_air_0_col_1_band_peak_to_median_175_225,1357,digital_feats_updt.csv,2.1086760537160236,1.841845155192453,1.5506096516666994,3.2005153596043274,43.40901195453693,33.11817529769144,23.472812747771624,0.30672514684757507,100.0,100.0,2,3,18,315,True,False,
VRY_air_1_col_0_peak_width_end,1358,ctvt_singlefault_peaks_freq.csv,0.13340162647546197,0.07454522130655304,0.0846266909008262,0.17468446061045506,58.319488049765425,18.2108857769441,23.469626173290468,0.3066707373785157,100.0,100.0,2,3,18,175,True,False,
GYR_water_2_col_0_band_peak_mag_75_125,1359,digital_feats_updt.csv,0.1142099937214805,0.17356911528740335,0.11504100639292003,0.23749651281525883,23.125638947955167,53.41096506361122,23.463395988433607,0.3065643725829247,100.0,100.0,2,3,18,111,True,False,
CV1_water_3_col_0_q05,1360,stats_features_2.csv,25.925846683079957,18.277078714257385,17.55057214025442,36.252223587140186,51.1442244236499,25.41816910708459,23.437606469265504,0.3061242653007828,100.0,100.0,2,3,18,93,True,False,
AC1_water_3_col_2_contrast_time,1361,digital_feats_updt.csv,0.08563093266382768,0.09068569263652328,0.06899738297854414,0.14253838197387697,36.090898927010606,40.477520331652386,23.431580741336997,0.30602147684648634,100.0,100.0,2,3,18,315,True,False,
GYR_water_2_col_0_75_125_mean_spike_interval,1362,digital_feats_updt.csv,339.8800488006273,276.0146812888213,242.2036372397562,500.3650205118797,46.1399862726949,30.42919637390053,23.43081735340458,0.3060084559286648,100.0,100.0,2,3,18,311,True,False,
VRY_water_0_col_0_peak_width_end,1363,ctvt_singlefault_peaks_freq.csv,0.08373251894019174,0.05727211116721658,0.05609047090170366,0.11591967206472958,52.17638968179785,24.4102426802485,23.41336763795364,0.3057108912593535,100.0,100.0,2,3,18,204,True,False,
VRY_water_0_col_1_peak_width_end,1364,ctvt_singlefault_peaks_freq.csv,0.08373251894019174,0.05727211116721658,0.05609047090170366,0.11591967206472958,52.17638968179785,24.4102426802485,23.41336763795364,0.3057108912593535,100.0,100.0,2,3,18,204,True,False,
VRY_water_0_col_0_cycle_count,1365,physics_features.csv,1.4679312029045861,0.8910640246480311,0.9491347024697836,1.962058560776221,55.9741456210473,20.624996768932093,23.40085761002061,0.3054976450112564,100.0,100.0,2,3,18,13,True,False,
AC1_water_0_col_2_band_peak_mag_75_125,1366,digital_feats_updt.csv,0.1275699464360942,0.1715881165266713,0.11815269648540686,0.24428801168631084,27.27045831851617,49.33670085584021,23.39284082564361,0.30536102732124504,100.0,100.0,2,3,18,131,True,False,
CTR_water_2_col_0_kurt,1367,stats_features_2.csv,0.007814047767134196,0.009958593873197759,0.006994266981451833,0.014462112744899142,29.19366617494857,47.41683446522846,23.38949935982297,0.305304092315992,100.0,100.0,2,3,18,315,True,False,
GYR_water_1_col_2_fft_kurtosis,1368,digital_feats_updt.csv,168.001453312164,108.874802855001,110.36744481766065,228.60267690316735,54.00866644965269,22.682563742824538,23.308769807522772,0.30393005496225783,100.0,100.0,2,3,18,315,True,False,
GYR_water_0_col_1_relative_band_power_175_225,1369,digital_feats_updt.csv,0.00437705456410875,0.0058131762470855,0.004010389622943458,0.008308721301420387,27.75207992810064,48.95066512612393,23.297254945775435,0.3037343048062436,100.0,100.0,2,3,18,315,True,False,
SMG_water_3_col_0_spectral_centroid,1370,ctvt_singlefault_peaks_freq.csv,0.23208706636979537,0.19425737518636943,0.16672552526213463,0.34553977334652863,45.1134239625329,31.605229216080787,23.281346821386304,0.3034639668032686,100.0,100.0,2,3,18,315,True,False,
SMG_air_1_col_0_peak_freq,1371,ctvt_singlefault_peaks_freq.csv,0.10736670604941373,0.07620741231243834,0.07251825303549143,0.1503132605014566,51.02049503475217,25.70394832133911,23.275556643908715,0.3033655980517561,100.0,100.0,2,3,18,52,True,False,
GYR_water_1_col_1_contrast_freq,1372,digital_feats_updt.csv,0.22419990580552018,0.24106478383128505,0.18117283910342238,0.37576778121018156,35.598505909107,41.155554797554906,23.245939293338093,0.30286266393356376,100.0,100.0,2,3,18,315,True,False,
GYR_air_0_col_2_relative_band_power_75_125,1373,digital_feats_updt.csv,0.07886763138225919,0.04421932676610577,0.049744644010757594,0.10319874876786324,58.404825730828655,18.360114656084484,23.235059613086865,0.3026780128529608,100.0,100.0,2,3,18,315,True,False,
GYR_air_0_col_2_band_power_75_125,1374,digital_feats_updt.csv,0.3961815107012924,0.2093794605792414,0.24631680479655274,0.5113428558796881,60.02940269255363,16.766552295889834,23.204045011556527,0.3021519169212539,100.0,100.0,2,3,18,315,True,False,
VRY_air_1_col_1_peak_width_end,1375,ctvt_singlefault_peaks_freq.csv,0.13403146066372693,0.07453581486664046,0.0842253270146552,0.17496835672832925,58.680590434653475,18.14725665675059,23.17215290859594,0.3016113790228618,100.0,100.0,2,3,18,175,True,False,
AC1_water_1_col_0_fft_std,1376,digital_feats_updt.csv,0.007178404395128911,0.009527268301713562,0.006550815187780703,0.013609243571091686,27.821969325442964,49.0082074326328,23.16982324192425,0.30157191118903454,100.0,100.0,2,3,18,315,True,False,
CTR_water_2_col_0_fft_kurt,1377,ctvt_singlefault_peaks_freq.csv,0.07248837842468525,0.04620874105221942,0.04720013921979547,0.09806969918705531,54.63451384169695,22.201309258758023,23.164176899545023,0.30147626412825995,100.0,100.0,2,3,18,315,True,False,
AC1_air_1_col_0_spectral_centroid,1378,digital_feats_updt.csv,57.074819075406076,60.40686649642175,45.61552361485603,94.80137386696643,36.245978168627964,40.60161919776251,23.152402633609533,0.3012768574042018,100.0,100.0,2,3,18,315,True,False,
AC1_water_3_col_resultant_rank_75_125,1379,digital_feats_updt.csv,0.24469368606484312,0.18086767893670397,0.16696868212131236,0.34708307088257484,49.70254919302088,27.155328953029105,23.14212185395002,0.30110279404245277,100.0,100.0,2,3,18,2,True,False,
AC1_water_3_col_resultant_rank_175_225,1380,digital_feats_updt.csv,0.24469368606484312,0.18086767893670394,0.1669686821213123,0.3470830708825748,49.702549193020886,27.1553289530291,23.142121853950012,0.30110279404245266,100.0,100.0,2,3,18,2,True,False,
GYR_water_1_col_2_wavelet_entropy,1381,digital_feats_updt.csv,1.1819793200546391,0.6609420339920958,0.742698808709437,1.5445131937904748,58.564779335174805,18.31232553546176,23.12289512936343,0.3007773922843872,100.0,100.0,2,3,18,315,True,False,
AC1_air_0_col_2_rank_75_125,1382,digital_feats_updt.csv,0.1606698939279379,0.1541684184084662,0.12198236846665692,0.253894494359602,40.046304670260106,36.870944883397776,23.08275044634213,0.3000984900043712,100.0,100.0,2,3,18,2,True,False,
AC1_air_0_col_2_rank_175_225,1383,digital_feats_updt.csv,0.1606698939279379,0.1541684184084662,0.1219823684666569,0.253894494359602,40.046304670260106,36.870944883397776,23.08275044634212,0.30009849000437117,100.0,100.0,2,3,18,2,True,False,
GYR_air_0_col_1_fft_entropy,1384,digital_feats_updt.csv,0.24410422223689832,0.18238938592444712,0.16692533673773557,0.3474432722859724,49.36086589519813,27.55696020076888,23.082173904032995,0.3000887450359605,100.0,100.0,2,3,18,315,True,False,
AC1_air_0_col_2_175_225_spike_energy_ratio,1385,digital_feats_updt.csv,0.0010152242314231377,0.0008179416081520461,0.0007137464160642578,0.0014863184924031687,46.65521418465747,30.28453011205808,23.06025570328446,0.2997183824052412,100.0,100.0,2,3,18,315,True,False,
VRY_air_0_col_1_peak_width_end,1386,ctvt_singlefault_peaks_freq.csv,0.1291550983891863,0.07287042536652931,0.08110602609484621,0.16902463075515706,58.38793521267131,18.58671405099303,23.02535073633567,0.29912901139004894,100.0,100.0,2,3,18,177,True,False,
AC1_air_1_col_0_wavelet_mean_energy,1387,digital_feats_updt.csv,0.02112058500344956,0.02590254393515827,0.018245972441751745,0.03807803045781002,30.765425972961644,46.2738766108621,22.960697416176266,0.2980387496524069,100.0,100.0,2,3,18,315,True,False,
AC1_water_0_col_0_fft_mean,1388,digital_feats_updt.csv,0.002091308587574154,0.003472342803165305,0.0022124461826360537,0.004617970794863924,20.508499081363734,56.53831012376602,22.953190794870235,0.29791228256785507,100.0,100.0,2,3,18,315,True,False,
CTB_water_3_col_0_spectral_centroid,1389,ctvt_singlefault_peaks_freq.csv,0.18772720650094069,0.1734923608047495,0.13942035395881686,0.2911685738816159,41.56860369070497,35.503544645406116,22.92785166388892,0.29748556591287323,100.0,100.0,2,3,18,315,True,False,
PRS_water_1_col_0_q05,1390,stats_features_2.csv,4.797202116666354,3.34225195761004,3.187631489528164,6.659188449753305,51.89594477308343,25.190440510091257,22.913614716825315,0.2972459356169418,100.0,100.0,2,3,18,6,True,False,
CTB_water_1_col_0_fft_kurt,1391,ctvt_singlefault_peaks_freq.csv,0.034540932021629465,0.05583499133082399,0.03577267001074786,0.07476834999873862,21.34187199141648,55.76700393199561,22.891124076587918,0.29686756294209743,100.0,100.0,2,3,18,315,True,False,
CTR_air_0_col_0_gmean,1392,ctvt_singlefault_peaks_freq.csv,0.00029025302828410794,0.00013654214886676253,0.00017471833443106135,0.0003652630219877349,63.14545591847401,13.974042216700905,22.880501864825096,0.2966889362365947,100.0,100.0,2,3,18,315,True,False,
CV1_water_2_col_0_gmean,1393,ctvt_singlefault_peaks_freq.csv,0.00014684138576080805,5.960654431232918e-05,8.631779210107873e-05,0.00018046078224982055,66.21117232652612,10.909936366550212,22.878891306923673,0.29666185684617447,100.0,100.0,2,3,18,315,True,False,
AC1_air_1_col_2_contrast_freq,1394,digital_feats_updt.csv,0.1094534660161951,0.1708470807636327,0.11050235725290335,0.2310401635795428,22.44316336499506,54.681467107860065,22.875369527144883,0.296602646740669,100.0,100.0,2,3,18,315,True,False,
GYR_water_3_col_0_contrast_time,1395,digital_feats_updt.csv,0.1697772977679669,0.1333152160720123,0.11720396123149313,0.2456298968001932,47.774569504012916,29.45757487704596,22.76785561894113,0.2947976623128042,100.0,100.0,2,3,18,315,True,False,
CTB_water_3_col_0_gmean,1396,ctvt_singlefault_peaks_freq.csv,0.00023947969244390182,0.00012537496047465988,0.00014671453689463343,0.00030756228498184736,60.6277185627278,16.617108696725012,22.755172740547167,0.2945850686430593,100.0,100.0,2,3,18,315,True,False,
VRY_water_1_col_0_peak_freq,1397,ctvt_singlefault_peaks_freq.csv,0.06911305336975429,0.05466565950906443,0.047787445660479363,0.10024264780224403,47.53517546638436,29.738846882611288,22.725977651004353,0.2940959582557531,100.0,100.0,2,3,18,39,True,False,
VRY_water_1_col_1_peak_freq,1398,ctvt_singlefault_peaks_freq.csv,0.06911305336975429,0.05466565950906443,0.047787445660479363,0.10024264780224403,47.53517546638436,29.738846882611288,22.725977651004353,0.2940959582557531,100.0,100.0,2,3,18,39,True,False,
VRY_air_0_col_0_peak_width_end,1399,ctvt_singlefault_peaks_freq.csv,0.12927520469380363,0.0730709493570142,0.08038683116140881,0.16885936400665796,58.6111401618713,18.72574914992847,22.663110688200238,0.29304399090619215,100.0,100.0,2,3,18,177,True,False,
SMG_water_0_col_0_peak_width_start,1400,ctvt_singlefault_peaks_freq.csv,0.1360449734782424,0.08066608695800909,0.08560781601408843,0.17984423970901817,57.22317308257113,20.118190490513307,22.658636426915557,0.2929691872513221,100.0,100.0,2,3,18,205,True,False,
VRY_water_0_col_0_peak_freq,1401,ctvt_singlefault_peaks_freq.csv,0.0712577206848607,0.0576828198789778,0.049593152601355335,0.10423267842348453,46.73648617621967,30.625639824949204,22.637873998831125,0.2926221805032747,100.0,100.0,2,3,18,40,True,False,
VRY_water_0_col_1_peak_freq,1402,ctvt_singlefault_peaks_freq.csv,0.0712577206848607,0.0576828198789778,0.049593152601355335,0.10423267842348453,46.73648617621967,30.625639824949204,22.637873998831125,0.2926221805032747,100.0,100.0,2,3,18,40,True,False,
AC1_water_1_col_resultant_175_225_num_spikes,1403,digital_feats_updt.csv,4.424253790746895,3.627279062198238,3.0938758315710886,6.504094299837579,46.270735701546386,31.101997311273777,22.62726698717985,0.292444975201156,100.0,100.0,2,3,18,32,True,False,
AC1_air_1_col_resultant_band_peak_freq_175_225,1404,digital_feats_updt.csv,2.5931589052009727,1.7439383839755056,1.6889310670778859,3.55222216986312,53.29150928996976,24.102496712106674,22.60599399792356,0.29208972588028403,100.0,100.0,2,3,18,230,True,False,
GYR_air_1_col_1_fft_entropy,1405,digital_feats_updt.csv,0.2255926952210106,0.16181930645684656,0.1499596526427622,0.315539933288946,51.114181066478906,26.29977374046485,22.586045193056243,0.29175676723120153,100.0,100.0,2,3,18,315,True,False,
AC1_air_1_col_0_relative_band_power_175_225,1406,digital_feats_updt.csv,0.007389803793729735,0.012763745079010696,0.007966393141019124,0.016762631303857658,19.43486059100295,57.9791518542309,22.585987554766152,0.2917558054589212,100.0,100.0,2,3,18,315,True,False,
AC1_water_3_col_2_band_peak_to_median_75_125,1407,digital_feats_updt.csv,3.9036508617045524,3.8097943763901583,2.94235151795289,6.197616936828255,39.672765589730595,37.78797446554091,22.539259944728485,0.29097656346486966,100.0,100.0,2,3,18,315,True,False,
AC1_air_0_col_1_relative_band_power_175_225,1408,digital_feats_updt.csv,0.015019982867472647,0.012046806381184058,0.010381023226779607,0.021874438794169015,47.148191110912585,30.32983315850384,22.52197573058358,0.29068856547331806,100.0,100.0,2,3,18,315,True,False,
AC1_water_0_col_resultant_175_225_spike_energy_ratio,1409,digital_feats_updt.csv,0.0008502691068110566,0.0006294760964822944,0.00057023514067804,0.0012018177173365196,50.05363192146373,27.433503963545053,22.512864114991224,0.29053679501589014,100.0,100.0,2,3,18,315,True,False,
GYR_air_1_col_1_wavelet_std_energy,1410,digital_feats_updt.csv,0.01712568978566107,0.017301974211484526,0.013118155833314526,0.02765381663923979,38.35182086040205,39.145438556921796,22.502740582676157,0.290368211106648,100.0,100.0,2,3,18,315,True,False,
GYR_air_0_col_2_contrast_time,1411,digital_feats_updt.csv,1.3854820216280517,0.9611073098458793,0.9078472181614705,1.9150650810918297,52.340120029450325,25.187014123061903,22.472865847487775,0.28987097347464064,100.0,100.0,2,3,18,315,True,False,
PRS_water_0_col_0_q05,1412,stats_features_2.csv,1.0430546308621436,1.320540480444968,0.905752459089555,1.911067147068246,29.789431676799925,47.747599708913356,22.46296861428672,0.28970632758098697,100.0,100.0,2,3,18,2,True,False,
CV1_air_0_col_0_spectral_entropy,1413,ctvt_singlefault_peaks_freq.csv,0.048806265242369036,0.021698211756595046,0.028730799766523506,0.06064917786389677,64.75917618571587,12.799648702974915,22.441175111309214,0.289343928863232,100.0,100.0,2,3,18,315,True,False,
VRY_water_2_col_0_peak_freq,1414,ctvt_singlefault_peaks_freq.csv,0.07127842693333297,0.053075601878322394,0.047766397934364165,0.10089233089021532,49.9114172544456,27.674102455232642,22.41448029032175,0.2889003047758885,100.0,100.0,2,3,18,39,True,False,
VRY_water_2_col_1_peak_freq,1415,ctvt_singlefault_peaks_freq.csv,0.07127842693333297,0.053075601878322394,0.047766397934364165,0.10089233089021532,49.9114172544456,27.674102455232642,22.41448029032175,0.2889003047758885,100.0,100.0,2,3,18,39,True,False,
CV1_water_3_col_0_peak_freq,1416,ctvt_singlefault_peaks_freq.csv,0.0860820494568011,0.06156216481877619,0.05687820036938274,0.12014636512652793,51.33386022836454,26.25466576914781,22.411474002487648,0.2888503643335898,100.0,100.0,2,3,18,52,True,False,
AC1_water_2_col_0_175_225_num_spikes,1417,digital_feats_updt.csv,14.793124793371527,7.123090700308998,8.823713973626452,18.63955178016528,62.98670825208779,14.60380479299167,22.40948695492054,0.28881735763109095,100.0,100.0,2,3,18,70,True,False,
CTR_water_3_col_0_mad,1418,stats_features_2.csv,17.391004205145098,11.307553244349537,11.147886484058835,23.54958939554225,54.53591971353169,23.055290790424863,22.408789496043447,0.2888057725932858,100.0,100.0,2,3,18,72,True,False,
GYR_air_1_col_1_band_power_175_225,1419,digital_feats_updt.csv,0.2624101530724647,0.19241777243050848,0.17484331364880026,0.3693966322400978,50.463271925890645,27.133417783447403,22.403310290661945,0.28871476830494114,100.0,100.0,2,3,18,315,True,False,
GYR_water_0_col_2_relative_band_power_75_125,1420,digital_feats_updt.csv,0.02311699059056553,0.01443070005105126,0.014629551340908304,0.030929987558419386,55.860279172479906,21.767838612719874,22.37188221480022,0.288193026613168,100.0,100.0,2,3,18,315,True,False,
AC1_water_0_col_0_75_125_spike_energy_ratio,1421,digital_feats_updt.csv,0.005128069426547395,0.00328339368105934,0.0032651170953138142,0.006909324117047995,55.08541943437225,22.58264378940429,22.33193677622346,0.28753049643945516,100.0,100.0,2,3,18,315,True,False,
VRY_air_1_col_0_cycle_count,1422,physics_features.csv,2.2749802151719627,1.1304979206954988,1.3617669397855643,2.882354892516474,62.29602598296925,15.38312717526642,22.32084684176435,0.28734668098525556,100.0,100.0,2,3,18,15,True,False,
CTR_water_3_col_0_spectral_centroid,1423,ctvt_singlefault_peaks_freq.csv,0.2306752664786637,0.2118174309399685,0.16787468614895948,0.3553302870072047,42.14418004121101,35.53521433501861,22.32060562377039,0.2873426833847798,100.0,100.0,2,3,18,315,True,False,
AC1_water_3_col_2_wavelet_entropy,1424,digital_feats_updt.csv,0.10970069156042232,0.14900015757802879,0.09911149362345743,0.20990087387951717,27.314310212415474,50.39007004536057,22.295619742223963,0.2869287377141496,100.0,100.0,2,3,18,315,True,False,
SMG_water_2_col_0_skew,1425,stats_features_2.csv,0.005405576601784401,0.0035864974378411667,0.0034704836884635617,0.007357137983026544,53.984147747041995,23.764202652116197,22.25164960084181,0.2862009224196059,100.0,100.0,2,3,18,315,True,False,
VRY_water_1_col_1_rms,1426,stats_features_2.csv,3.427190177242231,2.3571050526557875,2.2237816651468463,4.71664940762872,52.79699645533865,24.974148263510024,22.228855281151333,0.28582394359130386,100.0,100.0,2,3,18,315,True,False,
AC1_air_0_col_resultant_175_225_spike_energy_ratio,1427,digital_feats_updt.csv,0.0007078796216251023,0.0006303969611977463,0.000506406656778831,0.0010746820876098026,43.386917857870166,34.40869497856609,22.20438716356375,0.28541952886531063,100.0,100.0,2,3,18,315,True,False,
CTB_water_3_col_0_peak_freq,1428,ctvt_singlefault_peaks_freq.csv,0.14291100337913545,0.09889551116160436,0.09275338930218471,0.1969950969993642,52.628440673697725,25.20242463815701,22.169134688145274,0.28483731485339925,100.0,100.0,2,3,18,38,True,False,
GYR_air_0_col_0_band_peak_to_median_175_225,1429,digital_feats_updt.csv,4.292944288301634,4.6823114275397755,3.3899892903242566,7.200377653668198,35.546754443684506,42.287308198961924,22.16593735735357,0.2847845352634661,100.0,100.0,2,3,18,315,True,False,
SMG_water_1_col_0_kurt,1430,stats_features_2.csv,0.009558046120545761,0.030915312900994266,0.017259740087943554,0.03667439768165563,6.792228122733382,71.05936347958104,22.14840839768559,0.28449525490532357,100.0,100.0,2,3,18,315,True,False,
SMG_water_3_col_0_skew,1431,stats_features_2.csv,0.00645250201887823,0.004805585889697663,0.004291224801190667,0.009118280997054369,50.07608349016338,27.775810731016648,22.14810577881998,0.28449026193115373,100.0,100.0,2,3,18,315,True,False,
VRY_water_3_col_1_fft_kurt,1432,ctvt_singlefault_peaks_freq.csv,0.09741680150666694,0.07829090713041933,0.06661790713274994,0.14162430902158354,47.31426789573644,30.559556155225756,22.126175949037798,0.2841285402211401,100.0,100.0,2,3,18,315,True,False,
GYR_water_3_col_1_wavelet_max_energy,1433,digital_feats_updt.csv,55921.095046167124,37839.173683030975,35979.222005716496,76508.01495473318,53.42413094274133,24.46073032222368,22.115138735034975,0.28394656388741674,100.0,100.0,2,3,18,315,True,False,
VRY_air_1_col_0_peak_freq,1434,ctvt_singlefault_peaks_freq.csv,0.12462795105082783,0.07294177203316882,0.0768522057214559,0.16358144703700137,58.0447331360652,19.883119756381355,22.072147107553462,0.28323822982800145,100.0,100.0,2,3,18,67,True,False,
VRY_air_1_col_1_peak_freq,1435,ctvt_singlefault_peaks_freq.csv,0.12462795105082783,0.07294177203316882,0.0768522057214559,0.16358144703700137,58.0447331360652,19.883119756381355,22.072147107553462,0.28323822982800145,100.0,100.0,2,3,18,67,True,False,
CV1_water_3_col_0_spectral_centroid,1436,ctvt_singlefault_peaks_freq.csv,0.19583807042927667,0.17366004380297123,0.13926448401045693,0.29648770151527537,43.62956433059905,34.307292548079836,22.063143121321122,0.28308997828416294,100.0,100.0,2,3,18,315,True,False,
GYR_water_1_col_2_contrast_time,1437,digital_feats_updt.csv,1.6818414755395679,1.0117301544197803,1.0442425219534277,2.223202891969835,57.22844153786384,20.709575221944693,22.061983240191466,0.2830708832145765,100.0,100.0,2,3,18,315,True,False,
AC1_water_3_col_0_relative_band_power_175_225,1438,digital_feats_updt.csv,0.004086331771550799,0.005062360979549533,0.0034603460179760018,0.007368826270076773,30.751805101903727,47.19647733088285,22.051717567213426,0.2829019046856899,100.0,100.0,2,3,18,315,True,False,
CTB_air_0_col_0_gmean,1439,ctvt_singlefault_peaks_freq.csv,0.00037600420007149414,0.00018027975297089986,0.0002216733710110626,0.0004722489081173837,63.39331567321179,14.573101297113258,22.033583029674958,0.28260350912446325,100.0,100.0,2,3,18,315,True,False,
GYR_water_0_col_0_band_power_75_125,1440,digital_feats_updt.csv,0.2807372468796197,0.3117594108391195,0.2230238108246604,0.4751283534236379,34.91227722369321,43.054370961782375,22.033351814524416,0.2825997054805931,100.0,100.0,2,3,18,315,True,False,
CTB_water_0_col_0_gmean,1441,ctvt_singlefault_peaks_freq.csv,0.00017288492644398722,0.00011592968356099797,0.00011060258673227238,0.0002357155521257896,53.79448869225791,24.18871657613847,22.01679473160362,0.28232738902982984,100.0,100.0,2,3,18,315,True,False,
GYR_air_0_col_2_wavelet_entropy,1442,digital_feats_updt.csv,0.8267596828391411,0.5831153860188807,0.5373204748388305,1.1455428491598434,52.08778654850772,25.911128273845552,22.001085177646733,0.28206911888140224,100.0,100.0,2,3,18,315,True,False,
SMG_water_0_col_0_peak_to_median,1443,ctvt_singlefault_peaks_freq.csv,166.08272610093135,73.6810888737476,96.48134966501411,205.72074664437903,65.17675674941255,12.82790948627496,21.99533376431251,0.28197458980023865,100.0,100.0,2,3,18,315,True,False,
AC1_water_2_col_0_skew,1444,stats_features_2.csv,0.041473229721539884,0.04033122894133204,0.03071830190797456,0.06550000674475714,40.09156644254482,37.9140537946157,21.994379762839483,0.2819589113703597,100.0,100.0,2,3,18,315,True,False,
GYR_air_1_col_2_fft_mean,1445,digital_feats_updt.csv,0.0023061754749172246,0.0009595176896917976,0.0013259007842000936,0.002827920155782973,66.50440495561591,11.512554124650126,21.98304091973395,0.28177259379101377,100.0,100.0,2,3,18,315,True,False,
GYR_air_0_col_1_band_peak_to_median_75_125,1446,digital_feats_updt.csv,5.470460751443868,6.90995143347677,4.676454371138155,9.977103544187193,30.063452528613123,47.96683143529019,21.96971603609669,0.28155371120089534,100.0,100.0,2,3,18,315,True,False,
AC1_water_1_col_1_fft_entropy,1447,digital_feats_updt.csv,0.15087478090476145,0.1026676398599967,0.09681163430291506,0.20658251698506122,53.339160466594976,24.699037411332533,21.961802122072505,0.281423747847517,100.0,100.0,2,3,18,315,True,False,
VRY_water_3_col_1_cycle_count,1448,physics_features.csv,1.3216587657198493,0.9786015223998717,0.8722785797804441,1.861535052957975,50.40762601570858,27.635627944581717,21.9567460397097,0.28134072998649773,100.0,100.0,2,3,18,11,True,False,
GYR_air_1_col_0_wavelet_entropy,1449,digital_feats_updt.csv,0.10290171750985204,0.129244330857685,0.08760959853846376,0.1869981344329374,30.281033895403,47.76925377854658,21.949712326050424,0.2812252584864778,100.0,100.0,2,3,18,315,True,False,
VRY_water_3_col_0_cycle_count,1450,physics_features.csv,1.289550037963445,0.8291428176564825,0.8127217130346546,1.7352042229434659,55.2300206077545,22.832711764450703,21.937267627794792,0.2810210065822102,100.0,100.0,2,3,18,11,True,False,
VRY_air_1_col_0_peak_width_start,1451,ctvt_singlefault_peaks_freq.csv,0.12372001086187209,0.06899483445066716,0.07507958451920761,0.1603242722737688,59.54994220658385,18.519727802094174,21.930329991321976,0.28090716905661645,100.0,100.0,2,3,18,173,True,False,
VRY_air_1_col_1_peak_width_start,1452,ctvt_singlefault_peaks_freq.csv,0.12372001086187209,0.06899483445066716,0.07507958451920761,0.1603242722737688,59.54994220658385,18.519727802094174,21.930329991321976,0.28090716905661645,100.0,100.0,2,3,18,173,True,False,
CV1_water_3_col_0_rms,1453,stats_features_2.csv,4.355810644030723,2.6117028426669693,2.690465262343609,5.7474064962314735,57.437318266693396,20.649222050730135,21.913459682576466,0.28063043379176184,100.0,100.0,2,3,18,315,True,False,
AC1_water_3_col_resultant_band_peak_mag_75_125,1454,digital_feats_updt.csv,0.15279672663696128,0.20603946393058517,0.1358574020633206,0.29026941634138437,27.70929916493504,50.3846519894587,21.90604884560625,0.28050890653870786,100.0,100.0,2,3,18,229,True,False,
CTB_air_0_col_0_peak_width_start,1455,ctvt_singlefault_peaks_freq.csv,0.09003854059618877,0.07165312415883245,0.060885414822521355,0.13018503267473988,47.8337887557113,30.29340903454101,21.87280220974769,0.27996399241746117,100.0,100.0,2,3,18,115,True,False,
SMG_water_1_col_0_peak_to_median,1456,ctvt_singlefault_peaks_freq.csv,150.34720812087394,90.69682435422342,92.77687518496647,198.58938920992,57.3163670977632,20.857972082935017,21.825660819301778,0.2791921370624222,100.0,100.0,2,3,18,315,True,False,
GYR_water_3_col_0_wavelet_max_energy_ratio,1457,digital_feats_updt.csv,9.018414690754731e-07,6.587723428451376e-07,5.890928856840172e-07,1.2626675979866599e-06,51.0131722593307,27.2202834964608,21.76654424420851,0.278225524284055,100.0,100.0,2,3,18,315,True,False,
GYR_water_3_col_0_skew,1458,stats_features_2.csv,0.0539304615158936,0.048046893121830324,0.03809296140878484,0.08165826551469875,43.61822332966431,34.62025943177694,21.76151723855875,0.27814339530218507,100.0,100.0,2,3,18,315,True,False,
GYR_water_0_col_2_contrast_freq,1459,digital_feats_updt.csv,0.12498523182334778,0.08678337013885272,0.08020440020855432,0.17200409099613603,52.80072031892873,25.456311117666427,21.74296856340484,0.27784044659324025,100.0,100.0,2,3,18,315,True,False,
GYR_water_1_col_1_wavelet_max_energy_ratio,1460,digital_feats_updt.csv,4.8333209486462626e-06,2.9279062342032997e-06,2.9781097526314607e-06,6.387704126493961e-06,57.25345319315997,21.009936764783667,21.73661004205636,0.27773662824645023,100.0,100.0,2,3,18,315,True,False,
AC1_water_3_col_0_fft_entropy,1461,digital_feats_updt.csv,0.15421228712214943,0.1798202987911974,0.12456194965860512,0.2676423895042649,33.199241327725915,45.140631742236806,21.660126930037258,0.27648917570613524,100.0,100.0,2,3,18,315,True,False,
GYR_air_0_col_0_175_225_num_spikes,1462,digital_feats_updt.csv,6.799539366509162,4.480031970203632,4.28107910352716,9.199568486696068,54.62910321478391,23.715228452527516,21.65566833268858,0.2764165303579231,100.0,100.0,2,3,18,42,True,False,
CTR_water_3_col_0_std,1463,stats_features_2.csv,17.788932316725035,12.123138978830728,11.306307319243967,24.31561631680881,53.52161400746979,24.857623397886798,21.620762594643413,0.275848085671293,100.0,100.0,2,3,18,315,True,False,
SMG_water_2_col_0_mad,1464,stats_features_2.csv,9.147509021383707,24.603182272464238,13.777985059484667,29.64500584462377,9.521439502416143,68.87783497891607,21.60072551866777,0.27552200784474296,100.0,100.0,2,3,18,85,True,False,
AC1_water_2_col_2_band_peak_freq_75_125,1465,digital_feats_updt.csv,1.569165017762801,1.1580372946523132,1.023186647567178,2.2023260758879326,50.7661224928094,27.64915418294113,21.584723324249474,0.2752617122490422,100.0,100.0,2,3,18,246,True,False,
GYR_water_0_col_1_band_peak_to_median_175_225,1466,digital_feats_updt.csv,2.2059847914664577,2.2360588550383316,1.647885197689198,3.5470908824189733,38.67767822874529,39.739447868581784,21.582873902672915,0.2752316359552048,100.0,100.0,2,3,18,315,True,False,
GYR_air_0_col_2_wavelet_max_energy_ratio,1467,digital_feats_updt.csv,7.74445753668319e-06,5.079734861575748e-06,4.854733771936134e-06,1.0456996165141034e-05,54.84892349214073,23.597619385754985,21.553457122104298,0.27475343503222155,100.0,100.0,2,3,18,315,True,False,
GYR_water_1_col_2_wavelet_max_energy_ratio,1468,digital_feats_updt.csv,9.366679172257872e-06,5.406980640043716e-06,5.668340676973051e-06,1.2210659457541361e-05,58.842762205525524,19.607913860211866,21.549323934262617,0.2746862744204455,100.0,100.0,2,3,18,315,True,False,
GYR_water_3_col_0_wavelet_entropy,1469,digital_feats_updt.csv,0.119858104405545,0.14653902742519564,0.0991946904156017,0.21372701831322083,31.44966008276325,47.0097298708647,21.540610046372045,0.27454470470778886,100.0,100.0,2,3,18,315,True,False,
VRY_water_3_col_1_spectral_bandwidth,1470,ctvt_singlefault_peaks_freq.csv,0.33319742028436944,0.31279046266157506,0.23913842469223603,0.5157960649137265,41.729887277932946,36.77485388728113,21.495258834785925,0.27380841609997697,100.0,100.0,2,3,18,315,True,False,
GYR_water_0_col_1_fft_entropy,1471,digital_feats_updt.csv,0.2707164275548128,0.1713353546960774,0.16756683532808236,0.36155474304555807,56.0636145501747,22.456695465918035,21.479689983907278,0.27355584790107196,100.0,100.0,2,3,18,315,True,False,
GYR_air_1_col_0_175_225_num_spikes,1472,digital_feats_updt.csv,5.872895472811337,3.774266055706627,3.6495723249453302,7.877522684755279,55.58085426708472,22.955444012657747,21.463701720257546,0.2732965799305296,100.0,100.0,2,3,18,40,True,False,
SMG_water_2_col_0_std,1473,stats_features_2.csv,11.23474325410582,26.565925222622386,15.076484792642976,32.54640122382866,11.915721825546878,66.6260311787827,21.458246995670418,0.27320814948563144,100.0,100.0,2,3,18,315,True,False,
AC1_water_2_col_resultant_band_peak_to_median_175_225,1474,digital_feats_updt.csv,1.7651097852601507,1.8942218878390764,1.3526008389531896,2.921167257095465,36.51157747840554,42.048339792208175,21.440082729386276,0.27291376409590745,100.0,100.0,2,3,18,315,True,False,
AC1_air_0_col_1_band_peak_mag_75_125,1475,digital_feats_updt.csv,0.032198499450424,0.009048082617062116,0.017455261269950013,0.03772661278071957,72.84095586960315,5.751981568455893,21.407062561940954,0.27237895999004197,100.0,100.0,2,3,18,8,True,False,
VRY_water_3_col_0_gmean,1476,ctvt_singlefault_peaks_freq.csv,5.524693693007397e-05,2.545473887081468e-05,3.1735208832648874e-05,6.860970230797369e-05,64.84034825004996,13.76468326392152,21.394968486028525,0.2721831932886602,100.0,100.0,2,3,18,315,True,False,
AC1_air_1_col_resultant_75_125_spike_energy_ratio,1477,digital_feats_updt.csv,0.0008485558905224525,0.0005062371116170558,0.0005154266229204514,0.001114445026070785,57.975380109372665,20.63434362910779,21.390276261519546,0.2721072565104148,100.0,100.0,2,3,18,315,True,False,
AC1_water_2_col_1_contrast_time,1478,digital_feats_updt.csv,0.3585485506001447,0.19101550293664465,0.2118952122837233,0.4581959913490819,61.23410461572171,17.379395316769987,21.386500067508305,0.2720461509266688,100.0,100.0,2,3,18,315,True,False,
GYR_water_0_col_0_band_peak_mag_75_125,1479,digital_feats_updt.csv,0.10550417600872446,0.14381548182293613,0.09297676428728406,0.20114348775085003,27.512328429220194,51.12099857337291,21.366672997406894,0.27172540971975256,100.0,100.0,2,3,18,115,True,False,
CTB_air_1_col_0_rms,1480,stats_features_2.csv,0.9247011956940295,0.5948066953761407,0.5729604218215102,1.2398189186958457,55.62708728604977,23.016282467130868,21.356630246819368,0.2715630105099308,100.0,100.0,2,3,18,315,True,False,
GYR_air_1_col_1_wavelet_max_energy,1481,digital_feats_updt.csv,79978.92141840885,49049.11161566648,48870.0206074024,105786.20957244882,57.16009917574843,21.498302979125096,21.34159784512647,0.2713200021925971,100.0,100.0,2,3,18,315,True,False,
CTB_air_1_col_0_gmean,1482,ctvt_singlefault_peaks_freq.csv,0.00043732618893853976,0.00023402866534883907,0.0002582375771132515,0.0005592050231979223,61.16019243282535,17.514429031058594,21.32537853611606,0.2710579109161091,100.0,100.0,2,3,18,315,True,False,
SMG_water_2_col_0_cycle_count,1483,physics_features.csv,1.655407183259403,1.078721657774604,1.0264944797569528,2.226590279847264,55.275038420238424,23.471355905226265,21.253605674535308,0.2698994138917978,100.0,100.0,2,3,18,15,True,False,
AC1_water_2_col_resultant_contrast_time,1484,digital_feats_updt.csv,0.08492389277070038,0.08998554198507838,0.06426758517481711,0.1394266396133827,37.0995178803344,41.65373529558785,21.246746824077746,0.26978881464891225,100.0,100.0,2,3,18,315,True,False,
AC1_water_2_col_2_175_225_std_spike_interval,1485,digital_feats_updt.csv,229.5396953764287,146.35321758088463,141.36983391248683,306.7460936837266,55.99606645075264,22.763889460901765,21.240044088345595,0.2696807513728258,100.0,100.0,2,3,18,315,True,False,
AC1_air_1_col_2_spectral_centroid,1486,digital_feats_updt.csv,73.29221027262871,42.25677215646999,43.889713716268474,95.30839338603418,59.13618997845352,19.657593143361414,21.206216878185057,0.26913566068277633,100.0,100.0,2,3,18,315,True,False,
GYR_water_0_col_2_wavelet_max_energy,1487,digital_feats_updt.csv,332494.0905194743,174514.77174234908,194772.42239147273,423017.75649598776,61.780392998151044,17.019515468010848,21.200091533838126,0.269037007104416,100.0,100.0,2,3,18,315,True,False,
VRY_water_3_col_0_peak_freq,1488,ctvt_singlefault_peaks_freq.csv,0.07083983811817335,0.05421271213213267,0.046262720434826286,0.10048651712225569,49.698071048005524,29.10627856701312,21.19565038498135,0.26896548843468726,100.0,100.0,2,3,18,38,True,False,
GYR_air_0_col_0_wavelet_max_energy,1489,digital_feats_updt.csv,70493.99885340675,57132.29217748105,46984.24775630449,102181.32031356308,47.59499375777812,31.262253257931068,21.14275298429082,0.26811426703850016,100.0,100.0,2,3,18,315,True,False,
GYR_water_3_col_1_band_peak_mag_75_125,1490,digital_feats_updt.csv,0.11431334444182142,0.16444902601438585,0.10364859359579477,0.22550843405278856,25.696163301809005,53.17861629683844,21.125220401352557,0.2678323858253268,100.0,100.0,2,3,18,302,True,False,
AC1_air_0_col_2_spectral_centroid,1491,digital_feats_updt.csv,76.26414653066631,51.98790282121768,47.720563808923316,103.90483288105919,53.8727732385217,25.034164436134954,21.09306232534334,0.2673156879096325,100.0,100.0,2,3,18,315,True,False,
AC1_air_1_col_2_175_225_std_spike_interval,1492,digital_feats_updt.csv,457.76364094469426,258.2067512925909,271.72049562582316,591.650492374645,59.862124929393325,19.046041507906985,21.091833562699694,0.26729595319464267,100.0,100.0,2,3,18,315,True,False,
AC1_air_0_col_0_skew,1493,stats_features_2.csv,0.050701014269148595,0.07699207982573654,0.047625006702996596,0.10376181603689032,23.87581288014924,55.057561794125846,21.066625325724928,0.26689122836389617,100.0,100.0,2,3,18,315,True,False,
GYR_air_0_col_1_contrast_freq,1494,digital_feats_updt.csv,0.17333025751310585,0.18435743534857044,0.1306884892722322,0.28479909298682865,37.04004970347492,41.90290304858139,21.057047247943693,0.26673751758538317,100.0,100.0,2,3,18,315,True,False,
AC1_water_3_col_2_skew,1495,stats_features_2.csv,0.07452776523475925,0.10485520509699205,0.06636813346930678,0.14475403609923757,26.507870124083635,52.470913429391175,21.021216446525194,0.26616282880948894,100.0,100.0,2,3,18,315,True,False,
AC1_water_2_col_2_band_peak_to_median_175_225,1496,digital_feats_updt.csv,2.0578151471261728,2.663497225866238,1.7325088014684182,3.785552456261119,29.54977525626035,49.50464613197539,20.945578611764265,0.2649513872083215,100.0,100.0,2,3,18,315,True,False,
AC1_water_1_col_0_75_125_spike_energy_ratio,1497,digital_feats_updt.csv,0.005624634766981413,0.0031625567596911684,0.003321277748956373,0.007257352644450804,60.06648257436073,18.989791847639236,20.943725578000038,0.26492173747276626,100.0,100.0,2,3,18,315,True,False,
CTR_water_3_col_0_fft_kurt,1498,ctvt_singlefault_peaks_freq.csv,0.17797337421998247,0.16569858624716766,0.125106446617112,0.2734632816315863,42.35571588220602,36.71466447921343,20.929619638580547,0.2646960788972335,100.0,100.0,2,3,18,315,True,False,
AC1_water_0_col_2_relative_band_power_175_225,1499,digital_feats_updt.csv,0.010387163024260387,0.017012807519497623,0.01025210259490309,0.02241504813745569,21.474078873221814,57.60665063658831,20.91927049018987,0.2645305704671679,100.0,100.0,2,3,18,315,True,False,
GYR_air_0_col_1_wavelet_max_energy_ratio,1500,digital_feats_updt.csv,4.036921835340877e-06,3.331195278048922e-06,2.6909516798305564e-06,5.885135582833269e-06,47.053045215472,32.0396113365152,20.907343448012824,0.26433988134246744,100.0,100.0,2,3,18,315,True,False,
PRS_water_1_col_0_q95,1501,stats_features_2.csv,4.701260666231117,3.0377663984180927,2.877775394441077,6.293764196731585,55.79659906443795,23.296346265993837,20.907054669568225,0.26433526507608807,100.0,100.0,2,3,18,5,True,False,
CTR_water_3_col_0_q05,1502,stats_features_2.csv,24.95389389400483,18.636192482649,15.996814433900765,35.01289137955119,50.794968490253815,28.330772836421524,20.874258673324658,0.2638112240508943,100.0,100.0,2,3,18,83,True,False,
VRY_air_0_col_0_peak_width_start,1503,ctvt_singlefault_peaks_freq.csv,0.12352891309206482,0.06786164237027008,0.07237285289945398,0.15843744731503137,60.78851961497017,18.345648112006415,20.86583227302343,0.26367665033153986,100.0,100.0,2,3,18,170,True,False,
VRY_air_0_col_1_peak_width_start,1504,ctvt_singlefault_peaks_freq.csv,0.12325593885940063,0.06885548992215862,0.07249574878099105,0.15870960445999907,60.31277205586548,18.822214869609997,20.86501307452452,0.2636635688608115,100.0,100.0,2,3,18,170,True,False,
AC1_water_2_col_0_relative_band_power_75_125,1505,digital_feats_updt.csv,0.010187986896024692,0.016296858829050163,0.009860659276718142,0.021601279731976265,22.24425133394087,56.9178969546999,20.837851711359225,0.2632299926396681,100.0,100.0,2,3,18,315,True,False,
VRY_water_3_col_1_peak_freq,1506,ctvt_singlefault_peaks_freq.csv,0.07039929291112795,0.053809502889043084,0.04545903356603468,0.09958939088231535,49.97012571290162,29.193879263423046,20.835995023675338,0.2632003652405749,100.0,100.0,2,3,18,38,True,False,
GYR_water_3_col_1_band_power_175_225,1507,digital_feats_updt.csv,0.06830830965655348,0.0608709686701279,0.046925219584664175,0.10282643739838622,44.13036288373486,35.043772118730175,20.82586499753496,0.2630387436109856,100.0,100.0,2,3,18,315,True,False,
GYR_water_3_col_1_wavelet_max_energy_ratio,1508,digital_feats_updt.csv,3.2835087100668923e-06,2.656112176736776e-06,2.16575560690345e-06,4.746246800718253e-06,47.86033239635967,31.317868112249595,20.82179949139074,0.26297389126855353,100.0,100.0,2,3,18,315,True,False,
AC1_water_1_col_2_75_125_mean_spike_interval,1509,digital_feats_updt.csv,243.26096162507983,187.7484679533432,157.57525916130456,345.3336719309868,49.62116831406861,29.557993587533115,20.82083809839827,0.26295855624580794,100.0,100.0,2,3,18,315,True,False,
AC1_water_1_col_0_band_peak_to_median_175_225,1510,digital_feats_updt.csv,1.7787790070360299,2.098059153844717,1.4093912368922246,3.090678020682887,33.123518528136294,46.08164035905985,20.794841112803862,0.2625440237096152,100.0,100.0,2,3,18,315,True,False,
AC1_water_2_col_2_wavelet_max_energy,1511,digital_feats_updt.csv,8175666.209768687,8810987.708147855,6150554.2261999445,13502012.429860674,36.66479805123635,42.58456191420114,20.750640034562498,0.2618398437995252,100.0,100.0,2,3,18,315,True,False,
AC1_water_1_col_resultant_band_power_75_125,1512,digital_feats_updt.csv,0.4774082034027378,0.49009953992091054,0.35005337415190546,0.7685398600346321,38.58752827570326,40.66640633402888,20.74606539026787,0.2617670086971344,100.0,100.0,2,3,18,315,True,False,
AC1_air_1_col_resultant_175_225_num_spikes,1513,digital_feats_updt.csv,4.675273753565869,3.159913442863953,2.8866194025897687,6.338439020183276,54.4063333114807,24.853396016390093,20.740270672129206,0.2616747602850584,100.0,100.0,2,3,18,33,True,False,
AC1_water_1_col_2_75_125_num_spikes,1514,digital_feats_updt.csv,5.826370844893261,3.8284709298222217,3.5608967609936997,7.828395277780208,55.39247302846222,23.916918023538237,20.690608947999543,0.2608847284482794,100.0,100.0,2,3,18,37,True,False,
AC1_water_0_col_0_fft_std,1515,digital_feats_updt.csv,0.0077006086671762095,0.010708418864247182,0.006734138103719915,0.014809396490644942,27.038051216485513,52.28486363908854,20.677085144425945,0.26066975957796584,100.0,100.0,2,3,18,315,True,False,
PRS_water_2_col_0_q05,1516,stats_features_2.csv,2.731503452516784,3.2796510654505786,2.1784083554198417,4.791939605753103,32.49232853623227,46.841695665673356,20.665975798094383,0.26049322476695924,100.0,100.0,2,3,18,5,True,False,
CV1_air_1_col_0_skew,1517,stats_features_2.csv,0.00559477949582463,0.0031040113661917755,0.0032652428127986494,0.007183192521078679,60.66398511215789,18.67289232891586,20.663122558926258,0.2604478929016771,100.0,100.0,2,3,18,315,True,False,
AC1_water_3_col_resultant_band_peak_to_median_75_125,1518,digital_feats_updt.csv,3.451991343237438,3.8689774835393904,2.6460383262191316,5.821232672359141,35.16490750828579,44.17356885836195,20.661523633352253,0.2604224908210857,100.0,100.0,2,3,18,315,True,False,
CTB_water_2_col_0_peak_width_end,1519,ctvt_singlefault_peaks_freq.csv,0.0613050718863503,0.0622956705789084,0.044598338565616506,0.09812275074965952,39.034928015618384,40.30661258259663,20.658459401784985,0.26037381233116297,100.0,100.0,2,3,18,174,True,False,
GYR_air_1_col_0_band_peak_freq_75_125,1520,digital_feats_updt.csv,0.2797108597738541,0.20546287351393147,0.17697439131060105,0.3895806625691119,51.54943060756616,27.814543181621723,20.636026210812126,0.2600175523673623,100.0,100.0,2,3,18,166,True,False,
VRY_air_0_col_0_peak_freq,1521,ctvt_singlefault_peaks_freq.csv,0.125830153054407,0.0781472900273235,0.07547653039754255,0.16624359535681751,57.2901031359804,22.097238283429984,20.612658580589613,0.2596466667360871,100.0,100.0,2,3,18,65,True,False,
VRY_air_0_col_1_peak_freq,1522,ctvt_singlefault_peaks_freq.csv,0.125830153054407,0.0781472900273235,0.07547653039754255,0.16624359535681751,57.2901031359804,22.097238283429984,20.612658580589613,0.2596466667360871,100.0,100.0,2,3,18,65,True,False,
AC1_water_2_col_1_wavelet_max_energy_ratio,1523,digital_feats_updt.csv,2.130438772440965e-06,1.1630701651236541e-06,1.2366831037840465e-06,2.7241304431516256e-06,61.16208970917099,18.228714019194058,20.609196271634953,0.2595917323390394,100.0,100.0,2,3,18,315,True,False,
CTR_water_3_col_0_fft_skew,1524,ctvt_singlefault_peaks_freq.csv,0.02462138232988126,0.02420640868906792,0.017580874257794313,0.03874596532704724,40.380518690058466,39.030826865359344,20.588654444582197,0.2592659059052746,100.0,100.0,2,3,18,315,True,False,
AC1_water_0_col_resultant_band_peak_freq_75_125,1525,digital_feats_updt.csv,4.595459252526217,4.340923809054753,3.217085603526063,7.093060343607821,41.97498310903707,37.45389747685497,20.571119414107955,0.2589879054365239,100.0,100.0,2,3,18,249,True,False,
AC1_water_0_col_1_wavelet_entropy,1526,digital_feats_updt.csv,0.12652983553497424,0.10601570005413839,0.08386520925521211,0.1851553435953097,46.69962427246083,32.78444758772849,20.515928139810683,0.2581137032825612,100.0,100.0,2,3,18,315,True,False,
AC1_water_1_col_2_spectral_centroid,1527,digital_feats_updt.csv,66.18160527076503,44.97044674953633,40.603616476233164,89.72736276085055,54.403242809415254,25.11913022347173,20.477626967113018,0.2575077451303467,100.0,100.0,2,3,18,315,True,False,
GYR_air_1_col_0_175_225_mean_spike_interval,1528,digital_feats_updt.csv,482.1295992426184,193.4653848446107,263.5078063124794,582.506797888691,68.50552417221282,11.030737436836612,20.463738390950567,0.2572881598526408,100.0,100.0,2,3,18,315,True,False,
GYR_air_1_col_2_contrast_freq,1529,digital_feats_updt.csv,0.10133569398012529,0.08472693874413426,0.06699850509698364,0.14810934038276055,46.81230182557932,32.72488544624858,20.46281272817211,0.2572735273908793,100.0,100.0,2,3,18,315,True,False,
CTR_water_2_col_0_peak_width_start,1530,ctvt_singlefault_peaks_freq.csv,0.06083802367438847,0.04931408224034098,0.03970741980366777,0.08780559788121298,48.00713473384518,31.542600927758787,20.450264338396018,0.2570752016749527,100.0,100.0,2,3,18,209,True,False,
SMG_water_1_col_0_peak_width_start,1531,ctvt_singlefault_peaks_freq.csv,0.13206129704865227,0.08646763570509784,0.08002841330249029,0.17697848778401315,55.68140138488779,23.870757922781547,20.447840692330658,0.2570369034641572,100.0,100.0,2,3,18,206,True,False,
AC1_water_2_col_resultant_band_peak_mag_75_125,1532,digital_feats_updt.csv,0.14019971138789353,0.17069704591455367,0.1117888224798793,0.24756853876985632,32.07032289333579,47.540210884993286,20.38946622167092,0.25611518041625253,100.0,100.0,2,3,18,172,True,False,
GYR_air_0_col_2_skew,1533,stats_features_2.csv,0.016613776554110886,0.020229182656007098,0.013243930860897729,0.029336651256887898,32.07123277981642,47.54836581521844,20.380401404965152,0.25597216972450415,100.0,100.0,2,3,18,315,True,False,
SMG_air_1_col_0_peak_to_median,1534,ctvt_singlefault_peaks_freq.csv,114.64452117765391,60.606871534898744,65.59379641906405,145.3241385385335,62.234484299721494,17.3927485807899,20.37276711948859,0.2558517530059089,100.0,100.0,2,3,18,315,True,False,
SMG_air_0_col_0_cycle_count,1535,physics_features.csv,2.354180569171229,1.7622948712703839,1.487380752278357,3.2954743008886296,51.032128556214055,28.597054047464233,20.370817396321716,0.25582100343424513,100.0,100.0,2,3,18,19,True,False,
GYR_air_0_col_1_relative_band_power_175_225,1536,digital_feats_updt.csv,0.01424793888586955,0.012619832237208781,0.009623238071771222,0.02132769652767862,44.628899957772376,35.012188516614344,20.35891152561328,0.2556332656372582,100.0,100.0,2,3,18,315,True,False,
CTR_water_3_col_0_q95,1537,stats_features_2.csv,25.402615211192366,18.458261060806656,15.868971164658404,35.18273023489725,52.13120729413551,27.52469348621631,20.344099219648186,0.25539977604102776,100.0,100.0,2,3,18,88,True,False,
SMG_air_1_col_0_spectral_bandwidth,1538,ctvt_singlefault_peaks_freq.csv,0.14797418057218892,0.09373257464599483,0.08838885227615834,0.19620077184474657,56.88142453256333,22.823364683517042,20.295210783919636,0.2546297529110722,100.0,100.0,2,3,18,315,True,False,
GYR_water_1_col_2_75_125_spike_energy_ratio,1539,digital_feats_updt.csv,0.008512341423129201,0.004336311034423847,0.0048188652819351144,0.010699766936556464,63.292089439267166,16.424502192214923,20.283408368517904,0.25444399908973875,100.0,100.0,2,3,18,315,True,False,
AC1_water_1_col_1_relative_band_power_175_225,1540,digital_feats_updt.csv,0.005757315007522115,0.004234148712263682,0.0036007459877056567,0.008002503550850944,51.75928083286966,27.994999465852054,20.24571970127828,0.25385119927667094,100.0,100.0,2,3,18,315,True,False,
SMG_water_3_col_0_hmean,1541,ctvt_singlefault_peaks_freq.csv,0.0001641313692269425,0.00011618102658313888,0.0001013049072016983,0.00022516620866677055,53.134519124158935,26.623428903311392,20.242051972529666,0.2537935399937555,100.0,100.0,2,3,18,315,True,False,
AC1_water_3_col_2_175_225_std_spike_interval,1542,digital_feats_updt.csv,214.67960317613304,126.64091850625574,125.53067250643359,279.07562415927254,59.174930733369024,20.59227332266822,20.232795943962753,0.25364805227157033,100.0,100.0,2,3,18,315,True,False,
GYR_water_3_col_2_band_peak_to_median_75_125,1543,digital_feats_updt.csv,1.751885964555171,1.0673398578917177,1.033007734668399,2.2968290717714392,58.17740067765071,21.594746103577098,20.227853218772196,0.2535703755628684,100.0,100.0,2,3,18,315,True,False,
AC1_air_1_col_1_spectral_centroid,1544,digital_feats_updt.csv,82.16019536451657,46.051350569125994,47.40242885616978,105.441997577058,60.71495488683943,19.074690196700107,20.21035491646047,0.2532954607743936,100.0,100.0,2,3,18,315,True,False,
CTR_water_3_col_0_peak_magn_raw,1545,ctvt_singlefault_peaks_freq.csv,421450.18876126123,287997.2300987547,256776.44783739874,571398.993974832,54.40183670869312,25.40374114663446,20.194422144672412,0.25304524680318813,100.0,100.0,2,3,18,315,True,False,
SMG_water_2_col_0_spectral_entropy,1546,ctvt_singlefault_peaks_freq.csv,0.037436529423325926,0.023848918217822826,0.022325763001499455,0.049686057692506364,56.770416723745704,23.039247490017505,20.190335786236794,0.2529810892595506,100.0,100.0,2,3,18,315,True,False,
CV1_air_1_col_0_hmean,1547,ctvt_singlefault_peaks_freq.csv,0.00018022581475533278,8.493766373239483e-05,0.00010012487077064563,0.0002229814807812061,65.32755506112788,14.5098536513965,20.162591287475635,0.2525456626489013,100.0,100.0,2,3,18,315,True,False,
GYR_water_1_col_0_75_125_mean_spike_interval,1548,digital_feats_updt.csv,357.10226093174055,187.83428701152874,202.68137628444427,451.5345883011032,62.54652019395823,17.30484422285511,20.148635583186653,0.25232675396770293,100.0,100.0,2,3,18,312,True,False,
SMG_water_2_col_0_peak_magn_raw,1549,ctvt_singlefault_peaks_freq.csv,273879.37333665113,642076.4660257214,350286.2803600141,781007.4119826332,12.297259564991837,67.58700364288832,20.115736792119836,0.2518110073791796,100.0,100.0,2,3,18,315,True,False,
CTB_water_3_col_0_peak_to_median,1550,ctvt_singlefault_peaks_freq.csv,272.95832573587444,196.8470271861407,168.43044732856316,376.3293973208216,52.60855841024796,27.360336277668917,20.031105312083128,0.2504862095475453,100.0,100.0,2,3,18,315,True,False,
GYR_air_1_col_2_band_peak_mag_75_125,1551,digital_feats_updt.csv,0.21225315742717987,0.133100306337955,0.12535137591175025,0.28014293106918403,57.404902326051115,22.57349336201632,20.02160431193257,0.2503376585599571,100.0,100.0,2,3,18,284,True,False,
GYR_water_2_col_0_fft_kurtosis,1552,digital_feats_updt.csv,728.7156747809288,1011.785694165151,623.4951945429743,1394.088621001858,27.32344517222137,52.67400060041036,20.002554227368268,0.25003991107690376,100.0,100.0,2,3,18,315,True,False,
AC1_water_3_col_0_175_225_spike_energy_ratio,1553,digital_feats_updt.csv,0.0021904761665620777,0.0011414088928053529,0.001233993494438275,0.0027611121022456915,62.937427173102094,17.08891244376176,19.97366038313615,0.24958857894491432,100.0,100.0,2,3,18,315,True,False,
VRY_air_0_col_1_cycle_count,1554,physics_features.csv,2.9992531649270795,1.626489799296437,1.7032295054870117,3.813394729489985,61.85897616024368,18.19194623507865,19.949077604677665,0.24920484371387286,100.0,100.0,2,3,18,21,True,False,
VRY_water_2_col_0_cycle_count,1555,physics_features.csv,1.6243439638072972,0.9053711942149085,0.9276785968565245,2.0781669545869077,61.09351717697516,18.97983688849358,19.926645934531262,0.24885489270549407,100.0,100.0,2,3,18,13,True,False,
AC1_air_0_col_1_wavelet_entropy,1556,digital_feats_updt.csv,0.10836638829583867,0.0638601895546177,0.06272364412864319,0.14055480587661476,59.442600261368256,20.64281912637472,19.914580612257026,0.24866674563865668,100.0,100.0,2,3,18,315,True,False,
GYR_water_1_col_0_band_peak_to_median_175_225,1557,digital_feats_updt.csv,3.8514321218101473,4.413565374355853,2.920352854554978,6.545345636231241,34.62416640578444,45.46884868098539,19.906984913230158,0.24854832711271588,100.0,100.0,2,3,18,315,True,False,
GYR_water_2_col_2_band_peak_mag_75_125,1558,digital_feats_updt.csv,0.15456880621093816,0.14434152154684618,0.1053775990856515,0.2362846357362017,42.79300060027299,37.317418447103044,19.889580952623955,0.24827708042397792,100.0,100.0,2,3,18,303,True,False,
GYR_water_0_col_0_175_225_std_spike_interval,1559,digital_feats_updt.csv,436.8536883287485,299.85961868254736,263.86935393404997,591.9324048136298,54.46628850879156,25.662073078560212,19.871638412648245,0.24799756314729113,100.0,100.0,2,3,18,314,True,False,
CTB_air_0_col_0_spectral_bandwidth,1560,ctvt_singlefault_peaks_freq.csv,0.22618734882666752,0.10838027760684953,0.1248974796952175,0.28018990306146224,65.16758970522265,14.962203464445684,19.87020683033167,0.24797526668087266,100.0,100.0,2,3,18,315,True,False,
VRY_air_0_col_0_peak_magn_raw,1561,ctvt_singlefault_peaks_freq.csv,279276.2533098261,114909.77819005538,150373.78085417187,337359.9809622362,68.53002526863906,11.601839300425489,19.868135430935453,0.24794300666511235,100.0,100.0,2,3,18,315,True,False,
GYR_water_1_col_2_band_power_75_125,1562,digital_feats_updt.csv,0.37735530484037616,0.23348960769484756,0.22091870626348992,0.49570101651076043,57.95104881118382,22.186842068417246,19.862109120398934,0.24784916226756842,100.0,100.0,2,3,18,315,True,False,
AC1_water_1_col_resultant_band_peak_mag_75_125,1563,digital_feats_updt.csv,0.14125338560116993,0.17407227704973918,0.11159496622167864,0.250413883535022,31.818589579216017,48.32172325468303,19.859687166100954,0.24781145049012568,100.0,100.0,2,3,18,187,True,False,
AC1_water_2_col_0_75_125_spike_energy_ratio,1564,digital_feats_updt.csv,0.005065245318649649,0.002716472877972863,0.002861000765422948,0.006420378525804771,62.24144987329297,17.901502337725354,19.85704778898167,0.24777035585983387,100.0,100.0,2,3,18,315,True,False,
GYR_water_1_col_2_fft_std,1565,digital_feats_updt.csv,0.005361516199490985,0.0037146256839612492,0.0032464519675855685,0.007285859613469713,54.15189354756507,25.993724806734082,19.85438164570085,0.24772884723317912,100.0,100.0,2,3,18,315,True,False,
GYR_air_0_col_0_175_225_spike_energy_ratio,1566,digital_feats_updt.csv,0.0012756348410943405,0.0009886339962307182,0.0008032556734929597,0.0018027371143113271,50.07119369359071,30.075044669015927,19.853761637393383,0.24771919484940466,100.0,100.0,2,3,18,315,True,False,
GYR_water_3_col_1_band_peak_freq_175_225,1567,digital_feats_updt.csv,9.3967554794712,7.662385391758716,6.032811525718057,13.54274633660566,48.14402144428227,32.012124372385344,19.843854183332372,0.2475649743529217,100.0,100.0,2,3,18,285,True,False,
CV1_air_0_col_0_gmean,1568,ctvt_singlefault_peaks_freq.csv,0.00018571349265285463,9.037598684550854e-05,0.00010270256868401587,0.00023066238957818072,64.82362920554046,15.351560602158184,19.824810192301364,0.24726864058384465,100.0,100.0,2,3,18,315,True,False,
AC1_air_1_col_0_contrast_time,1569,digital_feats_updt.csv,0.2445332756308749,0.20121294714828497,0.15744534704663155,0.353655496631253,47.809599549358516,32.37062014319289,19.819780307448596,0.2471903966270851,100.0,100.0,2,3,18,315,True,False,
VRY_water_1_col_0_spectral_bandwidth,1570,ctvt_singlefault_peaks_freq.csv,0.0687894318931049,0.044591684642984304,0.04075774190072918,0.09155106664764716,56.456848093284655,23.723619120378732,19.819532786336612,0.24718654648796068,100.0,100.0,2,3,18,315,True,False,
AC1_water_1_col_0_relative_band_power_75_125,1571,digital_feats_updt.csv,0.01739067581768335,0.01578145481778651,0.011672512020840936,0.026224748968069637,43.97544465333244,36.2135743967466,19.81098094992096,0.2470535390581191,100.0,100.0,2,3,18,315,True,False,
AC1_air_0_col_resultant_75_125_spike_energy_ratio,1572,digital_feats_updt.csv,0.0007604788432773759,0.0004256607847805398,0.00043263272111445896,0.0009729780296344731,61.08972993149589,19.13908694000524,19.771183128498865,0.24643493322561982,100.0,100.0,2,3,18,315,True,False,
AC1_air_1_col_resultant_band_power_75_125,1573,digital_feats_updt.csv,0.381233757370957,0.40767545138283945,0.27695644486533644,0.6230917458704021,37.435074567977615,42.8080184471836,19.756906984838796,0.24621317851127583,100.0,100.0,2,3,18,315,True,False,
GYR_water_0_col_0_wavelet_max_energy_ratio,1574,digital_feats_updt.csv,8.732771506697236e-07,3.825503042651388e-07,4.729029078940748e-07,1.0642344090799983e-06,67.333253668378,12.921189933356874,19.745556398265137,0.24603692346623277,100.0,100.0,2,3,18,315,True,False,
GYR_water_2_col_1_band_peak_to_median_175_225,1575,digital_feats_updt.csv,1.9001855440398099,1.7904489015907512,1.29268901485588,2.9133240911567775,42.541658722051395,37.76993710792831,19.68840417002029,0.24515020485585673,100.0,100.0,2,3,18,315,True,False,
CV1_water_0_col_0_gmean,1576,ctvt_singlefault_peaks_freq.csv,0.0001118399036606694,6.342081119290438e-05,6.364209394336547e-05,0.0001434596788811755,60.77624440090965,19.5435690025048,19.680186596585553,0.24502281271172546,100.0,100.0,2,3,18,315,True,False,
CTR_water_2_col_0_rms,1577,stats_features_2.csv,2.2426885037717317,0.9609601119107811,1.2044274660507348,2.7209817313996916,67.93391785530454,12.472671099872946,19.593411044822517,0.24367917230943387,100.0,100.0,2,3,18,315,True,False,
GYR_air_0_col_0_wavelet_max_energy_ratio,1578,digital_feats_updt.csv,1.060416552974076e-06,4.6033679546323144e-07,5.705981036166937e-07,1.289176259062253e-06,67.65943994122335,12.750487270971835,19.59007278780482,0.24362754036710207,100.0,100.0,2,3,18,315,True,False,
CV1_air_1_col_0_cycle_count,1579,physics_features.csv,1.5361251757443322,0.5619110085071128,0.8064630531125805,1.8236795752194794,70.95061194378665,9.49375484361034,19.555633212603006,0.24309512267385683,100.0,100.0,2,3,18,10,True,False,
AC1_air_0_col_1_spectral_centroid,1580,digital_feats_updt.csv,85.64262608103924,51.331099857521046,49.228431620922066,111.32376069148626,59.1839862798662,21.26108391634948,19.55492980378431,0.2430842530945323,100.0,100.0,2,3,18,315,True,False,
AC1_water_3_col_0_75_125_spike_energy_ratio,1581,digital_feats_updt.csv,0.005699539937573808,0.0034316458223129973,0.0032785506226183174,0.0074168620544586145,59.05262383055014,21.407429042391886,19.539947127057967,0.24285277512698564,100.0,100.0,2,3,18,315,True,False,
GYR_air_1_col_1_band_peak_mag_75_125,1582,digital_feats_updt.csv,0.13276649867024215,0.19180684800647252,0.11468942407981236,0.25994321323529973,26.086753722074604,54.44666095411697,19.466585323808427,0.24172060010220098,100.0,100.0,2,3,18,302,True,False,
GYR_water_1_col_1_spectral_centroid,1583,digital_feats_updt.csv,136.42005039562082,77.88191562724893,77.13995288440249,175.00455783413608,60.76558621779364,19.80498560071066,19.429428181495705,0.24114794946798968,100.0,100.0,2,3,18,315,True,False,
GYR_water_1_col_0_skew,1584,stats_features_2.csv,0.056250178110776004,0.049046664500611604,0.03664639802698965,0.08314214529636657,45.77257566412188,34.79978036848114,19.42764396739697,0.24112046518207456,100.0,100.0,2,3,18,315,True,False,
CV1_air_0_col_0_peak_to_median,1585,ctvt_singlefault_peaks_freq.csv,241.78293411184856,125.75022216925962,133.7648609925244,303.58712693344233,63.428520717405014,17.157373982333084,19.41410530026189,0.24091195329652382,100.0,100.0,2,3,18,315,True,False,
AC1_air_1_col_0_wavelet_entropy,1586,digital_feats_updt.csv,0.20618510020472477,0.4837275861879936,0.2578694562002248,0.5856631537212281,12.394207215668992,68.21908763267133,19.38670515165968,0.2404901721004252,100.0,100.0,2,3,18,315,True,False,
GYR_air_0_col_1_wavelet_entropy,1587,digital_feats_updt.csv,0.46230082637295056,0.3415330578198397,0.28165779707451216,0.6400765565944045,52.16575500759532,28.470929823254583,19.363315169150095,0.24013034774145497,100.0,100.0,2,3,18,315,True,False,
AC1_water_2_col_2_175_225_num_spikes,1588,digital_feats_updt.csv,6.0725263808476395,4.113460000067296,3.590138033539998,8.166101941447621,55.297974781206,25.373767889186485,19.328257329607503,0.2395914193719433,100.0,100.0,2,3,18,40,True,False,
AC1_air_0_col_2_75_125_num_spikes,1589,digital_feats_updt.csv,10.86379326548634,6.236863926624648,6.131187580036534,13.946753632872863,60.675969813769086,19.997986889626855,19.326043296604055,0.23955739976480583,100.0,100.0,2,3,18,56,True,False,
GYR_water_0_col_2_75_125_spike_energy_ratio,1590,digital_feats_updt.csv,0.008255467570266658,0.004153301410447754,0.0045227221599719435,0.01028871581617711,64.38148768837318,16.295382368954396,19.323129942672423,0.23951263762391553,100.0,100.0,2,3,18,315,True,False,
VRY_water_3_col_1_fft_skew,1591,ctvt_singlefault_peaks_freq.csv,0.009055821019546302,0.007500979845231437,0.005750949131161543,0.013089920125265568,47.86098892603812,32.836888938602165,19.302122135359717,0.23918995946506055,100.0,100.0,2,3,18,315,True,False,
GYR_air_0_col_2_band_peak_mag_175_225,1592,digital_feats_updt.csv,0.04645582730601246,0.03544924124064661,0.028571608468275157,0.06504713218650017,51.00633149590743,29.700077309103627,19.293591194988934,0.23905897289523548,100.0,100.0,2,3,18,315,True,False,
GYR_water_1_col_2_band_peak_freq_75_125,1593,digital_feats_updt.csv,6.039000820015229,3.217610588945972,3.3455598647974325,7.616778821469431,62.86189776432578,17.845317358878063,19.29278487679615,0.23904659388066724,100.0,100.0,2,3,18,257,True,False,
AC1_water_1_col_2_75_125_std_spike_interval,1594,digital_feats_updt.csv,220.2650484165296,161.09554457977737,133.3927066752452,303.7467369891225,52.58573341526612,28.128321427749036,19.285945156984848,0.23894159690645028,100.0,100.0,2,3,18,315,True,False,
AC1_water_0_col_0_kurt,1595,stats_features_2.csv,0.11254109835064167,0.12030578487196698,0.08049946570606145,0.18335524173197276,37.6734712975863,43.05130905463314,19.27521964778055,0.238776984758319,100.0,100.0,2,3,18,315,True,False,
CTR_air_0_col_0_spectral_bandwidth,1596,ctvt_singlefault_peaks_freq.csv,0.18910102049299618,0.09508395889171727,0.10321610269091813,0.23548613344466063,64.48475696040735,16.303612082773697,19.21163095681894,0.23780194085302556,100.0,100.0,2,3,18,315,True,False,
SMG_water_2_col_0_peak_freq,1597,ctvt_singlefault_peaks_freq.csv,0.05874065988271487,0.061175764284579756,0.0413441338935461,0.09435187685820945,38.75935620352659,42.039517259844494,19.20112653662892,0.2376410179200512,100.0,100.0,2,3,18,34,True,False,
GYR_water_1_col_1_fft_entropy,1598,digital_feats_updt.csv,0.2483406036631414,0.180550371732776,0.1495902324274563,0.3415387676359998,52.870747529274034,27.945813717136417,19.183438753589556,0.23737014366522072,100.0,100.0,2,3,18,315,True,False,
CTR_air_0_col_0_rms,1599,stats_features_2.csv,2.1257831740473554,0.9993241316401585,1.1443071031930392,2.6128608017954673,66.19198165149872,14.627840037347667,19.18017831115361,0.23732022553819354,100.0,100.0,2,3,18,315,True,False,
CV1_water_1_col_0_cycle_count,1600,physics_features.csv,1.6849697155696393,0.9968931590233454,0.9536380740732874,2.1776924689259007,59.867496948873956,20.95579460259151,19.176708448534537,0.23726710556354258,100.0,100.0,2,3,18,13,True,False,
GYR_water_1_col_1_wavelet_max_energy,1601,digital_feats_updt.csv,112082.29497759741,51892.764506255575,60140.13239029824,137375.89082320614,66.56608059897418,14.268968264350177,19.164951136675658,0.23708714729769875,100.0,100.0,2,3,18,315,True,False,
GYR_water_1_col_1_rank_175_225,1602,digital_feats_updt.csv,0.2542235819699456,0.21609611487529692,0.1622458971393297,0.3710133308014324,46.95184234784126,33.92461197339245,19.123545678766288,0.2364538089517296,100.0,100.0,2,3,18,2,True,False,
GYR_water_1_col_1_rank_75_125,1603,digital_feats_updt.csv,0.2542235819699456,0.21609611487529695,0.1622458971393297,0.3710133308014324,46.95184234784126,33.92461197339246,19.123545678766288,0.2364538089517296,100.0,100.0,2,3,18,2,True,False,
AC1_water_3_col_0_skew,1604,stats_features_2.csv,0.04905962708977205,0.048618862254466044,0.033573026515040495,0.07679706300690053,40.809311023365495,40.079321461219514,19.111367515414987,0.23626765502627398,100.0,100.0,2,3,18,315,True,False,
AC1_water_2_col_2_rank_75_125,1605,digital_feats_updt.csv,0.08606629658238704,0.03849001794597506,0.0458122847290851,0.1048220125784067,67.41573033707867,13.483146067415737,19.101123595505605,0.2361111111111109,100.0,100.0,2,3,18,2,True,False,
AC1_water_2_col_2_rank_175_225,1606,digital_feats_updt.csv,0.08606629658238704,0.03849001794597505,0.04581228472908506,0.10482201257840669,67.41573033707868,13.483146067415733,19.10112359550558,0.23611111111111052,100.0,100.0,2,3,18,2,True,False,
GYR_water_2_col_1_band_peak_mag_175_225,1607,digital_feats_updt.csv,0.04347209674402691,0.045763659379555933,0.030646724524729538,0.07016664050120051,38.38484649247056,42.53829923300901,19.07685427452043,0.23574039421596366,100.0,100.0,2,3,18,315,True,False,
GYR_water_2_col_1_relative_band_power_175_225,1608,digital_feats_updt.csv,0.0029611155004163497,0.003105258981783145,0.002082642400443347,0.004769511266248911,38.544546242061536,42.38848504710298,19.066968710835482,0.23558945472722218,100.0,100.0,2,3,18,315,True,False,
AC1_water_3_col_2_75_125_spike_energy_ratio,1609,digital_feats_updt.csv,0.0010749233094697436,0.0006493061938718093,0.00060938508920235,0.0013958541620039816,59.30275497529188,21.638093833406305,19.059151191301826,0.23547011764538922,100.0,100.0,2,3,18,315,True,False,
VRY_water_3_col_0_spectral_bandwidth,1610,ctvt_singlefault_peaks_freq.csv,0.0878008044391874,0.04728721147562101,0.04838962275595306,0.1108450144109873,62.74291061792755,18.199316615331174,19.05777276674128,0.23544907791851008,100.0,100.0,2,3,18,315,True,False,
AC1_water_2_col_1_spectral_centroid,1611,digital_feats_updt.csv,69.35690187125518,34.45675103940578,37.57512897520075,86.0786724274572,64.92145578564931,16.02350533498616,19.055038879364524,0.23540735106371902,100.0,100.0,2,3,18,315,True,False,
AC1_water_3_col_resultant_band_peak_freq_175_225,1612,digital_feats_updt.csv,6.725668509798409,5.413659643297275,4.187143942806113,9.595545947726865,49.1282775404311,31.83043088557225,19.041291573996652,0.23519757101115918,100.0,100.0,2,3,18,284,True,False,
WTF_water_3_col_0_kurt,1613,stats_features_2.csv,0.48865089578249427,0.24894031470699535,0.26586373173351885,0.609454265787618,64.28581529383142,16.684309060752927,19.02987564541565,0.23502342125695677,100.0,100.0,2,3,18,294,True,False,
VRY_water_1_col_1_peak_to_median,1614,ctvt_singlefault_peaks_freq.csv,614.3137634156245,360.3118100226805,344.93528851539895,791.3193752378933,60.26662793528857,20.73258219216569,19.000789872545745,0.23457994025679427,100.0,100.0,2,3,18,315,True,False,
GYR_air_1_col_2_band_power_175_225,1615,digital_feats_updt.csv,0.20540226566001932,0.12047168474567901,0.11527141710724105,0.2645581546005395,60.27929361052254,20.73612788211712,18.984578507360347,0.23433289807774585,100.0,100.0,2,3,18,315,True,False,
SMG_water_0_col_0_peak_width_end,1616,ctvt_singlefault_peaks_freq.csv,0.11857089722082531,0.0730747105654269,0.0673939232690275,0.15472851025445827,58.7239856817188,22.304552766182642,18.971461552098553,0.23413308342339836,100.0,100.0,2,3,18,203,True,False,
AC1_water_3_col_0_relative_band_power_75_125,1617,digital_feats_updt.csv,0.005909909162729508,0.004517226915344788,0.003597954179344893,0.008263028475873417,51.154413831327616,29.885829572203047,18.95975659646934,0.23395483281141433,100.0,100.0,2,3,18,315,True,False,
AC1_water_1_col_0_skew,1618,stats_features_2.csv,0.04474764041316783,0.0524712727582133,0.03334620831320854,0.07659996994960824,34.12581880037041,46.9230246485945,18.951156551035094,0.2338238985849109,100.0,100.0,2,3,18,315,True,False,
AC1_air_1_col_2_band_peak_freq_175_225,1619,digital_feats_updt.csv,3.4375829151920714,2.69932152308757,2.1134502110396056,4.854892869916656,50.13569762533741,30.9136249069247,18.950677467737886,0.2338166054404029,100.0,100.0,2,3,18,227,True,False,
AC1_water_0_col_resultant_wavelet_max_energy_ratio,1620,digital_feats_updt.csv,3.7860211475483326e-07,2.81246386307254e-07,2.2792869860419738e-07,5.238230452692246e-07,52.239242271938046,28.827348597994842,18.93340913006712,0.23355378494261325,100.0,100.0,2,3,18,315,True,False,
GYR_water_3_col_0_spectral_centroid,1621,digital_feats_updt.csv,104.75118312584777,63.00629529384061,59.038378143167286,135.75026227118366,59.543796137523955,21.542025415261506,18.914178447214542,0.23326122970711646,100.0,100.0,2,3,18,315,True,False,
GYR_water_0_col_0_wavelet_entropy,1622,digital_feats_updt.csv,0.09222198093118135,0.11572606561827074,0.07146136587781793,0.16432937303926784,31.49477402844135,49.594324623114,18.910901348444654,0.23321138923625126,100.0,100.0,2,3,18,315,True,False,
CTR_water_0_col_0_peak_to_median,1623,ctvt_singlefault_peaks_freq.csv,451.44759536319884,245.8033839151431,248.12971270158658,570.782435984782,62.556650487876475,18.545327776537615,18.898021735585896,0.23301554585972367,100.0,100.0,2,3,18,315,True,False,
CTB_water_0_col_0_peak_width_end,1624,ctvt_singlefault_peaks_freq.csv,0.06451139427893997,0.05833515157670637,0.04193950904812839,0.09655895774338184,44.63625171777404,36.49854254762292,18.865205734603045,0.23251683701685108,100.0,100.0,2,3,18,174,True,False,
GYR_air_0_col_1_contrast_time,1625,digital_feats_updt.csv,0.7952842001320062,0.5534576492557085,0.4667974020388047,1.0754962310717027,54.67980073869774,26.482013503792153,18.838185757510104,0.2321065138000319,100.0,100.0,2,3,18,315,True,False,
AC1_water_2_col_resultant_wavelet_std_energy,1626,digital_feats_updt.csv,0.020123526184517584,0.021799926638541262,0.014273464252484368,0.03292301458420378,37.360181511849675,43.8440713126868,18.795747175463536,0.23146259612876163,100.0,100.0,2,3,18,315,True,False,
SMG_water_1_col_0_pmean_3,1627,ctvt_singlefault_peaks_freq.csv,0.0019465002041782744,0.0011120271714867,0.0010784579051848404,0.0024876774164361523,61.22387026722083,19.982170985148965,18.793958747630207,0.23143547521572788,100.0,100.0,2,3,18,315,True,False,
AC1_air_0_col_resultant_175_225_num_spikes,1628,digital_feats_updt.csv,4.598585229297279,3.7848892419823956,2.863496585852326,6.608478295521072,48.42231450197925,32.80223339664353,18.775452101377226,0.23115489820652577,100.0,100.0,2,3,18,32,True,False,
AC1_water_1_col_2_175_225_std_spike_interval,1629,digital_feats_updt.csv,136.73811331945294,106.92516373497801,83.3250838681223,192.54446726807038,50.43326433034001,30.83882059104929,18.727915078610703,0.23043478085649385,100.0,100.0,2,3,18,315,True,False,
AC1_water_1_col_0_band_power_75_125,1630,digital_feats_updt.csv,0.1686609029823482,0.2037240937899092,0.1268635932249332,0.29333321985633015,33.060265991318516,48.23500084178282,18.704733166898666,0.23008391380643803,100.0,100.0,2,3,18,315,True,False,
GYR_water_0_col_0_spectral_centroid,1631,digital_feats_updt.csv,123.00429320945713,50.88927043509629,63.78329063773033,147.6078661791154,69.44189047146735,11.885937581115822,18.672171947416825,0.22959142515578038,100.0,100.0,2,3,18,315,True,False,
CTB_air_0_col_0_cycle_count,1632,physics_features.csv,1.5989937036140982,1.0350369767355545,0.91257998503196,2.1120806415684843,57.31555672352599,24.015450532996027,18.668992743477986,0.22954336080696824,100.0,100.0,2,3,18,14,True,False,
AC1_water_1_col_1_band_power_75_125,1633,digital_feats_updt.csv,0.37763022234054094,0.3384708198027282,0.24290308023325544,0.5622890600658176,45.103912988634995,36.23457724924652,18.66150976211849,0.22943024523250033,100.0,100.0,2,3,18,315,True,False,
GYR_water_2_col_2_band_peak_freq_75_125,1634,digital_feats_updt.csv,5.169705790753282,3.504607136576003,2.9912047786080085,6.924986294012058,55.730612947102514,25.611843866335075,18.6575431865624,0.22937029341705617,100.0,100.0,2,3,18,233,True,False,
CV1_water_0_col_0_skew,1635,stats_features_2.csv,0.011508100566547599,0.009140148275798746,0.0070358236729756085,0.016293603159232888,49.885350466595476,31.468222559011394,18.646426974393144,0.22920231135421665,100.0,100.0,2,3,18,315,True,False,
AC1_air_1_col_resultant_175_225_spike_energy_ratio,1636,digital_feats_updt.csv,0.0007261041556687965,0.0005292004469529121,0.0004299826890347767,0.0009960750327180354,53.139043878651904,28.226452269917722,18.634503851430363,0.22902218671910538,100.0,100.0,2,3,18,315,True,False,
GYR_water_1_col_0_175_225_num_spikes,1637,digital_feats_updt.csv,7.481477642554937,3.7387462619320813,3.996793743496419,9.269578822967773,65.14105100497136,16.267918204229282,18.59103079079936,0.22836587874027825,100.0,100.0,2,3,18,46,True,False,
GYR_water_0_col_2_wavelet_entropy,1638,digital_feats_updt.csv,1.1034817756657407,0.6348179997355231,0.6073589138566182,1.4105143644272884,61.20336541328075,20.255521920222385,18.541112666496865,0.2276131343482163,100.0,100.0,2,3,18,315,True,False,
AC1_water_2_col_2_wavelet_entropy,1639,digital_feats_updt.csv,0.08617040668577307,0.13629539749554462,0.07692258076100682,0.17865849489401184,23.263172621749618,58.19893523806664,18.537892140183747,0.22756460184021512,100.0,100.0,2,3,18,315,True,False,
GYR_water_2_col_1_fft_entropy,1640,digital_feats_updt.csv,0.2425512263173159,0.18588370834646586,0.14573211732909422,0.3385582674191972,51.32631706150028,30.145036146412316,18.5286467920874,0.22742529812660425,100.0,100.0,2,3,18,315,True,False,
CTR_water_2_col_0_peak_energy_ratio,1641,ctvt_singlefault_peaks_freq.csv,0.005866336125335097,0.003531718466241816,0.0032636879402456703,0.00758541981906803,59.810115687195314,21.67768534858214,18.51219896422255,0.2271775496321801,100.0,100.0,2,3,18,315,True,False,
AC1_water_1_col_resultant_175_225_mean_spike_interval,1642,digital_feats_updt.csv,138.24032483753285,104.12551519838955,82.41393276341337,191.68872329912648,52.00874349231699,29.506737748576075,18.484518759106933,0.22676083705476538,100.0,100.0,2,3,18,313,True,False,
AC1_water_2_col_0_band_power_75_125,1643,digital_feats_updt.csv,0.15125060306810195,0.1852705287289193,0.11375057256756806,0.2648416630808064,32.615317990960406,48.937307274765935,18.447374734273676,0.22620209556915946,100.0,100.0,2,3,18,315,True,False,
SMG_air_0_col_0_q95,1644,stats_features_2.csv,43.57727994160548,36.63559487387489,27.073843978902726,63.04077384253549,47.783412896994506,33.77251665015955,18.444070452845935,0.22615241534561786,100.0,100.0,2,3,18,173,True,False,
CV1_water_3_col_0_fft_kurt,1645,ctvt_singlefault_peaks_freq.csv,0.20324383063490245,0.15975310092873127,0.12293497861421408,0.2862553351718909,50.411261322813125,31.145220818513344,18.44351785867354,0.22614410742622998,100.0,100.0,2,3,18,315,True,False,
AC1_water_0_col_resultant_75_125_spike_energy_ratio,1646,digital_feats_updt.csv,0.0005805099079431759,0.0004078237200331084,0.0003372665208574289,0.0007855320782330359,54.61242026066975,26.95362080175047,18.433958937579785,0.22600041264075563,100.0,100.0,2,3,18,315,True,False,
SMG_air_0_col_0_peak_width_end,1647,ctvt_singlefault_peaks_freq.csv,0.14386117426407957,0.09065742533079299,0.08073282759727865,0.18823547933399828,58.40960015318133,23.1955029256414,18.394896921177253,0.22541356149516212,100.0,100.0,2,3,18,133,True,False,
CV1_water_3_col_0_fft_skew,1648,ctvt_singlefault_peaks_freq.csv,0.0197482952847938,0.01694474380751175,0.012337750656986031,0.028798256902659507,47.02478530609315,34.62084078507175,18.354373908835104,0.22480535440246058,100.0,100.0,2,3,18,315,True,False,
AC1_air_0_col_2_skew,1649,stats_features_2.csv,0.07739196083877693,0.09564464757986234,0.05825819688686655,0.13613020134288994,32.32084651486638,49.3642301903767,18.314923294756923,0.2242138225669482,100.0,100.0,2,3,18,315,True,False,
AC1_water_0_col_1_wavelet_max_energy,1650,digital_feats_updt.csv,2120441.479739359,1562219.809647982,1245527.617486154,2913441.5814593835,52.97121736665203,28.752237853634004,18.27654477971397,0.22363891407245862,100.0,100.0,2,3,18,315,True,False,
GYR_air_0_col_1_band_peak_freq_75_125,1651,digital_feats_updt.csv,0.433959045128226,0.3194611695429481,0.2548238331340929,0.5960797577736573,53.00157093498545,28.722841834033748,18.275587230980804,0.22362457693802937,100.0,100.0,2,3,18,182,True,False,
GYR_water_3_col_2_contrast_freq,1652,digital_feats_updt.csv,0.14186065361133918,0.11342508966179232,0.08583553465932552,0.20089160016803653,49.86552052682123,31.878267186762166,18.25621228641661,0.22333455296179,100.0,100.0,2,3,18,315,True,False,
SMG_water_3_col_0_q05,1653,stats_features_2.csv,63.22740609076952,46.409086578057114,37.05714111319998,86.74525869152905,53.127482560110295,28.622960315833677,18.249557124056032,0.22323496340869584,100.0,100.0,2,3,18,204,True,False,
AC1_water_1_col_2_band_peak_to_median_175_225,1654,digital_feats_updt.csv,2.9974419395681613,3.5491508550149597,2.1915403539233833,5.136533762724644,34.053461566671054,47.74288118561025,18.20365724771869,0.22254854722353695,100.0,100.0,2,3,18,315,True,False,
GYR_air_0_col_2_band_power_175_225,1655,digital_feats_updt.csv,0.11734741555072181,0.05824161374990219,0.0617997374075819,0.14485064394842248,65.6305732870804,16.166869742316713,18.202556970602906,0.22253210242844765,100.0,100.0,2,3,18,315,True,False,
AC1_water_3_col_0_band_power_75_125,1656,digital_feats_updt.csv,0.12018778853188908,0.10771698423501393,0.07597321605691403,0.17838156508704275,45.396330412305645,36.46434625418297,18.139323333511378,0.22158775216839968,100.0,100.0,2,3,18,315,True,False,
AC1_water_0_col_1_75_125_spike_energy_ratio,1657,digital_feats_updt.csv,0.001954469816732842,0.0011657255964018637,0.001070242719912129,0.0025148136929305717,60.4013023883418,21.4872596790745,18.1114379325837,0.22117176654870457,100.0,100.0,2,3,18,315,True,False,
VRY_water_3_col_0_hmean,1658,ctvt_singlefault_peaks_freq.csv,3.031994851438963e-05,1.3790657797137091e-05,1.5648907437170314e-05,3.680176387579949e-05,67.87653278843479,14.042120479625225,18.08134673193998,0.22072319319963568,100.0,100.0,2,3,18,315,True,False,
CTB_water_1_col_0_peak_width_end,1659,ctvt_singlefault_peaks_freq.csv,0.06137696391839731,0.05585637162228377,0.03898138534473447,0.09168759105812296,44.81152032422121,37.11285089825391,18.07562877752488,0.22063799218474825,100.0,100.0,2,3,18,174,True,False,
GYR_water_1_col_0_175_225_spike_energy_ratio,1660,digital_feats_updt.csv,0.0013224966998480873,0.0012858090846229852,0.0008660295197682174,0.002037721681760797,42.12107640220651,39.81651515743851,18.062408440354965,0.22044104661297922,100.0,100.0,2,3,18,315,True,False,
CTR_water_3_col_0_peak_energy_ratio,1661,ctvt_singlefault_peaks_freq.csv,0.006094713849238542,0.0032614476289633907,0.003245355641856863,0.0076364200239839595,63.69818011471236,18.24068749090152,18.061132394386124,0.22042204050606992,100.0,100.0,2,3,18,315,True,False,
GYR_air_0_col_2_band_peak_to_median_75_125,1662,digital_feats_updt.csv,5.770594919480809,3.7720841193162014,3.236542138001569,7.616008753868063,57.40983636395544,24.530582961064773,18.05958067497978,0.22039892917005552,100.0,100.0,2,3,18,315,True,False,
AC1_air_1_col_0_rank_175_225,1663,digital_feats_updt.csv,0.24203994160744077,0.23437070983727817,0.1581304743355317,0.37218034590308935,42.29287498412429,39.655168572122484,18.051956443753216,0.22028538645175677,100.0,100.0,2,3,18,2,True,False,
AC1_air_1_col_0_rank_75_125,1664,digital_feats_updt.csv,0.24203994160744077,0.23437070983727817,0.1581304743355317,0.37218034590308935,42.29287498412429,39.65516857212249,18.051956443753216,0.22028538645175674,100.0,100.0,2,3,18,2,True,False,
SMG_air_0_col_0_fft_skew,1665,ctvt_singlefault_peaks_freq.csv,0.010340299334448095,0.006941347962494021,0.005834675504567101,0.01375309201983332,56.528247877855605,25.473401086483776,17.998351035660612,0.2194876720526398,100.0,100.0,2,3,18,315,True,False,
SMG_water_3_col_0_pmean_3,1666,ctvt_singlefault_peaks_freq.csv,0.0017741412299348833,0.0012208141031543073,0.001008887484225442,0.0023781964035886646,55.65202114279042,26.351396723489007,17.99658213372058,0.21946136639166772,100.0,100.0,2,3,18,315,True,False,
GYR_water_3_col_0_75_125_spike_energy_ratio,1667,digital_feats_updt.csv,0.0016492538224728809,0.0009855120031139794,0.0008994848966078398,0.002121401696626255,60.44065677573478,21.581320411799428,17.97802281246578,0.21918543576876978,100.0,100.0,2,3,18,315,True,False,
SMG_water_2_col_0_pmean_2,1668,ctvt_singlefault_peaks_freq.csv,0.0011249066528125663,0.000721506494774211,0.0006255684557273291,0.0014755753089369637,58.117939900553985,23.908797333960713,17.9732627654853,0.21911468591149347,100.0,100.0,2,3,18,315,True,False,
AC1_water_2_col_1_wavelet_entropy,1669,digital_feats_updt.csv,0.17223518812109367,0.1257213113589034,0.09976844429768747,0.23542419296769743,53.52314035478624,28.51777407098379,17.959085574229963,0.21890401514818805,100.0,100.0,2,3,18,315,True,False,
SMG_air_0_col_0_fft_kurt,1670,ctvt_singlefault_peaks_freq.csv,0.10593574472392035,0.07138550959848534,0.0597537983001876,0.141027619288374,56.42566665721951,25.621926390780988,17.952406951999517,0.2188047971315475,100.0,100.0,2,3,18,315,True,False,
GYR_air_1_col_0_175_225_spike_energy_ratio,1671,digital_feats_updt.csv,0.0009515572835325852,0.0007545205375469854,0.0005675994114150957,0.001340496772567121,50.38930058457065,31.6818538027472,17.928845612682156,0.2184548974182899,100.0,100.0,2,3,18,315,True,False,
GYR_water_1_col_2_fft_skew,1672,digital_feats_updt.csv,3.192010773111637,2.038318030969815,1.7690057368707968,4.180078284927114,58.31225899427696,23.777985714846103,17.909755290876948,0.2181715422379117,100.0,100.0,2,3,18,315,True,False,
GYR_air_0_col_0_band_peak_freq_175_225,1673,digital_feats_updt.csv,2.5443180703788855,2.45289630715925,1.6494550542504234,3.900122653574409,42.558496256557966,39.55504185061074,17.8864618928313,0.2178259797974747,100.0,100.0,2,3,18,234,True,False,
CV1_water_3_col_0_cycle_count,1674,physics_features.csv,1.477397437827889,0.7963235245129515,0.7829154345738437,1.8519694713161692,63.63954067469392,18.488915796532442,17.871543528773643,0.2176047657127822,100.0,100.0,2,3,18,12,True,False,
GYR_water_2_col_1_band_power_175_225,1675,digital_feats_updt.csv,0.04656967939631078,0.03992118587192574,0.028601744731373113,0.06767936112416137,47.34716668071041,34.79319943732674,17.859633881962854,0.21742822349121557,100.0,100.0,2,3,18,315,True,False,
AC1_water_3_col_1_contrast_freq,1676,digital_feats_updt.csv,0.11100458398850009,0.12111524067324365,0.07652557314471797,0.1812376410542945,37.51327885317775,44.658156497584656,17.828564649237578,0.21696791072388344,100.0,100.0,2,3,18,315,True,False,
SMG_water_2_col_0_pmean_3,1677,ctvt_singlefault_peaks_freq.csv,0.0019072951337036376,0.0012528194039123388,0.0010614041507676286,0.0025167260393486606,57.433319255689256,24.78021426640352,17.78646647790723,0.21634475147729265,100.0,100.0,2,3,18,315,True,False,
CTR_water_2_col_0_pmean_2,1678,ctvt_singlefault_peaks_freq.csv,0.001586046699975077,0.0009575670592017136,0.0008616755702231135,0.0020432727658561346,60.253079502276734,21.962698640413223,17.784221857310047,0.2163115433444486,100.0,100.0,2,3,18,315,True,False,
AC1_water_0_col_resultant_band_peak_to_median_175_225,1679,digital_feats_updt.csv,2.5161439204833855,2.0744136924214414,1.516413520346351,3.59634291476498,48.94955707186132,33.27120650821747,17.779236419921208,0.21623779256933248,100.0,100.0,2,3,18,315,True,False,
AC1_air_1_col_2_175_225_num_spikes,1680,digital_feats_updt.csv,4.826109544274077,3.8673353907686048,2.8737976134216714,6.819554903432685,50.082072254725844,32.159672286031515,17.758255459242637,0.21592751416456157,100.0,100.0,2,3,18,32,True,False,
CTB_water_3_col_0_fft_skew,1681,ctvt_singlefault_peaks_freq.csv,0.013253902483716221,0.01197605005303344,0.008300081774505783,0.019697285685700564,45.27670087339591,36.96701954506975,17.75627958153432,0.21589830191518924,100.0,100.0,2,3,18,315,True,False,
CTB_water_0_col_0_peak_width_start,1682,ctvt_singlefault_peaks_freq.csv,0.05758692146302774,0.04813102449525759,0.03485871395496272,0.08275251646412889,48.42674798972575,33.82889353692837,17.744358473345894,0.21572208475932944,100.0,100.0,2,3,18,177,True,False,
CV1_air_0_col_0_spectral_bandwidth,1683,ctvt_singlefault_peaks_freq.csv,0.1993331891073272,0.10914205393957496,0.10551662446102661,0.25055830909290533,63.29094949293086,18.974337707285436,17.7347127997837,0.21557954033055482,100.0,100.0,2,3,18,315,True,False,
GYR_air_1_col_2_band_peak_to_median_75_125,1684,digital_feats_updt.csv,2.6722674342986106,1.665261297702381,1.460756976176708,3.4710112897377927,59.27175489012211,23.017212380487226,17.711032729390663,0.2152297363405654,100.0,100.0,2,3,18,315,True,False,
AC1_water_2_col_resultant_175_225_std_spike_interval,1685,digital_feats_updt.csv,185.1419013338555,144.36054782037473,108.77224174186372,258.7448395042193,51.19953836553718,31.128174274067394,17.672287360395412,0.21465782048090062,100.0,100.0,2,3,18,315,True,False,
AC1_water_0_col_2_band_peak_freq_175_225,1686,digital_feats_updt.csv,13.82950418057204,9.82461130246523,7.859623524177921,18.69630592033619,54.71439590669927,27.613352881815597,17.672251211485126,0.21465728714241844,100.0,100.0,2,3,18,290,True,False,
GYR_water_0_col_2_band_power_75_125,1687,digital_feats_updt.csv,0.4000106510992588,0.21108714076785512,0.20953104787549037,0.49846721257691795,64.3976347427646,17.93289312233802,17.66947213489738,0.214616286243768,100.0,100.0,2,3,18,315,True,False,
CTB_water_3_col_0_peak_width_end,1688,ctvt_singlefault_peaks_freq.csv,0.06714130879621523,0.05454742071759169,0.04003774298437113,0.09532259604675714,49.61213107408817,32.74588379868244,17.641985127229393,0.21421090776026247,100.0,100.0,2,3,18,174,True,False,
GYR_water_0_col_2_contrast_time,1689,digital_feats_updt.csv,1.5926430522630344,0.9761804893711302,0.8633772096178702,2.0578776557021348,59.89599714943423,22.502001187910857,17.60200166265491,0.2136217143357133,100.0,100.0,2,3,18,315,True,False,
GYR_water_3_col_2_log_band_power_ratio,1690,digital_feats_updt.csv,0.308428269243018,0.25322803494496554,0.18443582903084213,0.4396237140790137,49.22051252695889,33.1788514301991,17.600636042842005,0.21360160075984477,100.0,100.0,2,3,18,315,True,False,
AC1_air_0_col_2_175_225_num_spikes,1691,digital_feats_updt.csv,5.871276028398434,4.354735264230921,3.3771759830097623,8.052385922408364,53.16377792019387,29.246530587950552,17.589691491855568,0.21344042766345447,100.0,100.0,2,3,18,38,True,False,
AC1_water_0_col_resultant_175_225_std_spike_interval,1692,digital_feats_updt.csv,168.50083243962348,111.9065508744426,93.42814739004126,222.81029012636637,57.191779967184544,25.225543515096167,17.58267651771928,0.21333714533328008,100.0,100.0,2,3,18,315,True,False,
GYR_water_1_col_2_wavelet_std_energy,1693,digital_feats_updt.csv,0.013416508952930829,0.005642774826170723,0.006722002518553987,0.01603212207046794,70.03208036691066,12.388063373883643,17.579856259205698,0.21329562727399679,100.0,100.0,2,3,18,315,True,False,
GYR_air_1_col_1_band_power_75_125,1694,digital_feats_updt.csv,0.30597958357864985,0.30878031489676416,0.2006946447493762,0.4787975865287827,40.83955425316402,41.59061155508071,17.569834191755266,0.21314811173166312,100.0,100.0,2,3,18,315,True,False,
CTR_water_3_col_0_pmean_2,1695,ctvt_singlefault_peaks_freq.csv,0.0016493512437417788,0.0008843929568497166,0.0008638189063107033,0.0020612359229980823,64.0281419655024,18.409209714825764,17.562648319671826,0.21304236443421265,100.0,100.0,2,3,18,315,True,False,
AC1_water_3_col_resultant_contrast_time,1696,digital_feats_updt.csv,0.07977248780126767,0.07172052229898608,0.04950764053703573,0.11814605198815195,45.58981660757135,36.85093062430415,17.559252768124505,0.2129924019094197,100.0,100.0,2,3,18,315,True,False,
GYR_water_0_col_0_rank_75_125,1697,digital_feats_updt.csv,0.12765694770084507,0.08606629658238704,0.07104935590092917,0.16956330581125328,56.6793893129771,25.76335877862596,17.557251908396942,0.2129629629629629,100.0,100.0,2,3,18,2,True,False,
GYR_water_0_col_0_rank_175_225,1698,digital_feats_updt.csv,0.12765694770084507,0.08606629658238704,0.07104935590092917,0.16956330581125328,56.6793893129771,25.76335877862596,17.557251908396942,0.2129629629629629,100.0,100.0,2,3,18,2,True,False,
AC1_water_1_col_1_75_125_spike_energy_ratio,1699,digital_feats_updt.csv,0.0027380249510056396,0.0018891030525528456,0.00153400421913129,0.0036631489076758145,55.86832572799515,26.595132185270685,17.53654208673417,0.2126583401969259,100.0,100.0,2,3,18,315,True,False,
CV1_air_1_col_0_spectral_bandwidth,1700,ctvt_singlefault_peaks_freq.csv,0.25847312804480094,0.13674754847594645,0.13474360948611663,0.3219690827281286,64.44696304307149,18.03892936521032,17.514107591718183,0.21232852164620233,100.0,100.0,2,3,18,315,True,False,
GYR_water_0_col_2_wavelet_max_energy_ratio,1701,digital_feats_updt.csv,9.012844699950565e-06,5.337375234630233e-06,4.820969163229355e-06,1.153085806232474e-05,61.09427607439215,21.425561869451293,17.48016205615655,0.21182981561418218,100.0,100.0,2,3,18,315,True,False,
WTF_water_0_col_0_q95,1702,stats_features_2.csv,520.9992453363482,271.79352535394577,270.3261743717556,646.8293241774363,64.87760173677917,17.656263944877132,17.466134318343695,0.2116238488781419,100.0,100.0,2,3,18,167,True,False,
AC1_water_0_col_2_75_125_mean_spike_interval,1703,digital_feats_updt.csv,292.5316304185857,216.36112001694502,167.14769445058676,400.4063446181761,53.37572197786908,29.19823105727973,17.426046964851203,0.21103563925822413,100.0,100.0,2,3,18,314,True,False,
GYR_air_0_col_0_band_peak_freq_75_125,1704,digital_feats_updt.csv,0.2673050969607773,0.20856439546683161,0.15567686759450577,0.3730769478561933,51.3354826548291,31.25240988842913,17.412107456741783,0.2108312359178023,100.0,100.0,2,3,18,167,True,False,
AC1_water_3_col_resultant_band_peak_freq_75_125,1705,digital_feats_updt.csv,4.249891289180113,4.868132494468836,2.966089249778795,7.110413165998563,35.72448427788649,46.87433347622863,17.401182245884883,0.21067108124580808,100.0,100.0,2,3,18,271,True,False,
GYR_water_1_col_2_relative_band_power_75_125,1706,digital_feats_updt.csv,0.03093398852315659,0.015940311581827217,0.015962451013551662,0.03828583317150817,65.28232826507869,17.334742996175734,17.382928738745576,0.21040359423752394,100.0,100.0,2,3,18,315,True,False,
CTR_water_2_col_0_pmean_3,1707,ctvt_singlefault_peaks_freq.csv,0.00268144495222067,0.0016156716102922327,0.0014354214509745538,0.003443976847484881,60.620194433580124,22.00826168553263,17.371543880887252,0.21023682030129384,100.0,100.0,2,3,18,315,True,False,
AC1_water_0_col_2_band_peak_to_median_175_225,1708,digital_feats_updt.csv,3.338747993169266,2.91409924227075,2.0310357902494,4.87486604297685,46.90745899959579,35.73413745340915,17.35840354699506,0.21004438795983457,100.0,100.0,2,3,18,315,True,False,
PRS_water_3_col_0_skew,1709,stats_features_2.csv,0.1023660201710868,0.05372905151915894,0.0529715118561467,0.12716758286270002,64.79758272864578,17.85112187294694,17.351295398407302,0.20994031887189343,100.0,100.0,2,3,18,314,True,False,
VRY_air_1_col_1_spectral_entropy,1710,ctvt_singlefault_peaks_freq.csv,0.026613763096953253,0.0149773877323878,0.013988192767387154,0.033589939957740525,62.77606919176865,19.88170798237517,17.342222825856176,0.20980751501845366,100.0,100.0,2,3,18,315,True,False,
AC1_water_3_col_2_wavelet_mean_energy,1711,digital_feats_updt.csv,0.019757493930254232,0.019455589313206654,0.01267927163137663,0.030490038554098712,41.99018299684519,40.716724489571796,17.29309251358301,0.2090888541132198,100.0,100.0,2,3,18,315,True,False,
GYR_air_1_col_2_band_peak_mag_175_225,1712,digital_feats_updt.csv,0.0710586805580652,0.04775496033603192,0.03908741373915393,0.09411534535964332,57.0050587670453,25.74637537791338,17.248565855041317,0.20843827098907286,100.0,100.0,2,3,18,315,True,False,
SMG_air_1_col_0_hmean,1713,ctvt_singlefault_peaks_freq.csv,0.00017853554425529,0.00011072968027601914,9.591335255615772e-05,0.00023094452549286343,59.76322702661704,22.988611886989748,17.248161086393203,0.20843236008809837,100.0,100.0,2,3,18,315,True,False,
SMG_water_1_col_0_pmean_2,1714,ctvt_singlefault_peaks_freq.csv,0.0011354677105163127,0.0007517287567236964,0.0006213171694797336,0.0014968026157115104,57.546711422234644,25.222797974676958,17.230490603088413,0.20817437156068658,100.0,100.0,2,3,18,315,True,False,
GYR_water_2_col_2_wavelet_mean_energy,1715,digital_feats_updt.csv,0.013883205227509242,0.010800972996724986,0.008022298598471516,0.019332917003601922,51.56852555273396,31.212674803134714,17.218799644131323,0.20800374445054318,100.0,100.0,2,3,18,315,True,False,
CTR_water_1_col_0_peak_width_start,1716,ctvt_singlefault_peaks_freq.csv,0.06606846220893713,0.052488664859815605,0.03848030696359021,0.0927406904299937,50.75136731454572,32.03246809051762,17.21616459493666,0.2079652931118442,100.0,100.0,2,3,18,210,True,False,
AC1_water_3_col_1_band_peak_freq_175_225,1717,digital_feats_updt.csv,10.504947609476897,10.181945237746733,6.670301596340023,16.078521589016326,42.68699226695625,40.102300556593846,17.210707176449883,0.2078856647940125,100.0,100.0,2,3,18,292,True,False,
AC1_water_1_col_2_175_225_spike_energy_ratio,1718,digital_feats_updt.csv,0.0010808027533359206,0.000930863884716402,0.0006501167459738834,0.0015675758185438714,47.53743820921451,35.262674738945094,17.19988705184039,0.20772782112760016,100.0,100.0,2,3,18,315,True,False,
GYR_air_0_col_0_band_peak_mag_75_125,1719,digital_feats_updt.csv,0.040177059056277234,0.02288772951825825,0.02102210707834567,0.05079343680955217,62.56638867673655,20.304403078526892,17.129208244736578,0.20669777471564504,100.0,100.0,2,3,18,17,True,False,
AC1_water_0_col_1_wavelet_max_energy_ratio,1720,digital_feats_updt.csv,1.7501881152248756e-06,1.1901621955455142e-06,9.621771668759465e-07,2.3249579331328867e-06,56.66817966148257,26.204875677531355,17.126944660986073,0.20666481513109206,100.0,100.0,2,3,18,315,True,False,
CTR_water_0_col_0_peak_width_start,1721,ctvt_singlefault_peaks_freq.csv,0.06931404705356041,0.05372946787605169,0.03986724419819678,0.09633633788527314,51.76810259173511,31.10604620056902,17.125851207695874,0.20664889422413252,100.0,100.0,2,3,18,212,True,False,
CTB_air_0_col_0_hmean,1722,ctvt_singlefault_peaks_freq.csv,0.0002453753096941146,0.00011830803651401816,0.00012379951699087482,0.0002992192415578564,67.24851304127768,15.633256654084589,17.11823030463774,0.20653794395989605,100.0,100.0,2,3,18,315,True,False,
GYR_water_1_col_2_contrast_freq,1723,digital_feats_updt.csv,0.15296007210341914,0.11568775996340994,0.08714281660372926,0.21065211119014668,52.72596380726785,30.160823272649303,17.11321292008285,0.20646490861785685,100.0,100.0,2,3,18,315,True,False,
CTR_water_3_col_0_pmean_3,1724,ctvt_singlefault_peaks_freq.csv,0.0026778197135259793,0.0014348642450716128,0.0013797842474156151,0.003336668756312134,64.40750551071848,18.492491930866613,17.1000025584149,0.20627265483891355,100.0,100.0,2,3,18,315,True,False,
AC1_water_1_col_1_175_225_std_spike_interval,1725,digital_feats_updt.csv,1074.8429453973736,591.9284727466434,557.2721885836918,1347.6716834183069,63.60947543852503,19.291689127350725,17.098835434124243,0.20625567232577288,100.0,100.0,2,3,18,294,True,False,
AC1_water_3_col_0_band_peak_freq_175_225,1726,digital_feats_updt.csv,8.876125209630626,9.955349323031404,6.046599358341093,14.644314346561709,36.73742856091642,46.21414492161923,17.048426517464343,0.20552264172606277,100.0,100.0,2,3,18,285,True,False,
GYR_water_3_col_1_skew,1727,stats_features_2.csv,0.04136078368016257,0.045945941266373115,0.028010610394272897,0.0678700098729178,37.138272038431765,45.828799553900836,17.032928407667395,0.20529745211884148,100.0,100.0,2,3,18,315,True,False,
CTB_water_3_col_0_fft_kurt,1728,ctvt_singlefault_peaks_freq.csv,0.09307332805113598,0.07866578066181762,0.05518996747958752,0.1337792284027887,48.40309288358629,34.577559731995194,17.019347384418534,0.20510018718776343,100.0,100.0,2,3,18,315,True,False,
CTR_air_0_col_0_hmean,1729,ctvt_singlefault_peaks_freq.csv,0.0001943491298508509,9.15380522498093e-05,9.72062625359124e-05,0.000235796218713686,67.93467910726578,15.070569418744277,16.99475147398994,0.20474309487386883,100.0,100.0,2,3,18,315,True,False,
SMG_air_1_col_0_peak_width_end,1730,ctvt_singlefault_peaks_freq.csv,0.14401266178130534,0.0893321963805408,0.0766410327872656,0.1859939137988307,59.95202938242411,23.06845758736299,16.979513030212896,0.204521963794215,100.0,100.0,2,3,18,131,True,False,
CTB_water_0_col_0_peak_to_median,1731,ctvt_singlefault_peaks_freq.csv,535.5427555693672,326.91829901520487,283.5607557140716,688.5407173544359,60.49633185912688,22.543389036427875,16.96027910444524,0.20424296856413385,100.0,100.0,2,3,18,315,True,False,
SMG_water_2_col_0_peak_energy_ratio,1732,ctvt_singlefault_peaks_freq.csv,0.004412871376614028,0.0028750643946817106,0.0023764692260219845,0.005778151524695023,58.326334644111654,24.75809925345292,16.91556610243543,0.20359488906539056,100.0,100.0,2,3,18,315,True,False,
SMG_air_0_col_0_rms,1733,stats_features_2.csv,34.27387131524779,29.11742668280604,20.29094661541651,49.33807156864193,48.257184762130464,34.82905089719934,16.913764340670195,0.20356878857793018,100.0,100.0,2,3,18,315,True,False,
CTR_water_1_col_0_hmean,1734,ctvt_singlefault_peaks_freq.csv,9.334843581739445e-05,4.9444972605772345e-05,4.7652880150021154e-05,0.00011588586096729863,64.88632640769669,18.20469377057443,16.908979821728895,0.20349948508816976,100.0,100.0,2,3,18,315,True,False,
GYR_water_0_col_1_band_peak_freq_175_225,1735,digital_feats_updt.csv,13.051739106654923,13.200198960467572,8.366187992108422,20.36139110727491,41.08865033572998,42.02871019256434,16.882639471705673,0.20311808946289367,100.0,100.0,2,3,18,284,True,False,
AC1_air_0_col_resultant_rank_75_125,1736,digital_feats_updt.csv,0.1403698817542556,0.13767020890429812,0.08855492820076123,0.2156357239237014,42.374681393372974,40.76040781648258,16.86491079014444,0.2028615227388861,100.0,100.0,2,3,18,2,True,False,
AC1_air_0_col_resultant_rank_175_225,1737,digital_feats_updt.csv,0.1403698817542556,0.13767020890429812,0.08855492820076122,0.2156357239237014,42.37468139337298,40.760407816482584,16.86491079014443,0.20286152273888602,100.0,100.0,2,3,18,2,True,False,
CTB_air_1_col_0_spectral_bandwidth,1738,ctvt_singlefault_peaks_freq.csv,0.22959593988485683,0.1396488605577068,0.12102767557181049,0.2947266498316568,60.686150907407225,22.451014895643752,16.862834196949027,0.20283147776406632,100.0,100.0,2,3,18,315,True,False,
VRY_water_1_col_0_peak_to_median,1739,ctvt_singlefault_peaks_freq.csv,975.9262899580154,474.01277816175207,488.58388277484465,1189.888418213734,67.27002051064001,15.869660058764971,16.860319430595013,0.20279509513534905,100.0,100.0,2,3,18,315,True,False,
GYR_air_1_col_1_wavelet_entropy,1740,digital_feats_updt.csv,0.5680367934846677,0.41774766284816583,0.31751811009543784,0.7733024368292308,53.95779290750299,29.18295733684225,16.859249755654748,0.20277962017550374,100.0,100.0,2,3,18,315,True,False,
SMG_water_3_col_0_peak_width,1741,ctvt_singlefault_peaks_freq.csv,0.12093872564904033,0.05948258794880437,0.06060688215072091,0.14777532877558575,66.97718763615892,16.202269148281875,16.820543215559216,0.20221992143023468,100.0,100.0,2,3,18,204,True,False,
SMG_water_0_col_0_pmean_3,1742,ctvt_singlefault_peaks_freq.csv,0.001953510768007629,0.0012389451581386011,0.0010401662987604074,0.002536362622866408,59.321063685520464,23.860606380058435,16.818329934421104,0.20218793300449295,100.0,100.0,2,3,18,315,True,False,
CTR_water_0_col_0_cycle_count,1743,physics_features.csv,1.3385843744687953,0.6820954485702269,0.6747222956378115,1.646909986842934,66.06200887344238,17.1534142965902,16.784576829967417,0.201700312160545,100.0,100.0,2,3,18,12,True,False,
CTR_water_1_col_0_peak_energy_ratio,1744,ctvt_singlefault_peaks_freq.csv,0.005966037985204146,0.0035858155100701697,0.0031249754195056038,0.00763001661110071,61.1393843734705,22.08639911503774,16.774216511491765,0.20155071912069097,100.0,100.0,2,3,18,315,True,False,
GYR_air_0_col_2_band_peak_freq_75_125,1745,digital_feats_updt.csv,3.027285556102799,1.6347619245093632,1.544433919311405,3.771230637223581,64.4377831223507,18.790694902446127,16.771521975203182,0.2015118187095327,100.0,100.0,2,3,18,176,True,False,
VRY_air_0_col_1_fft_skew,1746,ctvt_singlefault_peaks_freq.csv,0.009214208781213633,0.004564729388124693,0.00460500854541819,0.01126696505515031,66.88091443463843,16.414066093244074,16.70501947211749,0.20055253469355913,100.0,100.0,2,3,18,315,True,False,
GYR_water_2_col_0_75_125_num_spikes,1747,digital_feats_updt.csv,4.7454479487786925,2.8608058359252904,2.481210241187541,6.071234678910545,61.09425696323035,22.203565756662023,16.702177280107637,0.200511570827877,100.0,100.0,2,3,18,30,True,False,
AC1_water_1_col_1_band_peak_freq_175_225,1748,digital_feats_updt.csv,9.774195967997287,7.390328753225043,5.486452272726418,13.425834217748413,53.00044596550373,30.30016236880301,16.699391665693256,0.2004714251146199,100.0,100.0,2,3,18,288,True,False,
GYR_air_1_col_0_band_peak_freq_175_225,1749,digital_feats_updt.csv,3.090203431397097,1.9562439157706866,1.6373548099221829,4.007140910797065,59.47095486831014,23.832893871513285,16.69615126017657,0.2004247284218811,100.0,100.0,2,3,18,240,True,False,
AC1_water_3_col_resultant_band_power_75_125,1750,digital_feats_updt.csv,0.4845097051600504,0.6377179243851998,0.35839681180957106,0.8774292451199193,30.49163767207349,52.82421315494152,16.684149172984995,0.20025180091631725,100.0,100.0,2,3,18,315,True,False,
GYR_air_1_col_0_175_225_std_spike_interval,1751,digital_feats_updt.csv,632.189802725102,277.2313935347851,308.62927221805217,756.1568751923683,69.89903212658724,13.441910688749726,16.65905718466303,0.1998904334640827,100.0,100.0,2,3,18,315,True,False,
VRY_air_0_col_1_fft_kurt,1752,ctvt_singlefault_peaks_freq.csv,0.12417942324453388,0.061417859741608447,0.0618825125270129,0.1517304452285067,66.9813370473634,16.384903661928117,16.633759290708504,0.19952632083666216,100.0,100.0,2,3,18,315,True,False,
GYR_air_0_col_1_rank_75_125,1753,digital_feats_updt.csv,0.247019267504619,0.20641711336843666,0.14356630028970993,0.3524738653982047,49.11428393979753,34.29553312032903,16.590182939873436,0.19889964424588397,100.0,100.0,2,3,18,2,True,False,
GYR_air_0_col_1_rank_175_225,1754,digital_feats_updt.csv,0.247019267504619,0.20641711336843663,0.14356630028970993,0.3524738653982047,49.11428393979753,34.295533120329026,16.590182939873433,0.19889964424588394,100.0,100.0,2,3,18,2,True,False,
AC1_water_1_col_0_175_225_spike_energy_ratio,1755,digital_feats_updt.csv,0.0019876129547272002,0.0014838519902696532,0.0011059110898834,0.002715780058390902,53.564178339757085,29.85327468803337,16.582546972209546,0.19878989792082338,100.0,100.0,2,3,18,315,True,False,
AC1_water_2_col_2_175_225_spike_energy_ratio,1756,digital_feats_updt.csv,0.0012047577587300136,0.00110257179460738,0.0007258825820599412,0.0017871797174380396,45.44258305982052,38.060746563972465,16.496670376207014,0.1975570369532491,100.0,100.0,2,3,18,315,True,False,
GYR_water_1_col_2_skew,1757,stats_features_2.csv,0.015360598035785454,0.013508969720312949,0.009088899937394403,0.022384109028354825,47.09086022176386,36.422087337809316,16.487052440426833,0.1974191178998436,100.0,100.0,2,3,18,315,True,False,
AC1_air_1_col_2_175_225_spike_energy_ratio,1758,digital_feats_updt.csv,0.0006401662532590461,0.000524510428485861,0.0003674777756081474,0.0009055186011165418,49.97937266937256,33.55162064903573,16.4690066815917,0.19716043144386158,100.0,100.0,2,3,18,315,True,False,
AC1_water_0_col_2_rank_175_225,1759,digital_feats_updt.csv,0.10307764064044153,0.09680465885125902,0.06276008982762424,0.15470931080733347,44.39111318068256,39.15251049959255,16.456376319724892,0.1969794413359914,100.0,100.0,2,3,18,2,True,False,
AC1_water_0_col_2_rank_75_125,1760,digital_feats_updt.csv,0.10307764064044153,0.09680465885125904,0.06276008982762425,0.1547093108073335,44.391113180682545,39.15251049959256,16.456376319724892,0.19697944133599138,100.0,100.0,2,3,18,2,True,False,
SMG_water_3_col_0_pmean_2,1761,ctvt_singlefault_peaks_freq.csv,0.0010903376513149144,0.0008188298453599416,0.0006047986676669597,0.0014916768879146849,53.428440386195405,30.132683221108216,16.43887639269638,0.19672876192942368,100.0,100.0,2,3,18,315,True,False,
GYR_water_3_col_2_relative_band_power_75_125,1762,digital_feats_updt.csv,0.01912988288867868,0.01233825204467297,0.010094980666465901,0.024901677001936205,59.01568215142525,24.549920168408555,16.43439768016619,0.19666462304987872,100.0,100.0,2,3,18,315,True,False,
PRS_water_3_col_0_std,1763,stats_features_2.csv,0.5818635909119602,0.4374861933075975,0.3227226314066027,0.796309804401362,53.39225208974753,30.18315106727707,16.424596842975397,0.1965242909102843,100.0,100.0,2,3,18,314,True,False,
AC1_water_1_col_1_wavelet_max_energy,1764,digital_feats_updt.csv,3745679.9606081927,2336932.436104118,1954834.794083009,4828327.935256146,60.18216630767328,23.426035360729546,16.39179833159718,0.19605490854364305,100.0,100.0,2,3,18,315,True,False,
SMG_water_3_col_0_fft_skew,1765,ctvt_singlefault_peaks_freq.csv,0.0313775531528731,0.027360748416527563,0.018432229286468968,0.0455292046080629,47.49610776572818,36.11401872956455,16.38987350470728,0.1960273736175968,100.0,100.0,2,3,18,315,True,False,
GYR_water_1_col_1_band_peak_to_median_175_225,1766,digital_feats_updt.csv,1.8402525244924453,1.743241219137053,1.122058577180919,2.77208130339363,44.06998644557675,39.54604399576095,16.383969558662297,0.19594292472609975,100.0,100.0,2,3,18,315,True,False,
VRY_air_0_col_0_fft_skew,1767,ctvt_singlefault_peaks_freq.csv,0.009311917493490869,0.0044605463212314045,0.004570229023551841,0.011291380527515132,68.01178156446419,15.605655665294432,16.382562770241368,0.19592280405851728,100.0,100.0,2,3,18,315,True,False,
AC1_water_2_col_1_wavelet_max_energy,1768,digital_feats_updt.csv,3555176.1505455375,1866443.7839549475,1775346.954134039,4390301.432433183,65.57428577070512,18.073453616463706,16.352260612831177,0.1954895701023516,100.0,100.0,2,3,18,315,True,False,
SMG_air_1_col_0_cycle_count,1769,physics_features.csv,1.7342247529738355,1.1052236380585867,0.9091490513658658,2.2484676518798468,59.489110284503504,24.161675203484364,16.349214512012125,0.19544603695753518,100.0,100.0,2,3,18,15,True,False,
VRY_air_0_col_0_fft_kurt,1770,ctvt_singlefault_peaks_freq.csv,0.12549848078815687,0.06010939622504111,0.06150934454511165,0.1521394349307359,68.04454890269245,15.609936398986239,16.345514698321317,0.19539316558311684,100.0,100.0,2,3,18,315,True,False,
SMG_water_0_col_0_peak_freq,1771,ctvt_singlefault_peaks_freq.csv,0.06468515151996254,0.05058398529081359,0.03627744635244638,0.08977171887023432,51.91945416951272,31.750239346226838,16.33030648426044,0.19517588505554234,100.0,100.0,2,3,18,36,True,False,
GYR_air_1_col_1_wavelet_max_energy_ratio,1772,digital_feats_updt.csv,5.046819543318923e-06,3.546540434897894e-06,2.7232299710150776e-06,6.742723339588118e-06,56.022807784450364,27.665539922751815,16.31165229279783,0.194909479511615,100.0,100.0,2,3,18,315,True,False,
CTR_water_3_col_0_hmean,1773,ctvt_singlefault_peaks_freq.csv,0.0001157811597527007,8.054877271982416e-05,6.22568712395634e-05,0.00015417295403828089,56.39744161918229,27.296154506147037,16.30640387467068,0.1948345468421765,100.0,100.0,2,3,18,315,True,False,
VRY_water_2_col_0_gmean,1774,ctvt_singlefault_peaks_freq.csv,5.3852261994142403e-05,1.8982175102575982e-05,2.5190493854568077e-05,6.240953512202797e-05,74.45708075014016,9.251029275483265,16.29188997437656,0.19462737803289953,100.0,100.0,2,3,18,315,True,False,
GYR_water_1_col_1_band_power_75_125,1775,digital_feats_updt.csv,0.24672448166505903,0.29640378079757024,0.1701069916559427,0.42150273988934056,34.26286589962316,49.45004304883419,16.287091051542646,0.19455889487212452,100.0,100.0,2,3,18,315,True,False,
GYR_water_0_col_2_rank_175_225,1776,digital_feats_updt.csv,0.16996731711975951,0.0816496580927726,0.08314794192830985,0.20608041101101565,68.0232558139535,15.697674418604649,16.27906976744187,0.19444444444444461,100.0,100.0,2,3,18,2,True,False,
GYR_water_0_col_2_rank_75_125,1777,digital_feats_updt.csv,0.16996731711975951,0.0816496580927726,0.08314794192830982,0.20608041101101565,68.02325581395348,15.697674418604647,16.279069767441857,0.19444444444444445,100.0,100.0,2,3,18,2,True,False,
GYR_air_0_col_2_75_125_spike_energy_ratio,1778,digital_feats_updt.csv,0.006727149595205092,0.004310234065683721,0.0035203963249736034,0.00873074164445015,59.369022289491724,24.372463912604683,16.2585137979036,0.1941512449237685,100.0,100.0,2,3,18,315,True,False,
CTR_water_1_col_0_pmean_2,1779,ctvt_singlefault_peaks_freq.csv,0.0016141139570563076,0.0009689247426801057,0.0008291659776756876,0.0020571084662400667,61.56785206508903,22.185320617781265,16.246827317129707,0.19398461928896701,100.0,100.0,2,3,18,315,True,False,
VRY_air_1_col_0_fft_kurt,1780,ctvt_singlefault_peaks_freq.csv,0.12790141288349002,0.06295695488324124,0.06278574006132134,0.15577033973388923,67.41882043868043,16.33495315712881,16.246226404190764,0.19397605273995291,100.0,100.0,2,3,18,315,True,False,
VRY_air_1_col_0_fft_skew,1781,ctvt_singlefault_peaks_freq.csv,0.009523456065574226,0.004672920197257097,0.004670147539854163,0.011590628828793617,67.51109751321246,16.254092679225625,16.234809807561906,0.19381332233908669,100.0,100.0,2,3,18,315,True,False,
SMG_air_1_col_0_pmean_3,1782,ctvt_singlefault_peaks_freq.csv,0.0021322727058123215,0.0011396033924255342,0.0010637164291887496,0.002641358632542361,65.16745365201554,18.61455776894751,16.217988579036955,0.19357363596285138,100.0,100.0,2,3,18,315,True,False,
SMG_water_1_col_0_peak_energy_ratio,1783,ctvt_singlefault_peaks_freq.csv,0.00447000221665811,0.0030033052229224864,0.0023680332292130243,0.005882885640025562,57.73440108078627,26.062623523491094,16.20297539572263,0.19335979376641918,100.0,100.0,2,3,18,315,True,False,
GYR_water_3_col_2_wavelet_max_energy,1784,digital_feats_updt.csv,380114.3732298834,228768.35500372134,195019.64557155367,484617.9517371495,61.52187858792233,22.283987350057817,16.19413406201986,0.1932338969446864,100.0,100.0,2,3,18,315,True,False,
AC1_water_2_col_2_175_225_mean_spike_interval,1785,digital_feats_updt.csv,207.34420794488278,114.69724205879707,104.14753685617738,258.83158102788366,64.17254834657507,19.63683180000082,16.19061985342411,0.1931838634900773,100.0,100.0,2,3,18,313,True,False,
AC1_water_2_col_resultant_175_225_mean_spike_interval,1786,digital_feats_updt.csv,150.65620757066264,116.23247852093535,83.63274990434144,207.8502316555274,52.53793948579022,31.271878616441136,16.19018189776864,0.1931776284017205,100.0,100.0,2,3,18,312,True,False,
VRY_water_0_col_1_skew,1787,stats_features_2.csv,0.006086551426266144,0.0027704527164133927,0.002938545892862104,0.007304558062122685,69.43120466309641,14.38512346673701,16.183671870166588,0.1930849541046192,100.0,100.0,2,3,18,315,True,False,
GYR_air_0_col_2_wavelet_mean_energy,1788,digital_feats_updt.csv,0.03260130280899765,0.018250361772694627,0.01641521621890484,0.040809067291370286,63.81996673150139,19.999982598320567,16.180050670178048,0.1930334102984409,100.0,100.0,2,3,18,315,True,False,
GYR_air_0_col_0_175_225_mean_spike_interval,1789,digital_feats_updt.csv,273.2227620031935,178.7368388121111,143.4205975513627,356.6048275433049,58.70286780344447,25.121970942191552,16.175161254363978,0.19296382189826838,100.0,100.0,2,3,18,313,True,False,
AC1_air_1_col_2_skew,1790,stats_features_2.csv,0.0803869804094896,0.0825503530426062,0.050606854089380315,0.12584784895912374,40.80184834886857,43.02751614804143,16.170635503090004,0.19289941657241194,100.0,100.0,2,3,18,315,True,False,
VRY_air_1_col_1_peak_to_median,1791,ctvt_singlefault_peaks_freq.csv,597.628345940441,313.38145048310156,296.20983049398,736.9585042997146,65.76219592137198,18.082584489772756,16.155219588855267,0.1926800870565331,100.0,100.0,2,3,18,315,True,False,
GYR_water_2_col_0_spectral_centroid,1792,digital_feats_updt.csv,116.71139049421447,66.46566817967599,58.930304042231306,146.6697462061404,63.32065600540101,20.53589660974042,16.143447384858575,0.19251265263608822,100.0,100.0,2,3,18,315,True,False,
GYR_water_2_col_1_contrast_time,1793,digital_feats_updt.csv,0.7029540880738896,0.45330124952850087,0.3667274585514897,0.9132992399096413,59.241729590249435,24.634720542315048,16.123549867435514,0.19222975986647833,100.0,100.0,2,3,18,315,True,False,
GYR_water_2_col_0_band_power_75_125,1794,digital_feats_updt.csv,0.3057588289707096,0.3319353866158577,0.19775346375062536,0.4927230406696327,38.508115914822994,45.38385311757573,16.108030967601277,0.19200921319870828,100.0,100.0,2,3,18,315,True,False,
CTB_water_2_col_0_peak_width_start,1795,ctvt_singlefault_peaks_freq.csv,0.06259836979886711,0.04629854371461527,0.03410543654923756,0.08500171676962724,54.233877063714004,29.66738497866419,16.098737957621804,0.19187718474950227,100.0,100.0,2,3,18,176,True,False,
CTR_water_3_col_0_peak_width_start,1796,ctvt_singlefault_peaks_freq.csv,0.06502320424606402,0.050391010793867715,0.036008489312235686,0.08979912227746127,52.43153236526518,31.48922386139718,16.079243773337645,0.19160032030584978,100.0,100.0,2,3,18,210,True,False,
GYR_water_3_col_2_wavelet_entropy,1797,digital_feats_updt.csv,1.0874438135324238,0.7564913071346734,0.579630489562535,1.4459545808187655,56.55934233629844,27.371498916810765,16.069158746890803,0.1914571390799151,100.0,100.0,2,3,18,315,True,False,
SMG_water_3_col_0_q95,1798,stats_features_2.csv,66.85200879292199,46.21568249645399,35.52271278351635,88.69579196197618,56.809751753865605,27.150179805150447,16.04006844098394,0.19104432487190937,100.0,100.0,2,3,18,197,True,False,
CTB_water_3_col_0_pmean_2,1799,ctvt_singlefault_peaks_freq.csv,0.0015661703377839351,0.0009805141861156308,0.0008075476591973284,0.002016539317247082,60.32045390012678,23.64255319228724,16.036992907585987,0.1910006973658631,100.0,100.0,2,3,18,315,True,False,
VRY_air_1_col_1_fft_kurt,1800,ctvt_singlefault_peaks_freq.csv,0.12726783377028417,0.06438321897527258,0.06232203244750024,0.15564811636054532,66.85741264361502,17.110300393582747,16.032286962802235,0.1909339480962155,100.0,100.0,2,3,18,315,True,False,
WTF_water_1_col_0_rms,1801,stats_features_2.csv,67.22020623995307,40.73464065153139,34.31540069397762,85.76370911253466,61.43170526296649,22.55904282152798,16.009251915505526,0.19060732617121423,100.0,100.0,2,3,18,315,True,False,
GYR_water_1_col_1_contrast_time,1802,digital_feats_updt.csv,0.9657803747211888,0.5043505791959371,0.47556067564516585,1.1888057852954634,65.998631772306,17.998786606721886,16.00258162097212,0.19051277919950424,100.0,100.0,2,3,18,315,True,False,
CV1_water_3_col_0_peak_to_median,1803,ctvt_singlefault_peaks_freq.csv,217.14941820874404,101.90185199155488,104.63252026754729,261.69795865700496,68.85201746973945,15.162244099556258,15.985738430704291,0.19027410504012005,100.0,100.0,2,3,18,315,True,False,
VRY_air_1_col_1_fft_skew,1804,ctvt_singlefault_peaks_freq.csv,0.009488650238665158,0.004793277464539282,0.004632824833153002,0.011596251900440058,66.95354786905844,17.08558515000342,15.960866980938132,0.1899218424506815,100.0,100.0,2,3,18,315,True,False,
AC1_air_1_col_resultant_spectral_centroid,1805,digital_feats_updt.csv,67.81969610438084,35.40172141681887,33.333740030308505,83.45017245861636,66.04762443122365,17.996758271673453,15.955617297102883,0.18984751608572256,100.0,100.0,2,3,18,315,True,False,
AC1_water_0_col_resultant_75_125_std_spike_interval,1806,digital_feats_updt.csv,266.9145554511815,177.47528488584044,139.5692917737229,349.60040598264567,58.2908862542063,25.771037765627078,15.938075980166621,0.18959922897322964,100.0,100.0,2,3,18,315,True,False,
SMG_water_0_col_0_pmean_2,1807,ctvt_singlefault_peaks_freq.csv,0.0011956779779190132,0.0009353930754199517,0.0006608826891464053,0.0016557088999088819,52.15074229602702,31.916872934989474,15.932384768983487,0.18951869545961952,100.0,100.0,2,3,18,315,True,False,
CTB_water_3_col_0_cycle_count,1808,physics_features.csv,1.2810029747815488,0.8017073366479294,0.6578427129195245,1.648168774724122,60.40834152345516,23.660741564116073,15.930916912428765,0.18949792631655324,100.0,100.0,2,3,18,11,True,False,
VRY_water_0_col_1_gmean,1809,ctvt_singlefault_peaks_freq.csv,5.661125773093306e-05,4.092925582809691e-05,3.0399590146157746e-05,7.618512693153634e-05,55.216034904376954,28.862058718880657,15.921906376742388,0.1893704494310523,100.0,100.0,2,3,18,315,True,False,
CTR_water_2_col_0_cycle_count,1810,physics_features.csv,1.312487899219154,0.5964613873143229,0.6271084478258546,1.5721500174882126,69.69516430975206,14.393840930079424,15.910994760168494,0.1892161135072119,100.0,100.0,2,3,18,10,True,False,
CTB_water_3_col_0_peak_energy_ratio,1811,ctvt_singlefault_peaks_freq.csv,0.005883428254733513,0.0037447263578375247,0.0030322556019145934,0.00760475361593143,59.85364832514113,24.24766252854489,15.898689146313984,0.1890421086773961,100.0,100.0,2,3,18,315,True,False,
WTF_water_1_col_0_q95,1812,stats_features_2.csv,68.65913539545214,40.60288783001984,34.6683128352866,86.97449791883538,62.31789851746848,21.79365070157484,15.888450780956676,0.18889737412373617,100.0,100.0,2,3,18,45,True,False,
AC1_water_0_col_1_spectral_centroid,1813,digital_feats_updt.csv,83.59645282078684,42.12190759124505,40.67900986275001,102.06568408018995,67.08357488681551,17.031643601600134,15.88478151158436,0.1888455121087513,100.0,100.0,2,3,18,315,True,False,
GYR_water_0_col_0_175_225_num_spikes,1814,digital_feats_updt.csv,7.370791084679566,4.031953835527438,3.6452811969398184,9.158236072005305,64.77456952206751,19.382394715947413,15.843035761985098,0.18825578970716447,100.0,100.0,2,3,18,50,True,False,
GYR_water_2_col_1_spectral_centroid,1815,digital_feats_updt.csv,122.13287353606542,67.16937632385157,60.4728914573288,151.9379298105697,64.6149096008331,19.543854564849283,15.841235834317626,0.18823037613921192,100.0,100.0,2,3,18,315,True,False,
GYR_air_1_col_1_band_peak_to_median_75_125,1816,digital_feats_updt.csv,2.9372531933541484,3.3459421459515992,1.930541548324806,4.852811127144006,36.6349827788105,47.53900386205898,15.826013359130497,0.18801549018525873,100.0,100.0,2,3,18,315,True,False,
GYR_water_2_col_2_contrast_freq,1817,digital_feats_updt.csv,0.12828009561658882,0.09716999396653836,0.06976705534975494,0.17540020715789945,53.488244692830015,30.69051298398566,15.821242323184327,0.18794815651623448,100.0,100.0,2,3,18,315,True,False,
AC1_air_1_col_1_band_peak_freq_75_125,1818,digital_feats_updt.csv,0.6479956339344819,0.3122823379129921,0.3112310022484577,0.7837622961913482,68.35580852573646,15.875452370171788,15.768739104091743,0.18720768199799973,100.0,100.0,2,3,18,170,True,False,
SMG_water_3_col_0_peak_freq,1819,ctvt_singlefault_peaks_freq.csv,0.062150521684689146,0.052281043114457824,0.03512891641049538,0.0884874882850134,49.331670395855454,34.90798273092796,15.760346873216589,0.1870894084701032,100.0,100.0,2,3,18,34,True,False,
WTF_water_1_col_0_q05,1820,stats_features_2.csv,66.34174707558698,40.85150403255107,33.665006517059055,84.87287817999527,61.09925972168132,23.167450356312393,15.73328992200629,0.18670824940767497,100.0,100.0,2,3,18,44,True,False,
VRY_water_1_col_0_gmean,1821,ctvt_singlefault_peaks_freq.csv,4.614232506436559e-05,2.2461886009022698e-05,2.216813092336425e-05,5.590238379589308e-05,68.12998506642116,16.14476704208162,15.725247891497217,0.18659500619178496,100.0,100.0,2,3,18,315,True,False,
GYR_water_0_col_2_wavelet_mean_energy,1822,digital_feats_updt.csv,0.015210467279112188,0.007903808676614986,0.00740076929823626,0.018670829993634275,66.36786749686067,17.92031291846713,15.71181958467219,0.18640596471833432,100.0,100.0,2,3,18,315,True,False,
SMG_water_3_col_0_fft_kurt,1823,ctvt_singlefault_peaks_freq.csv,0.2367888023509614,0.1970095075120905,0.13285666062297546,0.33545875341217074,49.82462793444587,34.49023179918131,15.685140266372825,0.18603055636843033,100.0,100.0,2,3,18,315,True,False,
AC1_air_0_col_1_75_125_num_spikes,1824,digital_feats_updt.csv,12.608381598073313,8.759881808782632,6.615328755815211,16.71733801698076,56.88325519653367,27.457579236549737,15.659165566916604,0.18566529098476842,100.0,100.0,2,3,18,70,True,False,
SMG_air_1_col_0_pmean_2,1825,ctvt_singlefault_peaks_freq.csv,0.0013215195189146415,0.000669564963630964,0.0006382452571713777,0.0016130989082186738,67.1158615701803,17.22913388835524,15.655004541464466,0.18560679808395453,100.0,100.0,2,3,18,315,True,False,
GYR_air_1_col_2_75_125_spike_energy_ratio,1826,digital_feats_updt.csv,0.007339657894948656,0.004188730301777211,0.0036325344119948946,0.009198442575253478,63.66826753435845,20.736535240057655,15.595197225583895,0.18476670417990654,100.0,100.0,2,3,18,315,True,False,
SMG_water_2_col_0_peak_width_end,1827,ctvt_singlefault_peaks_freq.csv,0.11861575519873244,0.06544531767883309,0.05816678953081224,0.14743189068777085,64.72944546408215,19.704902497898786,15.565652038019069,0.18435213172994436,100.0,100.0,2,3,18,198,True,False,
SMG_water_3_col_0_peak_energy_ratio,1828,ctvt_singlefault_peaks_freq.csv,0.004266066797659698,0.003257339215689461,0.00230146332922359,0.005840061484601324,53.360570452946256,31.109364315710195,15.530065231343546,0.18385316946055175,100.0,100.0,2,3,18,315,True,False,
GYR_water_3_col_0_75_125_mean_spike_interval,1829,digital_feats_updt.csv,389.36599074961845,265.81254433717794,201.69343112462303,512.779117786849,57.65744175272472,26.871399354030835,15.47115889324446,0.18302816755413914,100.0,100.0,2,3,18,311,True,False,
AC1_water_2_col_resultant_175_225_num_spikes,1830,digital_feats_updt.csv,4.0714874785593835,3.897835177020106,2.41018121935585,6.130179676438273,44.11230983196587,40.42970137319915,15.457988794834991,0.18284387341249578,100.0,100.0,2,3,18,32,True,False,
GYR_water_1_col_2_fft_mean,1831,digital_feats_updt.csv,0.0020105984076682105,0.0012436514276210823,0.0010100700230417142,0.002570878503894999,61.1628286760522,23.400990457892924,15.436180866054872,0.1825388330865791,100.0,100.0,2,3,18,315,True,False,
AC1_water_1_col_0_spectral_centroid,1832,digital_feats_updt.csv,57.69285841863515,48.4859870768719,32.18959582975038,81.94831868326496,49.56373408553331,35.006797911290114,15.42946800317659,0.18244496799140555,100.0,100.0,2,3,18,315,True,False,
AC1_water_2_col_2_75_125_mean_spike_interval,1833,digital_feats_updt.csv,324.2990932861041,244.34001043736018,173.42106936902587,441.5278132890555,53.94799840834596,30.62478464190347,15.427216949750582,0.18241349513808017,100.0,100.0,2,3,18,315,True,False,
GYR_water_0_col_0_175_225_mean_spike_interval,1834,digital_feats_updt.csv,357.33506869064064,217.82154613267932,178.6700251045403,455.0357734801,61.66804743044475,22.914510859567883,15.41744170998736,0.18227684314211412,100.0,100.0,2,3,18,307,True,False,
AC1_water_3_col_2_wavelet_max_energy_ratio,1835,digital_feats_updt.csv,5.542375488026998e-07,4.4392100717337464e-07,3.0313328984672596e-07,7.720977350866583e-07,51.528480222915086,33.05725876292236,15.414261014162554,0.1822323857304531,100.0,100.0,2,3,18,315,True,False,
CTB_water_3_col_0_pmean_3,1836,ctvt_singlefault_peaks_freq.csv,0.0026248660148794475,0.001641550446642552,0.0013215273530650122,0.003366161613743537,60.80570854799903,23.781461501095126,15.412829950905836,0.18221238447816937,100.0,100.0,2,3,18,315,True,False,
AC1_water_3_col_1_75_125_spike_energy_ratio,1837,digital_feats_updt.csv,0.003355044757966483,0.0019002170404197802,0.0016456689734810073,0.004192299667120436,64.04599826716924,20.544793455320118,15.409208277510642,0.18216176919188168,100.0,100.0,2,3,18,315,True,False,
AC1_water_1_col_2_175_225_mean_spike_interval,1838,digital_feats_updt.csv,132.35257497699382,75.56015600897267,65.03485366976462,165.69874311831322,63.800834891960015,20.79444164560899,15.40472346243099,0.1820990969346818,100.0,100.0,2,3,18,312,True,False,
AC1_air_1_col_1_band_peak_freq_175_225,1839,digital_feats_updt.csv,2.983425077655306,1.9929068713332014,1.5304619100506687,3.9006174703379464,58.50103487141131,26.10401353625074,15.394951592337943,0.18196256467059402,100.0,100.0,2,3,18,217,True,False,
PRS_water_2_col_0_q95,1840,stats_features_2.csv,3.0387047984053748,2.87718583036778,1.7808996147814373,4.547914752086901,44.64289935186314,40.02314337008756,15.333957278049288,0.1811110663150644,100.0,100.0,2,3,18,4,True,False,
AC1_water_1_col_1_wavelet_max_energy_ratio,1841,digital_feats_updt.csv,2.633829994018568e-06,1.7825584782895866e-06,1.3532091009517135e-06,3.4562624374911815e-06,58.07136777527019,26.599541416237027,15.329090808492777,0.1810431818302754,100.0,100.0,2,3,18,315,True,False,
CTR_air_0_col_0_cycle_count,1842,physics_features.csv,1.8684189031185872,0.7708986458816883,0.8596593945809928,2.1964262324158406,72.36278300187412,12.318599102487024,15.318617895638853,0.1808971171108216,100.0,100.0,2,3,18,15,True,False,
AC1_water_0_col_1_contrast_time,1843,digital_feats_updt.csv,0.28380599457043826,0.1787449688040655,0.14260442989281297,0.36446073842313415,60.637547430456046,24.052828312337873,15.309624257206076,0.18077171252258534,100.0,100.0,2,3,18,315,True,False,
CTB_water_1_col_0_peak_width_start,1844,ctvt_singlefault_peaks_freq.csv,0.059379440179255887,0.04653123664309184,0.03205070035037966,0.08196536642074546,52.48212704481364,32.22763379829205,15.290239156894328,0.18050150307015964,100.0,100.0,2,3,18,176,True,False,
AC1_water_3_col_1_rank_175_225,1845,digital_feats_updt.csv,0.17873008824606013,0.13681789284471946,0.09562174710032503,0.24455489928732177,53.41246290801187,31.299187201651396,15.288349890336734,0.18047517514468478,100.0,100.0,2,3,18,2,True,False,
AC1_water_3_col_1_rank_75_125,1846,digital_feats_updt.csv,0.17873008824606013,0.13681789284471946,0.09562174710032505,0.2445548992873218,53.41246290801186,31.299187201651403,15.288349890336734,0.1804751751446848,100.0,100.0,2,3,18,2,True,False,
AC1_water_2_col_2_contrast_freq,1847,digital_feats_updt.csv,0.08658931031294358,0.15286765430366947,0.07462921288171541,0.1908815020061447,20.577891525530696,64.1362429429736,15.285865531495705,0.1804405560819229,100.0,100.0,2,3,18,315,True,False,
AC1_water_3_col_1_wavelet_max_energy_ratio,1848,digital_feats_updt.csv,2.6796227036083666e-06,1.4829970143054325e-06,1.2996328157748447e-06,3.3269661005142645e-06,64.8709930347942,19.869356492911262,15.259650472294537,0.1800753779910415,100.0,100.0,2,3,18,315,True,False,
SMG_water_2_col_0_peak_width,1849,ctvt_singlefault_peaks_freq.csv,0.1297998991935888,0.06006299257528941,0.06067693777158057,0.15536173172664286,69.8008326810959,14.946029203322079,15.253138115582043,0.17998469531986966,100.0,100.0,2,3,18,198,True,False,
VRY_air_1_col_0_spectral_entropy,1850,ctvt_singlefault_peaks_freq.csv,0.025265499179539803,0.01140692513926383,0.011741861277247323,0.030105393141067197,70.4315361072535,14.356500052513004,15.211963840233478,0.17941167798213298,100.0,100.0,2,3,18,315,True,False,
GYR_water_3_col_2_wavelet_max_energy_ratio,1851,digital_feats_updt.csv,8.697369666640228e-06,6.032573314456356e-06,4.476853660858684e-06,1.1492536648330877e-05,57.27222612662522,27.553287423524313,15.174486449850457,0.1788905933458237,100.0,100.0,2,3,18,315,True,False,
SMG_water_0_col_0_peak_energy_ratio,1852,ctvt_singlefault_peaks_freq.csv,0.004692239436134079,0.0036791116136049534,0.0025208346313221296,0.006473606446938807,52.53729921933335,32.29931703650027,15.163383744166387,0.1787363100201879,100.0,100.0,2,3,18,315,True,False,
WTF_water_3_col_0_skew,1853,stats_features_2.csv,0.14860216425367218,0.07072302361729758,0.0695331916972593,0.17865949187786245,69.18279126342885,15.670016384518268,15.147192352052883,0.17851138662256563,100.0,100.0,2,3,18,296,True,False,
GYR_water_2_col_0_contrast_time,1854,digital_feats_updt.csv,0.08982512132954136,0.07442212164285596,0.049263253686817124,0.12662571924969498,50.321291008447,34.543015161351875,15.13569383020112,0.1783517065457084,100.0,100.0,2,3,18,315,True,False,
GYR_air_0_col_2_wavelet_std_energy,1855,digital_feats_updt.csv,0.0343023136218181,0.017843799620920885,0.016291984653023887,0.04195805844716256,66.83686322130688,18.086057535405505,15.07707924328761,0.17753839727769727,100.0,100.0,2,3,18,315,True,False,
AC1_water_2_col_2_75_125_num_spikes,1856,digital_feats_updt.csv,6.2781199513434585,4.177620305838371,3.1763615833360794,8.182699704333722,58.86619864659111,26.065418613143237,15.068382740265648,0.17741782420301908,100.0,100.0,2,3,18,41,True,False,
GYR_water_0_col_1_skew,1857,stats_features_2.csv,0.03006540514105936,0.03312466677851865,0.0188348590873281,0.048537862049367615,38.368324539348926,46.57380818816217,15.057867272488906,0.1772720649809156,100.0,100.0,2,3,18,315,True,False,
GYR_water_2_col_0_band_peak_freq_75_125,1858,digital_feats_updt.csv,1.0631093584642115,0.6681756419023283,0.5284072172137623,1.3623048057205729,60.89859949504847,24.0565144039574,15.044886100994127,0.17709217739239802,100.0,100.0,2,3,18,210,True,False,
AC1_water_1_col_1_75_125_num_spikes,1859,digital_feats_updt.csv,17.68504838031244,11.446273978778269,8.8560284051996,22.85185689008555,59.892096163219385,25.08911156730077,15.018792269479846,0.17673074636812905,100.0,100.0,2,3,18,87,True,False,
CTR_air_1_col_0_peak_energy_ratio,1860,ctvt_singlefault_peaks_freq.csv,0.0059403621645487134,0.0033557678502108266,0.002866921361508463,0.007400562046465391,64.43123240904579,20.561481804868972,15.007285786085239,0.1765714382095623,100.0,100.0,2,3,18,315,True,False,
AC1_water_0_col_resultant_band_peak_freq_175_225,1861,digital_feats_updt.csv,14.820092782183917,7.975377800903244,7.068894911825326,18.254070132825447,65.91472061378306,19.088996605890383,14.996282780326565,0.17641914107793621,100.0,100.0,2,3,18,291,True,False,
AC1_water_2_col_1_band_peak_freq_175_225,1862,digital_feats_updt.csv,3.9964128827131433,2.282872299629212,1.932629359363261,4.991781055515435,64.09581049013899,20.9147260220246,14.989463487836407,0.17632477223210635,100.0,100.0,2,3,18,286,True,False,
AC1_air_0_col_1_175_225_num_spikes,1863,digital_feats_updt.csv,8.712445511457931,4.09344300281364,4.032690626614727,10.43674164178618,69.68676183291696,15.38323341278604,14.930004754297006,0.17550259302560783,100.0,100.0,2,3,18,54,True,False,
VRY_water_2_col_1_gmean,1864,ctvt_singlefault_peaks_freq.csv,6.641045023949886e-05,3.0207674223990424e-05,3.056128731905877e-05,7.910021343608216e-05,70.48838146218651,14.584087699851787,14.927530837961699,0.17546840928678226,100.0,100.0,2,3,18,315,True,False,
GYR_water_2_col_0_contrast_freq,1865,digital_feats_updt.csv,0.07526618827966584,0.1439205767854492,0.06789348658020664,0.17603311347704778,18.281469588875844,66.84317047667155,14.875359934452625,0.17474799215595335,100.0,100.0,2,3,18,315,True,False,
CTB_water_1_col_0_cycle_count,1866,physics_features.csv,1.4661287242987882,0.8203246893894806,0.7022795157569323,1.8208960844836068,64.82968044796348,20.29556946085964,14.874750091176875,0.17473957617873762,100.0,100.0,2,3,18,13,True,False,
GYR_water_2_col_2_wavelet_entropy,1867,digital_feats_updt.csv,1.0947251846147759,0.7955944924529854,0.5646472857963093,1.4663629781225784,55.73490229027832,29.437475397720263,14.82762231200142,0.17408956652962784,100.0,100.0,2,3,18,315,True,False,
AC1_water_0_col_2_175_225_spike_energy_ratio,1868,digital_feats_updt.csv,0.0012425073886234703,0.0010169967871620203,0.0006695763536830731,0.0017396665109420562,51.01124854590797,34.17489235839535,14.813859095696674,0.17389987313004723,100.0,100.0,2,3,18,315,True,False,
CTB_air_1_col_0_pmean_2,1869,ctvt_singlefault_peaks_freq.csv,0.001699815623433094,0.0010445913036061822,0.0008314292486725508,0.0021614390439670286,61.84685909243294,23.35644964227124,14.796691265295816,0.1736633410724456,100.0,100.0,2,3,18,315,True,False,
GYR_water_2_col_0_75_125_std_spike_interval,1870,digital_feats_updt.csv,327.84737326351643,237.7319807030367,168.73114017553522,438.7147050985556,55.84432342447393,29.36370378653171,14.791972788994359,0.1735983483382866,100.0,100.0,2,3,18,315,True,False,
AC1_water_0_col_resultant_75_125_mean_spike_interval,1871,digital_feats_updt.csv,306.5962845108861,202.5730966033668,153.05133604755636,398.07267252261767,59.3210795708972,25.896364829618825,14.782555599483992,0.17346865660517838,100.0,100.0,2,3,18,313,True,False,
AC1_water_3_col_resultant_wavelet_std_energy,1872,digital_feats_updt.csv,0.022015845926704837,0.018320991933915627,0.011920216647072145,0.031023342537904317,50.36091108738463,34.875527965467356,14.763560947148024,0.1732071530814853,100.0,100.0,2,3,18,315,True,False,
AC1_water_0_col_2_175_225_std_spike_interval,1873,digital_feats_updt.csv,288.56724361942526,214.94684738474191,149.66421106291241,389.70832344695464,54.82955220455827,30.421652152484732,14.748795642957015,0.17300395641552654,100.0,100.0,2,3,18,315,True,False,
GYR_water_2_col_2_wavelet_std_energy,1874,digital_feats_updt.csv,0.010942697240630628,0.009424330491110909,0.006001748367825369,0.015639105203830633,48.958146169815706,36.31426117163708,14.72759265854721,0.1727122889773021,100.0,100.0,2,3,18,315,True,False,
SMG_air_1_col_0_peak_energy_ratio,1875,ctvt_singlefault_peaks_freq.csv,0.005117989536779466,0.0025857536647518166,0.002381228342900844,0.006208879716534686,67.94731416314815,17.34394169548394,14.708744141367902,0.1724531312535395,100.0,100.0,2,3,18,315,True,False,
VRY_air_1_col_0_gmean,1876,ctvt_singlefault_peaks_freq.csv,5.731668039916871e-05,2.291599428836678e-05,2.562116698798802e-05,6.683403956092492e-05,73.54728344435364,11.756606648782563,14.696109906863793,0.1722794809336167,100.0,100.0,2,3,18,315,True,False,
AC1_water_2_col_resultant_band_power_75_125,1877,digital_feats_updt.csv,0.44743712409431036,0.48516290828256287,0.27385683726113125,0.7145492249702966,39.21026024398392,46.101056311529064,14.688683444487012,0.17217743246206885,100.0,100.0,2,3,18,315,True,False,
GYR_water_1_col_0_spectral_centroid,1878,digital_feats_updt.csv,124.40804706135518,63.884359895027586,58.0239149177762,151.41118953103535,67.51200444512524,17.80217854526958,14.685817009605179,0.17213804897198154,100.0,100.0,2,3,18,315,True,False,
AC1_water_2_col_1_band_power_75_125,1879,digital_feats_updt.csv,0.3756967178546902,0.23292263852731238,0.1833799776080014,0.47856994842219547,61.628834471698774,23.688226914611796,14.682938613689425,0.17209850380577402,100.0,100.0,2,3,18,315,True,False,
GYR_water_0_col_1_wavelet_max_energy,1880,digital_feats_updt.csv,114657.64719684514,61590.926567743445,53975.739863191775,140901.37965956304,66.21792387108407,19.107461097855747,14.674615031060178,0.17198416434220645,100.0,100.0,2,3,18,315,True,False,
GYR_air_1_col_2_relative_band_power_175_225,1881,digital_feats_updt.csv,0.008967422150641724,0.006134505801178758,0.004502334864735081,0.011760860541929945,58.137590659725916,27.207019165321338,14.655390174952748,0.17172016141377483,100.0,100.0,2,3,18,315,True,False,
VRY_water_3_col_0_spectral_entropy,1882,ctvt_singlefault_peaks_freq.csv,0.02699074295045445,0.011910629109251898,0.012219418869479859,0.031932389329698864,71.44417851467738,13.912544643325386,14.643276841997231,0.17155387765871993,100.0,100.0,2,3,18,315,True,False,
CV1_water_2_col_0_cycle_count,1883,physics_features.csv,1.5384549461713777,0.7466188072551149,0.7082840430414842,1.8509320761101467,69.08576984565339,16.271099009216034,14.643131145130578,0.1715518779165623,100.0,100.0,2,3,18,11,True,False,
GYR_water_3_col_0_band_peak_freq_75_125,1884,digital_feats_updt.csv,4.474961227954015,5.076870691604838,2.803006396179114,7.325076031550043,37.3210866224272,48.03612102235506,14.64279235521773,0.17154722792894478,100.0,100.0,2,3,18,247,True,False,
GYR_air_0_col_1_wavelet_max_energy,1885,digital_feats_updt.csv,112442.62072023787,54699.13916718677,51784.742665624195,135340.3057223215,69.02519021276544,16.33453128055427,14.640278506680295,0.17151272579803403,100.0,100.0,2,3,18,315,True,False,
AC1_water_3_col_1_fft_entropy,1886,digital_feats_updt.csv,0.15560838381510775,0.07713338601729545,0.07168675760352158,0.18788964731391952,68.58991768868185,16.853072560657637,14.557009750660496,0.17037102409665522,100.0,100.0,2,3,18,315,True,False,
GYR_water_2_col_0_175_225_spike_energy_ratio,1887,digital_feats_updt.csv,0.0013201282508822415,0.0013327285755687938,0.0007742522748857044,0.0020293769093198827,42.31621558819312,43.12786806635775,14.555916345449148,0.17035604716996555,100.0,100.0,2,3,18,315,True,False,
CTR_water_1_col_0_cycle_count,1888,physics_features.csv,1.2197314687942906,0.7692944989164416,0.5951083526378729,1.5600361641351586,61.1306656867484,24.317331853569186,14.552002459682418,0.17030243982974835,100.0,100.0,2,3,18,10,True,False,
SMG_water_2_col_0_q05,1889,stats_features_2.csv,62.31313156991376,55.449470089253445,34.393937672248875,90.22479175831295,47.698791749790274,37.76965548870733,14.531552761502413,0.1700224261820561,100.0,100.0,2,3,18,214,True,False,
SMG_water_2_col_0_peak_to_median,1890,ctvt_singlefault_peaks_freq.csv,195.50032493215286,123.19569850008513,95.239167295765,249.93610416402817,61.18387443946141,24.29590587693409,14.5202196836045,0.16986730230072247,100.0,100.0,2,3,18,315,True,False,
SMG_water_2_col_0_gmean,1891,ctvt_singlefault_peaks_freq.csv,0.00025062190614543925,0.00013843327563624786,0.00011771866379796618,0.00030956872492183917,65.54263553015049,19.997091510737825,14.460272959111675,0.1690474526789127,100.0,100.0,2,3,18,315,True,False,
SMG_water_3_col_0_peak_width_end,1892,ctvt_singlefault_peaks_freq.csv,0.12119352096227,0.07219564774803573,0.05798262020008436,0.15251906543858004,63.14086612583953,22.406486619101923,14.45264725505856,0.16894324361092714,100.0,100.0,2,3,18,199,True,False,
AC1_water_0_col_resultant_75_125_num_spikes,1893,digital_feats_updt.csv,4.66521632003889,3.4100494009632176,2.3737088984970645,6.247173293944305,55.76689519200415,29.795744032028715,14.43736077596714,0.16873440215144705,100.0,100.0,2,3,18,34,True,False,
CTB_air_1_col_0_pmean_3,1894,ctvt_singlefault_peaks_freq.csv,0.0027692131012201785,0.0016796390992659567,0.0013303891794891746,0.0035013803096285204,62.55098960724771,23.011947856513704,14.437062536238601,0.16873032838959218,100.0,100.0,2,3,18,315,True,False,
CTB_water_3_col_0_peak_width_start,1895,ctvt_singlefault_peaks_freq.csv,0.06272749151729289,0.047501369983423365,0.0322983424443801,0.08505469573755801,54.39002395429808,31.190021911198368,14.419954134503556,0.1684966862154638,100.0,100.0,2,3,18,177,True,False,
CTB_air_0_col_0_pmean_2,1896,ctvt_singlefault_peaks_freq.csv,0.0016573810073192347,0.000955458501517484,0.0007848529662637883,0.002067802439837429,64.2431206147926,21.350378139731447,14.406501245475942,0.16831303142301426,100.0,100.0,2,3,18,315,True,False,
AC1_water_0_col_1_band_power_75_125,1897,digital_feats_updt.csv,0.4108624673811962,0.27253463016958457,0.202118166173357,0.5328553695342833,59.453064732786565,26.159214337757664,14.38772092945576,0.1680567447293434,100.0,100.0,2,3,18,315,True,False,
GYR_water_1_col_2_band_peak_mag_175_225,1898,digital_feats_updt.csv,0.03949408094691572,0.02108032017722466,0.01834534870767263,0.0483809275213068,66.63703174917468,18.984799967471684,14.378168283353636,0.16792642711658165,100.0,100.0,2,3,18,315,True,False,
GYR_water_3_col_1_contrast_time,1899,digital_feats_updt.csv,0.6986181043131519,0.4227212038566461,0.33458782984815216,0.8824451754905854,62.67642341002497,22.94735315311304,14.376223436861977,0.16789989899897853,100.0,100.0,2,3,18,315,True,False,
CTR_water_1_col_0_pmean_3,1900,ctvt_singlefault_peaks_freq.csv,0.002735710682876342,0.0016442009095499611,0.001305035977573188,0.0034482790597817146,62.94127309323671,22.735523499424872,14.323203407338417,0.16717715854195736,100.0,100.0,2,3,18,315,True,False,
VRY_water_3_col_1_peak_to_median,1901,ctvt_singlefault_peaks_freq.csv,489.032520988585,344.34116432862453,244.5274460270434,646.1557984698057,57.27973367311417,28.39902273195408,14.321243594931738,0.16715046057886732,100.0,100.0,2,3,18,315,True,False,
GYR_water_0_col_0_band_peak_freq_175_225,1902,digital_feats_updt.csv,14.000484161844053,10.634852528372365,7.186026153682178,18.993488804000133,54.33461811712232,31.351148401130377,14.314233481747328,0.16705497381176052,100.0,100.0,2,3,18,283,True,False,
GYR_water_3_col_2_contrast_time,1903,digital_feats_updt.csv,1.5851311562080308,1.1489339363828324,0.8000718432126419,2.1149006895963773,56.175952751599475,29.51278251028619,14.311264738114348,0.16701454041042427,100.0,100.0,2,3,18,315,True,False,
AC1_water_1_col_resultant_175_225_std_spike_interval,1904,digital_feats_updt.csv,128.18996248962074,111.10747601120467,69.16732088392774,183.19840607093454,48.96262118141396,36.782664211764576,14.254714606821462,0.16624487913775718,100.0,100.0,2,3,18,315,True,False,
AC1_water_0_col_2_75_125_num_spikes,1905,digital_feats_updt.csv,6.825987206071263,4.587572168205214,3.3532096039630512,8.881662816390278,59.066654954864774,26.679473536434745,14.253871508700485,0.16623341204433262,100.0,100.0,2,3,18,37,True,False,
CTR_air_0_col_0_peak_energy_ratio,1906,ctvt_singlefault_peaks_freq.csv,0.00590146754487199,0.0034981451716690716,0.002794076585948765,0.007407509891548993,63.47103291012412,22.301351199001566,14.227615890874318,0.16587641860080443,100.0,100.0,2,3,18,315,True,False,
VRY_water_1_col_0_hmean,1907,ctvt_singlefault_peaks_freq.csv,2.6335435383960493e-05,1.2640172921639368e-05,1.1891928788758883e-05,3.153961158081399e-05,69.72175719748495,16.06176803157194,14.21647477094311,0.16572500061034628,100.0,100.0,2,3,18,315,True,False,
VRY_air_1_col_1_gmean,1908,ctvt_singlefault_peaks_freq.csv,7.818367505917789e-05,3.4319135168079266e-05,3.474594054264431e-05,9.218335244845992e-05,71.93283306861983,13.860141822279784,14.207025109100384,0.16559660190320982,100.0,100.0,2,3,18,315,True,False,
GYR_water_0_col_0_75_125_spike_energy_ratio,1909,digital_feats_updt.csv,0.0009611361198492468,0.000517844808458763,0.00044345946952429856,0.001178389658660212,66.52608278333888,19.311740110676727,14.162177105984377,0.16498760835850282,100.0,100.0,2,3,18,315,True,False,
VRY_water_2_col_1_cycle_count,1910,physics_features.csv,1.7248398565850098,1.142509218700145,0.8395214328905369,2.232755266920581,59.678144689818396,26.184071666468753,14.137783643712858,0.16465663528935492,100.0,100.0,2,3,18,16,True,False,
AC1_water_3_col_1_75_125_std_spike_interval,1911,digital_feats_updt.csv,1125.3933044080718,523.9004094361084,503.48538370594736,1339.581748240609,70.57814028186063,15.295336373727114,14.126523344412252,0.16450391779372597,100.0,100.0,2,3,18,295,True,False,
CTR_water_0_col_0_peak_energy_ratio,1912,ctvt_singlefault_peaks_freq.csv,0.006022581879801293,0.003349454124821186,0.0027947455449452594,0.007436460051273315,65.58928970994364,20.2868944378026,14.123815852253736,0.16446720347930602,100.0,100.0,2,3,18,315,True,False,
GYR_water_0_col_2_wavelet_std_energy,1913,digital_feats_updt.csv,0.011512522986823401,0.0052487184396233415,0.005128799977818956,0.013652538957756356,71.10729726609013,14.780179333765057,14.112523400144832,0.16431409978307163,100.0,100.0,2,3,18,315,True,False,
AC1_air_0_col_1_wavelet_max_energy_ratio,1914,digital_feats_updt.csv,1.3920783193423148e-06,5.501104894295282e-07,6.064608901483024e-07,1.6150227270979161e-06,74.29679213330886,11.602259524110705,14.100948342580443,0.16415720628462221,100.0,100.0,2,3,18,315,True,False,
SMG_water_1_col_0_peak_width_end,1915,ctvt_singlefault_peaks_freq.csv,0.11502297272316836,0.07232254388893969,0.05504487672364538,0.14659731601282358,61.56262604330311,24.338586329295147,14.098787627401746,0.16412792366943518,100.0,100.0,2,3,18,199,True,False,
SMG_water_1_col_0_peak_freq,1916,ctvt_singlefault_peaks_freq.csv,0.05863021542254305,0.05050490808565795,0.031337338199536456,0.0834881827965293,49.31658131925601,36.59461256307017,14.088806117673807,0.16399267058226952,100.0,100.0,2,3,18,34,True,False,
SMG_air_0_col_0_skew,1917,stats_features_2.csv,0.005159533010529611,0.003714588444907843,0.002574502725365473,0.006859082481258107,56.5833609422085,29.32846654084481,14.088172516946695,0.16398408612278306,100.0,100.0,2,3,18,315,True,False,
CV1_water_2_col_0_peak_to_median,1918,ctvt_singlefault_peaks_freq.csv,226.6141185575699,108.16132486357529,101.51746817467162,270.84797815465356,70.00397995492611,15.947506968896318,14.048513076177583,0.16344700457164377,100.0,100.0,2,3,18,315,True,False,
GYR_water_0_col_1_contrast_time,1919,digital_feats_updt.csv,0.7942794755098534,0.48510736350124434,0.3760335830475793,1.003797935303185,62.61149656742667,23.35517563782542,14.033327794747924,0.16324149155433476,100.0,100.0,2,3,18,315,True,False,
GYR_water_0_col_2_band_peak_to_median_175_225,1920,digital_feats_updt.csv,0.8894301397731822,0.5551252712683005,0.42302573122302056,1.1305754329607633,61.890586172886366,24.109206040455014,14.00020778665862,0.1627935071276455,100.0,100.0,2,3,18,315,True,False,
AC1_water_2_col_1_band_peak_to_median_175_225,1921,digital_feats_updt.csv,1.5959326568092194,1.3871870159901594,0.8531647499232233,2.2801708166085652,48.98852430618714,37.011378811137156,14.0000968826757,0.16279200760931373,100.0,100.0,2,3,18,315,True,False,
AC1_air_1_col_0_175_225_spike_energy_ratio,1922,digital_feats_updt.csv,0.0024970406050829467,0.001791080685056721,0.001239802638190636,0.0033136524237585216,56.78548042744153,29.215706720388994,13.998812852169472,0.16277464668140465,100.0,100.0,2,3,18,314,True,False,
GYR_water_1_col_2_wavelet_max_energy,1923,digital_feats_updt.csv,940435.3045294114,360958.94579514104,406335.6721020678,1086194.5502429598,74.96224938923379,11.043338394698164,13.99441221606805,0.16271515115070886,100.0,100.0,2,3,18,315,True,False,
GYR_water_2_col_0_175_225_num_spikes,1924,digital_feats_updt.csv,6.373470001182015,4.288689244457813,3.097633471039436,8.28307360901731,59.20642664374394,26.808104994983708,13.985468361272334,0.16259425116692072,100.0,100.0,2,3,18,40,True,False,
GYR_water_1_col_0_band_peak_freq_175_225,1925,digital_feats_updt.csv,4.554703021441051,2.6392329105264856,2.1207004028489465,5.6752304066155785,64.40997553794739,21.626609586974524,13.96341487507807,0.16229624705354953,100.0,100.0,2,3,18,262,True,False,
GYR_water_2_col_2_fft_std,1926,digital_feats_updt.csv,0.0055846714613157255,0.0038882796778708447,0.002740976283754463,0.007336226902998717,57.9495073292571,28.091147528549662,13.959345142193232,0.1622412703071919,100.0,100.0,2,3,18,315,True,False,
GYR_water_2_col_2_75_125_spike_energy_ratio,1927,digital_feats_updt.csv,0.008549618556675284,0.005064248412003753,0.00399560384565803,0.010710155906174575,63.72383322410357,22.358281278481627,13.91788549741481,0.1616815011787011,100.0,100.0,2,3,18,315,True,False,
VRY_water_2_col_0_peak_to_median,1928,ctvt_singlefault_peaks_freq.csv,1012.2331624637436,380.29435112049424,434.52144829985866,1165.35344755062,75.447663039775,10.64938230837504,13.902954651849964,0.16148004377653935,100.0,100.0,2,3,18,315,True,False,
AC1_water_1_col_2_band_peak_freq_75_125,1929,digital_feats_updt.csv,3.346637943265753,3.2098718454860604,1.863311160754405,4.997518511175526,44.84444344161931,41.254047479545136,13.90150907883554,0.16146054280515054,100.0,100.0,2,3,18,260,True,False,
GYR_water_2_col_0_175_225_std_spike_interval,1930,digital_feats_updt.csv,232.70947902033143,128.53283559709078,106.771186365354,286.4864354387621,65.98117118720695,20.128900349443867,13.889928463349184,0.16130434240130953,100.0,100.0,2,3,18,315,True,False,
SMG_air_0_col_0_pmean_2,1931,ctvt_singlefault_peaks_freq.csv,0.001243731755082661,0.0006906820683682274,0.0005713092295577792,0.0015330703290926714,65.81566730798727,20.297016509082702,13.887316182930046,0.16126911353071996,100.0,100.0,2,3,18,315,True,False,
CTB_water_0_col_0_pmean_2,1932,ctvt_singlefault_peaks_freq.csv,0.0015585343755721574,0.0008926994531457318,0.0007203380425868167,0.0019351559650541321,64.86356662485181,21.280341421058818,13.856091954089367,0.16084819308063808,100.0,100.0,2,3,18,315,True,False,
VRY_water_1_col_1_hmean,1933,ctvt_singlefault_peaks_freq.csv,3.08588409371341e-05,1.6706747069206467e-05,1.407271903323537e-05,3.7807735750850875e-05,66.6189651216328,19.526412407593458,13.854622470773732,0.1608283911237526,100.0,100.0,2,3,18,315,True,False,
AC1_air_0_col_resultant_75_125_mean_spike_interval,1934,digital_feats_updt.csv,339.89676692860957,175.01253207180872,153.13609472327843,411.837179062071,68.11503220794326,18.05872961075055,13.826238181306191,0.16044603240596658,100.0,100.0,2,3,18,313,True,False,
GYR_water_2_col_2_wavelet_max_energy_ratio,1935,digital_feats_updt.csv,8.912376038468144e-06,6.339258193934972e-06,4.379695661455454e-06,1.178127222278666e-05,57.22721648853219,28.952928588041882,13.81985492342593,0.16036007958847723,100.0,100.0,2,3,18,315,True,False,
CTB_water_0_col_0_peak_energy_ratio,1936,ctvt_singlefault_peaks_freq.csv,0.005855120796282763,0.003421835263968031,0.0027154829356756853,0.007305151859252749,64.24113743451109,21.941165756624677,13.817696808864243,0.16033102269521912,100.0,100.0,2,3,18,315,True,False,
AC1_water_3_col_2_175_225_spike_energy_ratio,1937,digital_feats_updt.csv,0.0010011701457230567,0.0007368051967557299,0.000497506617736814,0.0013389310637016757,55.91126862866472,30.282304748285696,13.806426623049575,0.16017930435103228,100.0,100.0,2,3,18,315,True,False,
GYR_air_0_col_0_175_225_std_spike_interval,1938,digital_feats_updt.csv,530.8310464007354,281.9723281023398,240.52370824190496,647.4114980943654,67.22825117913332,18.9693375068998,13.802411313966873,0.16012526016523387,100.0,100.0,2,3,18,315,True,False,
AC1_water_3_col_2_75_125_mean_spike_interval,1939,digital_feats_updt.csv,345.3014694967853,239.609463088271,167.99530545601462,452.62370938048366,58.19990211361856,28.024207053078694,13.775890833302727,0.1597684332889977,100.0,100.0,2,3,18,315,True,False,
VRY_water_3_col_1_gmean,1940,ctvt_singlefault_peaks_freq.csv,8.585384645543978e-05,6.32437104091981e-05,4.261434477136209e-05,0.00011483306247683745,55.89662939154494,30.33198192070767,13.7713886877474,0.15970787976485204,100.0,100.0,2,3,18,315,True,False,
AC1_water_1_col_2_skew,1941,stats_features_2.csv,0.07046605030889479,0.08333950671491738,0.0435807876741309,0.11751690380502343,35.95499045323698,50.292262047192644,13.752747499570383,0.1594572244432004,100.0,100.0,2,3,18,315,True,False,
GYR_water_2_col_0_175_225_mean_spike_interval,1942,digital_feats_updt.csv,213.3697168682324,136.82258885687108,101.155264009051,272.9092236159614,61.12644432718873,25.135016767012676,13.73853890579859,0.15926624394636077,100.0,100.0,2,3,18,311,True,False,
CTB_air_0_col_0_pmean_3,1943,ctvt_singlefault_peaks_freq.csv,0.0028026803105483914,0.0016002299579602449,0.001286400322653156,0.0034742738279547308,65.07572803978425,21.21469066650397,13.70958129371179,0.15887721370753685,100.0,100.0,2,3,18,315,True,False,
AC1_water_0_col_0_band_peak_freq_175_225,1944,digital_feats_updt.csv,13.358301864212017,13.025285443462424,7.434551672458733,20.084193988048,44.23781738351112,42.05965286679865,13.702529749690225,0.15878251946372712,100.0,100.0,2,3,18,286,True,False,
CTB_water_2_col_0_pmean_2,1945,ctvt_singlefault_peaks_freq.csv,0.0015325258421706332,0.0009518262564248452,0.0007182950020969004,0.0019417920561630511,62.28882993335339,24.027573887290504,13.683596179356112,0.15852833961652454,100.0,100.0,2,3,18,315,True,False,
GYR_water_0_col_1_spectral_centroid,1946,digital_feats_updt.csv,136.02676053845317,66.41165397819337,60.263359530650995,162.92777500667427,69.70412143605401,16.614923252213615,13.68095531173238,0.15849289529488825,100.0,100.0,2,3,18,315,True,False,
VRY_water_0_col_0_spectral_bandwidth,1947,ctvt_singlefault_peaks_freq.csv,0.08430457913729948,0.0776293966172841,0.04561629510412199,0.12334679429035493,46.7139504225143,39.60925621908783,13.676793358397868,0.1584370401713802,100.0,100.0,2,3,18,315,True,False,
AC1_water_1_col_2_band_peak_freq_175_225,1948,digital_feats_updt.csv,5.059223700818799,3.566133559215478,2.4630258873723028,6.661797770793981,57.67463780239396,28.65578559106331,13.669576606542725,0.15834020116225564,100.0,100.0,2,3,18,276,True,False,
GYR_water_3_col_2_relative_band_power_175_225,1949,digital_feats_updt.csv,0.005260275618840122,0.0029710016796230887,0.0024038949471177086,0.006502004420427988,65.45193335267797,20.87907593714071,13.668990710181323,0.15833233993933343,100.0,100.0,2,3,18,315,True,False,
GYR_air_0_col_2_relative_band_power_175_225,1950,digital_feats_updt.csv,0.007138883350525712,0.004490467703857006,0.0033544910828419506,0.009076374062182662,61.863686904313916,24.477010962545943,13.65930213314014,0.15820235961265017,100.0,100.0,2,3,18,315,True,False,
CTB_water_2_col_0_peak_energy_ratio,1951,ctvt_singlefault_peaks_freq.csv,0.005757977655302604,0.0036461909160940874,0.002710620755719092,0.007334608357431653,61.629137870694606,24.71297054506675,13.657891584238637,0.15818343835747067,100.0,100.0,2,3,18,315,True,False,
VRY_air_1_col_1_spectral_bandwidth,1952,ctvt_singlefault_peaks_freq.csv,0.11094716791079917,0.05566829698229903,0.04935771553950096,0.13358299831795514,68.98109231686287,17.366547825930812,13.652359857206317,0.15810924113999317,100.0,100.0,2,3,18,315,True,False,
AC1_water_2_col_2_band_peak_freq_175_225,1953,digital_feats_updt.csv,2.2931042506402624,1.7380988776558255,1.1440720957589856,3.096484421583166,54.84155998087622,31.50729791648644,13.651142102637357,0.15809290863885653,100.0,100.0,2,3,18,272,True,False,
VRY_water_3_col_1_hmean,1954,ctvt_singlefault_peaks_freq.csv,5.42074066646523e-05,3.780081005118385e-05,2.626924011595376e-05,7.111551978367525e-05,58.101652439792964,28.253576815719732,13.644770744487312,0.1580074636142115,100.0,100.0,2,3,18,315,True,False,
GYR_water_0_col_2_band_peak_freq_175_225,1955,digital_feats_updt.csv,13.976056014286337,7.908030485504248,6.382251520488457,17.28005272980702,65.41527001572183,20.943368919340106,13.641361064938076,0.1579617422548288,100.0,100.0,2,3,18,295,True,False,
GYR_water_2_col_2_contrast_time,1956,digital_feats_updt.csv,1.6068460093851347,1.170547460119419,0.7900189147037966,2.1392207319158816,56.420550517218125,29.941038262312027,13.638411220469857,0.15792218986715192,100.0,100.0,2,3,18,315,True,False,
GYR_air_0_col_0_rank_75_125,1957,digital_feats_updt.csv,0.12171612389003691,0.0628539361054709,0.05443310539518175,0.14740554623801777,68.18181818181817,18.181818181818183,13.636363636363642,0.15789473684210534,100.0,100.0,2,3,18,2,True,False,
GYR_air_0_col_0_rank_175_225,1958,digital_feats_updt.csv,0.12171612389003691,0.06285393610547088,0.054433105395181695,0.14740554623801774,68.1818181818182,18.181818181818183,13.63636363636362,0.15789473684210506,100.0,100.0,2,3,18,2,True,False,
GYR_air_1_col_1_contrast_time,1959,digital_feats_updt.csv,0.9645930550864013,0.702168716060496,0.4732668786000655,1.2835350428074848,56.47715367717969,29.92729690453885,13.59554941828146,0.1573477908458341,100.0,100.0,2,3,18,315,True,False,
AC1_air_0_col_resultant_spectral_centroid,1960,digital_feats_updt.csv,71.63424688146696,44.37833557542725,33.37729505851979,90.6363382984092,62.46499293631628,23.973824192680876,13.561182871002854,0.15688764980164865,100.0,100.0,2,3,18,315,True,False,
GYR_water_3_col_2_fft_std,1961,digital_feats_updt.csv,0.00504647407665459,0.003776294733745879,0.002495335563216505,0.006778938124479135,55.41824312366337,31.031904221260664,13.549852655075965,0.15673602730847808,100.0,100.0,2,3,18,315,True,False,
AC1_water_2_col_resultant_band_peak_freq_175_225,1962,digital_feats_updt.csv,3.5600715816607456,3.044815551230091,1.854470753150459,5.038260928321545,49.9293772742898,36.52251423400757,13.548108491702633,0.1567126902064639,100.0,100.0,2,3,18,276,True,False,
GYR_air_0_col_0_spectral_centroid,1963,digital_feats_updt.csv,118.35762787692252,60.97254703303087,52.702717477524324,143.19132654551032,68.3217654273301,18.131563271054524,13.54667130161539,0.15669346114915425,100.0,100.0,2,3,18,315,True,False,
CTR_water_0_col_0_hmean,1964,ctvt_singlefault_peaks_freq.csv,0.00010161355740778756,3.697208982298588e-05,4.277210698964232e-05,0.00011628286035043206,76.36105143181571,10.109195299465169,13.529753268719134,0.15646715234622666,100.0,100.0,2,3,18,315,True,False,
GYR_water_3_col_1_band_peak_to_median_175_225,1965,digital_feats_updt.csv,2.0696144896224995,1.9530695119745791,1.1252485186850307,3.0600602744166454,45.742400355503605,40.73572398883214,13.521875655664266,0.1563618054645046,100.0,100.0,2,3,18,315,True,False,
WTF_water_2_col_0_kurt,1966,stats_features_2.csv,0.6291021011839003,0.3336602200668452,0.2814035352863424,0.7656935064637193,67.50444070765512,18.988861887563036,13.506697404781848,0.15615888166500164,100.0,100.0,2,3,18,305,True,False,
CTB_water_2_col_0_pmean_3,1967,ctvt_singlefault_peaks_freq.csv,0.0026152296914886634,0.0016301979016147264,0.0012169531149416447,0.0033132984202512033,62.30150955885877,24.208035787008864,13.490454654132366,0.15594180503662508,100.0,100.0,2,3,18,315,True,False,
GYR_water_0_col_2_band_peak_freq_75_125,1968,digital_feats_updt.csv,6.080161157149133,3.557635714373818,2.779753895723459,7.573121106511036,64.45852706108481,22.06851694735995,13.472955991555237,0.15570803493807464,100.0,100.0,2,3,18,259,True,False,
CTB_air_1_col_0_peak_energy_ratio,1969,ctvt_singlefault_peaks_freq.csv,0.006224718020025838,0.0037307683216237578,0.002861773779971553,0.007800993261514742,63.67069050595987,22.871610972054075,13.457698521986059,0.15550428278597356,100.0,100.0,2,3,18,315,True,False,
GYR_water_2_col_2_relative_band_power_75_125,1970,digital_feats_updt.csv,0.02263417836071806,0.02136114115896454,0.012264217302905918,0.03345168766640786,45.78185666841105,40.77677112046859,13.441372211120367,0.15528633660765132,100.0,100.0,2,3,18,315,True,False,
AC1_water_0_col_0_skew,1971,stats_features_2.csv,0.05806205982118331,0.06735766644471411,0.03496937863090197,0.0955568702992486,36.91994482968059,49.68785301273572,13.392202157583688,0.15463044311495971,100.0,100.0,2,3,18,315,True,False,
CTR_water_0_col_0_pmean_2,1972,ctvt_singlefault_peaks_freq.csv,0.0016276322782466544,0.0009072423844560793,0.0007324860970785241,0.0020022016531202036,66.08409649055424,20.531989404245728,13.383914105200022,0.15451995973883567,100.0,100.0,2,3,18,315,True,False,
GYR_water_3_col_2_75_125_spike_energy_ratio,1973,digital_feats_updt.csv,0.00878805076669293,0.004118206015918695,0.0038120247798927305,0.010426935791019207,71.03489058097168,15.59921482604512,13.365894592983214,0.154279824673998,100.0,100.0,2,3,18,315,True,False,
CV1_water_0_col_0_cycle_count,1974,physics_features.csv,1.7454900735059535,0.935666634413378,0.7778091312512512,2.1277205390088483,67.29853262133554,19.33806938496102,13.363397993703433,0.15424656189461597,100.0,100.0,2,3,18,14,True,False,
GYR_water_1_col_1_175_225_spike_energy_ratio,1975,digital_feats_updt.csv,0.00412150443096799,0.0021399830090260215,0.0018227449266477666,0.0049888601023709836,68.2509798789825,18.400007459806467,13.349012661211024,0.15405494006685588,100.0,100.0,2,3,18,315,True,False,
SMG_air_0_col_0_pmean_3,1976,ctvt_singlefault_peaks_freq.csv,0.0021359714395716746,0.0011632994194115509,0.0009534500711345746,0.002612413935044687,66.85084472419206,19.828919027015733,13.320236248792204,0.15367181072417954,100.0,100.0,2,3,18,315,True,False,
VRY_water_3_col_0_rms,1977,stats_features_2.csv,5.3204203997921855,2.694515542429805,2.336983450528369,6.40537109674093,68.99272656520287,17.69590566757668,13.31136776722043,0.1535537869772388,100.0,100.0,2,3,18,315,True,False,
GYR_water_0_col_0_75_125_mean_spike_interval,1978,digital_feats_updt.csv,311.0700496363432,277.06540165947933,163.19083824274992,447.393632346122,48.34335643822658,38.35173331341282,13.304910248360608,0.15346786405638405,100.0,100.0,2,3,18,314,True,False,
AC1_water_1_col_0_band_peak_freq_175_225,1979,digital_feats_updt.csv,8.915494595737798,6.121186131325441,4.235866172552809,11.61453941285396,58.92327782241174,27.775839059831863,13.300883117756388,0.15341428605117052,100.0,100.0,2,3,18,281,True,False,
AC1_water_0_col_2_skew,1980,stats_features_2.csv,0.06966707243104196,0.07587005005032393,0.04031097100940094,0.11061075833512521,39.669833906233244,47.04852379989487,13.281642293871876,0.15315836975235175,100.0,100.0,2,3,18,315,True,False,
AC1_water_3_col_0_band_peak_freq_75_125,1981,digital_feats_updt.csv,4.63616554392672,2.8442866382636676,2.127893388596911,5.8405417303990745,63.01030870160138,23.715946371245934,13.273744927152688,0.1530533621681596,100.0,100.0,2,3,18,287,True,False,
GYR_water_3_col_1_band_peak_freq_75_125,1982,digital_feats_updt.csv,5.820128666906173,5.259708527840598,3.0684190304427728,8.423397583135056,47.740896704302735,38.98959789445617,13.26950540124108,0.15299699906739564,100.0,100.0,2,3,18,266,True,False,
GYR_water_2_col_2_fft_kurtosis,1983,digital_feats_updt.csv,221.55893669744515,139.01379166421538,102.29810477034424,280.8524504841799,62.23319665195646,24.499619706649277,13.267183641394263,0.1529661343699452,100.0,100.0,2,3,18,315,True,False,
CTB_water_0_col_0_pmean_3,1984,ctvt_singlefault_peaks_freq.csv,0.002665118980691515,0.0014992566003254118,0.0011953898478846321,0.0032832280492355592,65.89175968660427,20.852101976412136,13.256138336983588,0.15281932442068571,100.0,100.0,2,3,18,315,True,False,
AC1_water_3_col_resultant_wavelet_max_energy_ratio,1985,digital_feats_updt.csv,4.7792301286322e-07,3.794987218260663e-07,2.3833358343123963e-07,6.55158441205676e-07,53.21366905178839,33.55273703435325,13.233593913858352,0.1525197886002106,100.0,100.0,2,3,18,315,True,False,
GYR_water_1_col_2_band_power_175_225,1986,digital_feats_updt.csv,0.09686644864706448,0.0542207897751373,0.04334710754345861,0.11917203803626998,66.0690439528462,20.700600559781822,13.230355487371975,0.15247677412630742,100.0,100.0,2,3,18,315,True,False,
GYR_water_0_col_2_fft_std,1987,digital_feats_updt.csv,0.005093105489116387,0.003227676166410125,0.0023542587235009234,0.006473032604248153,61.90842477881786,24.863617821872566,13.227957399309568,0.15244492353582464,100.0,100.0,2,3,18,315,True,False,
GYR_water_3_col_2_fft_kurtosis,1988,digital_feats_updt.csv,134.74341493596194,99.06787918813698,65.20130428097299,179.50332207338155,56.34691181911636,30.45935837788572,13.193729802997916,0.15199051604285577,100.0,100.0,2,3,18,315,True,False,
CV1_water_1_col_0_hmean,1989,ctvt_singlefault_peaks_freq.csv,6.209761962313847e-05,2.6924228302723767e-05,2.6330166401871442e-05,7.262441803765056e-05,73.1113115769067,13.74425481945675,13.14443360363655,0.1513366862827446,100.0,100.0,2,3,18,315,True,False,
WTF_water_0_col_0_rms,1990,stats_features_2.csv,501.90466190389105,266.843192567832,221.02955757416035,609.8915021395866,67.72317255156247,19.14287183179076,13.133955616646775,0.15119780933830262,100.0,100.0,2,3,18,315,True,False,
GYR_water_2_col_0_wavelet_entropy,1991,digital_feats_updt.csv,0.07449757670416789,0.13502530785144173,0.05984826170339117,0.16541927676086482,20.282059697274732,66.62820554849792,13.08973475422736,0.15061206771387745,100.0,100.0,2,3,18,315,True,False,
CTR_water_3_col_0_peak_width,1992,ctvt_singlefault_peaks_freq.csv,0.054701059976001117,0.04160072055993925,0.026661772133391718,0.07371347235680277,55.0678023257179,31.849892207585157,13.082305466696946,0.1505137191792907,100.0,100.0,2,3,18,199,True,False,
GYR_water_3_col_1_relative_band_power_175_225,1993,digital_feats_updt.csv,0.008094069786753156,0.0071246163629502075,0.004181448788401801,0.011565406953586849,48.97924103549406,37.94906936659327,13.071689597912659,0.150373216015007,100.0,100.0,2,3,18,315,True,False,
AC1_water_0_col_1_rank_75_125,1994,digital_feats_updt.csv,0.11221672153735643,0.05665577237325317,0.048714616436910795,0.13481684980149108,69.28301886792453,17.660377358490567,13.056603773584923,0.15017361111111133,100.0,100.0,2,3,18,2,True,False,
AC1_water_0_col_1_rank_175_225,1995,digital_feats_updt.csv,0.11221672153735643,0.05665577237325317,0.04871461643691077,0.13481684980149108,69.28301886792454,17.66037735849057,13.056603773584909,0.15017361111111113,100.0,100.0,2,3,18,2,True,False,
VRY_air_0_col_0_rms,1996,stats_features_2.csv,5.784951656610173,2.7461070627569066,2.480247693643686,6.867197266080607,70.96438149282001,15.991009604582317,13.044608902597682,0.150014952931278,100.0,100.0,2,3,18,315,True,False,
AC1_air_0_col_1_band_peak_freq_175_225,1997,digital_feats_updt.csv,3.2224690077943943,2.44030738795717,1.5645531465261566,4.334424206537546,55.27320811118202,31.69758997304135,13.029201915776653,0.1498112263286241,100.0,100.0,2,3,18,230,True,False,
CTB_water_1_col_0_peak_energy_ratio,1998,ctvt_singlefault_peaks_freq.csv,0.005875726678546192,0.0034596751737703242,0.0026388081439036068,0.007311417422724146,64.58326729243124,22.390690746431623,13.026041961137132,0.14976945116510235,100.0,100.0,2,3,18,315,True,False,
GYR_air_1_col_1_75_125_spike_energy_ratio,1999,digital_feats_updt.csv,0.006190744142750595,0.0047027160637772005,0.0030023401860474275,0.008333960523680456,55.1801444375269,31.841582105901054,12.978273456572035,0.14913831260398244,100.0,100.0,2,3,18,315,True,False,
CTB_water_1_col_0_pmean_2,2000,ctvt_singlefault_peaks_freq.csv,0.001563603630539176,0.0009025381383967056,0.0006965431747775585,0.001935097878409535,65.29011998737535,21.753305155345608,12.956574857279058,0.14885184993622186,100.0,100.0,2,3,18,315,True,False,
AC1_water_1_col_2_175_225_num_spikes,2001,digital_feats_updt.csv,6.059913654330595,3.3992513750584497,2.678581611131676,7.446627616328879,66.22372398602465,20.83758049835805,12.938695515617285,0.14861591601741117,100.0,100.0,2,3,18,38,True,False,
AC1_air_0_col_1_band_peak_freq_75_125,2002,digital_feats_updt.csv,0.5865198649581967,0.2818132744723622,0.2504368021567554,0.697239460683285,70.76223398090373,16.33649844508392,12.901267574012353,0.14812233444356077,100.0,100.0,2,3,18,169,True,False,
GYR_air_1_col_1_175_225_mean_spike_interval,2003,digital_feats_updt.csv,1218.6134342260418,476.60172426188706,503.32563329851484,1401.9645497589954,75.55406906690705,11.556788201375245,12.889142731717703,0.14796252885012914,100.0,100.0,2,3,18,283,True,False,
VRY_water_2_col_0_spectral_entropy,2004,ctvt_singlefault_peaks_freq.csv,0.024186304896309074,0.009597924032468928,0.00999595926006842,0.027875019135405386,75.28504222768798,11.855619924938335,12.859337847373688,0.14756988907027857,100.0,100.0,2,3,18,315,True,False,
AC1_water_3_col_1_75_125_mean_spike_interval,2005,digital_feats_updt.csv,467.5368274294342,267.10446990398015,206.63194220696164,576.7427870252804,65.71542296531919,21.44855150871447,12.836025525966344,0.14726296733738573,100.0,100.0,2,3,18,284,True,False,
AC1_water_0_col_1_75_125_num_spikes,2006,digital_feats_updt.csv,14.827331651004807,9.0074124910515,6.654718857138767,18.581402711862143,63.67500854029207,23.49866075252021,12.82633070718772,0.14713537712981514,100.0,100.0,2,3,18,78,True,False,
GYR_water_2_col_0_skew,2007,stats_features_2.csv,0.05150917834634335,0.05711288695132059,0.02948751396170727,0.08236862745895196,39.10619720842499,48.07779801511599,12.816004776459025,0.14699951227973218,100.0,100.0,2,3,18,315,True,False,
AC1_water_1_col_resultant_spectral_centroid,2008,digital_feats_updt.csv,59.31799917054959,33.85581717569985,26.130929011167357,73.12774325260148,65.79738669844728,21.4339522708183,12.768661030734426,0.14637699227835124,100.0,100.0,2,3,18,315,True,False,
CTB_air_0_col_0_peak_energy_ratio,2009,ctvt_singlefault_peaks_freq.csv,0.0060799721447960765,0.0034186445881937014,0.002668252253113972,0.007468116374838442,66.27977498550997,20.954907667946586,12.765317346543439,0.14633305192676857,100.0,100.0,2,3,18,315,True,False,
CTR_air_1_col_0_skew,2010,stats_features_2.csv,0.008905072196458837,0.004098418796478679,0.003749509562585409,0.010495530925846172,71.98898731228275,15.248384834433526,12.762627853283742,0.14629771093768723,100.0,100.0,2,3,18,315,True,False,
VRY_water_0_col_1_pmean_2,2011,ctvt_singlefault_peaks_freq.csv,0.0013034409971509914,0.0005495937353479196,0.0005404691274424307,0.0015143046538613138,74.08942757627902,13.172161088755946,12.738411334965004,0.14597959457125015,100.0,100.0,2,3,18,315,True,False,
VRY_water_0_col_0_pmean_2,2012,ctvt_singlefault_peaks_freq.csv,0.0012986094968290155,0.0005464145527336735,0.0005379627848442391,0.0015080979565568738,74.14776181473962,13.127602318502623,12.724635866757758,0.1457987141403525,100.0,100.0,2,3,18,315,True,False,
SMG_water_1_col_0_cycle_count,2013,physics_features.csv,1.4624089433860397,0.8912794436310265,0.6537961644353627,1.8331580370947556,63.64112588346938,23.63893822800911,12.719935888521505,0.14573701357820915,100.0,100.0,2,3,18,11,True,False,
SMG_water_1_col_0_hmean,2014,ctvt_singlefault_peaks_freq.csv,0.0001509444982913628,7.452998181014362e-05,6.420239475032231e-05,0.00018016910735397393,70.18978672609894,17.112023846845876,12.698189427055182,0.14545161599420944,100.0,100.0,2,3,18,315,True,False,
AC1_air_1_col_2_75_125_num_spikes,2015,digital_feats_updt.csv,6.914438954057133,4.302898750182369,3.105238902560529,8.715899973363566,62.93459161777043,24.3723709212648,12.693037460964783,0.14538402312747606,100.0,100.0,2,3,18,39,True,False,
GYR_water_2_col_0_rank_75_125,2016,digital_feats_updt.csv,0.07698003589195011,0.022222222222222227,0.030541523152723404,0.08574694002066834,80.59701492537316,6.716417910447762,12.686567164179099,0.1452991452991452,100.0,100.0,2,3,18,2,True,False,
GYR_water_2_col_0_rank_175_225,2017,digital_feats_updt.csv,0.0769800358919501,0.022222222222222216,0.0305415231527234,0.08574694002066834,80.59701492537314,6.716417910447758,12.686567164179095,0.14529914529914517,100.0,100.0,2,3,18,2,True,False,
GYR_air_1_col_2_band_power_75_125,2018,digital_feats_updt.csv,0.4826560186766434,0.23565865438601963,0.2046735797833514,0.5747896206553749,70.51112079117443,16.809273852105985,12.679605356719565,0.1452078338458964,100.0,100.0,2,3,18,315,True,False,
GYR_water_2_col_0_band_peak_freq_175_225,2019,digital_feats_updt.csv,2.5850180385925663,1.8349240676349097,1.2073667817557086,3.3921968014137884,58.071771613312016,29.25998597168335,12.66824241500464,0.1450588281436488,100.0,100.0,2,3,18,252,True,False,
CV1_water_2_col_0_skew,2020,stats_features_2.csv,0.0071724934636676506,0.00261324584047974,0.0029057473010153725,0.008168052625105813,77.10867988189122,10.235839826084472,12.655480292024322,0.14489152077698944,100.0,100.0,2,3,18,315,True,False,
PRS_water_0_col_0_mad,2021,stats_features_2.csv,1.4142135623730951,0.9026709338484401,0.6382847385042254,1.7950549357115013,62.06896551724138,25.287356321839084,12.643678160919542,0.14473684210526316,100.0,100.0,2,3,18,2,True,False,
AC1_water_1_col_resultant_75_125_std_spike_interval,2022,digital_feats_updt.csv,253.77584174979484,181.33470878945656,118.57523308620284,333.68329351200856,57.84044520043226,29.53200624186658,12.627548557701163,0.1445255151853036,100.0,100.0,2,3,18,315,True,False,
VRY_air_1_col_0_peak_to_median,2023,ctvt_singlefault_peaks_freq.csv,991.6346083059252,409.7225791936058,407.87459055706927,1147.8560318756022,74.6325892896754,12.741042206330956,12.626368503993648,0.14451005741441306,100.0,100.0,2,3,18,315,True,False,
VRY_water_2_col_0_spectral_bandwidth,2024,ctvt_singlefault_peaks_freq.csv,0.07863117578528793,0.03205230990504618,0.032267999662557334,0.09083741617774459,74.9307353545911,12.450566763239042,12.618697882169855,0.14440958850846664,100.0,100.0,2,3,18,315,True,False,
GYR_water_3_col_1_band_power_75_125,2025,digital_feats_updt.csv,0.2510113770435253,0.2619047302765546,0.13782801767151912,0.38806875885824954,41.83785873479815,45.54800098199267,12.614140283209169,0.14434990196457856,100.0,100.0,2,3,18,315,True,False,
AC1_air_0_col_2_band_peak_freq_75_125,2026,digital_feats_updt.csv,0.5801493820227006,0.2807635854334419,0.24472199715228404,0.6894130490910115,70.81425151237936,16.58527056800496,12.600477919615678,0.14417101626741838,100.0,100.0,2,3,18,169,True,False,
GYR_water_3_col_1_spectral_centroid,2027,digital_feats_updt.csv,108.95786819169827,60.32165010464629,47.267373970175015,133.2093208235191,66.90336579315546,20.505822715375306,12.590811491469234,0.14404448441070272,100.0,100.0,2,3,18,315,True,False,
AC1_air_0_col_resultant_175_225_mean_spike_interval,2028,digital_feats_updt.csv,197.28642368718047,162.802451677926,97.01894209126493,273.56762668146484,52.00738230289393,35.415426475527106,12.577191221578968,0.14386624494594655,100.0,100.0,2,3,18,315,True,False,
VRY_water_2_col_0_hmean,2029,ctvt_singlefault_peaks_freq.csv,2.840084325769106e-05,1.0745954637293975e-05,1.1513065095537359e-05,3.2475130588017596e-05,76.48225034795456,10.949346349810856,12.568403302234593,0.14375127273131247,100.0,100.0,2,3,18,315,True,False,
SMG_air_0_col_0_peak_energy_ratio,2030,ctvt_singlefault_peaks_freq.csv,0.004965464925139488,0.002599685473734057,0.002124355003204528,0.005993921142689022,68.627438143676,18.811332722162945,12.561229134161064,0.14365743033412826,100.0,100.0,2,3,18,315,True,False,
VRY_air_1_col_0_rms,2031,stats_features_2.csv,4.764427646465189,2.6515912423271755,2.0658248520570215,5.830809483610695,66.7672930788077,20.68023401955144,12.55247290164084,0.1435429144556836,100.0,100.0,2,3,18,315,True,False,
GYR_air_1_col_2_relative_band_power_75_125,2032,digital_feats_updt.csv,0.0348496098213454,0.018850751124900048,0.014994790868963452,0.04236378023591478,67.67159725056187,19.800123840298394,12.528278909139734,0.14322661944797138,100.0,100.0,2,3,18,315,True,False,
CTB_water_1_col_0_pmean_3,2033,ctvt_singlefault_peaks_freq.csv,0.002669147114528303,0.0015252691964745843,0.0011628066548046846,0.0032867783249204757,65.94838946331494,21.535361706261966,12.516248830423104,0.14306941189755154,100.0,100.0,2,3,18,315,True,False,
GYR_air_1_col_1_band_peak_freq_75_125,2034,digital_feats_updt.csv,3.2657843474200754,1.746688526764791,1.4006814655129765,3.959567751815506,68.0267071400242,19.459665827896554,12.513627032079242,0.1430351563056306,100.0,100.0,2,3,18,204,True,False,
GYR_water_3_col_0_band_peak_freq_175_225,2035,digital_feats_updt.csv,8.021607845177368,5.939521403510822,3.768194720146069,10.668804917773638,56.53160364326793,30.993552298446453,12.474844058285626,0.14252866988997995,100.0,100.0,2,3,18,275,True,False,
AC1_air_1_col_resultant_75_125_num_spikes,2036,digital_feats_updt.csv,7.085665919490824,3.5017225821763787,2.981920337432895,8.447518657212523,70.35630529948126,17.183243899213917,12.460450801304816,0.14234081526993453,100.0,100.0,2,3,18,39,True,False,
AC1_water_0_col_resultant_spectral_centroid,2037,digital_feats_updt.csv,63.72895839728087,39.68928512961175,28.317835710472067,80.2403845443631,63.07941223289938,24.465863621873098,12.45472414522752,0.14226609058709774,100.0,100.0,2,3,18,315,True,False,
VRY_water_0_col_0_pmean_3,2038,ctvt_singlefault_peaks_freq.csv,0.00243740590631834,0.0010251896410718364,0.0009961369329179433,0.0028256415451078888,74.40833449494448,13.163588083319809,12.428077421735694,0.1419185174406619,100.0,100.0,2,3,18,315,True,False,
VRY_water_0_col_1_pmean_3,2039,ctvt_singlefault_peaks_freq.csv,0.002438548241659122,0.0010249724395834964,0.0009961949373990038,0.0028265686586573385,74.42924695445774,13.149380644589854,12.421372400952388,0.14183109214521952,100.0,100.0,2,3,18,315,True,False,
SMG_water_3_col_0_settling_time_s,2040,physics_features.csv,0.1025458849613762,0.059098466152254635,0.044550290065642255,0.12646349500545148,65.75156809638096,21.83846246182898,12.409969441790055,0.1416824421992036,100.0,100.0,2,3,18,211,True,False,
GYR_water_2_col_2_175_225_spike_energy_ratio,2041,digital_feats_updt.csv,0.007149781161694803,0.004231176585949285,0.0031248782163329175,0.008876209203738009,64.88292786468566,22.723082348199725,12.393989787114608,0.1414741951721899,100.0,100.0,2,3,18,312,True,False,
VRY_air_1_col_1_peak_energy_ratio,2042,ctvt_singlefault_peaks_freq.csv,0.006183663062225026,0.002888796467536404,0.0025669757435539424,0.007291926930926509,71.91293578637746,15.694564617045177,12.392499596577373,0.14145477886609384,100.0,100.0,2,3,18,315,True,False,
AC1_water_3_col_2_175_225_num_spikes,2043,digital_feats_updt.csv,5.924061324126925,4.713127460201374,2.844017118863718,8.086810644531662,53.66418560203463,33.967518570580424,12.36829582738495,0.14113951045642278,100.0,100.0,2,3,18,43,True,False,
AC1_water_3_col_1_wavelet_entropy,2044,digital_feats_updt.csv,0.21722979742320278,0.1196788543043859,0.09305489140880853,0.2648981424458112,67.24824712569216,20.411598647413452,12.340154226894404,0.14077316835390113,100.0,100.0,2,3,18,315,True,False,
GYR_water_2_col_2_fft_skew,2045,digital_feats_updt.csv,3.4526861032372755,2.123570138734821,1.5178967869775253,4.328348659423213,63.631142271939694,24.070701399665484,12.29815632839482,0.14022688478984094,100.0,100.0,2,3,18,315,True,False,
CV1_air_0_col_0_hmean,2046,ctvt_singlefault_peaks_freq.csv,0.00013411467332841699,6.439030509904047e-05,5.568103931965447e-05,0.0001588497249996122,71.28196407465516,16.431152680122295,12.28688324522255,0.14008034031641364,100.0,100.0,2,3,18,315,True,False,
VRY_air_1_col_0_peak_energy_ratio,2047,ctvt_singlefault_peaks_freq.csv,0.00620640330408034,0.002874446687524158,0.002559686312941099,0.00730300484410191,72.22321374576171,15.491923328449719,12.284862925788566,0.14005408114901483,100.0,100.0,2,3,18,315,True,False,
CV1_water_3_col_0_hmean,2048,ctvt_singlefault_peaks_freq.csv,7.02676742690019e-05,3.419219191572085e-05,2.923270547330992e-05,8.343382470236709e-05,70.9294926908155,16.79459671635717,12.275910592827337,0.1399377374651165,100.0,100.0,2,3,18,315,True,False,
GYR_water_1_col_1_band_power_175_225,2049,digital_feats_updt.csv,0.05456242000901533,0.045469007829101155,0.026562833308462114,0.07582923224968194,51.77426364795138,35.95486293536278,12.27087341668583,0.13987228523280107,100.0,100.0,2,3,18,315,True,False,
GYR_air_1_col_2_wavelet_entropy,2050,digital_feats_updt.csv,1.0150023125604513,0.6289078023115723,0.4459420878080939,1.2746054542445977,63.41361598778802,24.345708638735235,12.240675373476742,0.1394800544052646,100.0,100.0,2,3,18,315,True,False,
SMG_water_0_col_0_gmean,2051,ctvt_singlefault_peaks_freq.csv,0.0011234037669714148,0.0004114975638945298,0.00044657293253026,0.0012770253140816643,77.38784250690128,10.383302927371725,12.228854565727005,0.13932659195936464,100.0,100.0,2,3,18,315,True,False,
SMG_air_1_col_0_settling_time_s,2052,physics_features.csv,0.109884776316405,0.05538665369200017,0.04592783921562878,0.13134577225141494,69.99110664652896,17.781895657986155,12.22699769548489,0.1393024890850284,100.0,100.0,2,3,18,191,True,False,
GYR_water_0_col_0_175_225_spike_energy_ratio,2053,digital_feats_updt.csv,0.0014380558041573906,0.0009969599150593126,0.0006521017874117869,0.0018673966662847716,59.30322618268268,28.50245282251267,12.194320994804649,0.13887850003509597,100.0,100.0,2,3,18,315,True,False,
VRY_water_0_col_0_peak_to_median,2054,ctvt_singlefault_peaks_freq.csv,1002.8958126466484,449.646194304603,409.24166540918173,1172.8002608217969,73.12460418035838,14.69920125950745,12.176194560134165,0.1386434406838744,100.0,100.0,2,3,18,315,True,False,
CTR_water_1_col_0_peak_width,2055,ctvt_singlefault_peaks_freq.csv,0.049704787531369476,0.040609918229329155,0.023882272992850614,0.06848426334156209,52.67625194955306,35.16273541981144,12.161012630635483,0.13844663963961934,100.0,100.0,2,3,18,198,True,False,
CTR_water_0_col_0_pmean_3,2056,ctvt_singlefault_peaks_freq.csv,0.0027563895154084465,0.0015365383918290525,0.0011739638419423328,0.0033670201205823263,67.01773645470816,20.82549863187926,12.15676491341257,0.13839158930599035,100.0,100.0,2,3,18,315,True,False,
GYR_water_1_col_2_relative_band_power_175_225,2057,digital_feats_updt.csv,0.005170261333666792,0.0026029160809121995,0.0021526279948874166,0.006175806155236274,70.0870335218317,17.763683268951564,12.149283209216742,0.13829463950932006,100.0,100.0,2,3,18,315,True,False,
SMG_water_1_col_0_skew,2058,stats_features_2.csv,0.006211851446609943,0.004980261543773226,0.0029605133077852744,0.008494394768593594,53.47825668274923,34.37473988579794,12.147003431452836,0.13826510086056262,100.0,100.0,2,3,18,315,True,False,
GYR_air_0_col_0_skew,2059,stats_features_2.csv,0.04536389213107857,0.06569269331651793,0.029680767049149296,0.08517253428825561,28.367527113379325,59.48877089061061,12.143701996010062,0.13822232750415417,100.0,100.0,2,3,18,315,True,False,
AC1_water_3_col_2_75_125_num_spikes,2060,digital_feats_updt.csv,6.113242641733422,3.8396139146686896,2.683494492571739,7.701656529740085,63.004993999423455,24.85460243534373,12.140403565232829,0.13817959628629384,100.0,100.0,2,3,18,38,True,False,
VRY_air_1_col_0_spectral_bandwidth,2061,ctvt_singlefault_peaks_freq.csv,0.08351054712989311,0.03423236723107232,0.033546211519060294,0.09628714740534494,75.22219758557529,12.639713318613824,12.138089095810889,0.13814961421732708,100.0,100.0,2,3,18,315,True,False,
VRY_water_0_col_1_peak_energy_ratio,2062,ctvt_singlefault_peaks_freq.csv,0.00661086008074024,0.002763345767516076,0.002662542727709902,0.0076438658161204496,74.79797174145831,13.069059968034326,12.132968290507373,0.13808328396276756,100.0,100.0,2,3,18,315,True,False,
CTB_air_1_col_0_hmean,2063,ctvt_singlefault_peaks_freq.csv,0.0002900257584890839,0.00015481124737584497,0.00012194547536635832,0.0003506453505517513,68.4127381839047,19.492558691778516,12.094703124316796,0.13758787643276238,100.0,100.0,2,3,18,315,True,False,
VRY_water_0_col_0_peak_energy_ratio,2064,ctvt_singlefault_peaks_freq.csv,0.0065891632931244296,0.002753043128067297,0.00264879674115956,0.007616590020766147,74.84096557698558,13.0648633326284,12.094171090386025,0.1375809913904734,100.0,100.0,2,3,18,315,True,False,
AC1_water_1_col_0_75_125_num_spikes,2065,digital_feats_updt.csv,33.635605598706995,17.3763815163628,14.036811810738575,40.377279309087356,69.39439577983956,18.52015353080205,12.085450689358403,0.13746815270195012,100.0,100.0,2,3,18,104,True,False,
AC1_air_0_col_2_band_peak_freq_175_225,2066,digital_feats_updt.csv,3.475548121763,2.09842986358748,1.5050070648058498,4.329883243714732,64.4309063725206,23.487486590604448,12.081607036874951,0.13741842440116311,100.0,100.0,2,3,18,234,True,False,
AC1_air_0_col_1_75_125_mean_spike_interval,2067,digital_feats_updt.csv,279.9621618731109,171.37626317637202,121.66556954025764,350.0730587641934,63.956000687633,23.965360117527087,12.078639194839905,0.13738003011130615,100.0,100.0,2,3,18,313,True,False,
AC1_water_3_col_resultant_wavelet_mean_energy,2068,digital_feats_updt.csv,0.02118430244750055,0.01821953116054151,0.010347284840954436,0.02979584349329561,50.549512031870506,37.39065090388528,12.059837064244213,0.13713685148678267,100.0,100.0,2,3,18,315,True,False,
GYR_water_0_col_2_fft_kurtosis,2069,digital_feats_updt.csv,123.95622401892237,89.99434221838638,56.63531426555865,163.31468374370965,57.608452332117835,30.365465661589557,12.026082006292603,0.13670053898421128,100.0,100.0,2,3,18,315,True,False,
SMG_air_1_col_0_peak_width,2070,ctvt_singlefault_peaks_freq.csv,0.14174857686561168,0.058632356509948545,0.05670143590166306,0.16354040817683663,75.12548001430395,12.853592996800842,12.020926988895226,0.1366339355198473,100.0,100.0,2,3,18,128,True,False,
GYR_water_0_col_2_skew,2071,stats_features_2.csv,0.014934837780400764,0.013138275269625231,0.007347936344269354,0.021205089603837244,49.60446792253278,38.388088716400006,12.007443361067226,0.13645976227669315,100.0,100.0,2,3,18,315,True,False,
CTB_water_2_col_0_peak_width,2072,ctvt_singlefault_peaks_freq.csv,0.05433234177458321,0.04150285591224128,0.025252183761617884,0.07288458819471301,55.57064520832239,32.425341338681314,12.004013452996288,0.13641546534152732,100.0,100.0,2,3,18,163,True,False,
VRY_air_0_col_0_settling_time_s,2073,physics_features.csv,0.2040337912184649,0.0784096324843137,0.08072904267387541,0.23301295405265707,76.67328442155384,11.323448391636997,12.003267186809135,0.13640582784239264,100.0,100.0,2,3,18,253,True,False,
AC1_water_1_col_resultant_75_125_mean_spike_interval,2074,digital_feats_updt.csv,282.2762434619915,155.4785423715644,118.93706839698675,343.51052531162617,67.52561701784241,20.486172424786442,11.988210557371152,0.13621141705323192,100.0,100.0,2,3,18,314,True,False,
GYR_air_1_col_1_75_125_num_spikes,2075,digital_feats_updt.csv,11.067424510158896,5.825104397175835,4.614879118184294,13.331047813338476,68.92306220490372,19.093205820912825,11.983731974183451,0.13615360254388922,100.0,100.0,2,3,18,52,True,False,
VRY_water_2_col_1_skew,2076,stats_features_2.csv,0.004364459522284579,0.001956051361160564,0.0017603644315505778,0.0050964229397712875,73.33816112941186,14.730910283208015,11.93092858738014,0.13547240133237626,100.0,100.0,2,3,18,315,True,False,
VRY_water_0_col_0_spectral_entropy,2077,ctvt_singlefault_peaks_freq.csv,0.022952634699832702,0.010605368214615479,0.00930474449845184,0.02694207758902439,72.57765376290187,15.494919999894773,11.927426237203356,0.13542724741219841,100.0,100.0,2,3,18,315,True,False,
AC1_water_2_col_resultant_75_125_spike_energy_ratio,2078,digital_feats_updt.csv,0.0007353295123789938,0.00042383747179052656,0.0003123143002948889,0.0009043715588396178,66.11046341537644,21.963669945893237,11.92586663873033,0.13540714150216882,100.0,100.0,2,3,18,315,True,False,
CTB_water_2_col_0_stability_observed,2079,physics_features.csv,0.38480394238374704,0.15795764395543072,0.15294323251819236,0.44318881273238225,75.38786556089043,12.702924487123527,11.909209951986028,0.13519245253101833,100.0,100.0,2,3,18,2,True,False,
AC1_water_1_col_0_75_125_std_spike_interval,2080,digital_feats_updt.csv,1711.9060747610206,947.3438041872672,719.2257296876734,2084.554710814867,67.44243934907135,20.653261418118632,11.904299232810027,0.13512917349133136,100.0,100.0,2,3,18,289,True,False,
GYR_water_0_col_0_band_peak_to_median_175_225,2081,digital_feats_updt.csv,3.74908528799167,3.8474458241751814,1.9741617923522425,5.7232678295692265,42.91039386239525,45.19151352789138,11.898092609713366,0.13504920565460027,100.0,100.0,2,3,18,315,True,False,
AC1_air_1_col_1_75_125_num_spikes,2082,digital_feats_updt.csv,12.673728112093114,11.18277031894033,6.20575465890236,18.005252765565956,49.546197206048944,38.574505291033475,11.879297502917565,0.13480711304260057,100.0,100.0,2,3,18,73,True,False,
CTB_water_3_col_0_hmean,2083,ctvt_singlefault_peaks_freq.csv,0.00015236355176841994,6.251073216532553e-05,6.0422848557160734e-05,0.00017542281542346375,75.43797504350758,12.698049554213476,11.863975402278934,0.1346098312969031,100.0,100.0,2,3,18,315,True,False,
GYR_water_1_col_1_band_peak_mag_175_225,2084,digital_feats_updt.csv,0.048084906913022106,0.054889525704560696,0.026765737780051316,0.07772659148461418,38.27174928355728,49.870039230733106,11.858211485709628,0.1345356349762186,100.0,100.0,2,3,18,315,True,False,
VRY_air_1_col_1_pmean_3,2085,ctvt_singlefault_peaks_freq.csv,0.0022962166643322774,0.0010550931391625537,0.00092639430444719,0.002691475229159157,72.78551420917245,15.367415143195498,11.847070647632048,0.13439225145061856,100.0,100.0,2,3,18,315,True,False,
CTR_water_2_col_0_peak_width,2086,ctvt_singlefault_peaks_freq.csv,0.048863684777722606,0.036788541279366524,0.022416428918630583,0.06514255709583645,56.26558295708108,31.893011605978238,11.841405436940672,0.13431935361073144,100.0,100.0,2,3,18,198,True,False,
GYR_water_1_col_1_band_peak_freq_175_225,2087,digital_feats_updt.csv,7.823970710604049,4.50527959619389,3.3068105153142375,9.614939298012432,66.21575548253956,21.955857486312308,11.828387031148118,0.13415187306743154,100.0,100.0,2,3,18,272,True,False,
AC1_water_3_col_resultant_175_225_num_spikes,2088,digital_feats_updt.csv,4.574909205512513,2.7912669574422995,1.9626277976925646,5.707264961316224,64.25529004171997,23.919201559845632,11.825508398434387,0.13411484641012,100.0,100.0,2,3,18,29,True,False,
AC1_water_1_col_1_contrast_time,2089,digital_feats_updt.csv,0.42864248765336627,0.2994591793883859,0.1913416971297869,0.5567960375237407,59.26498265018571,28.925640775494248,11.809376574320044,0.13390739418314745,100.0,100.0,2,3,18,315,True,False,
CTR_air_1_col_0_pmean_3,2090,ctvt_singlefault_peaks_freq.csv,0.003221559932873215,0.0016388665785326082,0.0013213032014465313,0.003848398915585299,70.07647750455962,18.135395462038993,11.788127033401382,0.13363424488067444,100.0,100.0,2,3,18,315,True,False,
GYR_water_1_col_0_75_125_num_spikes,2091,digital_feats_updt.csv,6.647251125906423,2.799505578040787,2.6366338643108427,7.67951933045138,74.92316182103801,13.289070288824604,11.787767890137385,0.1336296294538436,100.0,100.0,2,3,18,36,True,False,
VRY_air_1_col_0_pmean_3,2092,ctvt_singlefault_peaks_freq.csv,0.0023024601400948247,0.0010517176820568806,0.0009252092042336654,0.0026950778933224305,72.9863419550942,15.228450211022814,11.785207833882978,0.13359673071258035,100.0,100.0,2,3,18,315,True,False,
GYR_water_1_col_2_175_225_spike_energy_ratio,2093,digital_feats_updt.csv,0.006819773375278146,0.003416531051239719,0.0027852821217047635,0.008120331878176288,70.53299536281195,17.70203462494118,11.764970012246875,0.1333367259452378,100.0,100.0,2,3,18,312,True,False,
VRY_water_2_col_0_rms,2094,stats_features_2.csv,5.741749305318344,2.9704975142081946,2.358973172585133,6.8815910221414,69.61626767443784,18.632909273538377,11.750823052023788,0.13315504414223622,100.0,100.0,2,3,18,315,True,False,
AC1_air_1_col_0_75_125_spike_energy_ratio,2095,digital_feats_updt.csv,0.003814282754998968,0.0025226269548394103,0.0016679381460862417,0.004867691172161036,61.40160663877385,26.85715651895751,11.741236842268632,0.1330319667100401,100.0,100.0,2,3,18,315,True,False,
AC1_water_3_col_resultant_175_225_mean_spike_interval,2096,digital_feats_updt.csv,134.9590773724474,89.3641596485685,58.97773301416614,172.27384765659394,61.371324189820896,26.908410494375527,11.720265315803587,0.13276280629671755,100.0,100.0,2,3,18,314,True,False,
VRY_air_1_col_1_pmean_2,2097,ctvt_singlefault_peaks_freq.csv,0.0012256957816748919,0.0005622308467617554,0.0004904573975408215,0.0014349153748805467,72.96470062013817,15.352417098410621,11.682882281451215,0.13228332834278536,100.0,100.0,2,3,18,315,True,False,
AC1_water_0_col_1_175_225_spike_energy_ratio,2098,digital_feats_updt.csv,0.0020383108219234184,0.0009818693886501828,0.0008226483138078161,0.0024073904443087848,71.68821319026101,16.634677140439354,11.677109669299627,0.13220932450894615,100.0,100.0,2,3,18,315,True,False,
AC1_air_0_col_resultant_band_peak_freq_175_225,2099,digital_feats_updt.csv,3.083315822888015,2.238447051908059,1.3843999786192906,4.0538925699466395,57.84842673727824,30.489421282153316,11.662151980568458,0.1320176146695712,100.0,100.0,2,3,18,225,True,False,
AC1_water_3_col_1_band_peak_to_median_175_225,2100,digital_feats_updt.csv,1.6370753605517985,1.6731217206752818,0.849963484760262,2.490339325021196,43.21358440246074,45.13755404605568,11.648861551483574,0.13184732824095466,100.0,100.0,2,3,18,315,True,False,
CV1_water_0_col_0_peak_to_median,2101,ctvt_singlefault_peaks_freq.csv,318.37553615620965,146.3845612249065,127.02132538049202,372.72756658071216,72.96193626270703,15.424373130546153,11.61369060674682,0.13139694016495873,100.0,100.0,2,3,18,315,True,False,
GYR_air_1_col_2_contrast_time,2102,digital_feats_updt.csv,1.479870768093355,0.9722373874480047,0.6412426607221361,1.8832034350380054,61.75229575729394,26.653249235603393,11.594455007102665,0.13115076670851566,100.0,100.0,2,3,18,315,True,False,
VRY_water_2_col_0_pmean_2,2103,ctvt_singlefault_peaks_freq.csv,0.0013733467904691818,0.0005118325901974381,0.0005305694051450682,0.0015587039170272886,77.63064243703305,10.782727190206616,11.586630372760357,0.13105065921150666,100.0,100.0,2,3,18,315,True,False,
AC1_water_1_col_0_175_225_mean_spike_interval,2104,digital_feats_updt.csv,1498.4948858604132,636.7290904447336,589.135349692342,1731.4708538769887,74.89971400512596,13.52318574800404,11.577100246869996,0.1309287557769806,100.0,100.0,2,3,18,300,True,False,
VRY_air_1_col_0_pmean_2,2105,ctvt_singlefault_peaks_freq.csv,0.0012312589802004597,0.0005592276706681134,0.0004892376441773831,0.0014380847459191672,73.30436952012279,15.12196906009462,11.573661419782585,0.13088477489411537,100.0,100.0,2,3,18,315,True,False,
GYR_water_3_col_2_band_power_75_125,2106,digital_feats_updt.csv,0.31290695446849587,0.2170538484998632,0.13754921792538463,0.40489865726529134,59.72246960648066,28.737058230733528,11.5404721627858,0.13046047661505625,100.0,100.0,2,3,18,315,True,False,
AC1_air_1_col_1_175_225_spike_energy_ratio,2107,digital_feats_updt.csv,0.0020154212673916872,0.0009644944537220299,0.0008065989181976508,0.0023754524308335226,71.9845009611152,16.485677254774014,11.52982178411079,0.13032438745602118,100.0,100.0,2,3,18,315,True,False,
AC1_air_0_col_0_75_125_num_spikes,2108,digital_feats_updt.csv,33.20316718648978,21.43680820389331,14.262704564300934,42.01680376555349,62.44720421845189,26.030003102727527,11.522792678820585,0.13023458840638943,100.0,100.0,2,3,18,131,True,False,
GYR_water_0_col_1_75_125_std_spike_interval,2109,digital_feats_updt.csv,1432.8102471033328,636.1407442933112,564.4789565367838,1666.2102937886377,73.94651842941028,14.576283247284097,11.477198323305618,0.12965245231644368,100.0,100.0,2,3,18,262,True,False,
CTB_water_2_col_0_cycle_count,2110,physics_features.csv,1.34642874685977,0.6039704023489733,0.5310300056880168,1.568325056939717,73.70459914200151,14.830614650176543,11.464786207821952,0.12949408169650625,100.0,100.0,2,3,18,11,True,False,
GYR_water_0_col_2_fft_mean,2111,digital_feats_updt.csv,0.002144443962005437,0.0010799120461797412,0.0008635109294476125,0.0025515683527864135,70.63419335238494,17.912753825337386,11.453052822277675,0.12934441205850142,100.0,100.0,2,3,18,315,True,False,
VRY_water_2_col_0_pmean_3,2112,ctvt_singlefault_peaks_freq.csv,0.0025750307721195045,0.0009563082838248534,0.0009865220518734889,0.0029186529032941013,77.83948362559416,10.735714044893324,11.42480232951252,0.12898421488162445,100.0,100.0,2,3,18,315,True,False,
VRY_water_2_col_1_pmean_2,2113,ctvt_singlefault_peaks_freq.csv,0.0013802862308201652,0.0005132954392436266,0.0005285523560838425,0.0015646181259533671,77.82544218551864,10.762622225087112,11.41193558939425,0.12882023854251878,100.0,100.0,2,3,18,315,True,False,
CTB_air_0_col_0_skew,2114,stats_features_2.csv,0.005991579031565921,0.002549324497965306,0.0023363300402783607,0.006917840179169621,75.01386380394173,13.580294558066011,11.405841637992268,0.12874259261413662,100.0,100.0,2,3,18,315,True,False,
AC1_water_3_col_1_75_125_num_spikes,2115,digital_feats_updt.csv,15.915114946014556,6.865525115866817,6.219054515597805,18.414748380834084,74.69438936524013,13.90003655656909,11.405574078190789,0.12873918375245197,100.0,100.0,2,3,18,74,True,False,
AC1_water_0_col_0_75_125_num_spikes,2116,digital_feats_updt.csv,33.883403062361076,15.369539228978567,13.344542227826073,39.52701034062359,73.48286986593718,15.11937228546986,11.397757848592969,0.1286396096965134,100.0,100.0,2,3,18,110,True,False,
SMG_water_0_col_0_cycle_count,2117,physics_features.csv,1.5388593057726112,0.9773737328065691,0.6536349310692136,1.9366429716540592,63.1391458076015,25.469604314301577,11.39124987809692,0.12855671547590344,100.0,100.0,2,3,18,13,True,False,
GYR_water_1_col_0_band_peak_freq_75_125,2118,digital_feats_updt.csv,2.064643275379823,1.597783595559275,0.9359275990584643,2.7733778580440114,55.420694544149235,33.19080822812433,11.38849722772644,0.12852165770164423,100.0,100.0,2,3,18,215,True,False,
GYR_air_1_col_2_fft_entropy,2119,digital_feats_updt.csv,0.3444259303155134,0.1461901690275538,0.1340811122330483,0.39746513262381006,75.09198891358234,13.528145436513041,11.379865649904627,0.12841173998843503,100.0,100.0,2,3,18,315,True,False,
CTB_water_0_col_0_cycle_count,2120,physics_features.csv,1.3629786885163664,0.6818886665982331,0.5450824101608748,1.6185789733132265,70.91046643020395,17.748397878470904,11.341135691325148,0.1279188018001204,100.0,100.0,2,3,18,12,True,False,
AC1_water_1_col_1_175_225_num_spikes,2121,digital_feats_updt.csv,10.919273414151883,5.427377485650147,4.361063550717921,12.950128708169144,71.09504145642302,17.564342126196248,11.34061641738074,0.12791219563141593,100.0,100.0,2,3,18,54,True,False,
VRY_water_3_col_0_pmean_2,2122,ctvt_singlefault_peaks_freq.csv,0.0013216656748472582,0.0004795693062372149,0.0005026906628448036,0.0014931459332783417,78.34994763162369,10.315689155966568,11.334363212409741,0.12783264884864745,100.0,100.0,2,3,18,315,True,False,
VRY_water_1_col_0_spectral_entropy,2123,ctvt_singlefault_peaks_freq.csv,0.024735856229961786,0.011579003033424407,0.009761070174795735,0.02900369606851302,72.73563004604378,15.93806686352567,11.326303090430548,0.12773013289365,100.0,100.0,2,3,18,315,True,False,
GYR_water_3_col_1_fft_entropy,2124,digital_feats_updt.csv,0.21704029303443856,0.15507274677424493,0.0953022963029815,0.2832606101688078,58.70949727635737,29.97081731073836,11.319685412904283,0.1276459771890735,100.0,100.0,2,3,18,315,True,False,
CTB_water_2_col_0_fft_skew,2125,ctvt_singlefault_peaks_freq.csv,0.0031344870967160527,0.0023954606931705508,0.0014087204332406899,0.004189001617454259,55.9901868295601,32.70069943123729,11.30911373920262,0.12751156534785252,100.0,100.0,2,3,18,315,True,False,
CTB_water_0_col_0_peak_width,2126,ctvt_singlefault_peaks_freq.csv,0.046161213387157694,0.03293225584435138,0.020239252186648213,0.06020812590877802,58.78198042846622,29.91801275779729,11.300006813736493,0.1273958025003148,100.0,100.0,2,3,18,162,True,False,
AC1_water_0_col_0_175_225_num_spikes,2127,digital_feats_updt.csv,15.103553801955341,7.877607787784427,6.078067640098802,18.08637465453864,69.73571340238375,18.970800751901074,11.293485845715173,0.12731292570095495,100.0,100.0,2,3,18,74,True,False,
CV1_water_0_col_0_pmean_3,2128,ctvt_singlefault_peaks_freq.csv,0.0025882589396731604,0.0012941984365998098,0.0010323213735499257,0.003072412952450147,70.96697127109503,17.74363385450311,11.289394874401866,0.1272609386264261,100.0,100.0,2,3,18,315,True,False,
VRY_water_2_col_1_pmean_3,2129,ctvt_singlefault_peaks_freq.csv,0.0025859439015385563,0.000958938060457154,0.0009822539134162996,0.002927710849131009,78.01566851508238,10.72814780439377,11.256183680523867,0.1268390762011159,100.0,100.0,2,3,18,315,True,False,
VRY_water_3_col_0_pmean_3,2130,ctvt_singlefault_peaks_freq.csv,0.002480568971671601,0.0008992770444905618,0.0009396915363562384,0.0028008823269582627,78.43553939169196,10.308543038161949,11.255917570146092,0.1268356972313407,100.0,100.0,2,3,18,315,True,False,
AC1_water_0_col_2_175_225_num_spikes,2131,digital_feats_updt.csv,6.445461685360372,3.9476813574726584,2.687770927564534,8.02198709776118,64.55711946232029,24.216995617651882,11.225884920027829,0.12645448405669815,100.0,100.0,2,3,18,42,True,False,
CV1_water_0_col_0_peak_energy_ratio,2132,ctvt_singlefault_peaks_freq.csv,0.006972664464537787,0.003480685870377276,0.002770232822148081,0.008270877447537144,71.07131678908077,17.71032328766879,11.218359923250457,0.1263590074879498,100.0,100.0,2,3,18,315,True,False,
AC1_water_2_col_resultant_175_225_spike_energy_ratio,2133,digital_feats_updt.csv,0.0006775907192665204,0.0006409779940100478,0.0003314675727945285,0.0009898751049781792,46.85695838216886,41.93005530017063,11.212986317660517,0.1262908375066891,100.0,100.0,2,3,18,315,True,False,
CV1_water_0_col_0_pmean_2,2134,ctvt_singlefault_peaks_freq.csv,0.0013713353060997734,0.0006961932745519012,0.0005461814470696802,0.0016320415957965615,70.60327846392398,18.19689127744475,11.199830258631273,0.12612397353801097,100.0,100.0,2,3,18,315,True,False,
VRY_water_3_col_1_pmean_3,2135,ctvt_singlefault_peaks_freq.csv,0.002476036540071392,0.0009030675359608605,0.0009359072092727226,0.002796821450619218,78.37627435384316,10.425838105559755,11.197887540597087,0.12609933739714077,100.0,100.0,2,3,18,315,True,False,
AC1_water_2_col_resultant_wavelet_mean_energy,2136,digital_feats_updt.csv,0.019356416634806202,0.017576424159117466,0.00927302660135997,0.027741495516841554,48.68444051113058,40.142212866750576,11.173346622118842,0.12578822005807022,100.0,100.0,2,3,18,315,True,False,
AC1_air_0_col_0_75_125_std_spike_interval,2137,digital_feats_updt.csv,1092.7131548368689,424.58235500949354,415.7629286674917,1243.8452587814613,77.17553214289066,11.65175040749239,11.17271744961694,0.1257802459878219,100.0,100.0,2,3,18,305,True,False,
CTR_air_0_col_0_pmean_3,2138,ctvt_singlefault_peaks_freq.csv,0.0031931901931598976,0.0017179681688259103,0.0012857988161279904,0.0038472271617812927,68.88963966674896,19.94043210359047,11.169928229660561,0.12574489704949474,100.0,100.0,2,3,18,315,True,False,
AC1_water_1_col_0_band_peak_freq_75_125,2139,digital_feats_updt.csv,4.660671614717729,2.676824077651278,1.9039690956332795,5.701959782395504,66.81111331612125,22.03897339100276,11.149913292875983,0.12549130457946958,100.0,100.0,2,3,18,270,True,False,
SMG_water_0_col_0_peak_width,2140,ctvt_singlefault_peaks_freq.csv,0.1306166893594072,0.06380457525298888,0.05147857977166601,0.15421344797952602,71.73859203031755,17.118241497847574,11.14316647183489,0.1254058470168512,100.0,100.0,2,3,18,200,True,False,
VRY_water_3_col_1_pmean_2,2141,ctvt_singlefault_peaks_freq.csv,0.0013147078685930061,0.0004836642117996295,0.0004958861839557018,0.001486031950179494,78.27124294002888,10.593308324660281,11.135448735310845,0.12530810741555595,100.0,100.0,2,3,18,315,True,False,
AC1_water_2_col_2_contrast_time,2142,digital_feats_updt.csv,0.0926132682869524,0.07418436687386508,0.04199925746886815,0.1258748401357615,54.133805364417135,34.733370192234524,11.132824443348332,0.1252748765065826,100.0,100.0,2,3,18,315,True,False,
VRY_water_2_col_0_peak_energy_ratio,2143,ctvt_singlefault_peaks_freq.csv,0.006944906081068925,0.0025577218720402015,0.0026186159560158593,0.007850529356335267,78.25910377548611,10.614725086403356,11.12617113811054,0.12519063576523393,100.0,100.0,2,3,18,315,True,False,
AC1_water_3_col_2_band_peak_freq_175_225,2144,digital_feats_updt.csv,7.686330054968251,4.175649129000667,3.094957801683882,9.278711071945079,68.6219026964801,20.25222269688364,11.125874606636254,0.12518688152926705,100.0,100.0,2,3,18,284,True,False,
GYR_water_0_col_2_relative_band_power_175_225,2145,digital_feats_updt.csv,0.005937483245075226,0.003195987851475753,0.00238459775380147,0.007152227071322935,68.91634015924619,19.96768198892139,11.115977851832422,0.1250615980597992,100.0,100.0,2,3,18,315,True,False,
VRY_water_3_col_0_peak_energy_ratio,2146,ctvt_singlefault_peaks_freq.csv,0.0066849320515653295,0.002475788280705547,0.0025207590379689826,0.007561221480186034,78.16459386743253,10.721192326378143,11.114213806189326,0.12503926985531053,100.0,100.0,2,3,18,315,True,False,
GYR_water_2_col_1_band_peak_freq_75_125,2147,digital_feats_updt.csv,1.590235248759432,0.8890538069305296,0.6423824436637922,1.9318178024705397,67.76265652876855,21.179893110526304,11.057450360705154,0.12432126586823153,100.0,100.0,2,3,18,218,True,False,
GYR_air_0_col_1_band_peak_freq_175_225,2148,digital_feats_updt.csv,4.313728417967539,2.6829075513745284,1.789295365290395,5.385891170219919,64.14908287523369,24.8139708938403,11.036946230926008,0.12406213324887858,100.0,100.0,2,3,18,251,True,False,
VRY_water_1_col_1_pmean_2,2149,ctvt_singlefault_peaks_freq.csv,0.0013018878211805268,0.0004924043633069918,0.000489365228431807,0.0014754159693930583,77.86067581970936,11.138195224646617,11.001128955644033,0.12360975848964648,100.0,100.0,2,3,18,315,True,False,
CV1_water_2_col_0_hmean,2150,ctvt_singlefault_peaks_freq.csv,9.969298445675156e-05,3.934449502525109e-05,3.767480837719412e-05,0.00011360489261006505,77.00787225359069,11.994271640334828,10.99785610607449,0.1235684403196169,100.0,100.0,2,3,18,315,True,False,
AC1_water_3_col_resultant_175_225_spike_energy_ratio,2151,digital_feats_updt.csv,0.0007572611322697532,0.0005608644591601559,0.00033053668111303954,0.0009986329964289714,57.50154442471841,31.5430742005444,10.955381374737184,0.12303249251751007,100.0,100.0,2,3,18,315,True,False,
AC1_water_1_col_0_175_225_std_spike_interval,2152,digital_feats_updt.csv,1244.1908966568517,530.3234531427382,474.332465548578,1433.2638417787605,75.3566787970474,13.690817408570238,10.952503794382363,0.12299620158990404,100.0,100.0,2,3,18,302,True,False,
GYR_air_1_col_2_spectral_centroid,2153,digital_feats_updt.csv,193.24390122895483,67.2006519129402,71.72501039670342,216.80315979274246,79.44752602156119,9.607618666501486,10.94485531193732,0.12289975329639113,100.0,100.0,2,3,18,315,True,False,
VRY_water_2_col_1_peak_energy_ratio,2154,ctvt_singlefault_peaks_freq.csv,0.00697830030690319,0.002567315776731908,0.0026062397883650397,0.007879103458213934,78.4414664264133,10.617077146858986,10.941456426727713,0.12285689825733234,100.0,100.0,2,3,18,315,True,False,
VRY_water_1_col_0_pmean_2,2155,ctvt_singlefault_peaks_freq.csv,0.001301927590928129,0.0004920916788194536,0.00048760558694218177,0.0014747640085113615,77.93429325358252,11.133891434382054,10.931815312035422,0.12273535550694337,100.0,100.0,2,3,18,315,True,False,
CTR_air_1_col_0_pmean_2,2156,ctvt_singlefault_peaks_freq.csv,0.0022304946652994605,0.001067084833235982,0.0008661255553493499,0.0026199141151726398,72.4816828944764,16.589136665518854,10.929180440004748,0.12270214301377569,100.0,100.0,2,3,18,315,True,False,
VRY_water_3_col_1_peak_energy_ratio,2157,ctvt_singlefault_peaks_freq.csv,0.006649575672843025,0.0024908149282112336,0.002487303381659931,0.007523808460339924,78.11103703640933,10.959921868980919,10.929041094609753,0.12270038662341569,100.0,100.0,2,3,18,315,True,False,
GYR_water_1_col_1_skew,2158,stats_features_2.csv,0.04357933906063487,0.02720798268062018,0.017991320322992374,0.05443455448035945,64.09319671647597,24.982928173792875,10.92387510973117,0.12263527542523973,100.0,100.0,2,3,18,315,True,False,
GYR_water_3_col_0_175_225_num_spikes,2159,digital_feats_updt.csv,6.687422435225735,3.836471521407125,2.697647226245536,8.168074015274263,67.0313840572884,22.06097124317665,10.907644699534956,0.12243075921327697,100.0,100.0,2,3,18,40,True,False,
AC1_water_3_col_2_175_225_mean_spike_interval,2160,digital_feats_updt.csv,175.2386782319206,137.86908254472155,77.88437940053116,236.18309597598162,55.05063275705499,34.075022301228536,10.874344941716465,0.12201138869167595,100.0,100.0,2,3,18,313,True,False,
GYR_water_1_col_1_band_peak_freq_75_125,2161,digital_feats_updt.csv,4.084293146732069,2.8484309183390484,1.7391785710925456,5.2744432224776,59.96261549671467,29.164742009995983,10.872642493289343,0.12198995681511943,100.0,100.0,2,3,18,239,True,False,
GYR_water_3_col_2_wavelet_mean_energy,2162,digital_feats_updt.csv,0.01335759343177359,0.007659959627034368,0.005377611790497884,0.01631008866762101,67.07239235637694,22.056688874137038,10.87091876948602,0.12196825794008392,100.0,100.0,2,3,18,315,True,False,
VRY_water_0_col_0_skew,2163,stats_features_2.csv,0.00642506322373405,0.002652168607146965,0.0024262619373181054,0.007362213168483663,76.16194651860448,12.977334058134298,10.860719423261221,0.12183988195766712,100.0,100.0,2,3,18,315,True,False,
AC1_water_0_col_2_75_125_std_spike_interval,2164,digital_feats_updt.csv,327.55045806566704,202.81907937519574,134.46746108718787,408.05193251455705,64.43555064867269,24.70510682551103,10.859342525816272,0.12182255363060653,100.0,100.0,2,3,18,315,True,False,
AC1_air_1_col_1_75_125_mean_spike_interval,2165,digital_feats_updt.csv,239.9046698027329,111.52037938347806,92.31803151568057,280.20289890349704,73.30475646520092,15.840293646328602,10.854949888470479,0.12176727563549329,100.0,100.0,2,3,18,313,True,False,
AC1_water_3_col_0_75_125_num_spikes,2166,digital_feats_updt.csv,27.952295809993544,14.98561874899143,11.054370564711569,33.587180871896166,69.26085704594927,19.906836655645275,10.832306298405474,0.12148240970161782,100.0,100.0,2,3,18,96,True,False,
CTB_water_3_col_0_settling_time_s,2167,physics_features.csv,0.15704957608103037,0.07510650297833554,0.06045048738735906,0.18428189700085934,72.62868624671097,16.610768827885956,10.760544925403076,0.12058057634269657,100.0,100.0,2,3,18,236,True,False,
SMG_air_0_col_0_peak_width,2168,ctvt_singlefault_peaks_freq.csv,0.14481580600482036,0.058309508218729274,0.054141690818980424,0.1652360103072992,76.81084292891812,12.452867202223265,10.736289868858616,0.1202760881559308,100.0,100.0,2,3,18,128,True,False,
AC1_air_1_col_resultant_175_225_std_spike_interval,2169,digital_feats_updt.csv,390.8374670700395,226.8818072516377,156.50355057784532,478.2495598230757,66.78565999558683,22.505578866490847,10.708761137922327,0.11993070400180524,100.0,100.0,2,3,18,315,True,False,
GYR_water_0_col_1_175_225_spike_energy_ratio,2170,digital_feats_updt.csv,0.0034577203040549054,0.0016782225200763074,0.0013305027153132142,0.004067246980873015,72.27342387226719,17.02542642779156,10.701149699941245,0.11983524607521408,100.0,100.0,2,3,18,315,True,False,
CTR_water_2_col_0_hmean,2171,ctvt_singlefault_peaks_freq.csv,0.00017677249437599138,6.734539505596384e-05,6.546948790617482e-05,0.00020017535025534616,77.98448098712433,11.318649606558285,10.696869406317397,0.11978157243990396,100.0,100.0,2,3,18,315,True,False,
GYR_air_1_col_2_band_peak_freq_175_225,2172,digital_feats_updt.csv,8.804570287826747,4.408827301378871,3.401250553192107,10.417615919789656,71.42983489774528,17.91057346363782,10.659591638616899,0.11931433753356838,100.0,100.0,2,3,18,294,True,False,
VRY_air_1_col_1_hmean,2173,ctvt_singlefault_peaks_freq.csv,4.947515916379465e-05,1.8280044593084133e-05,1.819761721429809e-05,5.5795202991709566e-05,78.62862410175198,10.733979901356625,10.63739599689139,0.11903632526779717,100.0,100.0,2,3,18,315,True,False,
GYR_water_0_col_2_spectral_centroid,2174,digital_feats_updt.csv,173.84589949200358,68.56036110746831,64.4693364111684,197.68463577796498,77.33624280319287,12.02819219476051,10.635565002046597,0.11901339724567352,100.0,100.0,2,3,18,315,True,False,
AC1_air_1_col_1_175_225_num_spikes,2175,digital_feats_updt.csv,10.061888966188269,4.317816681502554,3.773322791913687,11.581153455288392,75.4840873625544,13.900319005955218,10.615593631490365,0.11876337342024645,100.0,100.0,2,3,18,49,True,False,
GYR_water_0_col_2_band_peak_mag_175_225,2176,digital_feats_updt.csv,0.060643542209027686,0.03761324546985608,0.02456492111172338,0.07547072807161041,64.5672131703949,24.838452642481847,10.59433418712327,0.11849734679339989,100.0,100.0,2,3,18,315,True,False,
VRY_water_1_col_0_pmean_3,2177,ctvt_singlefault_peaks_freq.csv,0.0024462047841548474,0.0009213032494598133,0.0008988475564801428,0.0027641715672652445,78.31692578569272,11.109006349603174,10.574067864704112,0.11824386519903649,100.0,100.0,2,3,18,315,True,False,
VRY_water_1_col_1_pmean_3,2178,ctvt_singlefault_peaks_freq.csv,0.0024461292972395602,0.0009199033119947821,0.0008976902950145729,0.002763262294462114,78.36363920680073,11.082561321428054,10.553799471771232,0.11799047259073353,100.0,100.0,2,3,18,315,True,False,
VRY_water_0_col_0_gmean,2179,ctvt_singlefault_peaks_freq.csv,5.333446505716553e-05,2.5646851211763444e-05,2.029038795720172e-05,6.25621769399539e-05,72.67619517474387,16.805227657069512,10.51857716818661,0.11755040136048144,100.0,100.0,2,3,18,315,True,False,
AC1_air_0_col_2_175_225_std_spike_interval,2180,digital_feats_updt.csv,526.8683801826727,282.4274197063442,204.88661953293234,631.9288443344942,69.51330098061261,19.974566292364784,10.512132727022594,0.11746992131297489,100.0,100.0,2,3,18,315,True,False,
VRY_air_0_col_0_stability_observed,2181,physics_features.csv,0.4469282447631591,0.15321631784790316,0.16187436867226307,0.4994230744118574,80.08264266988951,9.411803131560289,10.5055541985502,0.11738777869922305,100.0,100.0,2,3,18,2,True,False,
PRS_water_3_col_0_kurt,2182,stats_features_2.csv,0.19558953525029657,0.15420589716618524,0.08520160981552674,0.2632376100321008,55.207152976398724,34.31674491614711,10.476102107454182,0.1170201739878271,100.0,100.0,2,3,18,314,True,False,
AC1_air_0_col_resultant_75_125_num_spikes,2183,digital_feats_updt.csv,7.759112590322454,4.017830927691167,2.9881672348211445,9.234497115494202,70.59884690120053,18.93027029188966,10.470882806909824,0.11695505479325738,100.0,100.0,2,3,18,45,True,False,
GYR_air_1_col_0_spectral_centroid,2184,digital_feats_updt.csv,120.6195370645679,52.68688512324815,44.89667753294964,139.07081735273826,75.22519122771354,14.352681019193442,10.422127753093019,0.11634712336508844,100.0,100.0,2,3,18,315,True,False,
AC1_water_1_col_resultant_175_225_spike_energy_ratio,2185,digital_feats_updt.csv,0.0008188608111483115,0.00067282955541191,0.00036113901439014013,0.001119666926538844,53.48628999087026,36.11041013773164,10.403299871398113,0.11611253379271581,100.0,100.0,2,3,18,315,True,False,
GYR_water_0_col_1_175_225_num_spikes,2186,digital_feats_updt.csv,12.338800152264842,6.259952926991397,4.710306805359633,14.615744594316647,71.26954231415127,18.34426199516976,10.386195690678974,0.11589950645135898,100.0,100.0,2,3,18,59,True,False,
GYR_water_2_col_2_wavelet_max_energy,2187,digital_feats_updt.csv,594889.412961157,325918.80355954083,230398.30771880306,716379.6900852515,68.95820536670472,20.698186947633726,10.34360768566156,0.1153694390177614,100.0,100.0,2,3,18,315,True,False,
GYR_water_0_col_0_75_125_std_spike_interval,2188,digital_feats_updt.csv,324.35231979842763,191.28973439794873,127.85935588139388,397.67349010345686,66.52436460604378,23.138225361001844,10.337410032954374,0.11529234251156208,100.0,100.0,2,3,18,314,True,False,
CTB_water_1_col_0_rms,2189,stats_features_2.csv,3.8132695960609437,1.8580316754652872,1.4389255085774917,4.479264821207843,72.47388503327532,17.206508298231093,10.319606668493567,0.11507093451683259,100.0,100.0,2,3,18,315,True,False,
AC1_water_1_col_resultant_75_125_num_spikes,2190,digital_feats_updt.csv,4.78989194187247,2.473658758665186,1.8268077372609095,5.692036452628543,70.81350430778681,18.88618465388105,10.300311038332127,0.11483106750497037,100.0,100.0,2,3,18,30,True,False,
AC1_water_1_col_resultant_rank_75_125,2191,digital_feats_updt.csv,0.17213259316477408,0.10715167512214396,0.06869347033700521,0.21407920024619892,64.6513020053876,25.052379527087705,10.296318467524692,0.11478144811478143,100.0,100.0,2,3,18,2,True,False,
AC1_water_1_col_resultant_rank_175_225,2192,digital_feats_updt.csv,0.17213259316477408,0.10715167512214396,0.0686934703370052,0.2140792002461989,64.65130200538762,25.05237952708771,10.296318467524687,0.11478144811478137,100.0,100.0,2,3,18,2,True,False,
CV1_air_1_col_0_stability_observed,2193,physics_features.csv,0.288771343607514,0.1429171390770726,0.10898222882779718,0.34013427309099353,72.0787749673268,17.655004699784413,10.266220332888798,0.11440753271481244,100.0,100.0,2,3,18,2,True,False,
CTR_water_0_col_0_peak_width,2194,ctvt_singlefault_peaks_freq.csv,0.05463167600900364,0.028619895283352986,0.020771511062958138,0.06507821525995797,70.47219198263971,19.340371526997703,10.18743649036259,0.113429971178469,100.0,100.0,2,3,18,198,True,False,
AC1_air_0_col_1_175_225_spike_energy_ratio,2195,digital_feats_updt.csv,0.001969589658242099,0.001240963021682772,0.0007838863969697944,0.00245636937906182,64.29306954083779,25.522918364753178,10.184012094409033,0.1133875196597942,100.0,100.0,2,3,18,315,True,False,
GYR_water_0_col_2_175_225_mean_spike_interval,2196,digital_feats_updt.csv,2133.56652987802,714.8623044786996,756.9399162305763,2374.0455531778416,80.76706172204939,9.067064345300965,10.16587393264964,0.11316271864244654,100.0,100.0,2,3,18,122,True,False,
VRY_water_1_col_0_skew,2197,stats_features_2.csv,0.006519846739402289,0.0026927293476327776,0.0023710335525480536,0.007441840696508234,76.75630074379389,13.092562904858504,10.151136351347587,0.11298013062294124,100.0,100.0,2,3,18,315,True,False,
AC1_water_0_col_0_band_peak_freq_75_125,2198,digital_feats_updt.csv,4.603190671172972,4.019580112260789,2.054026533928771,6.447124447080247,50.97835556422904,38.8713184002443,10.150326035526648,0.1129700931306673,100.0,100.0,2,3,18,271,True,False,
AC1_water_1_col_1_175_225_mean_spike_interval,2199,digital_feats_updt.csv,1249.01384367183,653.7181383259733,473.44032994829246,1487.1209540860498,70.54104968445755,19.323619819042403,10.135330496500057,0.11278437402037425,100.0,100.0,2,3,18,287,True,False,
GYR_air_1_col_2_band_peak_freq_75_125,2200,digital_feats_updt.csv,4.478827435882471,2.5373062076864192,1.72848691380054,5.430053867426852,68.0331193408063,21.83421025930102,10.13267039989268,0.11275143531004152,100.0,100.0,2,3,18,193,True,False,
CTR_water_2_col_0_skew,2201,stats_features_2.csv,0.007024291877211595,0.00314777297451687,0.002582558799056533,0.008119036951876983,74.8507338553308,15.03134243557622,10.117923709092985,0.1125688694189252,100.0,100.0,2,3,18,315,True,False,
CV1_air_1_col_0_fft_kurt,2202,ctvt_singlefault_peaks_freq.csv,0.2723057521799739,0.11350197259530022,0.09885902229450179,0.31113699031511893,76.59674916124202,13.307716059744337,10.09553477901365,0.1122918061321948,100.0,100.0,2,3,18,315,True,False,
GYR_air_0_col_1_175_225_spike_energy_ratio,2203,digital_feats_updt.csv,0.0031058347860900256,0.001565513653427097,0.0011649957917490438,0.0036680046227269823,71.69633421130479,18.21603997064462,10.087625818050592,0.11219396562298495,100.0,100.0,2,3,18,315,True,False,
GYR_air_1_col_2_wavelet_max_energy_ratio,2204,digital_feats_updt.csv,8.168701532785077e-06,5.49697494493653e-06,3.297750868512489e-06,1.0383620710896567e-05,61.88828161700548,28.025275007120932,10.086443375873586,0.11217933929628474,100.0,100.0,2,3,18,315,True,False,
SMG_water_1_col_0_peak_width,2205,ctvt_singlefault_peaks_freq.csv,0.13263295402118824,0.06113551885347352,0.04882631801327437,0.15399045908303363,74.18485588982742,15.761573710251167,10.053570399921412,0.11177286796843161,100.0,100.0,2,3,18,202,True,False,
GYR_water_3_col_2_wavelet_std_energy,2206,digital_feats_updt.csv,0.009858393178614195,0.005417279000086172,0.0037589104276332746,0.011860195421319653,69.09212975547318,20.863094072682134,10.044776171844688,0.11166417851434157,100.0,100.0,2,3,18,315,True,False,
AC1_water_1_col_resultant_wavelet_mean_energy,2207,digital_feats_updt.csv,0.020664682633636078,0.015147508746378886,0.008561790179278043,0.02701444762797321,58.51474219843629,31.44055763995576,10.044700161607953,0.11166323918272321,100.0,100.0,2,3,18,315,True,False,
CTR_water_0_col_0_rms,2208,stats_features_2.csv,2.3648248824566953,1.2452916458925511,0.892602951385217,2.817780693531294,70.43420132299072,19.53114799774195,10.03465067926733,0.11153906203924256,100.0,100.0,2,3,18,315,True,False,
AC1_water_0_col_2_175_225_mean_spike_interval,2209,digital_feats_updt.csv,209.78340745695118,118.90129732276293,80.36015356307846,254.17385945444275,68.12091984342877,21.8832297258815,9.995850430689742,0.11105988422225081,100.0,100.0,2,3,18,314,True,False,
VRY_water_1_col_1_peak_energy_ratio,2210,ctvt_singlefault_peaks_freq.csv,0.006621462648222704,0.0024732716377999326,0.002353660813549261,0.00744986975868648,78.9969831996142,11.021641327795127,9.981375472590674,0.11088122624614746,100.0,100.0,2,3,18,315,True,False,
CTR_air_1_col_0_cycle_count,2211,physics_features.csv,1.608858418731317,0.6653846340638515,0.5792906694053621,1.8348677888150502,76.8822529633446,13.150309712933483,9.96743732372193,0.11070924815903485,100.0,100.0,2,3,18,13,True,False,
AC1_air_0_col_0_band_peak_freq_75_125,2212,digital_feats_updt.csv,1.3515781622593759,0.6433341930417356,0.49787507617828625,1.5775049933716936,73.40756986184779,16.631513936893825,9.960916201258375,0.11062880452585845,100.0,100.0,2,3,18,181,True,False,
GYR_water_3_col_2_band_peak_freq_175_225,2213,digital_feats_updt.csv,11.326350694523933,6.992927672988435,4.426583815356223,14.027897268278089,65.19208265692,24.8503734337121,9.957543909367923,0.1105872089866715,100.0,100.0,2,3,18,303,True,False,
PRS_water_1_col_0_kurt,2214,stats_features_2.csv,0.22202285772163236,0.09049588353265495,0.0797175949031702,0.25266291620335185,77.21690099444362,12.828463421953852,9.954635583602531,0.11055133874042902,100.0,100.0,2,3,18,314,True,False,
GYR_water_0_col_2_fft_skew,2215,digital_feats_updt.csv,2.978231512635639,1.8215208184929113,1.1596802763154272,3.678676307903983,65.54412325678355,24.518004920120408,9.937871823096037,0.11034462569633749,100.0,100.0,2,3,18,315,True,False,
VRY_air_1_col_0_skew,2216,stats_features_2.csv,0.006568721598727292,0.003090254017101381,0.0024108527079289236,0.007649181924305754,73.74485585167278,16.32143647838612,9.93370766994109,0.11029328967531835,100.0,100.0,2,3,18,315,True,False,
AC1_air_0_col_0_175_225_spike_energy_ratio,2217,digital_feats_updt.csv,0.0022637639750534622,0.001715501406388254,0.0009431957954298849,0.0029928566151064674,57.21243965606357,32.855670575522566,9.931889768413868,0.11027087992494414,100.0,100.0,2,3,18,315,True,False,
AC1_air_1_col_0_75_125_mean_spike_interval,2218,digital_feats_updt.csv,464.5969336980525,237.17308592230003,173.02147748988597,549.5796713492252,71.46466434577364,18.623851008870695,9.911484645355676,0.11001940265457723,100.0,100.0,2,3,18,300,True,False,
GYR_water_2_col_1_skew,2219,stats_features_2.csv,0.03749751432024559,0.04291296443184484,0.01888575095276733,0.06003547022865529,39.01118351842854,51.09297605713809,9.895840424433368,0.10982667693752957,100.0,100.0,2,3,18,315,True,False,
VRY_water_1_col_0_peak_energy_ratio,2220,ctvt_singlefault_peaks_freq.csv,0.006623036880634201,0.0024737877687716512,0.00234287111710742,0.007448039239863147,79.0734039637467,11.031662424121153,9.894933612132137,0.10981550770450832,100.0,100.0,2,3,18,315,True,False,
AC1_air_1_col_0_75_125_std_spike_interval,2221,digital_feats_updt.csv,1133.6526117873866,562.7938565259918,419.20569464592177,1333.2811344871461,72.29637430712356,17.81784710734838,9.885778585528056,0.10970275757096476,100.0,100.0,2,3,18,303,True,False,
GYR_air_1_col_0_skew,2222,stats_features_2.csv,0.04193385352253425,0.061720677319407474,0.024689548323836994,0.07859684393441546,28.46553385690763,61.666763010762594,9.867703132329778,0.10948021381078606,100.0,100.0,2,3,18,315,True,False,
GYR_water_0_col_2_fft_entropy,2223,digital_feats_updt.csv,0.3014378957131809,0.1353180198340074,0.10931850243559578,0.3480320480049915,75.01657372677269,15.117249943625223,9.86617632960207,0.10946142000677549,100.0,100.0,2,3,18,315,True,False,
GYR_water_3_col_2_band_peak_to_median_175_225,2224,digital_feats_updt.csv,0.6030586207377432,0.3453639056018037,0.22987834758459424,0.7319835940967969,67.87601945605792,22.261334694585937,9.862645849356149,0.10941796486363473,100.0,100.0,2,3,18,315,True,False,
AC1_air_1_col_0_175_225_num_spikes,2225,digital_feats_updt.csv,15.08807198260478,8.664398426072863,5.752056678180171,18.325061316868613,67.79171513027048,22.35558076078864,9.852704108940884,0.1092956145999947,100.0,100.0,2,3,18,74,True,False,
CTR_air_0_col_0_pmean_2,2226,ctvt_singlefault_peaks_freq.csv,0.002207610566165824,0.001114954079305629,0.0008167717423372908,0.002604569655411033,71.84110027208271,18.324916679799035,9.833983048118258,0.10906529289595093,100.0,100.0,2,3,18,315,True,False,
VRY_air_1_col_0_hmean,2227,ctvt_singlefault_peaks_freq.csv,3.500335430088809e-05,1.373364158906575e-05,1.2417573910780693e-05,3.9598533627397345e-05,78.13778933854007,12.028548145493149,9.833662515966768,0.10906135028172932,100.0,100.0,2,3,18,315,True,False,
GYR_air_0_col_2_band_peak_to_median_175_225,2228,digital_feats_updt.csv,0.8701179731802896,0.6070888281877431,0.35006397775685455,1.117231811704578,60.65543095959198,29.52690287841783,9.81766616199019,0.10886462729635264,100.0,100.0,2,3,18,315,True,False,
CTB_air_1_col_0_cycle_count,2229,physics_features.csv,1.3175700136010764,0.5239451483872315,0.46735417464080026,1.492959873477329,77.8845175229237,12.316161523303682,9.799320953772616,0.10863910402216059,100.0,100.0,2,3,18,11,True,False,
CTB_water_2_col_0_rms,2230,stats_features_2.csv,2.662101071595394,1.2475961100217645,0.9676974518723221,3.09511171486442,73.97695010131422,16.247829977794783,9.775219920891004,0.10834296201464942,100.0,100.0,2,3,18,315,True,False,
CTR_air_0_col_0_peak_width,2231,ctvt_singlefault_peaks_freq.csv,0.06967878292854325,0.03822353526449082,0.026030236196535973,0.08362861134185044,69.42107617325755,20.89064906389478,9.688274762847684,0.10727593496201016,100.0,100.0,2,3,18,138,True,False,
GYR_air_0_col_2_fft_entropy,2232,digital_feats_updt.csv,0.30237862291828815,0.13404331043604226,0.10826786957467523,0.3480263959139484,75.48797955103385,14.834261200849351,9.677759248116809,0.10714702345241617,100.0,100.0,2,3,18,315,True,False,
GYR_water_1_col_1_relative_band_power_175_225,2233,digital_feats_updt.csv,0.003336513900283299,0.003984217093707198,0.0017006211959466628,0.005467945071841465,37.23381962938997,53.0930533891485,9.673126981461523,0.10709024521945129,100.0,100.0,2,3,18,315,True,False,
VRY_water_0_col_1_hmean,2234,ctvt_singlefault_peaks_freq.csv,3.159255446406164e-05,1.7693862633932258e-05,1.1843597475305357e-05,3.809767806087694e-05,68.76579538513259,21.569907741280005,9.664296873587409,0.10698202968613121,100.0,100.0,2,3,18,315,True,False,
GYR_air_0_col_1_175_225_std_spike_interval,2235,digital_feats_updt.csv,1393.280775020547,766.5837527480453,519.6900359943237,1673.0091755668627,69.35545792174443,20.995323714587816,9.649218363667769,0.10679728707280584,100.0,100.0,2,3,18,289,True,False,
GYR_water_0_col_2_175_225_std_spike_interval,2236,digital_feats_updt.csv,2847.7013384883985,1009.5973499154057,984.6559664870503,3177.7723478127523,80.30513482028095,10.093710411186574,9.601154768532485,0.10620882096390272,100.0,100.0,2,3,18,159,True,False,
AC1_air_0_col_2_175_225_mean_spike_interval,2237,digital_feats_updt.csv,259.60921186156196,171.78859419840072,101.45126882300488,327.4150636819292,62.869916624743325,27.529057216194808,9.601026159061867,0.10620724717467911,100.0,100.0,2,3,18,314,True,False,
SMG_air_1_col_0_rms,2238,stats_features_2.csv,34.965455684190054,15.767331960276511,12.49097259128448,40.33876850654759,75.13341236861437,15.27816342583744,9.588424205548197,0.10605305926032318,100.0,100.0,2,3,18,315,True,False,
AC1_air_0_col_0_75_125_mean_spike_interval,2239,digital_feats_updt.csv,431.95700015066745,182.5891309091514,152.69064832837222,493.19374974979314,76.7089264129349,13.706125832526615,9.584947754538495,0.10601053161499029,100.0,100.0,2,3,18,304,True,False,
AC1_air_1_col_2_75_125_mean_spike_interval,2240,digital_feats_updt.csv,301.68871228217546,197.05435753325202,117.31960661572339,378.9596139930851,63.37708554951986,27.038726155546666,9.584188294933458,0.10600124153280592,100.0,100.0,2,3,18,314,True,False,
AC1_water_1_col_resultant_75_125_spike_energy_ratio,2241,digital_feats_updt.csv,0.000633313991395494,0.00040258134477681886,0.00024424116087343726,0.0007891844496215114,64.39929708808509,26.022574116170215,9.578128795744693,0.10592712435809379,100.0,100.0,2,3,18,315,True,False,
AC1_water_1_col_resultant_wavelet_max_energy_ratio,2242,digital_feats_updt.csv,3.2959620694979063e-07,2.141613901948977e-07,1.276096373830857e-07,4.132589747832986e-07,63.609183704195516,26.855779765665883,9.535036530138612,0.10540032477120528,100.0,100.0,2,3,18,315,True,False,
AC1_water_3_col_1_contrast_time,2243,digital_feats_updt.csv,0.477816887308305,0.20902072672664895,0.16930520492136786,0.548327360626661,75.93520252761756,14.531112755635652,9.533684716746796,0.10538380707666158,100.0,100.0,2,3,18,315,True,False,
GYR_water_2_col_2_fft_mean,2244,digital_feats_updt.csv,0.002064229531646497,0.0012956177879447808,0.000791152154280499,0.002562340871738793,64.8996217724269,25.567013207957476,9.533365019615628,0.10537990079638446,100.0,100.0,2,3,18,315,True,False,
WTF_water_0_col_0_q05,2245,stats_features_2.csv,578.4813669195643,258.17501841209923,205.45342731420763,665.9625686180642,75.45345139080868,15.028955340104526,9.51759326908678,0.10518722493082297,100.0,100.0,2,3,18,123,True,False,
AC1_water_0_col_1_band_peak_freq_75_125,2246,digital_feats_updt.csv,1.0638558915726164,0.9891645708598894,0.47085825531567777,1.527070202340783,48.53416925288068,41.95841747433643,9.507413272782877,0.10506289649385575,100.0,100.0,2,3,18,224,True,False,
GYR_water_3_col_0_175_225_spike_energy_ratio,2247,digital_feats_updt.csv,0.0013008687871761066,0.0008885041527821063,0.0005094743869709656,0.0016556761102158612,61.73283503505274,28.79838671147669,9.468778253470553,0.10459130088823246,100.0,100.0,2,3,18,315,True,False,
GYR_water_0_col_2_175_225_spike_energy_ratio,2248,digital_feats_updt.csv,0.006614928858305463,0.0035043011676938966,0.002420380307063764,0.007867378934890914,70.69524736835719,19.840047588086385,9.464705043556426,0.10454160499626013,100.0,100.0,2,3,18,313,True,False,
SMG_water_2_col_0_q95,2249,stats_features_2.csv,62.790735090925175,47.42991252921669,25.403442689832126,82.68982958189885,57.66163344741405,32.90034512174685,9.4380214308391,0.10421615759677134,100.0,100.0,2,3,18,198,True,False,
AC1_water_1_col_0_75_125_mean_spike_interval,2250,digital_feats_updt.csv,859.5477446085058,431.3851065948906,310.28865646000435,1010.5416793884401,72.34883614714916,18.22308216338681,9.42808168946404,0.10409497629429473,100.0,100.0,2,3,18,258,True,False,
CTB_air_0_col_0_stability_observed,2251,physics_features.csv,0.4070893118456072,0.15967264394251748,0.14106206888406955,0.45947314210993656,78.49809899734132,12.076491291681315,9.425409710977377,0.10406240515028539,100.0,100.0,2,3,18,2,True,False,
GYR_water_2_col_2_band_peak_to_median_175_225,2252,digital_feats_updt.csv,0.5917845669391474,0.3409186052445494,0.22016854095984373,0.717571359167595,68.01380593008238,22.572060920118673,9.414133149798944,0.10392496619110345,100.0,100.0,2,3,18,315,True,False,
CTR_air_1_col_0_rms,2253,stats_features_2.csv,2.024516908889564,1.120693965373993,0.7428669326666744,2.430324043837577,69.39280608969892,21.26403604425444,9.343157866046635,0.1030607028230843,100.0,100.0,2,3,18,315,True,False,
CTB_water_3_col_0_stability_observed,2254,physics_features.csv,0.382038203980193,0.205901818799424,0.1393228371691674,0.4558065392709814,70.2509960684183,20.406064861228558,9.342939070353136,0.1030580406484123,100.0,100.0,2,3,18,2,True,False,
VRY_water_2_col_1_peak_to_median,2255,ctvt_singlefault_peaks_freq.csv,588.0926448180215,263.33085766979264,206.55877695774967,676.6554720302242,75.53640281351848,15.144966281696712,9.318630904784806,0.1027623534774852,100.0,100.0,2,3,18,315,True,False,
CTB_water_3_col_0_rms,2256,stats_features_2.csv,2.446673473995612,1.182327585336358,0.8707948376636026,2.853487910733571,73.51906128368388,17.168152838805508,9.312785877510615,0.10269127757008857,100.0,100.0,2,3,18,315,True,False,
CV1_air_1_col_0_fft_skew,2257,ctvt_singlefault_peaks_freq.csv,0.020929259711923158,0.009106502607853754,0.007312769002231648,0.02396745485686741,76.2542226768629,14.436416276151348,9.30936104698576,0.10264963566756688,100.0,100.0,2,3,18,315,True,False,
VRY_water_1_col_0_rms,2258,stats_features_2.csv,5.977927018501896,2.433740507268965,2.0667377954584563,6.777175621926382,77.80432465161394,12.895882315003455,9.299793033382606,0.10253331656459654,100.0,100.0,2,3,18,315,True,False,
GYR_water_1_col_2_band_peak_freq_175_225,2259,digital_feats_updt.csv,12.1337216686436,4.606026386241493,4.152926569494934,13.6267927148864,79.28677584446213,11.425245579695284,9.28797857584258,0.1023897211199078,100.0,100.0,2,3,18,302,True,False,
PRS_water_1_col_0_std,2260,stats_features_2.csv,0.6524978004449771,0.29628970699738666,0.22927216724342037,0.7524006224948417,75.2072678250126,15.507251721201573,9.285480453785844,0.1023593632004565,100.0,100.0,2,3,18,314,True,False,
AC1_air_1_col_resultant_75_125_std_spike_interval,2261,digital_feats_updt.csv,690.9677339741976,273.988888602441,237.6894428469601,780.3861811385032,78.39644952106688,12.326698128915279,9.276852350017837,0.10225452478576628,100.0,100.0,2,3,18,315,True,False,
GYR_air_1_col_2_band_peak_to_median_175_225,2262,digital_feats_updt.csv,0.7746436631578112,0.5156940139889978,0.29746081022518767,0.9769831393399081,62.86802360337185,27.86185598097834,9.270120415649805,0.1021727402055187,100.0,100.0,2,3,18,315,True,False,
CV1_water_1_col_0_settling_time_s,2263,physics_features.csv,0.16109362187471932,0.09269382378929843,0.0594057496180173,0.1951213547130993,68.16274733697912,22.567943753804148,9.269308909216722,0.10216288223730205,100.0,100.0,2,3,18,266,True,False,
CTB_water_2_col_0_hmean,2264,ctvt_singlefault_peaks_freq.csv,0.00011323484411625,5.1390495391713404e-05,3.974145950783425e-05,0.00013054691318621815,75.23621841491166,15.496456226512786,9.267325358575556,0.1021387873244124,100.0,100.0,2,3,18,315,True,False,
GYR_water_3_col_0_175_225_mean_spike_interval,2265,digital_feats_updt.csv,287.64949518582085,152.51331070182056,104.05088073929386,341.80276155190785,70.82329007806148,19.909683807749914,9.267026114188603,0.1021351523851877,100.0,100.0,2,3,18,313,True,False,
AC1_water_0_col_resultant_rank_175_225,2266,digital_feats_updt.csv,0.1227576655221353,0.05869596280309844,0.043412498911354944,0.1428261375083551,73.87234042553192,16.88888888888889,9.238770685579192,0.10179204000833503,100.0,100.0,2,3,18,2,True,False,
AC1_water_0_col_resultant_rank_75_125,2267,digital_feats_updt.csv,0.12275766552213531,0.058695962803098446,0.04341249891135494,0.1428261375083551,73.87234042553192,16.888888888888886,9.238770685579187,0.10179204000833496,100.0,100.0,2,3,18,2,True,False,
GYR_water_3_col_1_175_225_std_spike_interval,2268,digital_feats_updt.csv,1405.2608411646825,713.3834229713477,502.5152866565675,1654.1449613636405,72.17167023745694,18.599398262096365,9.2289315004467,0.10167261059058831,100.0,100.0,2,3,18,292,True,False,
CV1_air_0_col_0_peak_width,2269,ctvt_singlefault_peaks_freq.csv,0.06288468453882103,0.02520003413946559,0.021588027948414492,0.07110251908954277,78.22035776741318,12.561233334911739,9.218408897675095,0.10154491440103228,100.0,100.0,2,3,18,168,True,False,
AC1_water_0_col_0_175_225_spike_energy_ratio,2270,digital_feats_updt.csv,0.0023869904213192094,0.0011595458726666608,0.0008436688482024721,0.0027846089541828365,73.48063857627287,17.339933921118682,9.179427502608464,0.10107211670430846,100.0,100.0,2,3,18,315,True,False,
VRY_water_0_col_0_rms,2271,stats_features_2.csv,5.68440590915557,2.486186393505218,1.969531301474625,6.509427537870099,76.25785247398387,14.587530493670265,9.154617032345845,0.10077140668343466,100.0,100.0,2,3,18,315,True,False,
VRY_water_3_col_0_skew,2272,stats_features_2.csv,0.007344073634936423,0.0036323134300072094,0.00259369384101603,0.0085939726640305,73.02744552277528,17.86399946484809,9.108555012376627,0.10021355710228759,100.0,100.0,2,3,18,315,True,False,
GYR_water_0_col_2_band_power_175_225,2273,digital_feats_updt.csv,0.11713964456953858,0.06445864983656009,0.04228914666200647,0.14023190005854871,69.77730100391419,21.12850516278264,9.094193833303171,0.10003974681910706,100.0,100.0,2,3,18,315,True,False,
CTB_air_0_col_0_rms,2274,stats_features_2.csv,2.0731962346504287,0.9453968045326036,0.7193254018336407,2.3894239429436337,75.28256372679114,15.654595045624875,9.062841227583997,0.09966048367824121,100.0,100.0,2,3,18,315,True,False,
VRY_air_1_col_0_peak_width,2275,ctvt_singlefault_peaks_freq.csv,0.06751128657803392,0.03522290214069472,0.02403867519698726,0.07985164090900469,71.48008805899728,19.457300318766922,9.062611622235778,0.09965770717527825,100.0,100.0,2,3,18,166,True,False,
CV1_air_1_col_0_settling_time_s,2276,physics_features.csv,0.09327657175934947,0.05874355726804861,0.03479438863380421,0.11559400434313963,65.11402389576764,25.825567104114207,9.060409000118158,0.09963107267691504,100.0,100.0,2,3,18,191,True,False,
AC1_air_1_col_resultant_75_125_mean_spike_interval,2277,digital_feats_updt.csv,346.8753745352595,178.3736506839646,122.98178918520816,408.9794679302331,71.93560948882063,19.022096940866113,9.042293570313248,0.09941206661035625,100.0,100.0,2,3,18,315,True,False,
AC1_water_1_col_0_175_225_num_spikes,2278,digital_feats_updt.csv,15.904951945830485,8.826759030519254,5.727536372771899,19.070496697345227,69.55697933120561,21.42291339236088,9.020107276433519,0.09914396474219016,100.0,100.0,2,3,18,77,True,False,
GYR_water_2_col_1_175_225_spike_energy_ratio,2279,digital_feats_updt.csv,0.004076577157149289,0.002290467325355852,0.0014721194637765367,0.004902229860210952,69.15187994693568,21.830358082727283,9.01776197033704,0.09911563142024465,100.0,100.0,2,3,18,315,True,False,
CTR_water_1_col_0_settling_time_s,2280,physics_features.csv,0.15944765455550905,0.06468631084966878,0.05414570023426253,0.1803874447084706,78.13104937083664,12.859146783583242,9.009803845580121,0.09901950129099119,100.0,100.0,2,3,18,249,True,False,
AC1_air_1_col_0_75_125_num_spikes,2281,digital_feats_updt.csv,34.58953078487327,16.91982101994731,12.114867938986729,40.36689247940489,73.42411249423958,17.56875124202199,9.007136263738431,0.09898728201197385,100.0,100.0,2,3,18,120,True,False,
GYR_water_2_col_2_spectral_centroid,2282,digital_feats_updt.csv,173.70233756431165,74.00502711327383,59.3847017147175,197.9287470558242,77.01823731944287,13.979920226919132,9.001842453638012,0.09892334852001514,100.0,100.0,2,3,18,315,True,False,
VRY_air_0_col_1_peak_to_median,2283,ctvt_singlefault_peaks_freq.csv,708.321569306461,346.0486150241249,247.8359830986703,826.3726544503799,73.4698340171518,17.535669672539417,8.994496310308795,0.09883464126497288,100.0,100.0,2,3,18,315,True,False,
GYR_water_3_col_0_175_225_std_spike_interval,2284,digital_feats_updt.csv,332.26688430517123,199.97467055442473,121.81527098861095,406.4850692402434,66.81668455793515,24.2025309410149,8.980784501049955,0.0986691046700304,100.0,100.0,2,3,18,315,True,False,
AC1_water_2_col_1_band_peak_freq_75_125,2285,digital_feats_updt.csv,0.6800916135638789,0.3431680282903735,0.23913254165210354,0.7984192325824936,72.55592099494804,18.47360524838885,8.97047375666311,0.09854466047294982,100.0,100.0,2,3,18,225,True,False,
GYR_air_1_col_0_75_125_std_spike_interval,2286,digital_feats_updt.csv,812.9867328118204,324.55436076303613,274.7774565429486,917.4887527607917,78.51731114712025,12.513344449994976,8.96934440288477,0.09853103159644838,100.0,100.0,2,3,18,313,True,False,
PRS_water_1_col_0_mad,2287,stats_features_2.csv,2.4064171752626717,1.1389445936392044,0.8356228265830589,2.7903949392668075,74.37217559273647,16.659955752991923,8.96786865427161,0.09851322298730754,100.0,100.0,2,3,18,3,True,False,
AC1_water_3_col_resultant_75_125_std_spike_interval,2288,digital_feats_updt.csv,363.5646734888056,168.9959770012377,125.65021374881955,420.15103030547095,74.87769886323862,16.17863461086254,8.943666525898832,0.09822124595476545,100.0,100.0,2,3,18,315,True,False,
CTR_air_1_col_0_peak_width,2289,ctvt_singlefault_peaks_freq.csv,0.07447673751915342,0.04417385380863675,0.027092773312080518,0.0907310980730613,67.37968153747521,23.703814795037296,8.916503667487515,0.09789373516072138,100.0,100.0,2,3,18,141,True,False,
SMG_air_1_col_0_skew,2290,stats_features_2.csv,0.007833566285946295,0.004309617415612178,0.0027963655242014213,0.009367882533967028,69.92559534079366,21.16384452243432,8.910560136772006,0.09782209826025202,100.0,100.0,2,3,18,315,True,False,
GYR_water_0_col_0_skew,2291,stats_features_2.csv,0.05592636777466684,0.045289692048654566,0.02250053035698643,0.07540019021643729,55.01591567046004,36.078946885106724,8.905137444433231,0.09775674713819568,100.0,100.0,2,3,18,315,True,False,
SMG_water_2_col_0_hmean,2292,ctvt_singlefault_peaks_freq.csv,0.0001288351176474499,5.944205136346763e-05,4.434565937944762e-05,0.00014865524718397054,75.1117758402435,15.98921309216363,8.899011067592868,0.09768292498114961,100.0,100.0,2,3,18,315,True,False,
CV1_air_0_col_0_skew,2293,stats_features_2.csv,0.00539026987470156,0.0022387889212064807,0.0018240376817555287,0.006115087785166794,77.69903539879546,13.403582948862876,8.897381652341673,0.09766329238077677,100.0,100.0,2,3,18,315,True,False,
VRY_water_0_col_1_peak_to_median,2294,ctvt_singlefault_peaks_freq.csv,641.2982370921179,367.30089353291635,230.88237446599013,774.2609677147561,68.60335578385754,22.504493229052393,8.892150987090078,0.09760027355963663,100.0,100.0,2,3,18,315,True,False,
GYR_air_1_col_0_75_125_mean_spike_interval,2295,digital_feats_updt.csv,370.1110690579837,156.9827282909823,125.56725449757667,421.180383948473,77.2196582956759,13.892086314355254,8.888255389968842,0.09755334428082359,100.0,100.0,2,3,18,310,True,False,
VRY_air_1_col_1_skew,2296,stats_features_2.csv,0.005332165046633093,0.002431752855069504,0.0018300937684164074,0.006139596829912445,75.42710878706843,15.687695915273604,8.885195297657969,0.09751648293254349,100.0,100.0,2,3,18,315,True,False,
GYR_air_1_col_1_spectral_centroid,2297,digital_feats_updt.csv,130.44946276249675,60.68092402458979,44.92621366174737,150.72359320784201,74.90694956489041,16.208465195842074,8.884585239267503,0.09750913456958156,100.0,100.0,2,3,18,315,True,False,
AC1_water_0_col_1_175_225_num_spikes,2298,digital_feats_updt.csv,9.664406158640942,5.500734096476322,3.4706108877097783,11.64920434764554,68.82683826515742,22.29712026759455,8.876041467248035,0.09740623223757107,100.0,100.0,2,3,18,52,True,False,
GYR_air_1_col_2_rank_75_125,2299,digital_feats_updt.csv,0.08753306253660406,0.05259471174655969,0.031809969233892385,0.10695847270507336,66.9751756440281,24.179859484777516,8.844964871194382,0.09703210424631073,100.0,100.0,2,3,18,2,True,False,
GYR_air_1_col_2_rank_175_225,2300,digital_feats_updt.csv,0.08753306253660406,0.052594711746559684,0.03180996923389237,0.10695847270507335,66.97517564402811,24.179859484777513,8.844964871194374,0.09703210424631065,100.0,100.0,2,3,18,2,True,False,
GYR_water_3_col_1_175_225_num_spikes,2301,digital_feats_updt.csv,12.231049253584969,6.713717487609182,4.3356803297358395,14.610636271864037,70.07920584026225,21.114843459022406,8.805950700715345,0.09656277759764333,100.0,100.0,2,3,18,52,True,False,
SMG_air_0_col_0_spectral_entropy,2302,ctvt_singlefault_peaks_freq.csv,0.02911222765718312,0.01699149309698219,0.010464350522768832,0.03529497511958075,68.03386084217242,23.175938333027652,8.790200824799932,0.09637342592888842,100.0,100.0,2,3,18,315,True,False,
AC1_air_1_col_0_175_225_std_spike_interval,2303,digital_feats_updt.csv,1013.9049699617115,608.8166300847779,367.0168802083832,1238.2900982963317,67.04242323118625,24.172869826115704,8.784706942698044,0.0963073915377265,100.0,100.0,2,3,18,303,True,False,
VRY_water_1_col_1_stability_observed,2304,physics_features.csv,0.4277633475199593,0.20737706457942798,0.1474727660798894,0.4977297912826954,73.86179668162201,17.359378545064878,8.778824773313108,0.09623669889691194,100.0,100.0,2,3,18,2,True,False,
AC1_air_1_col_2_band_peak_freq_75_125,2305,digital_feats_updt.csv,0.6115194697695315,0.29350253389765624,0.20986846921440425,0.7100313892230056,74.17635365507792,17.08710990881163,8.736536436110447,0.09572874066952741,100.0,100.0,2,3,18,168,True,False,
GYR_water_3_col_2_band_peak_mag_175_225,2306,digital_feats_updt.csv,0.044691831277326156,0.026896780692230726,0.016119068716533985,0.054595063612155346,67.01153224372071,24.27134542397298,8.717122332306307,0.09549570034415579,100.0,100.0,2,3,18,315,True,False,
GYR_water_3_col_2_fft_skew,2307,digital_feats_updt.csv,2.829004413592537,2.0666644985475577,1.0796401629640537,3.6660593289208965,59.54814977360928,31.779055123995917,8.672795102394788,0.09496398266123009,100.0,100.0,2,3,18,315,True,False,
GYR_water_0_col_0_75_125_num_spikes,2308,digital_feats_updt.csv,4.5457540221210415,3.179418185769214,1.7074071764280394,5.804120854681404,61.33932176962048,30.00698867232398,8.653689558055536,0.09473496538817981,100.0,100.0,2,3,18,30,True,False,
GYR_water_3_col_2_175_225_std_spike_interval,2309,digital_feats_updt.csv,2783.2677137991177,1222.2900196987366,934.6802457276278,3180.282883751878,76.5911269656778,14.771242484522965,8.637630549799244,0.09454254089269644,100.0,100.0,2,3,18,169,True,False,
GYR_air_0_col_1_spectral_centroid,2310,digital_feats_updt.csv,143.23894646160446,70.39118596351493,48.88679094466478,166.91984056321132,73.63873403670941,17.78363934602523,8.577626617265352,0.09382415157125268,100.0,100.0,2,3,18,315,True,False,
GYR_water_1_col_0_75_125_std_spike_interval,2311,digital_feats_updt.csv,438.4967508044568,196.88410372738798,147.1826569711392,502.69820496962865,76.08833668697649,15.3393387000028,8.572324613020719,0.09376071935261684,100.0,100.0,2,3,18,313,True,False,
AC1_water_3_col_2_band_peak_freq_75_125,2312,digital_feats_updt.csv,4.988990512696779,5.503945319526109,2.2741144451854107,7.768850424992927,41.239352344911254,50.19202310739904,8.568624547689705,0.09371645679943878,100.0,100.0,2,3,18,280,True,False,
GYR_water_2_col_2_175_225_num_spikes,2313,digital_feats_updt.csv,8.260555163240438,3.8011327908700006,2.7825101478535696,9.509350389047274,75.45999487159987,15.97807235193169,8.561932776468424,0.09363641464049902,100.0,100.0,2,3,18,35,True,False,
VRY_air_1_col_1_peak_width,2314,ctvt_singlefault_peaks_freq.csv,0.06800625869561651,0.03610199773459785,0.023516392317076064,0.08050606293823254,71.35765826711416,20.109686134686758,8.532655598199078,0.0932863597823124,100.0,100.0,2,3,18,166,True,False,
AC1_water_3_col_0_175_225_std_spike_interval,2315,digital_feats_updt.csv,920.6420874776248,658.1866058622004,345.5196135901226,1183.2900171754302,60.53398275024459,30.939670128701472,8.526347121053933,0.09321096132825794,100.0,100.0,2,3,18,305,True,False,
GYR_water_1_col_1_75_125_num_spikes,2316,digital_feats_updt.csv,13.677785224296194,7.044568720424986,4.696148503633119,16.086067507844824,72.29891601915763,19.178253117676473,8.522830863165886,0.0931689397866827,100.0,100.0,2,3,18,57,True,False,
SMG_water_0_col_0_skew,2317,stats_features_2.csv,0.0065138596635190985,0.00446260094856988,0.002407859261498747,0.008254874993928329,62.266691952294934,29.22503936663903,8.508268681066033,0.09299494673903139,100.0,100.0,2,3,18,315,True,False,
AC1_water_3_col_0_75_125_std_spike_interval,2318,digital_feats_updt.csv,1799.2993808808058,776.7820436057664,596.3704219732648,2048.542478327206,77.14662179564671,14.378328698943955,8.475049505409324,0.09259824189591032,100.0,100.0,2,3,18,274,True,False,
VRY_air_0_col_0_peak_to_median,2319,ctvt_singlefault_peaks_freq.csv,1001.1161917023647,465.67586665489466,335.8404788640421,1154.06952533938,75.24974367949866,16.28184128036905,8.468415040132296,0.09251904731951598,100.0,100.0,2,3,18,315,True,False,
CTB_air_0_col_0_settling_time_s,2320,physics_features.csv,0.12130307105191102,0.04574211249883853,0.03942870285466481,0.13550423798273922,80.13787750199504,11.395324024859464,8.466798473145488,0.09249975235118868,100.0,100.0,2,3,18,187,True,False,
CV1_air_0_col_0_pmean_2,2321,ctvt_singlefault_peaks_freq.csv,0.0013364689648532847,0.0006220396896724424,0.0004479281504990513,0.0015406889035601249,75.24676731802506,16.300701051956157,8.452531630018765,0.09232949616759017,100.0,100.0,2,3,18,315,True,False,
CTR_water_1_col_0_rms,2322,stats_features_2.csv,2.343347841459132,0.7989670004076997,0.7521551714779305,2.58754029452541,82.01613041196961,9.53418206650145,8.449687521528936,0.09229556178211802,100.0,100.0,2,3,18,315,True,False,
GYR_water_3_col_1_75_125_std_spike_interval,2323,digital_feats_updt.csv,1499.2427363939196,720.6919053596221,503.9865991355014,1738.1392628868891,74.40031373450654,17.19214828838795,8.407537977105516,0.09179290294657616,100.0,100.0,2,3,18,250,True,False,
AC1_water_0_col_0_175_225_std_spike_interval,2324,digital_feats_updt.csv,1111.3413812328558,484.41966780181616,366.6062114230565,1266.5473518379565,76.99315371887926,14.628529525963215,8.378316755157536,0.09144469364056533,100.0,100.0,2,3,18,303,True,False,
CV1_water_3_col_0_peak_energy_ratio,2325,ctvt_singlefault_peaks_freq.csv,0.006904381647707748,0.003203305937507527,0.002300076804383634,0.007951226834428645,75.40172689090609,16.230374873995437,8.36789823509847,0.09132059697340353,100.0,100.0,2,3,18,315,True,False,
GYR_air_1_col_2_wavelet_std_energy,2326,digital_feats_updt.csv,0.02006169684941836,0.010915141684645519,0.006901376676425363,0.02385877194039452,70.70321384718503,20.929679750588086,8.367106402226868,0.09131116647865202,100.0,100.0,2,3,18,315,True,False,
VRY_water_3_col_1_skew,2327,stats_features_2.csv,0.005242135713094977,0.0019767341454646854,0.0016925139838057188,0.0058525266596342555,80.22869332278565,11.408005634651488,8.363301042562869,0.09126584804683334,100.0,100.0,2,3,18,315,True,False,
GYR_water_1_col_1_75_125_std_spike_interval,2328,digital_feats_updt.csv,1495.376565356431,804.9544562155979,512.6122081358958,1773.943072572653,71.0594404048354,20.590327782099592,8.350231813065012,0.09111023386369425,100.0,100.0,2,3,18,251,True,False,
GYR_air_1_col_2_wavelet_mean_energy,2329,digital_feats_updt.csv,0.0223738057002222,0.012724877541116513,0.007752843052694819,0.02688152274978903,69.27427536807785,22.407813967287474,8.317910664634681,0.09072557928090477,100.0,100.0,2,3,18,315,True,False,
GYR_water_1_col_0_175_225_std_spike_interval,2330,digital_feats_updt.csv,378.1826436528279,187.8708548793009,126.99192262281353,440.95863579791677,73.55420100024655,18.15194297485209,8.293856024901345,0.09043948055599643,100.0,100.0,2,3,18,310,True,False,
AC1_air_0_col_1_wavelet_max_energy,2331,digital_feats_updt.csv,3830644.9101058794,1737439.045427856,1264022.3601396377,4392070.9683280755,76.0685423188424,15.64877897056216,8.282678710595444,0.09030659197361755,100.0,100.0,2,3,18,315,True,False,
CV1_water_3_col_0_pmean_2,2332,ctvt_singlefault_peaks_freq.csv,0.0013829649173420023,0.0006226514715678079,0.00045562719632221484,0.0015836296788304927,76.26320659112127,15.459048977953236,8.277744430925491,0.09024793796846459,100.0,100.0,2,3,18,315,True,False,
AC1_water_0_col_0_75_125_mean_spike_interval,2333,digital_feats_updt.csv,616.8770180709488,258.82771446969394,200.86944905160345,698.4823381904555,77.99851305897947,13.731269680797489,8.270217260223038,0.09015847430582442,100.0,100.0,2,3,18,261,True,False,
AC1_water_1_col_1_spectral_centroid,2334,digital_feats_updt.csv,71.81148195661133,36.965496941561796,24.24617077831027,84.32801256019447,72.51770452488117,19.215397277185012,8.266898197933823,0.09011903048663315,100.0,100.0,2,3,18,315,True,False,
GYR_water_3_col_2_175_225_mean_spike_interval,2335,digital_feats_updt.csv,2424.2716388323483,1234.6350071910003,816.6736401510348,2840.488059180313,72.84112181531351,18.89257861066506,8.266299574021438,0.0901119167289196,100.0,100.0,2,3,18,136,True,False,
CV1_water_3_col_0_pmean_3,2336,ctvt_singlefault_peaks_freq.csv,0.002557947038149412,0.001060285954719334,0.0008311304715092592,0.0028910339355364962,78.2846685972242,13.450537446172683,8.26479395660312,0.09009402510845531,100.0,100.0,2,3,18,315,True,False,
GYR_air_0_col_2_175_225_num_spikes,2337,digital_feats_updt.csv,7.228966473550708,5.159062472982584,2.663314592885189,9.271845905564465,60.78830176768556,30.96058538284483,8.25111284946962,0.08993147607264383,100.0,100.0,2,3,18,43,True,False,
SMG_water_3_col_0_stability_observed,2338,physics_features.csv,0.35284484635135005,0.16995546297908012,0.11739608430943221,0.4088596160105919,74.4764768943104,17.27912812750423,8.244394978185378,0.08985167692181088,100.0,100.0,2,3,18,2,True,False,
GYR_air_1_col_2_175_225_num_spikes,2339,digital_feats_updt.csv,8.325289451090843,3.8051817334644293,2.7421143517311273,9.55557657010322,75.90753524685067,15.857583713357494,8.234881039791832,0.08973868429640132,100.0,100.0,2,3,18,37,True,False,
AC1_air_1_col_1_175_225_std_spike_interval,2340,digital_feats_updt.csv,986.36267668503,439.5500966000963,323.35872152953226,1127.242866541024,76.56640735405072,15.204836985388045,8.228755660561228,0.08966594841108538,100.0,100.0,2,3,18,307,True,False,
VRY_air_0_col_1_peak_energy_ratio,2341,ctvt_singlefault_peaks_freq.csv,0.006914345506748918,0.0028771170795464664,0.0022378824179044732,0.00781627111815365,78.25334742843495,13.549268221144192,8.197384350420858,0.08929358158716513,100.0,100.0,2,3,18,315,True,False,
VRY_air_0_col_0_peak_energy_ratio,2342,ctvt_singlefault_peaks_freq.csv,0.006916279929741833,0.0028859762665975155,0.002238318522793067,0.007821371803423769,78.19505014144079,13.615062765612004,8.189887092947199,0.08920462935535783,100.0,100.0,2,3,18,315,True,False,
AC1_water_2_col_resultant_wavelet_max_energy_ratio,2343,digital_feats_updt.csv,3.432784910514057e-07,2.848534765021206e-07,1.3322319104869477e-07,4.6554274146105127e-07,54.37184442662645,37.43897317151378,8.189182401859766,0.08919626919895386,100.0,100.0,2,3,18,315,True,False,
GYR_water_1_col_2_75_125_num_spikes,2344,digital_feats_updt.csv,8.534545510933157,4.08443028013772,2.8250388509224353,9.874304142607537,74.70467785795162,17.10999861710704,8.185323524941342,0.08915049139409509,100.0,100.0,2,3,18,37,True,False,
AC1_water_2_col_0_75_125_std_spike_interval,2345,digital_feats_updt.csv,1689.0199079932322,574.3454927160345,531.9206800516151,1861.6123668656865,82.31728277979109,9.518487057568276,8.16423016264064,0.08890032911031776,100.0,100.0,2,3,18,292,True,False,
AC1_water_2_col_2_75_125_std_spike_interval,2346,digital_feats_updt.csv,368.23325514108143,240.59507107540898,130.91779971786065,458.9348414541477,64.37895969934137,27.483459087339043,8.137581213319601,0.08858444313573322,100.0,100.0,2,3,18,315,True,False,
GYR_water_0_col_1_75_125_mean_spike_interval,2347,digital_feats_updt.csv,577.0316963530399,240.545550212596,185.93804490209635,652.2274885844366,78.27104681532913,13.60180228981172,8.127150894859144,0.08846085621616342,100.0,100.0,2,3,18,238,True,False,
GYR_air_1_col_1_175_225_spike_energy_ratio,2348,digital_feats_updt.csv,0.0032500433990754443,0.0018045121620319704,0.001105131438848792,0.0038781905234177402,70.22957480232921,21.650171718563147,8.12025347910765,0.08837914542201311,100.0,100.0,2,3,18,315,True,False,
GYR_air_1_col_2_175_225_spike_energy_ratio,2349,digital_feats_updt.csv,0.00628487303150551,0.003440683875855908,0.002124066211898269,0.007473258447842411,70.72500931361665,21.19676285187671,8.07822783450662,0.08788155019425438,100.0,100.0,2,3,18,315,True,False,
GYR_air_0_col_0_75_125_std_spike_interval,2350,digital_feats_updt.csv,751.3961037959822,372.82751606766334,248.6109823085903,874.873637767997,73.76446841100355,18.160393485701153,8.075138103295298,0.08784498487872924,100.0,100.0,2,3,18,309,True,False,
CTR_water_1_col_0_stability_observed,2351,physics_features.csv,0.40034642920161734,0.16389699707919456,0.1279961194411101,0.45113467569900456,78.751620496675,13.198651859099783,8.049727644225227,0.08754435890172409,100.0,100.0,2,3,18,2,True,False,
CV1_water_0_col_0_peak_width,2352,ctvt_singlefault_peaks_freq.csv,0.07017880836256785,0.02514751362243813,0.022048695287546455,0.07774064283541658,81.49214031016788,10.463906471747277,8.04395321808485,0.08747606600751393,100.0,100.0,2,3,18,226,True,False,
GYR_water_3_col_2_175_225_spike_energy_ratio,2353,digital_feats_updt.csv,0.007136193801515546,0.0036298461890570065,0.0023666628528132357,0.008348780652759218,73.06126203674559,18.902982980076633,8.035754983177792,0.08737912198059021,100.0,100.0,2,3,18,313,True,False,
GYR_water_3_col_0_75_125_std_spike_interval,2354,digital_feats_updt.csv,502.7071881719289,259.0666947836165,167.16245118423535,589.723116785968,72.66644030954667,19.298647088144914,8.034912602308411,0.08736916181640138,100.0,100.0,2,3,18,310,True,False,
AC1_water_2_col_1_75_125_num_spikes,2355,digital_feats_updt.csv,17.972108606315558,8.868984873046434,5.913077844148012,20.895455726700057,73.97660115294539,18.015409294757244,8.007989552297358,0.08705092445881364,100.0,100.0,2,3,18,80,True,False,
VRY_water_3_col_0_peak_width,2356,ctvt_singlefault_peaks_freq.csv,0.07042963137640573,0.03288041754661281,0.0229319622446096,0.08103906296499361,75.53043904578197,16.46212240142674,8.007438552791283,0.08704441344843375,100.0,100.0,2,3,18,183,True,False,
CV1_air_0_col_0_peak_energy_ratio,2357,ctvt_singlefault_peaks_freq.csv,0.006837371698254031,0.0030879016245741638,0.002210824874550303,0.007821287285930836,76.4226165974714,15.587283529789305,7.99009987273928,0.08683956684756766,100.0,100.0,2,3,18,315,True,False,
CTR_air_1_col_0_fft_skew,2358,ctvt_singlefault_peaks_freq.csv,0.0538082590004563,0.020961084665952954,0.017006803044712457,0.06019906275711504,79.89478296216076,12.124059103797368,7.98115793404188,0.08673395312148213,100.0,100.0,2,3,18,315,True,False,
CV1_air_0_col_0_pmean_3,2359,ctvt_singlefault_peaks_freq.csv,0.002516476770212646,0.0011493248228161119,0.0008144060933667212,0.002883896698613527,76.1423807409532,15.882767313802553,7.974851945244264,0.08665948508443758,100.0,100.0,2,3,18,315,True,False,
AC1_water_3_col_resultant_spectral_centroid,2360,digital_feats_updt.csv,62.1556204458055,31.96787548820326,20.575356045447887,72.8602188620735,72.77460703928078,19.25070359072589,7.9746893699933254,0.08665756535238492,100.0,100.0,2,3,18,315,True,False,
CTR_water_2_col_0_settling_time_s,2361,physics_features.csv,0.17245184242690595,0.07218235429548604,0.05502520018966788,0.1948786876084363,78.30815372715522,13.719345500056614,7.97250077278819,0.08663172247139346,100.0,100.0,2,3,18,255,True,False,
AC1_water_2_col_0_75_125_mean_spike_interval,2362,digital_feats_updt.csv,724.8006686834453,262.3259017191378,226.85607869415244,803.5014427349932,81.3699124793695,10.658817516319301,7.9712700043112,0.08661719013926003,100.0,100.0,2,3,18,268,True,False,
CTB_air_0_col_0_peak_width,2363,ctvt_singlefault_peaks_freq.csv,0.05809149230145042,0.031015853840037137,0.01936109787807901,0.06864005228931994,71.62586088799962,20.41795637097233,7.956182741028054,0.08643907845154615,100.0,100.0,2,3,18,108,True,False,
SMG_air_0_col_0_peak_to_median,2364,ctvt_singlefault_peaks_freq.csv,215.36371942119203,96.70904941998279,69.20510547794119,246.01528104339283,76.63389833767377,15.452902393070016,7.913199269256224,0.08593195991675223,100.0,100.0,2,3,18,315,True,False,
CTR_water_2_col_0_stability_observed,2365,physics_features.csv,0.41315121933881827,0.1661983647135871,0.1305194949177101,0.46405944126609144,79.26306320135419,12.826443929316028,7.91049286932979,0.08590004568169979,100.0,100.0,2,3,18,2,True,False,
VRY_air_1_col_0_settling_time_s,2366,physics_features.csv,0.1664079724187411,0.0681913149740273,0.05267504705709524,0.1873935145752667,78.85679919477127,13.24186078082492,7.901340024403824,0.08579212799075991,100.0,100.0,2,3,18,227,True,False,
VRY_air_0_col_0_spectral_entropy,2367,ctvt_singlefault_peaks_freq.csv,0.023973620252623954,0.011854315136694292,0.007827554061253517,0.027866285327594834,74.01318341160562,18.096507934597945,7.8903086537964375,0.08566208982440204,100.0,100.0,2,3,18,315,True,False,
CTB_water_1_col_0_stability_observed,2368,physics_features.csv,0.4043163462178224,0.19772544910454487,0.131580966390866,0.4689142904187057,74.34566718333204,17.780263985469553,7.874068831198406,0.0854707109203685,100.0,100.0,2,3,18,2,True,False,
GYR_air_0_col_2_spectral_centroid,2369,digital_feats_updt.csv,160.25884221121498,77.57439822014139,52.041054672148576,185.49650977170901,74.64015226344287,17.48901480783759,7.870832928719529,0.08543258534650437,100.0,100.0,2,3,18,315,True,False,
CTB_air_1_col_0_fft_kurt,2370,ctvt_singlefault_peaks_freq.csv,0.23789358608431593,0.11270065701058112,0.07688871019543674,0.27423834550658727,75.25045077789902,16.88871221917814,7.8608370029228425,0.08531482973393414,100.0,100.0,2,3,18,315,True,False,
VRY_air_0_col_1_pmean_3,2371,ctvt_singlefault_peaks_freq.csv,0.0025735115137076998,0.0010450785784731518,0.0008100755298317339,0.002893332526759018,79.11439884284735,13.046715524199731,7.838885632952915,0.08505632431627551,100.0,100.0,2,3,18,315,True,False,
VRY_air_0_col_0_pmean_3,2372,ctvt_singlefault_peaks_freq.csv,0.0025740079862682343,0.0010464509576044282,0.0008098678614157342,0.002894211926068644,79.09683803319989,13.073055410384809,7.830106556415307,0.0849529739470509,100.0,100.0,2,3,18,315,True,False,
VRY_air_0_col_0_gmean,2373,ctvt_singlefault_peaks_freq.csv,5.680678107725634e-05,2.6986834092148826e-05,1.8326432359412755e-05,6.55069287457489e-05,75.20139299602687,16.971858479866995,7.8267485241061525,0.08491344721796093,100.0,100.0,2,3,18,315,True,False,
CTB_water_0_col_0_hmean,2374,ctvt_singlefault_peaks_freq.csv,0.00010716133262142285,4.9156034920935875e-05,3.433751395699899e-05,0.00012279630223705677,76.15626444029671,16.02444917379755,7.819286385905736,0.08482562218644163,100.0,100.0,2,3,18,315,True,False,
CTB_air_1_col_0_fft_skew,2375,ctvt_singlefault_peaks_freq.csv,0.024902564915080482,0.011764205587324918,0.008020259199467463,0.02868551603296142,75.36380685026509,16.818988633548233,7.8172045161866714,0.08480112232612125,100.0,100.0,2,3,18,315,True,False,
AC1_air_1_col_2_75_125_std_spike_interval,2376,digital_feats_updt.csv,723.5505604025522,360.56750457351484,235.30436388754165,841.96346861235,73.85013120973048,18.3394653803394,7.8104034099301165,0.08472109325588921,100.0,100.0,2,3,18,315,True,False,
GYR_water_3_col_2_band_power_175_225,2377,digital_feats_updt.csv,0.11046887562814639,0.06125749287838406,0.03673954096206755,0.13155092848929492,70.51670840838065,21.68356074790105,7.7997308437182875,0.0845955322592123,100.0,100.0,2,3,18,315,True,False,
VRY_water_3_col_1_peak_width,2378,ctvt_singlefault_peaks_freq.csv,0.07043263959786156,0.03446141610806644,0.022726922351473902,0.08163858720277735,74.43153380920765,17.818669747481444,7.749796443310914,0.08400844816075177,100.0,100.0,2,3,18,183,True,False,
AC1_water_3_col_resultant_75_125_mean_spike_interval,2379,digital_feats_updt.csv,360.8287990864142,192.0716152929986,118.4032045013365,425.56814552735364,71.88928432315463,20.36986504851913,7.740850628326242,0.08390333837939014,100.0,100.0,2,3,18,315,True,False,
GYR_water_3_col_2_175_225_num_spikes,2380,digital_feats_updt.csv,6.95576884065371,3.5891699140823126,2.265208211259994,8.148375855170304,72.86990025926106,19.40197456265098,7.728125178087964,0.08375385449795526,100.0,100.0,2,3,18,37,True,False,
VRY_air_0_col_1_pmean_2,2381,ctvt_singlefault_peaks_freq.csv,0.0013758148850368968,0.0005524955515701305,0.0004288971579314886,0.0015433958353175572,79.46307363306452,12.814537113917645,7.722389253017827,0.08368648895984099,100.0,100.0,2,3,18,315,True,False,
VRY_air_0_col_0_pmean_2,2382,ctvt_singlefault_peaks_freq.csv,0.001376234688310509,0.0005539777292540545,0.00042892968956531174,0.0015443101762305385,79.41744918298714,12.868133122534125,7.714417694478737,0.08359288094362709,100.0,100.0,2,3,18,315,True,False,
GYR_water_1_col_1_75_125_mean_spike_interval,2383,digital_feats_updt.csv,646.3932540133819,354.6937382679896,213.01090304874674,767.4669579976537,70.9372351200373,21.359332164655623,7.703432715307065,0.08346391357703997,100.0,100.0,2,3,18,223,True,False,
AC1_water_0_col_1_175_225_mean_spike_interval,2384,digital_feats_updt.csv,1258.4055734283695,681.9229908987699,412.90621052547607,1489.6627441949454,71.3617272798459,20.955341990958154,7.68293072919597,0.08322329543043405,100.0,100.0,2,3,18,299,True,False,
VRY_water_1_col_1_settling_time_s,2385,physics_features.csv,0.20064143590318695,0.09271292570509719,0.06375403234563755,0.23003749484468863,76.07535640242263,16.24363841591196,7.681005181665408,0.08320070205248765,100.0,100.0,2,3,18,251,True,False,
VRY_water_0_col_1_settling_time_s,2386,physics_features.csv,0.09403349752889778,0.04207993953804557,0.029690220389360745,0.10721254197066502,76.9261492807348,15.40490512941366,7.668945589851529,0.08305922247768249,100.0,100.0,2,3,18,228,True,False,
GYR_water_0_col_2_175_225_num_spikes,2387,digital_feats_updt.csv,7.000981375945621,2.44536895045326,2.1356910128004665,7.717172126649437,82.30030991808256,10.04089471015078,7.658795371766664,0.08294017175323903,100.0,100.0,2,3,18,35,True,False,
VRY_air_0_col_0_hmean,2388,ctvt_singlefault_peaks_freq.csv,3.574400542475002e-05,1.530505641313688e-05,1.1188192056581925e-05,4.0460527889646034e-05,78.04468736632808,14.308917508797043,7.646395124874879,0.08279476621636878,100.0,100.0,2,3,18,315,True,False,
VRY_water_0_col_1_stability_observed,2389,physics_features.csv,0.41894316378907137,0.1800400999381357,0.13114051889396383,0.4744740749156993,77.96240731627539,14.398376154487053,7.639216529237556,0.08271060770782453,100.0,100.0,2,3,18,2,True,False,
GYR_air_1_col_1_175_225_num_spikes,2390,digital_feats_updt.csv,10.593795912291105,5.795178097382693,3.469318587431236,12.56378814182871,71.09875488619723,21.276116788415706,7.625128325387059,0.08254548219830055,100.0,100.0,2,3,18,53,True,False,
AC1_water_0_col_0_75_125_std_spike_interval,2391,digital_feats_updt.csv,1584.2020702630825,718.0241650093067,498.94832874902096,1809.476260061068,76.65056734678211,15.74607595231889,7.603356700898998,0.08229039962291548,100.0,100.0,2,3,18,280,True,False,
CTR_air_1_col_0_stability_observed,2392,physics_features.csv,0.21090633343141094,0.08736188393934795,0.06547075494513882,0.23748684174075838,78.86787496716573,13.53209000963138,7.600035023202869,0.08225149246659715,100.0,100.0,2,3,18,2,True,False,
SMG_water_0_col_0_stability_observed,2393,physics_features.csv,0.40818591443206464,0.1692872677207169,0.12653803437173025,0.4596583447472129,78.85799497857016,13.563703684917954,7.578301336511882,0.08199699254722469,100.0,100.0,2,3,18,2,True,False,
CTB_air_1_col_0_skew,2394,stats_features_2.csv,0.006073865963970301,0.0028238257101249123,0.0019157772910965909,0.006966781324149677,76.00918042348697,16.429010915475335,7.561808661037688,0.08180394436006685,100.0,100.0,2,3,18,315,True,False,
CTB_water_1_col_0_hmean,2395,ctvt_singlefault_peaks_freq.csv,0.00010370829607444014,4.270813165281304e-05,3.206131965900554e-05,0.00011665043249904683,79.0413394078164,13.404432711411454,7.554227880772151,0.08171523378083122,100.0,100.0,2,3,18,315,True,False,
AC1_air_0_col_0_175_225_num_spikes,2396,digital_feats_updt.csv,14.679472506389445,9.40278557816479,4.9769784771909436,18.129247211542165,65.5633834536405,26.900076986113426,7.5365395602460765,0.08150830094831496,100.0,100.0,2,3,18,78,True,False,
VRY_water_0_col_0_hmean,2397,ctvt_singlefault_peaks_freq.csv,3.280144727476832e-05,1.564207052746949e-05,1.0357989960747042e-05,3.7787527965357464e-05,75.35100501458625,17.135292263156785,7.513702722256953,0.08124125349826428,100.0,100.0,2,3,18,315,True,False,
GYR_water_1_col_2_band_peak_to_median_175_225,2398,digital_feats_updt.csv,0.5706171132249952,0.28713250450268335,0.18202774694225257,0.6642161287593694,73.80244511098729,18.687271010823938,7.510283878188772,0.0812012858629336,100.0,100.0,2,3,18,315,True,False,
CV1_water_1_col_0_stability_observed,2399,physics_features.csv,0.4272375135730888,0.19198131267654567,0.13334476402762616,0.48700055802299463,76.96261935622246,15.54028559941294,7.497095044364588,0.08104713087616233,100.0,100.0,2,3,18,2,True,False,
WTF_water_2_col_0_skew,2400,stats_features_2.csv,0.2645685564222175,0.13344445272014605,0.08433275313858302,0.3080843330340713,73.74578922728625,18.761252231187893,7.492958541525855,0.08099879126379153,100.0,100.0,2,3,18,304,True,False,
VRY_air_0_col_0_peak_width,2401,ctvt_singlefault_peaks_freq.csv,0.07068736852195172,0.029665939003291654,0.021806797932613156,0.0797013703870834,78.65965757979052,13.854301078746959,7.486041341462518,0.08091796578603852,100.0,100.0,2,3,18,164,True,False,
CTB_water_1_col_0_peak_width,2402,ctvt_singlefault_peaks_freq.csv,0.051367346004486995,0.030601771271996182,0.01700407644658286,0.06216278031370131,68.28312585712574,24.234399800209076,7.4824743426651805,0.0808762911621596,100.0,100.0,2,3,18,162,True,False,
CV1_water_2_col_0_settling_time_s,2403,physics_features.csv,0.15700419882585265,0.0674386302327144,0.04856686136699146,0.17764297711886393,78.11356310356913,14.411905156961277,7.474531739469585,0.08078350620634553,100.0,100.0,2,3,18,271,True,False,
VRY_water_1_col_0_peak_width,2404,ctvt_singlefault_peaks_freq.csv,0.0688063598232789,0.029092654251491518,0.021229076810302446,0.07766190434019164,78.49483723253898,14.033003064563744,7.472159702897282,0.08075579932379827,100.0,100.0,2,3,18,189,True,False,
VRY_water_1_col_1_peak_width,2405,ctvt_singlefault_peaks_freq.csv,0.0688063598232789,0.029092654251491518,0.021229076810302446,0.07766190434019164,78.49483723253898,14.033003064563744,7.472159702897282,0.08075579932379827,100.0,100.0,2,3,18,189,True,False,
CTR_air_1_col_0_fft_kurt,2406,ctvt_singlefault_peaks_freq.csv,0.5521020196798486,0.2151605732091275,0.16827798876745015,0.6159774297016624,80.33579081195121,12.201010100913484,7.463199087135307,0.0806511465007621,100.0,100.0,2,3,18,315,True,False,
GYR_water_0_col_1_75_125_num_spikes,2407,digital_feats_updt.csv,12.408588162445605,5.113382179616034,3.8042950253068915,13.949637921450678,79.12593793861636,13.436638617332143,7.437423444051495,0.08035022058354244,100.0,100.0,2,3,18,55,True,False,
GYR_air_0_col_0_75_125_mean_spike_interval,2408,digital_feats_updt.csv,751.8725366889495,364.7817878741635,236.766129116026,868.5829057081042,74.93175213551051,17.637772612305277,7.4304752521842055,0.0802691303906638,100.0,100.0,2,3,18,311,True,False,
GYR_air_0_col_1_175_225_mean_spike_interval,2409,digital_feats_updt.csv,1276.409420957821,654.5275880393034,405.9331314647569,1490.7746578994465,73.30878118281511,19.276665454503107,7.414553362681792,0.08008335685549552,100.0,100.0,2,3,18,285,True,False,
AC1_water_2_col_resultant_75_125_num_spikes,2410,digital_feats_updt.csv,4.849544280910351,2.828194628980904,1.586035667404496,5.83371868795419,69.10522617138632,23.503233791581078,7.391540037032609,0.07981495470271684,100.0,100.0,2,3,18,31,True,False,
GYR_water_3_col_1_75_125_num_spikes,2411,digital_feats_updt.csv,10.322559496941697,4.45771162158731,3.1747205087443486,11.683547311402378,78.05942473621175,14.557087626738985,7.383487637049262,0.07972107185503208,100.0,100.0,2,3,18,49,True,False,
CTB_air_1_col_0_peak_width,2412,ctvt_singlefault_peaks_freq.csv,0.06172591818707983,0.03653569228708946,0.020228034472803396,0.07452596303012718,68.59933794107761,24.03363649761384,7.367025561308542,0.07952919147796944,100.0,100.0,2,3,18,107,True,False,
AC1_air_0_col_1_175_225_std_spike_interval,2413,digital_feats_updt.csv,865.5443816775635,403.1354471368913,269.10396868217623,992.01925956725,76.12695795328914,16.514360689722313,7.358681356988539,0.07943195827495546,100.0,100.0,2,3,18,311,True,False,
CV1_water_3_col_0_skew,2414,stats_features_2.csv,0.006076636115110377,0.003276799070154307,0.0019455506381693976,0.007172732108988124,71.77236203109695,20.870382166421216,7.357255802481842,0.07941534834930913,100.0,100.0,2,3,18,315,True,False,
GYR_water_2_col_2_75_125_num_spikes,2415,digital_feats_updt.csv,11.158747514418227,4.826604802879809,3.4217835778999337,12.630216263694896,78.05654571064834,14.603666535771318,7.339787753580347,0.07921185993035487,100.0,100.0,2,3,18,39,True,False,
GYR_water_3_col_2_rank_175_225,2416,digital_feats_updt.csv,0.1784708711578779,0.10304020550550783,0.05797213274999457,0.21407920024619892,69.50014965579167,23.16671655193056,7.333133792277764,0.07913436692506463,100.0,100.0,2,3,18,2,True,False,
GYR_water_3_col_2_rank_75_125,2417,digital_feats_updt.csv,0.1784708711578779,0.10304020550550783,0.057972132749994534,0.21407920024619892,69.50014965579169,23.166716551930563,7.333133792277757,0.07913436692506455,100.0,100.0,2,3,18,2,True,False,
AC1_water_3_col_resultant_75_125_spike_energy_ratio,2418,digital_feats_updt.csv,0.0009297047112853954,0.0006147933814743492,0.0003128204709301666,0.0011576607443996262,64.49520830594685,28.203028951350984,7.301762742702181,0.07876916496734503,100.0,100.0,2,3,18,315,True,False,
GYR_water_1_col_2_fft_entropy,2419,digital_feats_updt.csv,0.3161128378420548,0.13573207229628653,0.09641839822521271,0.3572772441882036,78.28409862987704,14.432921442185997,7.282979927936972,0.07855062557312967,100.0,100.0,2,3,18,315,True,False,
AC1_air_0_col_0_175_225_mean_spike_interval,2420,digital_feats_updt.csv,1584.9163112922483,848.769974589805,503.8725554226498,1867.1523065014158,72.05318436718815,20.664291753116537,7.282523879695296,0.07854532052022128,100.0,100.0,2,3,18,310,True,False,
AC1_air_0_col_0_band_peak_freq_175_225,2421,digital_feats_updt.csv,2.95252077704401,1.5870902150293702,0.9388806335425901,3.481053164425943,71.93903580459808,20.786526148166807,7.274438047235125,0.07845126946699746,100.0,100.0,2,3,18,230,True,False,
GYR_water_2_col_2_band_peak_freq_175_225,2422,digital_feats_updt.csv,10.64772218498765,3.9723616492478193,3.1814136641991015,11.801484555082288,81.40294886852332,11.32985302504006,7.267198106436608,0.07836707139268512,100.0,100.0,2,3,18,302,True,False,
GYR_water_2_col_2_fft_entropy,2423,digital_feats_updt.csv,0.2983248067239481,0.1381994539493812,0.09202789647156985,0.34141750556726014,76.3496702716161,16.384797718908803,7.265532009475108,0.07834769710672693,100.0,100.0,2,3,18,315,True,False,
AC1_water_1_col_1_wavelet_entropy,2424,digital_feats_updt.csv,0.21461871265816626,0.1631322286826864,0.07544162537276387,0.27993705488361714,58.777944244445955,33.95930241587105,7.262753339682987,0.07831538676455849,100.0,100.0,2,3,18,315,True,False,
GYR_water_3_col_0_75_125_num_spikes,2425,digital_feats_updt.csv,4.59867466146229,2.9914454679392577,1.5325194990893793,5.696066243006554,65.18014305903367,27.58113398645644,7.238722954509885,0.07803604246371056,100.0,100.0,2,3,18,32,True,False,
AC1_water_3_col_1_spectral_centroid,2426,digital_feats_updt.csv,78.5233596407194,31.21753944861061,23.574894942520785,87.72815084134746,80.11609906449623,12.662497943654653,7.221402991849128,0.07783479406586312,100.0,100.0,2,3,18,315,True,False,
VRY_water_3_col_0_settling_time_s,2427,physics_features.csv,0.18527949424562215,0.09072742961364982,0.05741672798743631,0.21414163099452796,74.86046162900237,17.95043601291127,7.189102358086347,0.07745967920516836,100.0,100.0,2,3,18,241,True,False,
VRY_air_0_col_1_spectral_bandwidth,2428,ctvt_singlefault_peaks_freq.csv,0.10243755616309141,0.04975631234379279,0.03155400228799487,0.11817274893608239,75.14217154085112,17.72807965615078,7.129748802998092,0.07677107266431363,100.0,100.0,2,3,18,315,True,False,
GYR_water_3_col_2_fft_mean,2429,digital_feats_updt.csv,0.0019223571195829882,0.001277859954758476,0.0006395058489776835,0.0023952767460281923,64.41051096304109,28.461325656864954,7.128163380093957,0.07675269101511571,100.0,100.0,2,3,18,315,True,False,
CTB_water_0_col_0_settling_time_s,2430,physics_features.csv,0.07571296817858524,0.030037251710953644,0.02251979943160392,0.08450935692098431,80.26587612574652,12.6331250194147,7.100998854838771,0.07643783859142857,100.0,100.0,2,3,18,213,True,False,
AC1_water_3_col_2_75_125_std_spike_interval,2431,digital_feats_updt.csv,328.1297400565314,226.77164445241053,110.18066015335705,413.804643411655,62.878253396696586,30.032174547059412,7.089572056243986,0.07630545045531067,100.0,100.0,2,3,18,314,True,False,
AC1_water_2_col_0_175_225_std_spike_interval,2432,digital_feats_updt.csv,1428.2606667922742,644.4422297826297,432.80545417402794,1625.5937010815176,77.19531378425408,15.71607047838077,7.088615737365146,0.07629437225181776,100.0,100.0,2,3,18,308,True,False,
VRY_air_0_col_1_settling_time_s,2433,physics_features.csv,0.14304282864057186,0.05971234937240845,0.04279271636370525,0.16080432850782686,79.12918807044439,13.789002420424696,7.0818095091309265,0.07621553402750396,100.0,100.0,2,3,18,226,True,False,
CV1_water_0_col_0_hmean,2434,ctvt_singlefault_peaks_freq.csv,7.587402503682668e-05,3.431686796050979e-05,2.2984063947708398e-05,8.638739663550704e-05,77.14103729446946,15.780273089566297,7.078689615964254,0.07617939939405333,100.0,100.0,2,3,18,315,True,False,
SMG_air_0_col_0_settling_time_s,2435,physics_features.csv,0.15147828560275903,0.06675578583027447,0.045510575961120715,0.17167765863758,77.85261398715268,15.119946759648617,7.027439253198697,0.0755861643128989,100.0,100.0,2,3,18,238,True,False,
CTB_water_3_col_0_peak_width,2436,ctvt_singlefault_peaks_freq.csv,0.06266522173708661,0.02469422872582428,0.01849970780487706,0.06984965380434886,80.48679713036839,12.498630148301114,7.014572721330502,0.07543733385564191,100.0,100.0,2,3,18,163,True,False,
CV1_water_2_col_0_stability_observed,2437,physics_features.csv,0.4350441063680748,0.17980108274223824,0.12922390946580034,0.48815020497640205,79.4254395770337,13.566807203755609,7.00775321921069,0.07535846763365199,100.0,100.0,2,3,18,2,True,False,
GYR_air_0_col_2_175_225_spike_energy_ratio,2438,digital_feats_updt.csv,0.006815154883106702,0.0036282013671730825,0.002117208208542651,0.008005794891190389,72.46737696146754,20.53874234274978,6.993880695782682,0.07519807027864615,100.0,100.0,2,3,18,315,True,False,
GYR_air_1_col_2_175_225_mean_spike_interval,2439,digital_feats_updt.csv,2366.887209899513,1229.7252049293656,729.0658728576034,2765.124986504243,73.26989891659359,19.778193245442157,6.951907837964268,0.0747130615623809,100.0,100.0,2,3,18,150,True,False,
AC1_air_0_col_resultant_175_225_std_spike_interval,2440,digital_feats_updt.csv,437.9306769880639,283.159198535211,142.51510244860643,540.6227557070307,65.61786462566036,27.432962194314566,6.94917318002508,0.07468147696816943,100.0,100.0,2,3,18,315,True,False,
VRY_air_0_col_1_stability_observed,2441,physics_features.csv,0.4399068129902358,0.1882491435700829,0.13070503729727434,0.4960237403038063,78.65320976727963,14.40326968520385,6.9435205475165045,0.07461619640427086,100.0,100.0,2,3,18,2,True,False,
VRY_water_3_col_1_settling_time_s,2442,physics_features.csv,0.15424301257107967,0.06333494601285822,0.04552013037442564,0.17284184847067163,79.63668865026138,13.427309664529293,6.9360016852093365,0.07452937559966191,100.0,100.0,2,3,18,243,True,False,
GYR_air_0_col_1_175_225_num_spikes,2443,digital_feats_updt.csv,9.98717665463389,6.103731225778476,3.1939886255577123,12.132633504214963,67.7602977784791,25.309329808531807,6.930372412989086,0.07446438320073724,100.0,100.0,2,3,18,53,True,False,
VRY_air_0_col_1_skew,2444,stats_features_2.csv,0.004391262958656413,0.0023379168250972694,0.001356301726779744,0.005156413465501625,72.52427919253034,20.5571377078684,6.9185830996012525,0.07432829591543974,100.0,100.0,2,3,18,315,True,False,
AC1_water_2_col_1_175_225_spike_energy_ratio,2445,digital_feats_updt.csv,0.0019106527490333127,0.0007308224730545903,0.0005574719700903462,0.002120252440618002,81.20604948677223,11.880880935224635,6.9130695780031255,0.07426466365002767,100.0,100.0,2,3,18,315,True,False,
CTB_water_2_col_0_settling_time_s,2446,physics_features.csv,0.13630875375873122,0.07232667511540143,0.04198762698503665,0.15991930810362404,72.65168479641609,20.4547981173434,6.893517086240505,0.07403906656667153,100.0,100.0,2,3,18,223,True,False,
GYR_water_0_col_2_75_125_num_spikes,2447,digital_feats_updt.csv,7.95607323605361,3.377492172887296,2.350570418412165,8.957216978910239,78.89534053171512,14.218131060856233,6.886528407428639,0.07395845402007381,100.0,100.0,2,3,18,36,True,False,
VRY_air_0_col_1_gmean,2448,ctvt_singlefault_peaks_freq.csv,7.1740227504431e-05,3.2847132542372815e-05,2.1448681239214395e-05,8.176576475240204e-05,76.98081294494675,16.13808207104624,6.881104984007002,0.07389590461554751,100.0,100.0,2,3,18,315,True,False,
SMG_water_0_col_0_hmean,2449,ctvt_singlefault_peaks_freq.csv,0.0008784563743492685,0.0003330818307570212,0.0002552957622470261,0.0009735527894452365,81.41817927587611,11.705308794506287,6.876511929617607,0.07384293771750006,100.0,100.0,2,3,18,315,True,False,
CTB_water_1_col_0_skew,2450,stats_features_2.csv,0.009196044903072019,0.00390820492263356,0.0027139248837777285,0.010354066633521439,78.88242538183862,14.247305726564319,6.870268891597069,0.07377095165882185,100.0,100.0,2,3,18,315,True,False,
CTR_water_3_col_0_settling_time_s,2451,physics_features.csv,0.10615309925715369,0.05550717890332551,0.03245452440637659,0.12410811233013336,73.15853777157928,20.003130598584992,6.838331629835739,0.07340284635806037,100.0,100.0,2,3,18,217,True,False,
CTB_water_2_col_0_skew,2452,stats_features_2.csv,0.008047132589593654,0.00383802375996569,0.002412379962691385,0.009236143479881434,75.91034625409345,17.267679377896293,6.8219743680102605,0.07321441210778509,100.0,100.0,2,3,18,315,True,False,
VRY_air_0_col_1_spectral_entropy,2453,ctvt_singlefault_peaks_freq.csv,0.02551947052359009,0.012839801674276875,0.00771831246600659,0.029591827083876716,74.3703384165012,18.826650919170532,6.8030106643282755,0.07299603466615827,100.0,100.0,2,3,18,315,True,False,
AC1_water_2_col_resultant_75_125_mean_spike_interval,2454,digital_feats_updt.csv,390.080727476577,274.82686159035734,128.91020231395208,494.27787535037925,62.28258728842263,30.91548146826043,6.801931243316939,0.0729836072148135,100.0,100.0,2,3,18,314,True,False,
SMG_water_2_col_0_fft_skew,2455,ctvt_singlefault_peaks_freq.csv,0.009858917868122829,0.004068951869983914,0.0028792154634747842,0.011047375821241417,79.64164837146619,13.565844933336,6.792506695197812,0.07287511394588542,100.0,100.0,2,3,18,315,True,False,
SMG_air_1_col_0_stability_observed,2456,physics_features.csv,0.4097135906184326,0.1768995475726631,0.12044241275575762,0.46223917084047494,78.56466254318202,14.646031148411488,6.78930630840648,0.0728382768062029,100.0,100.0,2,3,18,2,True,False,
AC1_air_1_col_0_175_225_mean_spike_interval,2457,digital_feats_updt.csv,1164.5711133169684,669.3299793522629,362.18399389041434,1391.1886085870728,70.07449893711407,23.147736462766318,6.777764600119598,0.07270545027209564,100.0,100.0,2,3,18,305,True,False,
CTR_air_0_col_0_skew,2458,stats_features_2.csv,0.005443286531948599,0.0025599157637280854,0.0016209778280774647,0.006229775766863146,76.34446602240544,16.885212062000882,6.770321915593669,0.07261981436280514,100.0,100.0,2,3,18,315,True,False,
SMG_water_1_col_0_stability_observed,2459,physics_features.csv,0.4189376383854369,0.18580013636204265,0.12345457173932825,0.4746277139100304,77.90988683127681,15.324484348053794,6.765628820669397,0.07256582240101266,100.0,100.0,2,3,18,2,True,False,
GYR_water_1_col_2_175_225_std_spike_interval,2460,digital_feats_updt.csv,2774.4356252667208,997.2674537375423,793.1010650346935,3053.038603161196,82.58187012572968,10.669859495061775,6.748270379208545,0.07236616850593994,100.0,100.0,2,3,18,167,True,False,
CTR_water_3_col_0_stability_observed,2461,physics_features.csv,0.2644438608770405,0.1348347182092502,0.07984773103158056,0.3073867546609891,74.01106931282227,19.241244763708,6.747685923469721,0.07235944748708362,100.0,100.0,2,3,18,2,True,False,
AC1_air_1_col_1_75_125_std_spike_interval,2462,digital_feats_updt.csv,714.7837497998246,299.51799610147805,207.7711336719412,802.368794853007,79.35993087647178,13.934705119026642,6.705364004501573,0.07187298533245914,100.0,100.0,2,3,18,313,True,False,
GYR_water_3_col_2_spectral_centroid,2463,digital_feats_updt.csv,180.87828328673083,60.71468703989088,51.14540440980604,197.5324757586695,83.8486048890855,9.447360929003052,6.704034181911453,0.07185770706295268,100.0,100.0,2,3,18,315,True,False,
GYR_air_0_col_2_band_peak_freq_175_225,2464,digital_feats_updt.csv,8.728450296709369,4.463768491015333,2.627653738595213,10.149661959565973,73.95561114800624,19.341946085882704,6.702442766111046,0.07183942393377567,100.0,100.0,2,3,18,288,True,False,
AC1_water_2_col_0_75_125_num_spikes,2465,digital_feats_updt.csv,35.40697180306972,16.578921208249806,10.47091972757503,40.4741206282984,76.52841644028058,16.7786761499099,6.692907409809515,0.07172988916507243,100.0,100.0,2,3,18,108,True,False,
CV1_water_0_col_0_stability_observed,2466,physics_features.csv,0.4087406635522728,0.17001099375409967,0.11854121439069683,0.45828450502676815,79.54728179431952,13.762066895446116,6.690651310234372,0.0717039761201143,100.0,100.0,2,3,18,2,True,False,
SMG_water_2_col_0_fft_kurt,2467,ctvt_singlefault_peaks_freq.csv,0.09276618621154746,0.03863185537467817,0.026840564997432453,0.10401154495202418,79.54562711981148,13.79520118561777,6.6591716945707295,0.07134253911675853,100.0,100.0,2,3,18,315,True,False,
VRY_water_3_col_0_stability_observed,2468,physics_features.csv,0.4274866734379894,0.1946875024082551,0.12540495295350396,0.4861835885612688,77.3115839688156,16.03524344401506,6.653172587169328,0.07127368729678797,100.0,100.0,2,3,18,2,True,False,
AC1_water_0_col_1_75_125_std_spike_interval,2469,digital_feats_updt.csv,887.7261870755797,442.4505291615898,264.77637921242876,1026.6093633724377,74.773484691984,18.574579709734277,6.651935598281729,0.07125949146257055,100.0,100.0,2,3,18,301,True,False,
SMG_water_0_col_0_settling_time_s,2470,physics_features.csv,0.10245062117810202,0.04683292001354684,0.03005777494471172,0.11658868732171737,77.21761201142216,16.135768270836895,6.6466197177409425,0.07119849005621996,100.0,100.0,2,3,18,233,True,False,
CTR_water_3_col_0_cycle_count,2471,physics_features.csv,1.262096409027065,0.6596787704988794,0.379715810001221,1.473854647613125,73.32899816127701,20.033448112210767,6.63755372651224,0.07109447097250185,100.0,100.0,2,3,18,10,True,False,
VRY_water_2_col_0_skew,2472,stats_features_2.csv,0.006072285545888363,0.0030606928299371974,0.0018130287768031365,0.007037582375755895,74.44874633545278,18.914397402072723,6.636856262474492,0.07108646942237588,100.0,100.0,2,3,18,315,True,False,
CV1_water_1_col_0_skew,2473,stats_features_2.csv,0.008412348726035546,0.00299046623396478,0.0023796173571282186,0.009239755307975491,82.89218641390453,10.47506835894891,6.632745227146563,0.07103930862359505,100.0,100.0,2,3,18,315,True,False,
GYR_air_0_col_2_75_125_num_spikes,2474,digital_feats_updt.csv,13.019731918848525,6.631468228652451,3.8925274739015645,15.120898129456082,74.13937302549859,19.233760835606088,6.62686613889531,0.07097187236698053,100.0,100.0,2,3,18,46,True,False,
AC1_air_0_col_0_175_225_std_spike_interval,2475,digital_feats_updt.csv,974.6503363472215,470.0693796627183,288.05801292613444,1119.7704758785158,75.75994466586872,17.622434258974454,6.617621075156823,0.07086584376355282,100.0,100.0,2,3,18,304,True,False,
GYR_water_3_col_2_band_peak_freq_75_125,2476,digital_feats_updt.csv,7.236182121740194,3.07891417867271,2.090841456668155,8.137177779521993,79.08085725350219,14.316852749772966,6.602289996724859,0.07069006292010092,100.0,100.0,2,3,18,278,True,False,
GYR_water_2_col_1_75_125_std_spike_interval,2477,digital_feats_updt.csv,1410.1053219940516,645.5485558189946,411.6905777336232,1604.5619616676017,77.23072619721381,16.186197784670114,6.583076018116066,0.07046984355203884,100.0,100.0,2,3,18,251,True,False,
GYR_water_2_col_2_75_125_mean_spike_interval,2478,digital_feats_updt.csv,769.131439801656,285.2497107067183,217.59410934988736,848.6917965748258,82.12986711042387,11.29666933332181,6.573463556254319,0.07035970513808308,100.0,100.0,2,3,18,108,True,False,
GYR_air_0_col_2_75_125_mean_spike_interval,2479,digital_feats_updt.csv,758.6287538029814,333.8420921525381,219.60003301762478,857.4335560792977,78.28123113873146,15.159372863975776,6.55939599729278,0.07019856161356511,100.0,100.0,2,3,18,148,True,False,
AC1_water_2_col_1_75_125_mean_spike_interval,2480,digital_feats_updt.csv,379.09540990482697,192.97650958638116,112.65844135502239,440.05134640356965,74.21476964512216,19.231014071860333,6.554216283017506,0.07013924034141698,100.0,100.0,2,3,18,310,True,False,
AC1_water_3_col_0_175_225_mean_spike_interval,2481,digital_feats_updt.csv,1063.1033429859988,566.4335000302602,318.9367252854423,1246.0964098176107,72.78597067156173,20.66305689390597,6.550972434532294,0.07010209314316163,100.0,100.0,2,3,18,301,True,False,
CV1_water_2_col_0_peak_width,2482,ctvt_singlefault_peaks_freq.csv,0.07331379659354877,0.031243165470151307,0.021073247968765953,0.08243257814425432,79.09948476053631,14.36522034582088,6.535294893642799,0.06992259683702022,100.0,100.0,2,3,18,232,True,False,
AC1_water_0_col_1_175_225_std_spike_interval,2483,digital_feats_updt.csv,1068.6188184398356,462.1712107502398,307.2695928101404,1204.1440984515943,78.75691803014115,14.731563950071488,6.5115180197873626,0.0696504840154059,100.0,100.0,2,3,18,302,True,False,
GYR_water_1_col_1_175_225_num_spikes,2484,digital_feats_updt.csv,13.301863305072388,6.307266425046255,3.8808393167203405,15.224391316093707,76.33875709077029,17.163366502661034,6.497876406568671,0.06949442597499633,100.0,100.0,2,3,18,58,True,False,
CTB_water_1_col_0_settling_time_s,2485,physics_features.csv,0.139915592635293,0.07636874280333485,0.04199987921391003,0.16484097728972064,72.04467247981167,21.463518701349624,6.491808818838709,0.06942502829791222,100.0,100.0,2,3,18,239,True,False,
VRY_air_0_col_1_peak_width,2486,ctvt_singlefault_peaks_freq.csv,0.0713962016095844,0.03230396446450923,0.020635870612840848,0.0810358123322683,77.62403862508307,15.891235645991546,6.484725728925376,0.0693440272669037,100.0,100.0,2,3,18,165,True,False,
AC1_water_3_col_0_75_125_mean_spike_interval,2487,digital_feats_updt.csv,757.411514626575,311.3178802765504,215.2707960276423,846.7186904109191,80.0175985785016,13.518541435773983,6.463859985724425,0.06910548141860358,100.0,100.0,2,3,18,241,True,False,
VRY_air_0_col_0_spectral_bandwidth,2488,ctvt_singlefault_peaks_freq.csv,0.08624427741701284,0.03883240652912917,0.02478992329016357,0.09777817486923357,77.79948512651698,15.772653338542176,6.427861534940837,0.06869418226816597,100.0,100.0,2,3,18,315,True,False,
GYR_water_2_col_2_band_peak_mag_175_225,2489,digital_feats_updt.csv,0.0433669965624362,0.025600470341694288,0.013179154668664587,0.05205545687382741,69.40426608616939,24.185961868935696,6.409772044894919,0.06848762082265325,100.0,100.0,2,3,18,315,True,False,
CV1_water_1_col_0_peak_width,2490,ctvt_singlefault_peaks_freq.csv,0.06765269062051177,0.025665977542971636,0.018894993323149284,0.07478402051316084,81.83753272552204,11.778717347452293,6.383749927025667,0.06819061778323211,100.0,100.0,2,3,18,231,True,False,
GYR_water_2_col_2_75_125_std_spike_interval,2491,digital_feats_updt.csv,2094.131324077465,711.5426818044722,577.5092476656628,2285.8687454994647,83.927685549761,9.689454627559662,6.382859822679335,0.06818046151153016,100.0,100.0,2,3,18,163,True,False,
GYR_water_0_col_2_75_125_std_spike_interval,2492,digital_feats_updt.csv,2024.065029062328,930.2032065229475,580.9661589461763,2302.0944648600607,77.30412014372045,16.327112424981383,6.368767431298165,0.06801969018858198,100.0,100.0,2,3,18,154,True,False,
CTR_air_0_col_0_fft_skew,2493,ctvt_singlefault_peaks_freq.csv,0.05330924048708135,0.020915931131010444,0.014883834687983157,0.05916823329630399,81.1760259753976,12.496177993675769,6.32779603092663,0.06755254774421453,100.0,100.0,2,3,18,315,True,False,
VRY_water_2_col_0_stability_observed,2494,physics_features.csv,0.42867090507283917,0.21694351575021342,0.12482174838174169,0.49639067552796057,74.57629199735838,19.100560787271707,6.3231472153699055,0.06749956928962249,100.0,100.0,2,3,18,2,True,False,
AC1_water_1_col_1_rank_175_225,2495,digital_feats_updt.csv,0.05443310539518174,0.022222222222222216,0.015270761576361739,0.06074525728465455,80.29739776951672,13.382899628252778,6.319702602230508,0.06746031746031773,100.0,100.0,2,3,18,2,True,False,
AC1_air_1_col_1_rank_175_225,2496,digital_feats_updt.csv,0.05443310539518174,0.022222222222222216,0.015270761576361735,0.06074525728465455,80.29739776951672,13.382899628252778,6.319702602230507,0.06746031746031772,100.0,100.0,2,3,18,2,True,False,
GYR_air_0_col_2_rank_175_225,2497,digital_feats_updt.csv,0.05443310539518174,0.022222222222222216,0.015270761576361735,0.06074525728465455,80.29739776951672,13.382899628252778,6.319702602230507,0.06746031746031772,100.0,100.0,2,3,18,2,True,False,
AC1_water_2_col_1_rank_175_225,2498,digital_feats_updt.csv,0.05443310539518174,0.022222222222222216,0.015270761576361735,0.06074525728465455,80.29739776951672,13.382899628252778,6.319702602230507,0.06746031746031772,100.0,100.0,2,3,18,2,True,False,
AC1_air_1_col_1_rank_75_125,2499,digital_feats_updt.csv,0.05443310539518174,0.022222222222222227,0.015270761576361702,0.06074525728465454,80.29739776951673,13.38289962825279,6.31970260223048,0.06746031746031743,100.0,100.0,2,3,18,2,True,False,
AC1_water_1_col_1_rank_75_125,2500,digital_feats_updt.csv,0.05443310539518174,0.022222222222222227,0.015270761576361702,0.06074525728465454,80.29739776951673,13.38289962825279,6.31970260223048,0.06746031746031743,100.0,100.0,2,3,18,2,True,False,
GYR_air_0_col_2_rank_75_125,2501,digital_feats_updt.csv,0.054433105395181744,0.022222222222222227,0.015270761576361702,0.06074525728465455,80.29739776951673,13.382899628252787,6.319702602230478,0.06746031746031741,100.0,100.0,2,3,18,2,True,False,
AC1_water_2_col_1_rank_75_125,2502,digital_feats_updt.csv,0.054433105395181744,0.022222222222222227,0.015270761576361702,0.06074525728465455,80.29739776951673,13.382899628252787,6.319702602230478,0.06746031746031741,100.0,100.0,2,3,18,2,True,False,
WTF_water_3_col_0_q95,2503,stats_features_2.csv,0.5089495354448947,0.20777777777775555,0.1427816207389666,0.5679681556114592,80.29739776951672,13.382899628252789,6.3197026022304765,0.0674603174603174,100.0,100.0,2,3,18,2,True,False,
SMG_air_1_col_0_fft_kurt,2504,ctvt_singlefault_peaks_freq.csv,0.22654670170928773,0.1047276258208248,0.06451402664303602,0.2577854598287538,77.23224371772889,16.504625750276727,6.263130531994391,0.06681608386902797,100.0,100.0,2,3,18,315,True,False,
GYR_water_2_col_1_75_125_mean_spike_interval,2505,digital_feats_updt.csv,612.5160707881972,330.2749002109596,179.81885634047893,718.7435340778858,72.62515534484949,21.115590865961927,6.259253789188577,0.06677196461731043,100.0,100.0,2,3,18,236,True,False,
AC1_water_3_col_0_175_225_num_spikes,2506,digital_feats_updt.csv,15.631490388620893,7.854344014000191,4.510747824709245,18.066019417622886,74.86448311916345,18.901440035854712,6.23407684498183,0.06648552731332219,100.0,100.0,2,3,18,73,True,False,
CTR_air_0_col_0_fft_kurt,2507,ctvt_singlefault_peaks_freq.csv,0.5471826821853772,0.21491196667440324,0.15153602007423145,0.6070907728531058,81.23766342466452,12.531813778457991,6.230522796877498,0.06644510540867153,100.0,100.0,2,3,18,315,True,False,
VRY_air_0_col_1_hmean,2508,ctvt_singlefault_peaks_freq.csv,5.027755745197833e-05,2.089417273837757e-05,1.4027561443633394e-05,5.622429828653313e-05,79.96505754789479,13.810273322424377,6.2246691296808265,0.06637853550513034,100.0,100.0,2,3,18,315,True,False,
VRY_water_2_col_0_settling_time_s,2509,physics_features.csv,0.20347446274778697,0.10153972986354678,0.058562481577901254,0.23482277994228887,75.08261166096858,18.69784507795967,6.21954326107175,0.06632024920059937,100.0,100.0,2,3,18,251,True,False,
GYR_air_1_col_2_75_125_mean_spike_interval,2510,digital_feats_updt.csv,802.279075201494,328.70882695698384,222.68339779196629,895.1475314593545,80.32702704103659,13.484458044470461,6.188514914492968,0.0659675615288712,100.0,100.0,2,3,18,120,True,False,
WTF_water_2_col_0_std,2511,stats_features_2.csv,3.17160640221497,1.399800867601528,0.8873469330694933,3.5785352057981505,78.55032447069617,15.301074452067256,6.1486010772365605,0.06551421873100319,100.0,100.0,2,3,18,301,True,False,
SMG_air_1_col_0_fft_skew,2512,ctvt_singlefault_peaks_freq.csv,0.022513281885511847,0.010356274349356388,0.006338000132756067,0.025578712347154402,77.46762869904799,16.39267157016633,6.139699730785663,0.06541316949951685,100.0,100.0,2,3,18,315,True,False,
CTB_water_0_col_0_stability_observed,2513,physics_features.csv,0.3545275938693839,0.14255657313224768,0.09770063069044836,0.39440791649678647,80.79953091446822,13.064212833616226,6.136256251915551,0.06537408382499955,100.0,100.0,2,3,18,2,True,False,
CTB_water_2_col_0_fft_kurt,2514,ctvt_singlefault_peaks_freq.csv,0.030074007823176523,0.016710703134700206,0.008788361571133038,0.03550955990869965,71.72854758615468,22.146182188108718,6.1252702257366085,0.06524940461043977,100.0,100.0,2,3,18,315,True,False,
WTF_water_0_col_0_std,2515,stats_features_2.csv,176.9277098124417,58.12104193583941,47.53432181534709,192.2003687968058,84.73898906661417,9.144465994812094,6.116544938573754,0.06515040306699205,100.0,100.0,2,3,18,315,True,False,
CTR_water_1_col_0_skew,2516,stats_features_2.csv,0.00682842648251597,0.00247097260942059,0.0018499567288767333,0.007493694266671715,83.03273342684388,10.87286314584211,6.09440342731401,0.06489925680411117,100.0,100.0,2,3,18,315,True,False,
GYR_water_2_col_2_relative_band_power_175_225,2517,digital_feats_updt.csv,0.004955907801194731,0.0029108921282985853,0.0014633347672961543,0.005930907498664192,69.82390525198993,24.088509149264215,6.087585598745858,0.06482194753012932,100.0,100.0,2,3,18,315,True,False,
AC1_air_0_col_2_75_125_mean_spike_interval,2518,digital_feats_updt.csv,350.5386110093619,248.04156124987134,109.08103334603274,443.0582419405881,62.596504650594206,31.34204088252455,6.061454466881241,0.06452574321309061,100.0,100.0,2,3,18,315,True,False,
AC1_water_3_col_resultant_75_125_num_spikes,2519,digital_feats_updt.csv,5.651720758394226,3.45194134858547,1.6810190361801383,6.83254503131434,68.42209799000756,25.524768434909458,6.0531335750829856,0.06443145796587789,100.0,100.0,2,3,18,32,True,False,
GYR_air_0_col_0_75_125_num_spikes,2520,digital_feats_updt.csv,8.468326305210649,3.1268953484071482,2.2875558407577,9.312515055343404,82.6915613985532,11.274381261642935,6.034057339803854,0.06421536536513536,100.0,100.0,2,3,18,41,True,False,
AC1_water_2_col_resultant_spectral_centroid,2521,digital_feats_updt.csv,55.83976611320153,33.55059121994476,16.46001137777089,67.19117222776539,69.06575206733332,24.933079359388397,6.001168573278295,0.06384301253741226,100.0,100.0,2,3,18,315,True,False,
VRY_air_1_col_0_stability_observed,2522,physics_features.csv,0.4474976147716739,0.17051402960915799,0.12095894406141688,0.4939232892548632,82.08474266090052,11.917940887984566,5.997316451114916,0.06379941747084354,100.0,100.0,2,3,18,2,True,False,
AC1_air_0_col_1_175_225_mean_spike_interval,2523,digital_feats_updt.csv,1136.5297186133575,582.5421763361059,322.577845296418,1317.236370124149,74.44476542673799,19.558129661336185,5.997104911925838,0.06379702355238068,100.0,100.0,2,3,18,301,True,False,
GYR_air_1_col_1_175_225_std_spike_interval,2524,digital_feats_updt.csv,1533.5808023253721,653.1636556290015,420.1023762680675,1719.0051904638478,79.5900817146785,14.437421837363523,5.972496447957969,0.06351861128220139,100.0,100.0,2,3,18,289,True,False,
CV1_water_1_col_0_pmean_2,2525,ctvt_singlefault_peaks_freq.csv,0.0013344868420807768,0.0006457500593939591,0.00037361970997227314,0.0015288688493699488,76.18827277913601,17.839736917209787,5.971990303654198,0.06351288645734555,100.0,100.0,2,3,18,315,True,False,
GYR_water_1_col_2_rank_175_225,2526,digital_feats_updt.csv,0.0769800358919501,0.03142696805273544,0.020951312035156988,0.08574694002066835,80.59701492537313,13.432835820895514,5.970149253731357,0.06349206349206364,100.0,100.0,2,3,18,2,True,False,
GYR_water_1_col_2_rank_75_125,2527,digital_feats_updt.csv,0.07698003589195011,0.03142696805273545,0.02095131203515696,0.08574694002066835,80.59701492537313,13.432835820895521,5.97014925373134,0.06349206349206346,100.0,100.0,2,3,18,2,True,False,
GYR_water_3_col_2_75_125_num_spikes,2528,digital_feats_updt.csv,8.002054487992854,3.669221764535202,2.2161308887053814,9.077846688616168,77.70291665753251,16.337373358090872,5.959709984376625,0.06337400685798085,100.0,100.0,2,3,18,35,True,False,
SMG_air_0_col_0_gmean,2529,ctvt_singlefault_peaks_freq.csv,0.00022185294909151025,0.00010009761198645012,6.115222076433352e-05,0.0002509538942722347,78.15243853281868,15.909610765846619,5.937950701334691,0.06312801757572327,100.0,100.0,2,3,18,315,True,False,
AC1_air_0_col_2_75_125_std_spike_interval,2530,digital_feats_updt.csv,788.8860323357013,483.6454382822168,232.05456943644967,953.9933989194574,68.38136946537193,25.70179483335152,5.916835701276537,0.06288942070963931,100.0,100.0,2,3,18,315,True,False,
GYR_water_1_col_0_175_225_mean_spike_interval,2531,digital_feats_updt.csv,380.71024455876744,162.469757873819,103.79980374153168,426.7447853136045,79.58893275950095,14.494679629255648,5.916387611243412,0.06288435850864976,100.0,100.0,2,3,18,305,True,False,
SMG_water_3_col_0_cycle_count,2532,physics_features.csv,1.2958770486056463,0.7196081133246686,0.3713410992744598,1.5280796359731825,71.91767188216724,22.176863644348995,5.9054644734837645,0.06276097161688608,100.0,100.0,2,3,18,10,True,False,
GYR_air_0_col_2_175_225_std_spike_interval,2533,digital_feats_updt.csv,2821.9930356303043,1136.5697578066772,760.7863764618696,3135.957815104765,80.97882136956113,13.135656051178417,5.88552257926046,0.06253578344752617,100.0,100.0,2,3,18,166,True,False,
GYR_water_2_col_2_band_power_175_225,2534,digital_feats_updt.csv,0.11217152766643072,0.06493220557819984,0.032335500197964974,0.13358228742360656,70.51272804959699,23.627760395352908,5.859511555050103,0.06224220472869697,100.0,100.0,2,3,18,315,True,False,
GYR_water_2_col_1_175_225_std_spike_interval,2535,digital_feats_updt.csv,1431.7920152458719,688.645611698092,395.8645819389255,1637.3667642487908,76.46592224399697,17.688851145078626,5.845226610924399,0.06208104380189181,100.0,100.0,2,3,18,278,True,False,
CTR_air_0_col_0_peak_freq,2536,ctvt_singlefault_peaks_freq.csv,0.845878129598907,0.3272933791215517,0.22586676629158525,0.9346906238245715,81.89923031096966,12.261360674162612,5.83940901486774,0.06201542443366534,100.0,100.0,2,3,18,66,True,False,
GYR_water_3_col_2_fft_entropy,2537,digital_feats_updt.csv,0.3082103535327219,0.12148891982090952,0.08246071700073528,0.3413985200792355,81.50254662988773,12.663392647729417,5.834060722382851,0.061955105711663454,100.0,100.0,2,3,18,315,True,False,
CV1_water_3_col_0_peak_width,2538,ctvt_singlefault_peaks_freq.csv,0.06569614186623549,0.03370314677107693,0.01836093041662393,0.07608553689200989,74.55478325671585,19.621702387346737,5.823514355937423,0.061836182525935764,100.0,100.0,2,3,18,228,True,False,
CTR_water_3_col_0_rms,2539,stats_features_2.csv,2.5252306953914165,0.9335588710542055,0.6694633690924146,2.774257275961908,82.85307893733847,11.32374166119899,5.823179401462545,0.061832405940798744,100.0,100.0,2,3,18,315,True,False,
VRY_water_2_col_1_stability_observed,2540,physics_features.csv,0.45331540451111757,0.17100024466727778,0.12024051241613028,0.4991930693323382,82.46389819934433,11.734277902823314,5.801823897832361,0.06159167977456044,100.0,100.0,2,3,18,2,True,False,
GYR_water_3_col_1_175_225_spike_energy_ratio,2541,digital_feats_updt.csv,0.0029616618635378658,0.0020177367545419008,0.0008889873478115185,0.0036922894129703355,64.33976586460149,29.863282325282885,5.796951810115619,0.061536775311460686,100.0,100.0,2,3,18,315,True,False,
CV1_water_0_col_0_settling_time_s,2542,physics_features.csv,0.08493089180905743,0.037189141507161745,0.02298225200693904,0.0955221049644111,79.0539546737051,15.157393925587844,5.788651400707045,0.0614432495317288,100.0,100.0,2,3,18,256,True,False,
GYR_water_1_col_2_175_225_mean_spike_interval,2543,digital_feats_updt.csv,2206.245026515127,932.9223658839052,592.4697220562111,2467.5659321166113,79.9410698602845,14.293990156947803,5.764939982767694,0.06117616926983956,100.0,100.0,2,3,18,138,True,False,
CTR_air_1_col_0_spectral_centroid,2544,ctvt_singlefault_peaks_freq.csv,0.8263474258955713,0.3309352760762794,0.22006664016506694,0.9169501356941178,81.21456433695337,13.025508551482949,5.759927111563668,0.061119722587464544,100.0,100.0,2,3,18,315,True,False,
CTR_air_1_col_0_peak_width_end,2545,ctvt_singlefault_peaks_freq.csv,0.8670556398994791,0.34473240956556683,0.2306705453888133,0.9611632626127308,81.37661284516834,12.86381850597606,5.7595686488556055,0.061115686402104574,100.0,100.0,2,3,18,149,True,False,
CTR_air_1_col_0_settling_time_s,2546,physics_features.csv,0.05254471911755656,0.020234448218322054,0.013913857749587227,0.05799979171788998,82.07393985630259,12.171100931060433,5.754959212636966,0.06106378823286187,100.0,100.0,2,3,18,155,True,False,
AC1_water_1_col_1_75_125_mean_spike_interval,2547,digital_feats_updt.csv,404.63569286825185,224.5582757639212,114.29056360909931,476.6747277621513,72.05831857334208,22.19289076539715,5.748790661260773,0.06099434375000533,100.0,100.0,2,3,18,298,True,False,
CTR_air_1_col_0_peak_freq,2548,ctvt_singlefault_peaks_freq.csv,0.8476447680050516,0.3226278992696917,0.22392451885770037,0.9342015865214341,82.32781143042676,11.926764381116715,5.745424188456525,0.06095644841629933,100.0,100.0,2,3,18,64,True,False,
CTR_air_0_col_0_spectral_centroid,2549,ctvt_singlefault_peaks_freq.csv,0.836104802233705,0.32960938987442157,0.22182173901274682,0.9256989111532381,81.57966731246924,12.678259738324362,5.74207294920639,0.06091872725051664,100.0,100.0,2,3,18,315,True,False,
AC1_water_1_col_1_75_125_std_spike_interval,2550,digital_feats_updt.csv,945.6457006638688,419.82640165782794,255.14550435049654,1065.644981737956,78.74660089943185,15.520810803874268,5.732588296693877,0.06081198362310424,100.0,100.0,2,3,18,295,True,False,
CTR_air_0_col_0_peak_width_end,2551,ctvt_singlefault_peaks_freq.csv,0.8671348716322884,0.34462969354378564,0.23008919585469048,0.9610585566560901,81.40922188813863,12.858955346444684,5.731822765416691,0.0608033690006887,100.0,100.0,2,3,18,149,True,False,
GYR_water_2_col_2_175_225_std_spike_interval,2552,digital_feats_updt.csv,2848.700290815841,996.6707881048148,743.7261418521346,3108.3073498014946,83.99348655855555,10.281477947004964,5.7250354944395,0.06072699708204958,100.0,100.0,2,3,18,151,True,False,
GYR_air_1_col_1_75_125_std_spike_interval,2553,digital_feats_updt.csv,1551.1882712852039,795.0542824465068,428.7181785927083,1795.0196772362017,74.67764214873766,19.618018281724837,5.704339569537515,0.060494189695443415,100.0,100.0,2,3,18,260,True,False,
AC1_water_2_col_0_175_225_mean_spike_interval,2554,digital_feats_updt.csv,1191.2386636219028,447.0251891750993,312.7800616555198,1310.2337350388902,82.66087670157391,11.640360671384117,5.6987626270419725,0.06043147243660833,100.0,100.0,2,3,18,301,True,False,
AC1_air_0_col_resultant_75_125_std_spike_interval,2555,digital_feats_updt.csv,767.2924189940933,326.02510457104427,204.67801636546653,858.4422609818728,79.89132704767297,14.423807122286188,5.684865830040837,0.06027522390835506,100.0,100.0,2,3,18,315,True,False,
PRS_water_3_col_0_mad,2556,stats_features_2.csv,2.431886936943014,1.0989332650291619,0.6544246365612101,2.747726332806817,78.33210694137847,15.995421470035158,5.672471588586383,0.06013590819262911,100.0,100.0,2,3,18,4,True,False,
GYR_air_1_col_2_75_125_std_spike_interval,2557,digital_feats_updt.csv,2016.116295611638,864.2067544631265,537.2456941170522,2258.364710966277,79.69718868000726,14.643576312761926,5.65923500723082,0.0599871646966672,100.0,100.0,2,3,18,178,True,False,
WTF_water_2_col_0_q05,2558,stats_features_2.csv,50.96315735320377,34.493633157367775,15.051255023345323,63.35293531936974,64.71115762518187,29.644518249508792,5.644324125309342,0.05981965655998589,100.0,100.0,2,3,18,10,True,False,
AC1_water_0_col_1_75_125_mean_spike_interval,2559,digital_feats_updt.csv,546.4769141110405,252.63857155652593,147.2114224083538,619.785824605515,77.74283284555344,16.61560028887086,5.641566865575696,0.0597886874354796,100.0,100.0,2,3,18,302,True,False,
CTR_air_1_col_0_peak_width_start,2560,ctvt_singlefault_peaks_freq.csv,0.8207665768062656,0.32938381330677985,0.2158542959973987,0.9103540779121736,81.28654069599718,13.091331561556206,5.62212774244662,0.0595704014930964,100.0,100.0,2,3,18,149,True,False,
CV1_water_1_col_0_peak_energy_ratio,2561,ctvt_singlefault_peaks_freq.csv,0.006783456294904022,0.003332497603727802,0.0018446013244127813,0.007779676961786391,76.02893980492595,18.349175884988462,5.6218843100855835,0.05956766851074521,100.0,100.0,2,3,18,315,True,False,
SMG_air_0_col_0_stability_observed,2562,physics_features.csv,0.4529067073876339,0.17172069548110902,0.11819335538741216,0.49858013609745694,82.5177849072395,11.862475646824931,5.619739445935571,0.05954358901898116,100.0,100.0,2,3,18,2,True,False,
CTR_air_0_col_0_peak_width_start,2563,ctvt_singlefault_peaks_freq.csv,0.8204815120111516,0.3297616950098754,0.2153415459480071,0.9101124482497585,81.27322435649052,13.128354775311337,5.598420868198154,0.05930431375921939,100.0,100.0,2,3,18,147,True,False,
GYR_water_0_col_2_75_125_mean_spike_interval,2564,digital_feats_updt.csv,845.3433630634161,367.3395902485631,222.63273669941148,948.2136423241433,79.47927480029968,15.008008798889847,5.51271640081047,0.05834347428374749,100.0,100.0,2,3,18,98,True,False,
VRY_air_1_col_1_settling_time_s,2565,physics_features.csv,0.150857340666784,0.06118244911749107,0.039275097943032036,0.16746272012451982,81.15151141483685,13.348037954826067,5.500450630337094,0.058206104336227645,100.0,100.0,2,3,18,242,True,False,
WTF_water_2_col_0_rms,2566,stats_features_2.csv,52.77999844363125,35.11130865537263,15.285187199413512,65.20865877261758,65.51310915655641,28.992355280767466,5.494535562676122,0.05813987154488938,100.0,100.0,2,3,18,298,True,False,
VRY_water_1_col_1_skew,2567,stats_features_2.csv,0.005113926635667079,0.0023020920614524256,0.0013471559556647917,0.005767729420081234,78.61387976951383,15.930727830304445,5.455392400181731,0.057701782668271584,100.0,100.0,2,3,18,315,True,False,
GYR_water_2_col_2_175_225_mean_spike_interval,2568,digital_feats_updt.csv,2640.977851000958,1148.162671253673,691.3465987343899,2961.5876905335112,79.52072395854363,15.029954074319557,5.449321967136807,0.057633875086995925,100.0,100.0,2,3,18,130,True,False,
GYR_water_3_col_1_75_125_mean_spike_interval,2569,digital_feats_updt.csv,647.2284377357636,341.0069141315077,175.36599371536064,752.2922290248296,74.01879837574499,20.547226954598166,5.433974669656846,0.057462229703263853,100.0,100.0,2,3,18,216,True,False,
AC1_water_2_col_1_175_225_mean_spike_interval,2570,digital_feats_updt.csv,1350.3800841464208,540.8348483600977,348.1102174843814,1495.7303996298958,81.5089704401156,13.074427878345155,5.416601681539235,0.0572679960525591,100.0,100.0,2,3,18,302,True,False,
AC1_water_3_col_1_175_225_spike_energy_ratio,2571,digital_feats_updt.csv,0.0021970308362929455,0.0009295882595864678,0.0005706304623566875,0.002452895829943148,80.22580714018274,14.362268792210243,5.411924067607022,0.05721571153931925,100.0,100.0,2,3,18,315,True,False,
GYR_water_0_col_1_175_225_std_spike_interval,2572,digital_feats_updt.csv,1627.818293183534,736.3783516861712,427.23891971780245,1837.0026039656643,78.5221722662978,16.068764323299202,5.409063410403001,0.05718373879594171,100.0,100.0,2,3,18,288,True,False,
SMG_water_1_col_0_settling_time_s,2573,physics_features.csv,0.14420226231775415,0.06644893046366965,0.03794364386746348,0.1632466628365336,78.02890704184955,16.568659244469252,5.402433713681186,0.05710964801493539,100.0,100.0,2,3,18,240,True,False,
VRY_water_3_col_1_stability_observed,2574,physics_features.csv,0.4348738050715961,0.17000131121902137,0.11136250709546462,0.48001799980857235,82.07510574830185,12.542655567585438,5.382238684112709,0.05688402060310611,100.0,100.0,2,3,18,2,True,False,
WTF_water_2_col_0_q95,2575,stats_features_2.csv,55.34830426657338,36.079953036431625,15.752563665544637,67.9215802108088,66.40382201206505,28.217359060407315,5.378818927527635,0.05684582317153581,100.0,100.0,2,3,18,12,True,False,
CV1_air_0_col_0_settling_time_s,2576,physics_features.csv,0.12726187078589438,0.06446559493124644,0.034003803636621456,0.14665488518124153,75.30148449115256,19.32248244957179,5.376033059275647,0.056814708081763005,100.0,100.0,2,3,18,223,True,False,
GYR_air_0_col_1_75_125_std_spike_interval,2577,digital_feats_updt.csv,1426.3260960219409,622.1559534260016,368.76024184386966,1599.2086413415097,79.54765848957106,15.135203577351332,5.317137933077601,0.056157342701780785,100.0,100.0,2,3,18,265,True,False,
GYR_air_1_col_1_band_peak_freq_175_225,2578,digital_feats_updt.csv,6.182752761840533,2.3906608648786216,1.5699573258592716,6.812228496602865,82.37308795189894,12.315655469640703,5.311256578460367,0.05609174212836973,100.0,100.0,2,3,18,249,True,False,
WTF_water_0_col_0_mad,2579,stats_features_2.csv,98.20671820720214,37.180218190936586,24.82389835535974,107.9034478379245,82.83459494920011,11.872801975810027,5.2926030749898505,0.0558837350284325,100.0,100.0,2,3,18,60,True,False,
GYR_water_2_col_1_75_125_num_spikes,2580,digital_feats_updt.csv,12.530792114978468,5.4286015460915635,3.22598098786949,14.032014078853031,79.74749071839199,14.967039628840554,5.285469652767463,0.055804211174256206,100.0,100.0,2,3,18,56,True,False,
SMG_water_2_col_0_stability_observed,2581,physics_features.csv,0.4441121442922035,0.18487798593802163,0.11363600684429445,0.49429607366823664,80.72554334264898,13.989303136540572,5.285153520810459,0.055800687191861695,100.0,100.0,2,3,18,2,True,False,
CV1_air_1_col_0_peak_width,2582,ctvt_singlefault_peaks_freq.csv,0.06502308293854893,0.029097197913052306,0.016787482042435884,0.07318789377041708,78.93263764481802,15.806067708514723,5.261294646667259,0.0555347956998673,100.0,100.0,2,3,18,164,True,False,
AC1_air_1_col_1_175_225_mean_spike_interval,2583,digital_feats_updt.csv,1345.2746667116967,613.515338518441,348.1488560285129,1519.0038266731344,78.43396896264971,16.31297287859503,5.253058158755272,0.05544303654208856,100.0,100.0,2,3,18,305,True,False,
GYR_air_0_col_1_75_125_num_spikes,2584,digital_feats_updt.csv,14.137149132576477,7.678060369815023,3.781809283241121,16.526151339438975,73.17794809525829,21.585374798484093,5.236677106257607,0.055260589712851936,100.0,100.0,2,3,18,61,True,False,
GYR_water_1_col_2_75_125_std_spike_interval,2585,digital_feats_updt.csv,2038.809166054669,891.5555995483267,522.7318243150851,2285.795870769367,79.55697602552964,15.21324909701563,5.229774877454743,0.05518373382243461,100.0,100.0,2,3,18,149,True,False,
GYR_water_1_col_1_175_225_std_spike_interval,2586,digital_feats_updt.csv,1658.079830619703,899.5790242885981,442.2196878631337,1937.5317798636638,73.23407552924274,21.556635155151238,5.209289315606019,0.054955694265763716,100.0,100.0,2,3,18,279,True,False,
GYR_water_1_col_2_175_225_num_spikes,2587,digital_feats_updt.csv,7.7365861281120285,3.341665740484052,1.970375363798633,8.654702416206169,79.90877078954323,14.908080634230219,5.183148576226557,0.05466484594664557,100.0,100.0,2,3,18,37,True,False,
AC1_water_2_col_0_band_peak_freq_175_225,2588,digital_feats_updt.csv,3.6697697308173134,1.6846039275669475,0.9405886654077139,4.146059250359361,78.34415846741149,16.50914604224435,5.146695490344183,0.054259527561533315,100.0,100.0,2,3,18,276,True,False,
AC1_water_0_col_0_175_225_mean_spike_interval,2589,digital_feats_updt.csv,974.3541590863109,398.69901103984756,244.56858549303678,1080.8055892448972,81.27154628358657,13.608026708200303,5.120427008213129,0.053967643895871796,100.0,100.0,2,3,18,304,True,False,
SMG_air_0_col_0_hmean,2590,ctvt_singlefault_peaks_freq.csv,0.00015164641731717283,6.298269436521294e-05,3.810104310882796e-05,0.00016856792447146265,80.9309111572211,13.960230599137748,5.108858243641149,0.053839148197400565,100.0,100.0,2,3,18,315,True,False,
CV1_water_1_col_0_pmean_3,2591,ctvt_singlefault_peaks_freq.csv,0.002506065380760528,0.0011985068187499114,0.0006428309232606128,0.0028513179203898914,77.24911399811123,17.668095223914513,5.082790777974272,0.05354972843844213,100.0,100.0,2,3,18,315,True,False,
WTF_water_0_col_0_kurt,2592,stats_features_2.csv,3.069874368941804,1.3411281843570069,0.7688807033897678,3.4371399424532756,79.77131958738462,15.224609059520375,5.004071353095002,0.05267669282643553,100.0,100.0,2,3,18,315,True,False,
WTF_water_1_col_0_mad,2593,stats_features_2.csv,0.8389750385001554,0.4029266434136184,0.2134236942296932,0.9548710218964402,77.19846269457953,17.805843192976983,4.995694112443491,0.05258387044431655,100.0,100.0,2,3,18,3,True,False,
WTF_water_1_col_0_kurt,2594,stats_features_2.csv,0.30609372441926713,0.1444325370811855,0.07746483830409329,0.34721020588405177,77.71840637788277,17.30394457921025,4.977649042906969,0.05238398116622695,100.0,100.0,2,3,18,315,True,False,
GYR_water_1_col_1_175_225_mean_spike_interval,2595,digital_feats_updt.csv,1367.1814100926188,583.0853998238123,339.60234405115665,1524.6321994748691,80.41223142089476,14.626289285094957,4.961479294010271,0.05220492971854073,100.0,100.0,2,3,18,254,True,False,
VRY_water_2_col_0_peak_width,2596,ctvt_singlefault_peaks_freq.csv,0.06513835983056164,0.029462141606848482,0.016333597073841122,0.07333355373121031,78.8983961923173,16.14072961784676,4.960874189835937,0.05219823043979842,100.0,100.0,2,3,18,188,True,False,
VRY_water_2_col_1_peak_width,2597,ctvt_singlefault_peaks_freq.csv,0.06513835983056164,0.029462141606848482,0.016333597073841122,0.07333355373121031,78.8983961923173,16.14072961784676,4.960874189835937,0.05219823043979842,100.0,100.0,2,3,18,188,True,False,
VRY_water_2_col_1_settling_time_s,2598,physics_features.csv,0.20547861368382622,0.0744422320411985,0.04989731198806214,0.22417147083502117,84.01804490532264,11.027525990538921,4.954429104138423,0.052126880373698156,100.0,100.0,2,3,18,246,True,False,
GYR_water_3_col_1_175_225_mean_spike_interval,2599,digital_feats_updt.csv,1435.9695246182096,580.5067228081222,353.57371563326103,1588.713600132001,81.6957039679078,13.35129158088259,4.953004451209609,0.05211111011570153,100.0,100.0,2,3,18,282,True,False,
CTR_water_0_col_0_skew,2600,stats_features_2.csv,0.006396143011352266,0.0031832796971357374,0.0016301687928158026,0.0073281215427241355,76.18176029397192,18.869668517938077,4.948571188090005,0.05206203893980757,100.0,100.0,2,3,18,315,True,False,
AC1_air_1_col_0_band_peak_freq_75_125,2601,digital_feats_updt.csv,2.054977244869662,0.9419268363735986,0.5143623717256144,2.3183455936206063,78.57016800356764,16.507373900890403,4.9224580955419635,0.05177308959552684,100.0,100.0,2,3,18,193,True,False,
GYR_air_1_col_2_175_225_std_spike_interval,2602,digital_feats_updt.csv,2670.890918451971,1314.7868141656259,674.0781577015856,3052.327640942789,76.56847611652996,18.55446262509795,4.877061258372104,0.05127113736066476,100.0,100.0,2,3,18,182,True,False,
SMG_water_2_col_0_rms,2603,stats_features_2.csv,57.229295179133466,28.296050925819515,14.449195350281427,65.45714606494508,76.44034919386168,18.686911319505608,4.872739486632706,0.051223376562473256,100.0,100.0,2,3,18,315,True,False,
WTF_water_2_col_0_mad,2604,stats_features_2.csv,3.152512225723055,1.2499629624142499,0.7652608330897247,3.4765449635236876,82.22764602268083,12.92702497798197,4.845328999337188,0.05092055858512124,100.0,100.0,2,3,18,6,True,False,
GYR_air_1_col_1_75_125_mean_spike_interval,2605,digital_feats_updt.csv,685.4006316649779,332.65934949148226,171.77593350014746,780.9886298920709,77.01930197157564,18.14303947369621,4.837658554728136,0.05083585041368794,100.0,100.0,2,3,18,226,True,False,
GYR_water_2_col_2_band_power_75_125,2606,digital_feats_updt.csv,0.3826372476532169,0.25683807974132383,0.10382369065673273,0.4723943492871446,65.60925402867996,29.560341055448028,4.830404915872015,0.050755757777492236,100.0,100.0,2,3,18,315,True,False,
GYR_water_2_col_1_175_225_mean_spike_interval,2607,digital_feats_updt.csv,1507.914884830436,646.6800126552475,367.9156029164812,1681.476800176076,80.42144963653536,14.790985696146166,4.787564667318489,0.050282976699317396,100.0,100.0,2,3,18,270,True,False,
CV1_water_2_col_0_peak_energy_ratio,2608,ctvt_singlefault_peaks_freq.csv,0.0069947319809280095,0.0034089782597011196,0.0017435821695791858,0.007974176261044548,76.94324427782796,18.275817013182653,4.780938708989393,0.05020989121471994,100.0,100.0,2,3,18,315,True,False,
CV1_air_0_col_0_stability_observed,2609,physics_features.csv,0.4102900961063562,0.2159921837863355,0.10384155024988331,0.4751564521060955,74.56049897625672,20.663448827968786,4.776052195774482,0.05015599863170708,100.0,100.0,2,3,18,2,True,False,
GYR_air_0_col_2_175_225_mean_spike_interval,2610,digital_feats_updt.csv,2295.3491281187235,1016.0964210897528,558.7131100577884,2571.622036042084,79.66787388035274,15.611893007778546,4.720233111868717,0.04954077099507159,100.0,100.0,2,3,18,137,True,False,
AC1_water_3_col_1_175_225_num_spikes,2611,digital_feats_updt.csv,9.730421463217915,5.516668848606483,2.47634039025233,11.456308252025698,72.1396319477509,23.188061800618335,4.672306251630784,0.04901310487972141,100.0,100.0,2,3,18,51,True,False,
VRY_water_0_col_0_peak_width,2612,ctvt_singlefault_peaks_freq.csv,0.06941268204059033,0.025741966296049194,0.01630748010200674,0.0758070126316317,83.8414703258042,11.530938868094095,4.627590806101713,0.04852127407931492,100.0,100.0,2,3,18,185,True,False,
GYR_air_1_col_0_75_125_num_spikes,2613,digital_feats_updt.csv,6.8298152265494405,2.958902394117615,1.6367706944129379,7.62105620716778,80.3133200742493,15.074084628554896,4.612595297195795,0.04835643984200143,100.0,100.0,2,3,18,37,True,False,
CV1_water_2_col_0_pmean_3,2614,ctvt_singlefault_peaks_freq.csv,0.0025849556095148326,0.0012313752302164107,0.0006294006120875827,0.002931625076855658,77.74801738892212,17.642656178609975,4.609326432467908,0.048320514575303036,100.0,100.0,2,3,18,315,True,False,
VRY_water_2_col_1_hmean,2615,ctvt_singlefault_peaks_freq.csv,4.2720928473880175e-05,1.7242342801362134e-05,1.0110171901385589e-05,4.7165577393111994e-05,82.04102070492874,13.36417763789026,4.594801657180976,0.04816091509679062,100.0,100.0,2,3,18,315,True,False,
GYR_water_2_col_1_175_225_num_spikes,2616,digital_feats_updt.csv,11.663109753201603,5.5500492604618215,2.8339135842066714,13.223548771473194,77.79159610024054,17.615607818814354,4.592796080945106,0.048138881471064945,100.0,100.0,2,3,18,55,True,False,
AC1_air_0_col_1_75_125_std_spike_interval,2617,digital_feats_updt.csv,723.6485351689134,444.6527811290827,185.56865433277562,869.3785272761337,69.28473431329176,26.15918488011362,4.556080806594624,0.047735684421783706,100.0,100.0,2,3,18,314,True,False,
GYR_water_3_col_2_75_125_mean_spike_interval,2618,digital_feats_updt.csv,746.4775736522682,359.76263070337274,180.71022565567316,848.1238730709761,77.46668177512811,17.993412018164985,4.5399062067069,0.04755815782600736,100.0,100.0,2,3,18,100,True,False,
VRY_water_0_col_0_stability_observed,2619,physics_features.csv,0.43331730739596463,0.20167852735247183,0.10386631596056947,0.4891076863791567,78.48796985337857,17.0024046208917,4.509625525729715,0.04722596963890665,100.0,100.0,2,3,18,2,True,False,
PRS_water_1_col_0_skew,2620,stats_features_2.csv,0.1117722822506628,0.05137020057589643,0.02670744690060982,0.12587783087850915,78.84419736796205,16.65420943222112,4.501593199816829,0.04713788795697683,100.0,100.0,2,3,18,314,True,False,
AC1_air_1_col_0_band_peak_freq_175_225,2621,digital_feats_updt.csv,4.985921355241209,1.8561619032771217,1.1499629148989545,5.443084004263629,83.90749853442502,11.628980323402502,4.463521142172471,0.04672059505997551,100.0,100.0,2,3,18,231,True,False,
CTR_air_0_col_0_settling_time_s,2622,physics_features.csv,0.12059465145087711,0.045556151086866406,0.027605872570197337,0.13183518900798036,83.67455299350179,11.940743158520663,4.384703847977556,0.04585776569688333,100.0,100.0,2,3,18,212,True,False,
SMG_water_2_col_0_settling_time_s,2623,physics_features.csv,0.17566728209804397,0.0738567592081046,0.04078217468511469,0.1948768858856404,81.25705945578562,14.363485233178949,4.379455311035428,0.04580035938177263,100.0,100.0,2,3,18,247,True,False,
WTF_water_1_col_0_std,2624,stats_features_2.csv,4.302333799121831,1.9779453237063316,1.0120847015628038,4.84217505525929,78.94547325164116,16.685821460639456,4.368705287719372,0.04568279976615604,100.0,100.0,2,3,18,315,True,False,
SMG_air_0_col_0_spectral_bandwidth,2625,ctvt_singlefault_peaks_freq.csv,0.11052875753787504,0.05194225216251871,0.026048137691214147,0.12487237196338308,78.34618499546117,17.302498887867387,4.351316116671434,0.04549269200587361,100.0,100.0,2,3,18,315,True,False,
CV1_water_2_col_0_pmean_2,2626,ctvt_singlefault_peaks_freq.csv,0.001379055304046257,0.0006581295643438568,0.0003251325259406196,0.0015622545293600776,77.92194439533287,17.746765719778463,4.3312898848886565,0.04527384010589381,100.0,100.0,2,3,18,315,True,False,
AC1_water_2_col_1_175_225_std_spike_interval,2627,digital_feats_updt.csv,994.4112840298338,434.1317977113308,230.2415900697791,1109.2048545637522,80.37270115617568,15.318620950514076,4.30867789331026,0.04502684045379118,100.0,100.0,2,3,18,303,True,False,
VRY_water_0_col_1_peak_width,2628,ctvt_singlefault_peaks_freq.csv,0.06894780142320202,0.025347935315179034,0.015526970405212328,0.07508264750127114,84.32603656515109,11.39740614261703,4.276557292231884,0.0446761751485233,100.0,100.0,2,3,18,184,True,False,
AC1_water_2_col_1_175_225_num_spikes,2629,digital_feats_updt.csv,9.540068090792369,5.2623797732504025,2.296494143872907,11.134604860870109,73.40967977360314,22.336481062762136,4.2538391636347175,0.044428300064215935,100.0,100.0,2,3,18,53,True,False,
CV1_water_3_col_0_settling_time_s,2630,physics_features.csv,0.20257766256494028,0.08188776814755613,0.04576558199997737,0.22324382284457361,82.34253060066803,13.454859514317137,4.20260988501484,0.04386977432235332,100.0,100.0,2,3,18,280,True,False,
GYR_water_2_col_1_band_peak_freq_175_225,2631,digital_feats_updt.csv,5.335894520897375,3.2625155307338924,1.309907511359165,6.389963663021695,69.7296836374248,26.068041184316495,4.202275178258703,0.04386612715571505,100.0,100.0,2,3,18,260,True,False,
VRY_water_1_col_0_stability_observed,2632,physics_features.csv,0.44041168077115167,0.19697998512657675,0.10050054293239334,0.49281225860345945,79.86466115626159,15.976483532101389,4.158855311637024,0.04339321410611231,100.0,100.0,2,3,18,2,True,False,
CTR_air_0_col_0_stability_observed,2633,physics_features.csv,0.41396283207245615,0.17594668493507729,0.09357660258710591,0.45943339324524185,81.18533419559219,14.666181694194256,4.148484110213549,0.043280318226616536,100.0,100.0,2,3,18,2,True,False,
AC1_water_2_col_resultant_75_125_std_spike_interval,2634,digital_feats_updt.csv,456.22166062129185,210.613393781149,104.35031348303298,513.2106713466408,79.0242614263397,16.841494050507706,4.134244523152583,0.04312535276635927,100.0,100.0,2,3,18,315,True,False,
GYR_water_1_col_2_75_125_mean_spike_interval,2635,digital_feats_updt.csv,833.6711148347482,320.6940372584102,185.48380790336017,912.2808976610445,83.50881981184158,12.35732894996584,4.1338512381925785,0.04312107340896418,100.0,100.0,2,3,18,108,True,False,
CV1_water_3_col_0_stability_observed,2636,physics_features.csv,0.45213428483431084,0.17795559201600497,0.09969038813884355,0.4960159047245096,83.08902752348365,12.871586353887553,4.039386122628785,0.042094208857299996,100.0,100.0,2,3,18,2,True,False,
WTF_water_1_col_0_skew,2637,stats_features_2.csv,0.1107228285975071,0.0565400028744638,0.025172824107703717,0.12684631556034529,76.19362392897688,19.868081756777272,3.9382943142458546,0.04099754721334185,100.0,100.0,2,3,18,315,True,False,
CTB_air_1_col_0_settling_time_s,2638,physics_features.csv,0.043076493778747525,0.01786107215583056,0.009437525019348143,0.047578031625079675,81.9724191026252,14.092956408584916,3.934624488789899,0.04095777971877868,100.0,100.0,2,3,18,111,True,False,
VRY_water_1_col_0_settling_time_s,2639,physics_features.csv,0.20429968393188905,0.09089444562556259,0.044854801716972856,0.2280616459146892,80.24738349220269,15.884376843436204,3.868239664361111,0.04023893509133048,100.0,100.0,2,3,18,234,True,False,
VRY_air_1_col_1_stability_observed,2640,physics_features.csv,0.45115535269281076,0.18453013776105107,0.09658111172270831,0.4969108925623197,82.4318781643701,13.790422701073467,3.777699134556433,0.039260120580977734,100.0,100.0,2,3,18,2,True,False,
GYR_water_3_col_2_75_125_std_spike_interval,2641,digital_feats_updt.csv,2069.782148607701,947.4801200722912,449.9516696224307,2320.3821292242633,79.56649912947687,16.673285578182238,3.7602152923409076,0.039071318621119656,100.0,100.0,2,3,18,158,True,False,
CTB_air_1_col_0_stability_observed,2642,physics_features.csv,0.1500617156989701,0.061744195508665806,0.03201508560736934,0.16539597910462653,82.31707317073172,13.936136071887034,3.7467907573812567,0.03892639826623321,100.0,100.0,2,3,18,2,True,False,
VRY_water_0_col_0_settling_time_s,2643,physics_features.csv,0.17494738061585557,0.07729593260043165,0.03762597607944713,0.19492809252863127,80.5500886701324,15.72405002648277,3.725861303384839,0.03870054153510526,100.0,100.0,2,3,18,242,True,False,
GYR_air_0_col_1_75_125_mean_spike_interval,2644,digital_feats_updt.csv,822.4927607469932,316.39610928729047,172.58403081541138,897.9900261950801,83.89211474067282,12.414214427540104,3.693670831787056,0.03835335500469056,100.0,100.0,2,3,18,246,True,False,
GYR_water_1_col_2_spectral_centroid,2645,digital_feats_updt.csv,181.12732636711573,65.43372564658594,37.38813165996593,196.17990008641374,85.2430410907172,11.124852958317401,3.6321059509654026,0.03769000025171546,100.0,100.0,2,3,18,315,True,False,
CTR_water_0_col_0_settling_time_s,2646,physics_features.csv,0.0679395214199383,0.027906991485862596,0.014237807680181801,0.07481506474033224,82.46446663792243,13.913869559510081,3.6216638025675008,0.037577571324207824,100.0,100.0,2,3,18,241,True,False,
SMG_water_1_col_0_rms,2647,stats_features_2.csv,57.64749608072218,25.697050485507596,12.180127771093614,64.28007249958397,80.42816886286433,15.981363864868033,3.5904672722676465,0.03724182838233841,100.0,100.0,2,3,18,315,True,False,
GYR_air_1_col_2_75_125_num_spikes,2648,digital_feats_updt.csv,7.216671442418515,2.60110105155184,1.4767910574842078,7.811977036299347,85.33986485448669,11.086450783164404,3.5736843623489167,0.037061297413644195,100.0,100.0,2,3,18,35,True,False,
CV1_air_1_col_0_pmean_2,2649,ctvt_singlefault_peaks_freq.csv,0.0014238343559643853,0.0006518701593324703,0.0003011713682797306,0.0015946608325672707,79.72275182570301,16.710350018310205,3.566898155986787,0.03698831716267383,100.0,100.0,2,3,18,315,True,False,
GYR_air_0_col_2_75_125_std_spike_interval,2650,digital_feats_updt.csv,1968.606177166556,805.1201849063399,405.07636773959774,2165.11331265203,82.6716158712174,13.82802540994103,3.500358718841563,0.03627328218395159,100.0,100.0,2,3,18,204,True,False,
SMG_water_0_col_0_rms,2651,stats_features_2.csv,57.26789979036014,26.257167072534884,11.990854293593744,64.13136327697967,79.74097996599328,16.76311757000015,3.495902464006555,0.036225430352350346,100.0,100.0,2,3,18,315,True,False,
VRY_air_0_col_0_skew,2652,stats_features_2.csv,0.006269081619757751,0.0028957030501210353,0.0013138109432077848,0.0070294082044050675,79.5372040692664,16.969557559397767,3.493238371335844,0.03619682509684682,100.0,100.0,2,3,18,315,True,False,
CTR_water_0_col_0_stability_observed,2653,physics_features.csv,0.3546646825341326,0.16066797294689505,0.0740722221990735,0.3963431955634033,80.07428584901294,16.43296066700956,3.492753483977502,0.036191618868720105,100.0,100.0,2,3,18,2,True,False,
GYR_water_0_col_1_175_225_mean_spike_interval,2654,digital_feats_updt.csv,1620.2265460139743,700.3821757428053,335.3946308630815,1796.7077700389625,81.3198548822803,15.195509912310452,3.484635205409255,0.03610446080606384,100.0,100.0,2,3,18,282,True,False,
CTR_water_3_col_0_skew,2655,stats_features_2.csv,0.008208965797496817,0.003752089528160616,0.0016852832380221468,0.009181801287555916,79.93207980509341,16.6990054283854,3.368914766521207,0.034863675166032525,100.0,100.0,2,3,18,315,True,False,
AC1_water_1_col_1_175_225_spike_energy_ratio,2656,digital_feats_updt.csv,0.0023732823790498605,0.0009199587266768804,0.00046383602015774095,0.0025872644169263577,84.14284618270584,12.643143163265945,3.214010654028215,0.0332073957785294,100.0,100.0,2,3,18,315,True,False,
CV1_air_1_col_0_pmean_3,2657,ctvt_singlefault_peaks_freq.csv,0.0026740746277445614,0.0011912851053370662,0.0005251116820628315,0.002974151575758037,80.83898465055636,16.043725656834816,3.117289692608827,0.03217591335665813,100.0,100.0,2,3,18,315,True,False,
CTB_water_3_col_0_skew,2658,stats_features_2.csv,0.007348711273418884,0.0038732755577459282,0.0014647603486344595,0.008435125595107494,75.89956069965118,21.085003801611528,3.0154354987372813,0.03109191152472537,100.0,100.0,2,3,18,315,True,False,
CV1_air_1_col_0_peak_energy_ratio,2659,ctvt_singlefault_peaks_freq.csv,0.007190656437514181,0.003247485027534943,0.0013728387385538868,0.008008519539122197,80.6181075442181,16.44333239202514,2.938560063756744,0.030275257256506767,100.0,100.0,2,3,18,315,True,False,
AC1_water_2_col_1_75_125_std_spike_interval,2660,digital_feats_updt.csv,797.7107384410367,390.8710072540688,154.45336449165066,901.6531530132554,78.272979417062,18.792644767036805,2.934375815901207,0.030230844756489125,100.0,100.0,2,3,18,309,True,False,
AC1_water_3_col_1_175_225_std_spike_interval,2661,digital_feats_updt.csv,1211.1687580056337,545.5899122505203,223.9695663620034,1347.1304611561657,80.83324367269998,16.40262479443435,2.764131532865678,0.028427077131521206,100.0,100.0,2,3,18,297,True,False,
WTF_water_0_col_0_skew,2662,stats_features_2.csv,1.1626731977677347,0.5506731716381272,0.21582250603316974,1.3044651244398533,79.44203804467102,17.820623383332862,2.7373385719961263,0.028143776160416595,100.0,100.0,2,3,18,315,True,False,
SMG_water_3_col_0_rms,2663,stats_features_2.csv,59.494397390627924,25.902462160940342,10.46919656817745,65.72765737234242,81.93242943289675,15.530512537240293,2.537058029862966,0.026031001923175364,100.0,100.0,2,3,18,315,True,False,
AC1_water_3_col_1_175_225_mean_spike_interval,2664,digital_feats_updt.csv,1366.1171483230105,655.2496917683375,241.99283975476996,1534.3365849764757,79.27469954088745,18.237796670667578,2.4875037884449736,0.025509589899619548,100.0,100.0,2,3,18,297,True,False,
AC1_air_1_col_resultant_band_peak_freq_75_125,2665,digital_feats_updt.csv,1.619792473696288,0.463565575509265,0.26310114895619907,1.705239840967378,90.22934643780188,7.390118691497369,2.3805348707007647,0.024385862671422055,100.0,100.0,2,3,18,178,True,False,
AC1_air_0_col_resultant_band_peak_freq_75_125,2666,digital_feats_updt.csv,1.4902977221472244,0.5305019002313967,0.23495548134588368,1.5992572166480303,86.8379249221598,11.003662196321079,2.1584128815191073,0.022060280756743916,100.0,100.0,2,3,18,170,True,False,
AC1_air_0_col_1_rank_75_125,2667,digital_feats_updt.csv,0.0,0.0,0.0,0.0,,,,,100.0,100.0,2,3,18,1,False,False,constant_or_all_missing
AC1_air_0_col_1_rank_175_225,2668,digital_feats_updt.csv,0.0,0.0,0.0,0.0,,,,,100.0,100.0,2,3,18,1,False,False,constant_or_all_missing
GYR_water_2_col_2_rank_75_125,2669,digital_feats_updt.csv,0.0,0.0,0.0,0.0,,,,,100.0,100.0,2,3,18,1,False,False,constant_or_all_missing
GYR_water_2_col_2_rank_175_225,2670,digital_feats_updt.csv,0.0,0.0,0.0,0.0,,,,,100.0,100.0,2,3,18,1,False,False,constant_or_all_missing
WTF_water_3_col_0_mad,2671,stats_features_2.csv,0.0,0.0,0.0,0.0,,,,,100.0,100.0,2,3,18,1,False,False,constant_or_all_missing
WTF_water_3_col_0_q05,2672,stats_features_2.csv,0.0,0.0,0.0,0.0,,,,,100.0,100.0,2,3,18,1,False,False,constant_or_all_missing
