fault_a,fault_b,pair_rank,feature,standardized_mean_gap,mean_a,mean_b,global_candidate
00000000000_,00000000001_,1,AC1_water_0_col_0_wavelet_entropy,10.186916092746783,20.956662526085104,19.152572165254934,False
00000000000_,00000000001_,2,AC1_air_0_col_0_std,9.923484335854647,96.81546261345359,470.8795353460603,False
00000000000_,00000000001_,3,AC1_air_0_col_0_rms,9.922246474124753,96.85732886071192,470.92075871255423,False
00000000000_,00000000001_,4,AC1_air_0_col_0_q05,9.83901189444035,-167.39999999999998,-805.7666666666668,False
00000000000_,00000000001_,5,AC1_air_0_col_0_q95,9.835332113596174,158.25555555555556,775.2799999999997,False
00000000000_,00000000001_,6,AC1_air_0_col_0_mad,9.676860211922545,69.23333333333333,338.8333333333333,False
00000000000_,00000000001_,7,GYR_water_0_col_1_mad,8.277715321801212,15.0,55.4,False
00000000000_,00000000001_,8,GYR_water_0_col_1_std,8.228627482658645,20.960734882888925,84.3560681292002,False
00000000000_,00000000001_,9,GYR_water_0_col_1_rms,8.227641153382502,20.96789405768543,84.36270743367741,False
00000000000_,00000000001_,10,AC1_water_0_col_1_std,8.106094521872011,124.1458328909518,539.1466130532395,False
00000000000_,00000000010_,1,GYR_water_0_col_1_rms,11.890153292451908,20.96789405768543,112.51043615427336,False
00000000000_,00000000010_,2,GYR_water_0_col_1_std,11.88890759176565,20.960734882888925,112.50401239306773,False
00000000000_,00000000010_,3,GYR_water_0_col_1_mad,11.874584148495433,15.0,73.60000000000001,False
00000000000_,00000000010_,4,GYR_water_0_col_1_q95,11.778914172177178,10034.022222222222,10188.496666666666,False
00000000000_,00000000010_,5,AC1_water_0_col_1_rms,11.715506528737475,124.1570919646944,559.6912397692083,False
00000000000_,00000000010_,6,AC1_water_0_col_1_std,11.707312766819337,124.1458328909518,559.4910136629642,False
00000000000_,00000000010_,7,AC1_water_0_col_1_q05,11.628280711495838,-214.08888888888887,-1000.3066666666667,False
00000000000_,00000000010_,8,GYR_water_0_col_1_q05,11.507084561829382,9963.800000000001,9803.94,False
00000000000_,00000000010_,9,AC1_water_0_col_1_q95,10.542560859114944,204.84833333333316,936.0033333333331,False
00000000000_,00000000010_,10,GYR_water_3_col_1_mad,10.29558296563466,15.155555555555557,59.199999999999996,False
00000000000_,00000000100_,1,CTB_water_0_col_0_q95,7.1571538967624075,17618.32222222222,17546.2,True
00000000000_,00000000100_,2,CTB_water_0_col_0_peak_magn_raw,6.435824534430573,12342755.784666667,11161879.035333334,True
00000000000_,00000000100_,3,CTB_water_0_col_0_q05,6.365516420363444,16119.911111111112,16189.333333333334,True
00000000000_,00000000100_,4,CTB_water_0_col_0_std,6.21885718409548,531.8305410160947,483.27750910642834,True
00000000000_,00000000100_,5,CTB_water_1_col_0_q95,6.123635125449847,17527.244444444445,17458.333333333332,False
00000000000_,00000000100_,6,CTB_water_1_col_0_q05,5.94564172834952,16208.744444444446,16273.533333333333,False
00000000000_,00000000100_,7,CTB_water_1_col_0_peak_magn_raw,5.930093658161695,10933511.942333333,9892514.551333332,False
00000000000_,00000000100_,8,AC1_air_1_col_0_q95,5.483651143558043,121.69999999999987,423.0533333333333,False
00000000000_,00000000100_,9,CTB_water_1_col_0_std,5.418631666983261,473.2753323025022,427.60180810310584,False
00000000000_,00000000100_,10,GYR_water_0_col_1_rms,5.151461586745499,20.96789405768543,121.23806185638814,False
00000000000_,00000000200_,1,PRS_water_2_col_0_rms,5.178227240128427,178.28244859661916,172.96469070698694,False
00000000000_,00000000200_,2,SMG_water_2_col_0_mad,5.041290072708649,603.8333333333334,560.7333333333333,False
00000000000_,00000000200_,3,SMG_water_2_col_0_std,4.678850892460901,642.8171997062126,585.4493065541026,False
00000000000_,00000000200_,4,GYR_water_0_col_1_band_power_75_125,4.58172213998615,0.9156507295793151,0.07366287054935818,False
00000000000_,00000000200_,5,PRS_water_2_col_0_skew,4.490954544160456,0.014623685000089303,0.2665748358279753,False
00000000000_,00000000200_,6,GYR_water_0_col_1_band_peak_mag_75_125,4.34651785375601,0.7332448692284511,0.1355348684561649,False
00000000000_,00000000200_,7,SMG_water_3_col_0_mad,4.319826498824389,235.4777777777778,184.13333333333333,False
00000000000_,00000000200_,8,SMG_water_3_col_0_std,4.292985641858544,236.9377531679487,193.44353928288777,False
00000000000_,00000000200_,9,SMG_water_3_col_0_peak_magn_raw,4.245829675510276,5600731.749222222,4547729.190666667,False
00000000000_,00000000200_,10,VRY_water_0_col_0_std,3.9370268509360566,895.6100251491603,875.4126522049614,False
00000000000_,00000001000_,1,CTR_air_1_col_0_q95,20.11235118087995,7096.077777777778,6968.533333333333,True
00000000000_,00000001000_,2,CTR_air_1_col_0_std,18.561728556299748,189.7608189945482,101.50029256607881,True
00000000000_,00000001000_,3,CTR_air_1_col_0_peak_magn_raw,18.396190735080474,4381571.166,2362929.6599999997,True
00000000000_,00000001000_,4,AC1_air_0_col_1_relative_band_power_75_125,16.558248179290953,0.8990621679606163,0.17959306912393816,False
00000000000_,00000001000_,5,CTR_air_1_col_0_mad,16.146606560655883,185.5666666666667,101.60000000000001,True
00000000000_,00000001000_,6,AC1_air_0_col_0_band_peak_mag_75_125,14.80848830440902,0.998290820062281,0.24638306344055846,False
00000000000_,00000001000_,7,CTR_air_1_col_0_q05,13.000867483345521,6557.977777777778,6683.733333333334,True
00000000000_,00000001000_,8,CTR_air_0_col_0_peak_magn_raw,11.05418239979441,9712816.495222224,7705639.880666666,True
00000000000_,00000001000_,9,CV1_water_2_col_0_std,10.486808045132769,378.43730452782825,330.46842611195683,False
00000000000_,00000001000_,10,CV1_air_0_col_0_q95,10.11693577354338,2321.4777777777776,2174.5466666666666,True
00000000000_,00000010000_,1,GYR_water_3_col_0_q95,6.928809391692982,10036.611111111111,10117.466666666667,False
00000000000_,00000010000_,2,GYR_water_1_col_0_mad,6.749702728226414,18.01111111111111,58.199999999999996,False
00000000000_,00000010000_,3,GYR_water_1_col_0_q95,6.587528894613993,10039.355555555556,10142.533333333333,False
00000000000_,00000010000_,4,CV1_water_0_col_0_q05,6.464914690173349,1091.8,1139.3999999999999,True
00000000000_,00000010000_,5,GYR_water_3_col_0_std,6.442379427710227,22.178673621755763,71.16215883269379,False
00000000000_,00000010000_,6,GYR_water_3_col_0_rms,6.431883054300521,22.186835734941315,71.19272148932838,False
00000000000_,00000010000_,7,AC1_water_0_col_0_contrast_freq,6.28567189255021,0.993656647459226,2.449354237705563,False
00000000000_,00000010000_,8,GYR_water_3_col_0_q05,6.245563920833588,9963.0,9874.133333333333,False
00000000000_,00000010000_,9,CTB_water_0_col_0_q95,6.223387644811633,17618.32222222222,17559.733333333334,True
00000000000_,00000010000_,10,CV1_water_1_col_0_q95,6.199497859472708,2500.588888888889,2459.7333333333336,False
00000000000_,00000100000_,1,VRY_water_3_col_0_q95,4.702601466288144,7791.333333333333,7747.066666666667,False
00000000000_,00000100000_,2,VRY_water_0_col_0_q05,4.633439871085083,5584.222222222223,5616.400000000001,False
00000000000_,00000100000_,3,VRY_air_1_col_1_mad,4.518478327234649,535.4555555555556,505.86666666666673,True
00000000000_,00000100000_,4,VRY_water_3_col_0_q05,4.378905780210027,5897.966666666667,5939.466666666667,False
00000000000_,00000100000_,5,VRY_air_0_col_1_mad,4.313130030812347,650.6111111111112,613.3666666666667,False
00000000000_,00000100000_,6,VRY_air_0_col_0_q95,4.212035999401807,8165.11111111111,8125.2,False
00000000000_,00000100000_,7,SMG_water_3_col_0_peak_magn_raw,3.98405156279946,5600731.749222222,4943754.273333333,False
00000000000_,00000100000_,8,VRY_water_0_col_0_q95,3.8997176661845074,8147.8,8110.466666666667,False
00000000000_,00000100000_,9,VRY_water_2_col_1_mad,3.807739663259244,619.0555555555555,590.9333333333334,False
00000000000_,00000100000_,10,SMG_water_3_col_0_std,3.788291422685344,236.9377531679487,209.02368206179094,False
00000000000_,00000200000_,1,GYR_water_1_col_0_contrast_time,4.993015927971444,0.5731395307286767,0.3213906821506168,False
00000000000_,00000200000_,2,VRY_water_3_col_0_q05,4.686813654900119,5897.966666666667,5938.0,False
00000000000_,00000200000_,3,VRY_water_3_col_0_q95,4.560215760331479,7791.333333333333,7749.133333333334,False
00000000000_,00000200000_,4,VRY_air_0_col_1_std,4.5480682443719695,693.8509592518885,676.4378799725473,False
00000000000_,00000200000_,5,VRY_water_3_col_0_std,3.897134686985557,664.988635054305,640.6660307831371,False
00000000000_,00000200000_,6,CTB_air_1_col_0_kurt,3.7847162148491496,-1.5540774746508752,-1.5098683575832952,True
00000000000_,00000200000_,7,VRY_water_3_col_0_mad,3.722434724961045,651.0666666666667,626.1666666666666,False
00000000000_,00000200000_,8,VRY_air_0_col_0_q95,3.6892301263011333,8165.11111111111,8126.333333333333,False
00000000000_,00000200000_,9,VRY_water_3_col_1_kurt,3.5125071478714154,-1.451108006266356,-1.4592527708250473,True
00000000000_,00000200000_,10,VRY_water_3_col_0_peak_magn_raw,3.488014019335243,15699640.704111112,15022582.380666666,False
00000000000_,00001000000_,1,CTR_water_3_col_0_spectral_entropy,11.238486976086836,2.067914921195436,2.267966338932444,False
00000000000_,00001000000_,2,CTR_water_0_col_0_spectral_entropy,11.03796577194207,2.0189847193691457,2.184784125916529,False
00000000000_,00001000000_,3,CTR_water_0_col_0_spectral_bandwidth,9.298323056308321,1.2811425320329721,2.576241017735129,False
00000000000_,00001000000_,4,CTR_water_1_col_0_spectral_entropy,8.533518137407196,2.0257811856209713,2.1849021172385092,False
00000000000_,00001000000_,5,CTB_water_0_col_0_spectral_bandwidth,8.333586595276044,1.194815087855911,2.2475793275559095,False
00000000000_,00001000000_,6,SMG_water_3_col_0_spectral_entropy,7.94190516690247,2.1178798733286066,2.285183803782932,False
00000000000_,00001000000_,7,CV1_water_0_col_0_spectral_bandwidth,7.822332180756177,1.5488645496513571,2.443418763137913,False
00000000000_,00001000000_,8,CTB_water_0_col_0_spectral_entropy,7.576919287466288,2.0115665771592046,2.134726817293608,False
00000000000_,00001000000_,9,VRY_water_0_col_1_spectral_bandwidth,7.471524233504064,1.1563371969744378,1.8466814701005447,False
00000000000_,00001000000_,10,SMG_water_3_col_0_spectral_bandwidth,7.18793803106214,2.07756976940513,2.894039681427721,False
00000000000_,00002000000_,1,GYR_water_1_col_1_mad,7.902876589636926,15.855555555555554,47.73333333333333,False
00000000000_,00002000000_,2,CTB_water_0_col_0_q95,7.544197312926912,17618.32222222222,17538.533333333336,True
00000000000_,00002000000_,3,CTB_water_0_col_0_q05,7.035611625675812,16119.911111111112,16196.199999999999,True
00000000000_,00002000000_,4,AC1_water_0_col_1_mad,6.9474439617019375,84.97777777777777,321.26666666666665,False
00000000000_,00002000000_,5,AC1_water_0_col_1_q05,6.848028232422797,-214.08888888888887,-890.4833333333332,False
00000000000_,00002000000_,6,AC1_water_1_col_1_std,6.785760558396349,159.8081903377237,531.713632342973,False
00000000000_,00002000000_,7,AC1_water_1_col_1_rms,6.784112175526027,159.8385799345739,531.7277185610886,False
00000000000_,00002000000_,8,CTB_water_0_col_0_peak_magn_raw,6.779593662740397,12342755.784666667,11193841.577333333,True
00000000000_,00002000000_,9,GYR_water_0_col_1_mad,6.709074650112756,15.0,43.96666666666667,False
00000000000_,00002000000_,10,AC1_water_3_col_1_q05,6.708186906570872,-233.71666666666667,-769.2433333333333,False
00000000000_,00010000000_,1,AC1_air_0_col_1_relative_band_power_75_125,8.637028344334496,0.8990621679606163,0.2986044751174357,False
00000000000_,00010000000_,2,AC1_air_1_col_1_band_peak_mag_75_125,8.036481764223796,1.0,0.3960033636854691,True
00000000000_,00010000000_,3,CV1_water_0_col_0_q05,7.885351482890817,1091.8,1155.5833333333333,True
00000000000_,00010000000_,4,AC1_air_0_col_0_band_peak_mag_75_125,7.721683054983457,0.998290820062281,0.3398720649189764,False
00000000000_,00010000000_,5,CTB_water_0_col_0_q05,7.571505259605171,16119.911111111112,16194.9,True
00000000000_,00010000000_,6,CTB_water_0_col_0_q95,7.382636411994812,17618.32222222222,17540.666666666668,True
00000000000_,00010000000_,7,AC1_air_1_col_1_relative_band_power_75_125,7.253807936790165,0.6957074482696423,0.08734231960380646,False
00000000000_,00010000000_,8,CTB_water_0_col_0_std,6.46537704708657,531.8305410160947,481.13885900322595,True
00000000000_,00010000000_,9,CTR_water_0_col_0_q05,6.386252988589799,6287.944444444444,6329.666666666667,False
00000000000_,00010000000_,10,AC1_air_0_col_resultant_relative_band_power_75_125,6.305459262308692,0.8175589225483493,0.3257662898902198,False
00000000000_,00100000000_,1,AC1_air_0_col_1_contrast_freq,7.974676871344129,1.3775109495928646,1.1311825676542748,True
00000000000_,00100000000_,2,AC1_air_0_col_1_relative_band_power_75_125,7.6785104297555735,0.8990621679606163,0.325783088457241,False
00000000000_,00100000000_,3,AC1_air_1_col_1_relative_band_power_75_125,6.244669427053814,0.6957074482696423,0.12865456523822053,False
00000000000_,00100000000_,4,AC1_air_0_col_0_mad,5.963293689803074,69.23333333333333,345.1666666666667,False
00000000000_,00100000000_,5,AC1_air_0_col_1_fft_skew,5.942659854956882,67.74861247380743,16.973402727953097,False
00000000000_,00100000000_,6,AC1_air_0_col_resultant_fft_mean,5.689630683125004,0.001016517293472891,0.004398364174971393,False
00000000000_,00100000000_,7,AC1_air_0_col_resultant_wavelet_std_energy,5.622290968309974,0.2916893444727732,0.17539479840083613,False
00000000000_,00100000000_,8,AC1_air_0_col_0_std,5.474283180911433,96.81546261345359,506.00148757090375,False
00000000000_,00100000000_,9,AC1_air_0_col_0_rms,5.470211811080116,96.85732886071192,506.2451451962279,False
00000000000_,00100000000_,10,AC1_air_1_col_1_contrast_freq,5.402256960969446,1.3386573156181296,0.7996722927774383,False
00000000000_,01000000000_,1,VRY_water_3_col_1_kurt,5.298889703612924,-1.451108006266356,-1.4643272209162468,True
00000000000_,01000000000_,2,VRY_water_0_col_1_kurt,3.5322635211419815,-1.4388219103555622,-1.4580459808396988,False
00000000000_,01000000000_,3,CV1_air_1_col_0_q05,3.510342286469786,1620.2333333333333,1600.0,False
00000000000_,01000000000_,4,CV1_air_1_col_0_q95,3.18175990802435,2075.288888888889,2094.5333333333333,True
00000000000_,01000000000_,5,AC1_water_3_col_2_contrast_freq,3.1722544790468388,0.9502585162165641,1.332055428684722,False
00000000000_,01000000000_,6,GYR_water_1_col_0_contrast_time,2.942416187020712,0.5731395307286767,0.3263301582516778,False
00000000000_,01000000000_,7,AC1_water_1_col_2_skew,2.822260297703371,-0.1768104930062587,0.0001653009975943661,False
00000000000_,01000000000_,8,PRS_water_2_col_0_skew,2.787741670850272,0.014623685000089303,0.19720202632104736,False
00000000000_,01000000000_,9,AC1_water_3_col_resultant_contrast_freq,2.726012744306891,0.9413271191328176,1.2958669680414185,False
00000000000_,01000000000_,10,VRY_water_1_col_1_kurt,2.65489105378962,-1.4242156413511324,-1.4419955915398692,False
00000000000_,10000000000_,1,GYR_water_0_col_0_band_peak_freq_75_125,5.034027699383811,99.84120657305492,99.2868912235384,False
00000000000_,10000000000_,2,GYR_water_2_col_0_band_peak_freq_75_125,5.034027699383811,99.84120657305492,99.2868912235384,False
00000000000_,10000000000_,3,AC1_water_2_col_1_log_band_power_ratio,3.3697820380153956,4.563079240269944,2.5512216777044934,False
00000000000_,10000000000_,4,GYR_water_1_col_0_wavelet_entropy,3.237309661313169,20.796322067043626,21.047333589365927,False
00000000000_,10000000000_,5,AC1_air_1_col_resultant_fft_entropy,3.0785216981190704,8.695952569135548,9.371452630776993,False
00000000000_,10000000000_,6,AC1_air_0_col_resultant_fft_entropy,2.9576896000797386,8.40763248706647,9.285018516134725,False
00000000000_,10000000000_,7,AC1_water_0_col_1_q05,2.8838595457512737,-214.08888888888887,-638.4654166666667,False
00000000000_,10000000000_,8,AC1_water_0_col_1_rms,2.87016085785281,124.1570919646944,365.04760344112645,False
00000000000_,10000000000_,9,AC1_water_0_col_1_std,2.869058629843751,124.1458328909518,364.9586301753083,False
00000000000_,10000000000_,10,AC1_water_0_col_1_q95,2.8363483273075154,204.84833333333316,619.1241666666665,False
00000000000_,20000000000_,1,GYR_water_2_col_0_band_peak_freq_75_125,4.201521279865943,99.84120657305492,99.35453053468002,False
00000000000_,20000000000_,2,AC1_water_0_col_1_mad,3.4949832816991484,84.97777777777777,266.05833333333334,False
00000000000_,20000000000_,3,AC1_water_0_col_1_rms,3.307926376063103,124.1570919646944,417.28632977682423,False
00000000000_,20000000000_,4,AC1_water_0_col_1_std,3.307553837740878,124.1458328909518,417.25136670019566,False
00000000000_,20000000000_,5,AC1_water_0_col_1_q05,3.2712851815306903,-214.08888888888887,-730.8233333333333,False
00000000000_,20000000000_,6,AC1_water_0_col_1_q95,3.220948425066041,204.84833333333316,709.0795833333332,False
00000000000_,20000000000_,7,AC1_air_1_col_1_relative_band_power_75_125,3.206521790774521,0.6957074482696423,0.31422303285073605,False
00000000000_,20000000000_,8,AC1_air_0_col_resultant_fft_entropy,3.1955592104298085,8.40763248706647,9.220610842869275,False
00000000000_,20000000000_,9,AC1_air_1_col_resultant_fft_entropy,3.148566165039759,8.695952569135548,9.352165917424832,False
00000000000_,20000000000_,10,AC1_air_0_col_1_relative_band_power_75_125,2.9823475746599093,0.8990621679606163,0.6222401095943695,False
00000000000_,30000000000_,1,AC1_water_2_col_1_mad,3.7195371206247425,113.63333333333333,282.5,False
00000000000_,30000000000_,2,AC1_water_3_col_1_mad,3.6286281588942635,92.35555555555555,242.25,False
00000000000_,30000000000_,3,AC1_water_2_col_1_std,3.5252081501829307,159.17033708923725,457.4216388175385,False
00000000000_,30000000000_,4,AC1_water_2_col_1_rms,3.5246137427253643,159.1968221132919,457.51013639564127,False
00000000000_,30000000000_,5,AC1_water_2_col_1_q05,3.5036987592648288,-267.9777777777778,-788.715,False
00000000000_,30000000000_,6,AC1_water_2_col_1_q95,3.358200808600487,266.0111111111111,794.4466666666664,False
00000000000_,30000000000_,7,AC1_water_3_col_1_rms,3.2487191979917536,137.06909830728253,405.7180354512205,False
00000000000_,30000000000_,8,AC1_water_3_col_1_std,3.2478328903805496,137.04994390204263,405.62548517364894,False
00000000000_,30000000000_,9,GYR_water_3_col_0_q05,3.2464965982884477,9963.0,9931.118333333334,False
00000000000_,30000000000_,10,AC1_water_3_col_1_q95,3.096327125546294,232.2677777777776,712.1549999999997,False
00000000000_,40000000000_,1,VRY_air_0_col_1_std,3.635067322529065,693.8509592518885,681.3076540254658,False
00000000000_,40000000000_,2,VRY_water_0_col_0_q95,3.279664021954144,8147.8,8115.56,False
00000000000_,40000000000_,3,VRY_water_0_col_0_q05,3.144351644922513,5584.222222222223,5610.24,False
00000000000_,40000000000_,4,VRY_air_0_col_0_q95,3.0877747568781673,8165.11111111111,8135.952,False
00000000000_,40000000000_,5,VRY_water_0_col_0_std,2.9497750076039084,895.6100251491603,877.1533791563361,False
00000000000_,40000000000_,6,SMG_air_1_col_0_kurt,2.72448096594842,-1.498066506314019,-1.4269413558549986,False
00000000000_,40000000000_,7,VRY_water_2_col_1_std,2.721422816636863,653.9719703499512,639.9751881845372,False
00000000000_,40000000000_,8,VRY_water_3_col_0_q05,2.6616825011996395,5897.966666666667,5927.280000000001,False
00000000000_,40000000000_,9,VRY_water_2_col_0_q95,2.6292543415519334,8160.855555555555,8129.839999999999,False
00000000000_,40000000000_,10,VRY_water_2_col_0_q05,2.5997855369449843,5574.9111111111115,5599.232,False
00000000001_,00000000010_,1,PRS_water_2_col_0_rms,3.7244458180498463,173.26865775338766,177.59713447923636,False
00000000001_,00000000010_,2,SMG_water_3_col_0_kurt,3.4094610424600393,-1.4625523319377027,-1.3578616782924282,False
00000000001_,00000000010_,3,AC1_water_1_col_2_mad,2.7359492353669763,303.0,392.09999999999997,False
00000000001_,00000000010_,4,GYR_water_1_col_0_wavelet_entropy,2.7321086561974477,21.047603561630908,20.767151882036,False
00000000001_,00000000010_,5,GYR_water_0_col_1_mad,2.724013747406088,55.4,73.60000000000001,False
00000000001_,00000000010_,6,GYR_water_0_col_1_q95,2.6887973389704007,10140.043333333333,10188.496666666666,False
00000000001_,00000000010_,7,GYR_water_0_col_1_std,2.6731916532765263,84.3560681292002,112.50401239306773,False
00000000001_,00000000010_,8,GYR_water_0_col_1_rms,2.6730736288196804,84.36270743367741,112.51043615427336,False
00000000001_,00000000010_,9,PRS_water_2_col_0_std,2.63731800878665,9.82551651528208,8.190768563730536,False
00000000001_,00000000010_,10,GYR_water_0_col_1_q05,2.6226521181521574,9853.866666666667,9803.94,False
00000000001_,00000000100_,1,SMG_air_1_col_0_kurt,5.146447619940603,-1.5227053355562,-1.4147811062157534,False
00000000001_,00000000100_,2,AC1_air_1_col_resultant_relative_band_power_175_225,3.5807411838544945,0.08937037103832372,0.3960225583351269,False
00000000001_,00000000100_,3,CTR_water_3_col_0_peak_width,3.5094764487479146,2.580880155771251,2.5836374671038125,False
00000000001_,00000000100_,4,CTR_water_1_col_0_peak_width,3.5094764487479146,2.580880155771251,2.5836374671038125,False
00000000001_,00000000100_,5,CTR_water_2_col_0_peak_width,3.5094764487479146,2.580880155771251,2.5836374671038125,False
00000000001_,00000000100_,6,CTR_water_0_col_0_peak_width,3.5094764487479146,2.580880155771251,2.5836374671038125,False
00000000001_,00000000100_,7,CTR_water_2_col_0_peak_width_start,3.509476448746569,48.66802579454361,48.720020808243326,False
00000000001_,00000000100_,8,CTR_water_1_col_0_peak_width_start,3.509476448746569,48.66802579454361,48.720020808243326,False
00000000001_,00000000100_,9,CTR_water_0_col_0_peak_width_start,3.509476448746569,48.66802579454361,48.720020808243326,False
00000000001_,00000000100_,10,CTR_water_3_col_0_peak_width_start,3.509476448746569,48.66802579454361,48.720020808243326,False
00000000001_,00000000200_,1,AC1_air_1_col_1_mad,4.291127693765318,178.66666666666666,84.46666666666665,False
00000000001_,00000000200_,2,AC1_air_1_col_1_rms,4.172711022452931,267.96120831338607,117.02528318900973,False
00000000001_,00000000200_,3,AC1_air_1_col_1_std,4.172064818120256,267.92101776414455,116.99806521586133,False
00000000001_,00000000200_,4,AC1_air_1_col_1_q05,4.1546134578296146,-458.59,-198.66666666666666,False
00000000001_,00000000200_,5,AC1_air_1_col_1_q95,4.00646653952219,449.20999999999975,193.29999999999987,False
00000000001_,00000000200_,6,CTB_water_2_col_0_peak_width_end,3.5045839447549527,51.307413938928256,51.354351606718346,False
00000000001_,00000000200_,7,CTB_water_0_col_0_peak_width_end,3.5045839447549527,51.307413938928256,51.354351606718346,False
00000000001_,00000000200_,8,CTB_water_1_col_0_peak_width_end,3.5045839447549527,51.307413938928256,51.354351606718346,False
00000000001_,00000000200_,9,CTB_water_3_col_0_peak_width_end,3.5045839447549527,51.307413938928256,51.354351606718346,False
00000000001_,00000000200_,10,CTB_water_0_col_0_peak_width_start,3.504583944754908,48.70486395651886,48.74942072811669,False
00000000001_,00000001000_,1,CTR_air_1_col_0_mad,11.191981865966298,185.26666666666665,101.60000000000001,True
00000000001_,00000001000_,2,CTR_air_1_col_0_q95,10.535037962763747,7093.533333333333,6968.533333333333,True
00000000001_,00000001000_,3,CTR_air_1_col_0_std,10.321498095471762,188.51696916505662,101.50029256607881,True
00000000001_,00000001000_,4,CTR_air_0_col_0_q05,10.21788519577113,6212.666666666667,6345.266666666666,True
00000000001_,00000001000_,5,CTR_air_0_col_0_q95,10.132305359056136,7430.666666666667,7301.133333333334,True
00000000001_,00000001000_,6,CTR_air_0_col_0_std,10.110418334209452,422.0487095240962,331.16818541216907,True
00000000001_,00000001000_,7,CTR_air_1_col_0_peak_magn_raw,10.009926446917486,4371485.038,2362929.6599999997,True
00000000001_,00000001000_,8,CTR_air_0_col_0_peak_magn_raw,9.751702880472884,9860150.661333332,7705639.880666666,True
00000000001_,00000001000_,9,CTR_air_0_col_0_mad,9.717063114457899,408.93333333333334,324.93333333333334,True
00000000001_,00000001000_,10,CV1_air_0_col_0_mad,9.530004719391208,321.3333333333333,255.46666666666667,True
00000000001_,00000010000_,1,VRY_air_0_col_1_q95,3.7263580123693,2814.4,2839.933333333333,False
00000000001_,00000010000_,2,VRY_air_0_col_1_q05,3.4858557965580923,831.1999999999999,804.5133333333333,False
00000000001_,00000010000_,3,AC1_water_3_col_2_band_peak_mag_75_125,3.279093751597987,0.29506732261925145,0.8709173027660188,False
00000000001_,00000010000_,4,CTB_water_0_col_0_peak_width_start,3.2228640026566846,48.70486395651886,48.74856394823041,False
00000000001_,00000010000_,5,CTB_water_2_col_0_peak_width_start,3.2228640026566846,48.70486395651886,48.74856394823041,False
00000000001_,00000010000_,6,CTB_water_1_col_0_peak_width_start,3.2228640026566846,48.70486395651886,48.74856394823041,False
00000000001_,00000010000_,7,CTB_water_3_col_0_peak_width_start,3.2228640026566846,48.70486395651886,48.74856394823041,False
00000000001_,00000010000_,8,CTB_water_2_col_0_peak_width_end,3.2228640026565984,51.307413938928256,51.35344904470074,False
00000000001_,00000010000_,9,CTB_water_0_col_0_peak_width_end,3.2228640026565984,51.307413938928256,51.35344904470074,False
00000000001_,00000010000_,10,CTB_water_1_col_0_peak_width_end,3.2228640026565984,51.307413938928256,51.35344904470074,False
00000000001_,00000100000_,1,AC1_water_3_col_1_mad,9.942398699964778,272.56666666666666,86.33333333333333,False
00000000001_,00000100000_,2,AC1_water_1_col_1_mad,8.837114328395334,366.73333333333335,107.13333333333333,False
00000000001_,00000100000_,3,AC1_water_2_col_1_mad,8.736182858326051,336.3666666666667,114.46666666666665,False
00000000001_,00000100000_,4,AC1_water_0_col_1_std,7.904692884682669,539.1466130532395,148.93040545655398,False
00000000001_,00000100000_,5,AC1_water_0_col_1_rms,7.9030816609806385,539.2654851115626,148.968463041666,False
00000000001_,00000100000_,6,AC1_water_0_col_1_q95,7.858007141644684,917.1399999999995,240.98333333333332,False
00000000001_,00000100000_,7,AC1_water_3_col_1_std,7.777784221786858,498.677731454376,129.6983772261576,False
00000000001_,00000100000_,8,AC1_water_3_col_1_rms,7.77667416492514,498.71265982726817,129.73962519234684,False
00000000001_,00000100000_,9,AC1_water_3_col_1_q95,7.6238281272320805,853.2766666666663,212.23333333333323,False
00000000001_,00000100000_,10,AC1_water_0_col_1_q05,7.389724936998097,-965.43,-263.99,False
00000000001_,00000200000_,1,AC1_water_3_col_1_mad,8.23410861171213,272.56666666666666,79.60000000000001,False
00000000001_,00000200000_,2,AC1_water_2_col_1_mad,7.564165207796847,336.3666666666667,112.46666666666665,False
00000000001_,00000200000_,3,AC1_water_3_col_1_std,7.495672827294741,498.677731454376,112.77659242779862,False
00000000001_,00000200000_,4,AC1_water_3_col_1_rms,7.491432314195333,498.71265982726817,112.84414408635394,False
00000000001_,00000200000_,5,AC1_water_3_col_1_q05,7.3142193772275395,-877.5299999999999,-186.6,False
00000000001_,00000200000_,6,AC1_water_3_col_1_q95,7.170260844063886,853.2766666666663,192.30999999999997,False
00000000001_,00000200000_,7,AC1_water_1_col_1_mad,7.089791089559441,366.73333333333335,105.63333333333333,False
00000000001_,00000200000_,8,AC1_water_0_col_1_std,6.893296357036355,539.1466130532395,158.09862639721507,False
00000000001_,00000200000_,9,AC1_water_0_col_1_rms,6.886420386011431,539.2654851115626,158.24086240895056,False
00000000001_,00000200000_,10,AC1_water_0_col_1_q05,6.822443597100566,-965.43,-268.6133333333333,False
00000000001_,00001000000_,1,CTR_water_0_col_0_spectral_entropy,11.843554529211188,2.008976035180175,2.184784125916529,False
00000000001_,00001000000_,2,CTR_water_0_col_0_spectral_bandwidth,10.17424751881453,1.2210017766873043,2.576241017735129,False
00000000001_,00001000000_,3,CTB_water_0_col_0_spectral_bandwidth,10.138091382926646,1.180776777299952,2.2475793275559095,False
00000000001_,00001000000_,4,CTR_water_3_col_0_spectral_entropy,9.706650369924013,2.0711231891980337,2.267966338932444,False
00000000001_,00001000000_,5,VRY_water_0_col_1_spectral_bandwidth,8.391889767366921,1.065481375506401,1.8466814701005447,False
00000000001_,00001000000_,6,CTB_water_0_col_0_spectral_entropy,8.182449956039818,2.0011252711956544,2.134726817293608,False
00000000001_,00001000000_,7,CV1_water_0_col_0_spectral_bandwidth,7.332660596305953,1.545786101032185,2.443418763137913,False
00000000001_,00001000000_,8,CTB_water_3_col_0_spectral_entropy,7.168614431414514,2.03400893188717,2.172134234910058,False
00000000001_,00001000000_,9,CTR_water_1_col_0_spectral_entropy,6.7813751197848005,2.0233783228999584,2.1849021172385092,False
00000000001_,00001000000_,10,CTB_water_1_col_0_spectral_entropy,6.252276723782155,2.011705892565209,2.135398993356442,False
00000000001_,00002000000_,1,CV1_water_1_col_0_spectral_bandwidth,5.337927553002712,1.6131914377075829,2.1761669848636385,False
00000000001_,00002000000_,2,CTB_water_1_col_0_spectral_bandwidth,4.97207724437643,1.260445662443495,1.9196981581584225,False
00000000001_,00002000000_,3,CTR_water_1_col_0_spectral_bandwidth,4.6632746797112805,1.3299735168205684,2.0410055036906036,False
00000000001_,00002000000_,4,AC1_water_0_col_0_contrast_freq,4.057772978735181,2.943488570534036,1.5926821454101787,False
00000000001_,00002000000_,5,SMG_air_1_col_0_kurt,3.920716802169544,-1.5227053355562,-1.4358433728874946,False
00000000001_,00002000000_,6,VRY_air_0_col_1_q95,3.8385408881235703,2814.4,2835.2666666666664,False
00000000001_,00002000000_,7,CTB_water_2_col_0_q05,3.7078490920142206,16366.853333333333,16390.06666666667,False
00000000001_,00002000000_,8,VRY_air_0_col_1_q05,3.388100803273134,831.1999999999999,809.4,False
00000000001_,00002000000_,9,VRY_air_0_col_1_mad,3.2975579796144707,638.0333333333333,614.1999999999999,False
00000000001_,00002000000_,10,CTB_water_2_col_0_q95,3.280843168873288,17368.086666666666,17345.34,False
00000000001_,00010000000_,1,AC1_water_0_col_0_wavelet_entropy,7.862759060912486,19.152572165254934,20.930222182805803,False
00000000001_,00010000000_,2,AC1_air_1_col_1_band_peak_mag_75_125,7.100587337562397,0.9865397835078257,0.3960033636854691,True
00000000001_,00010000000_,3,GYR_air_0_col_1_fft_mean,6.922064762562144,0.0078521749594894,0.001310399654892665,False
00000000001_,00010000000_,4,GYR_water_3_col_1_mad,6.872806576355728,47.699999999999996,17.8,False
00000000001_,00010000000_,5,AC1_water_1_col_1_mad,6.624584451126792,366.73333333333335,161.75,False
00000000001_,00010000000_,6,AC1_water_3_col_2_q05,6.292694194666173,289.74666666666667,687.6666666666666,False
00000000001_,00010000000_,7,AC1_water_0_col_resultant_fft_skew,6.11051012859087,13.662056402612015,31.316621558857182,False
00000000001_,00010000000_,8,AC1_water_3_col_1_mad,5.851730874781976,272.56666666666666,132.18333333333334,False
00000000001_,00010000000_,9,AC1_water_3_col_2_std,5.8424807437041455,414.5454222430599,188.8672791701308,False
00000000001_,00010000000_,10,AC1_water_3_col_2_rms,5.824507477435442,414.99128347453234,188.9427065901192,False
00000000001_,00100000000_,1,AC1_air_0_col_1_contrast_freq,4.856490950415178,1.3139516899958865,1.1311825676542748,True
00000000001_,00100000000_,2,AC1_water_0_col_0_wavelet_entropy,4.144009327853055,19.152572165254934,20.41228714969739,False
00000000001_,00100000000_,3,VRY_air_0_col_1_q95,4.096567158662471,2814.4,2840.933333333333,False
00000000001_,00100000000_,4,GYR_air_0_col_0_fft_kurtosis,3.9465853209209443,4744.87060487995,1408.3850672015276,False
00000000001_,00100000000_,5,AC1_air_0_col_0_skew,3.7883198074350477,-0.04409563522762041,-0.1612824328161968,False
00000000001_,00100000000_,6,GYR_air_0_col_0_fft_skew,3.73570409885302,61.479234947229884,30.238362139014217,False
00000000001_,00100000000_,7,AC1_water_0_col_0_contrast_freq,3.5839607116825767,2.943488570534036,1.539179058391019,False
00000000001_,00100000000_,8,AC1_water_1_col_2_fft_mean,3.3844804158030253,0.0072371593585715,0.002072028700174113,False
00000000001_,00100000000_,9,SMG_air_0_col_0_peak_width_start,3.3628301321382885,48.59773185045848,49.04828981533709,False
00000000001_,00100000000_,10,VRY_air_0_col_1_q05,3.3311539107961643,831.1999999999999,806.3333333333334,False
00000000001_,01000000000_,1,GYR_water_0_col_1_std,8.134626887406007,84.3560681292002,21.758188607727217,False
00000000001_,01000000000_,2,GYR_water_0_col_1_rms,8.134110013061592,84.36270743367741,21.762794795712896,False
00000000001_,01000000000_,3,GYR_water_0_col_1_mad,8.05311751450596,55.4,15.933333333333332,False
00000000001_,01000000000_,4,GYR_water_0_col_1_q95,7.901635724601427,10140.043333333333,10035.666666666666,False
00000000001_,01000000000_,5,GYR_water_0_col_1_q05,7.868022037815772,9853.866666666667,9962.933333333332,False
00000000001_,01000000000_,6,GYR_water_3_col_1_mad,7.5906091920044565,47.699999999999996,15.866666666666667,False
00000000001_,01000000000_,7,AC1_water_0_col_1_contrast_freq,6.038366199521088,0.765503689805838,1.186843980442548,False
00000000001_,01000000000_,8,GYR_water_2_col_1_mad,6.003989000470861,54.46666666666667,18.066666666666666,False
00000000001_,01000000000_,9,CV1_air_1_col_0_q05,5.885188755331423,1637.2666666666667,1600.0,False
00000000001_,01000000000_,10,GYR_water_2_col_1_std,5.823590853974926,83.99869951622662,24.918769123428675,False
00000000001_,10000000000_,1,AC1_water_0_col_0_wavelet_entropy,5.084783968339468,19.152572165254934,20.391679998097782,False
00000000001_,10000000000_,2,GYR_water_0_col_0_band_peak_freq_75_125,4.696249369521947,99.8302315168728,99.2868912235384,False
00000000001_,10000000000_,3,GYR_water_2_col_0_band_peak_freq_75_125,4.696249369521947,99.8302315168728,99.2868912235384,False
00000000001_,10000000000_,4,AC1_water_0_col_0_contrast_freq,4.25383563230934,2.943488570534036,1.5709561874741123,False
00000000001_,10000000000_,5,CV1_air_1_col_0_mad,3.5776012825411514,162.66666666666666,180.67499999999998,True
00000000001_,10000000000_,6,CV1_water_0_col_0_peak_magn_raw,3.298938794797416,11808666.486000001,12778799.276,False
00000000001_,10000000000_,7,CV1_water_0_col_0_mad,3.1542359022567714,505.3333333333333,543.0083333333333,True
00000000001_,10000000000_,8,GYR_water_0_col_1_mad,3.1383664408507426,55.4,30.066666666666666,False
00000000001_,10000000000_,9,CV1_air_1_col_0_std,3.137636955670531,154.67705964730408,171.46040501664723,True
00000000001_,10000000000_,10,GYR_water_0_col_1_std,2.9486405510087965,84.3560681292002,45.48862366044926,False
00000000001_,20000000000_,1,GYR_water_2_col_0_band_peak_freq_75_125,3.9264493691816402,99.8302315168728,99.35453053468002,False
00000000001_,20000000000_,2,CTR_water_1_col_0_q95,3.575621054950246,7294.133333333334,7324.316666666667,True
00000000001_,20000000000_,3,CV1_water_1_col_0_mad,3.5050105020742706,450.06666666666666,490.5083333333334,False
00000000001_,20000000000_,4,CV1_air_1_col_0_std,3.4282682055153377,154.67705964730408,172.60925073602357,True
00000000001_,20000000000_,5,CV1_air_1_col_0_q05,3.3274996601682685,1637.2666666666667,1616.625,False
00000000001_,20000000000_,6,CTR_water_1_col_0_std,3.2885743855415854,331.73306098507055,352.8240958773533,True
00000000001_,20000000000_,7,CTR_water_1_col_0_q05,3.2829226758584404,6351.983333333334,6320.308333333333,True
00000000001_,20000000000_,8,CV1_water_0_col_0_mad,3.2587566640596415,505.3333333333333,545.75,True
00000000001_,20000000000_,9,AC1_water_0_col_0_contrast_freq,3.2535742130015897,2.943488570534036,1.6518192974718138,False
00000000001_,20000000000_,10,CTR_water_0_col_0_std,3.235790946336383,361.9074234565716,389.2718073931987,True
00000000001_,30000000000_,1,AC1_air_0_col_0_q05,4.685080853606637,-805.7666666666668,-341.3883333333333,False
00000000001_,30000000000_,2,AC1_air_0_col_0_mad,4.597571884174885,338.8333333333333,139.08333333333334,False
00000000001_,30000000000_,3,AC1_air_0_col_0_std,4.493586563231877,470.8795353460603,201.63189214382749,False
00000000001_,30000000000_,4,AC1_air_0_col_0_rms,4.49263115484524,470.92075871255423,201.67167686953158,False
00000000001_,30000000000_,5,AC1_air_0_col_0_q95,4.191117693113848,775.2799999999997,341.6349999999998,False
00000000001_,30000000000_,6,VRY_air_0_col_1_q95,4.131068326706803,2814.4,2846.0333333333333,False
00000000001_,30000000000_,7,VRY_air_0_col_1_q05,3.329403533880043,831.1999999999999,803.1999999999999,False
00000000001_,30000000000_,8,CV1_water_0_col_0_mad,3.0712315476391487,505.3333333333333,542.25,True
00000000001_,30000000000_,9,CV1_air_1_col_0_mad,3.0670084469419745,162.66666666666666,180.4,True
00000000001_,30000000000_,10,CV1_water_1_col_0_mad,3.035799677171604,450.06666666666666,483.8333333333333,False
00000000001_,40000000000_,1,SMG_air_1_col_0_kurt,9.679531602612421,-1.5227053355562,-1.4269413558549986,False
00000000001_,40000000000_,2,AC1_air_0_col_0_mad,5.566347051726063,338.8333333333333,99.92,False
00000000001_,40000000000_,3,AC1_air_0_col_0_std,5.261227174188455,470.8795353460603,144.82020680210073,False
00000000001_,40000000000_,4,AC1_air_0_col_0_rms,5.260299999393787,470.92075871255423,144.92485954121827,False
00000000001_,40000000000_,5,AC1_air_0_col_0_q05,5.150427958854537,-805.7666666666668,-255.03400000000002,False
00000000001_,40000000000_,6,AC1_air_0_col_0_q95,5.069115240915742,775.2799999999997,236.83399999999997,False
00000000001_,40000000000_,7,AC1_air_1_col_0_mad,4.228820204992001,272.8333333333333,87.92,False
00000000001_,40000000000_,8,AC1_water_3_col_1_band_peak_mag_75_125,4.183027154499896,0.39439206714155484,0.9261280443772506,False
00000000001_,40000000000_,9,AC1_air_1_col_0_std,3.874848108808532,377.16755243852316,126.71628374974334,False
00000000001_,40000000000_,10,AC1_air_1_col_0_rms,3.8731129265589184,377.197124434932,126.82320252332124,False
00000000010_,00000000100_,1,GYR_water_3_col_0_rank_175_225,5.291502622129181,1.0,0.06666666666666667,False
00000000010_,00000000100_,2,GYR_water_3_col_0_rank_75_125,5.2915026221291805,0.0,0.9333333333333332,False
00000000010_,00000000100_,3,CTR_water_3_col_0_peak_width,4.443674084049362,2.580419933872222,2.5836374671038125,False
00000000010_,00000000100_,4,CTR_water_1_col_0_peak_width,4.443674084049362,2.580419933872222,2.5836374671038125,False
00000000010_,00000000100_,5,CTR_water_2_col_0_peak_width,4.443674084049362,2.580419933872222,2.5836374671038125,False
00000000010_,00000000100_,6,CTR_water_0_col_0_peak_width,4.443674084049362,2.580419933872222,2.5836374671038125,False
00000000010_,00000000100_,7,CTR_water_2_col_0_peak_width_end,4.443674084048806,51.23976725831984,51.30365827534714,False
00000000010_,00000000100_,8,CTR_water_1_col_0_peak_width_end,4.443674084048806,51.23976725831984,51.30365827534714,False
00000000010_,00000000100_,9,CTR_water_3_col_0_peak_width_end,4.443674084048806,51.23976725831984,51.30365827534714,False
00000000010_,00000000100_,10,CTR_water_0_col_0_peak_width_end,4.443674084048806,51.23976725831984,51.30365827534714,False
00000000010_,00000000200_,1,PRS_water_3_col_0_q05,6.04743156814763,152.66666666666666,142.0,False
00000000010_,00000000200_,2,CTR_water_3_col_0_q05,5.757123416166038,6524.666666666667,6480.133333333334,False
00000000010_,00000000200_,3,CTR_water_3_col_0_q95,5.246525198938133,7125.333333333333,7168.066666666666,False
00000000010_,00000000200_,4,CTR_water_3_col_0_std,5.178881192453732,209.78007219898882,240.31046839202895,False
00000000010_,00000000200_,5,SMG_water_2_col_0_mad,5.045047572622088,577.5333333333333,560.7333333333333,False
00000000010_,00000000200_,6,CTR_water_3_col_0_peak_magn_raw,5.026719381872075,4852153.268,5586660.666,False
00000000010_,00000000200_,7,CV1_water_3_col_0_mad,5.023099855392485,336.3,368.06666666666666,False
00000000010_,00000000200_,8,CV1_water_3_col_0_std,4.9877028441627385,332.007034243079,362.4576758992193,False
00000000010_,00000000200_,9,CTB_water_3_col_0_std,4.8812684975363805,322.4066561926502,351.9984994870244,False
00000000010_,00000000200_,10,PRS_water_3_col_0_rms,4.8211289685575185,162.75944821212633,153.21652911543302,False
00000000010_,00000001000_,1,CTR_air_1_col_0_q95,18.102577099533033,7098.933333333333,6968.533333333333,True
00000000010_,00000001000_,2,CTR_air_1_col_0_peak_magn_raw,17.817324506879032,4450316.046,2362929.6599999997,True
00000000010_,00000001000_,3,CTR_air_1_col_0_std,17.585838063913524,192.16021720229617,101.50029256607881,True
00000000010_,00000001000_,4,CTR_air_1_col_0_mad,16.211225566126338,188.86666666666667,101.60000000000001,True
00000000010_,00000001000_,5,CTR_air_1_col_0_q05,11.837259810447836,6551.666666666667,6683.733333333334,True
00000000010_,00000001000_,6,CTR_water_2_col_0_std,11.303098265446218,344.0537054495674,245.53709990402652,True
00000000010_,00000001000_,7,CTR_water_2_col_0_mad,11.294482266171883,341.40000000000003,242.0,True
00000000010_,00000001000_,8,CTR_water_2_col_0_q05,11.29198697743908,6341.2,6478.066666666667,True
00000000010_,00000001000_,9,CTR_water_2_col_0_q95,10.780804449800439,7306.466666666667,7171.133333333334,True
00000000010_,00000001000_,10,CTR_air_0_col_0_peak_magn_raw,10.05030091824296,9917078.81,7705639.880666666,True
00000000010_,00000010000_,1,CTB_water_0_col_0_mad,5.486463392640949,489.6666666666667,511.76666666666665,True
00000000010_,00000010000_,2,VRY_air_0_col_1_mad,3.9352808786289746,641.2666666666667,613.2333333333333,False
00000000010_,00000010000_,3,AC1_water_3_col_0_wavelet_max_energy_ratio,3.8023352694278016,3.531069745695446e-05,1.797636208313917e-05,False
00000000010_,00000010000_,4,VRY_water_2_col_1_mad,3.5887153075017175,610.2666666666668,590.2333333333333,False
00000000010_,00000010000_,5,CTB_water_2_col_0_peak_width,3.5407736685375815,2.601979654642324,2.6048850964703276,False
00000000010_,00000010000_,6,CTB_water_0_col_0_peak_width,3.5407736685375815,2.601979654642324,2.6048850964703276,False
00000000010_,00000010000_,7,CTB_water_1_col_0_peak_width,3.5407736685375815,2.601979654642324,2.6048850964703276,False
00000000010_,00000010000_,8,CTB_water_3_col_0_peak_width,3.5407736685375815,2.601979654642324,2.6048850964703276,False
00000000010_,00000010000_,9,CTB_water_0_col_0_peak_width_start,3.540773668537258,48.69419067973493,48.74856394823041,False
00000000010_,00000010000_,10,CTB_water_2_col_0_peak_width_start,3.540773668537258,48.69419067973493,48.74856394823041,False
00000000010_,00000100000_,1,AC1_water_3_col_0_q95,12.842174323904075,1530.1066666666666,303.68999999999977,False
00000000010_,00000100000_,2,AC1_water_0_col_1_rms,11.865806463597217,559.6912397692083,148.968463041666,False
00000000010_,00000100000_,3,AC1_water_0_col_1_std,11.858531393443803,559.4910136629642,148.93040545655398,False
00000000010_,00000100000_,4,AC1_water_3_col_0_rms,11.70238408194218,907.9046753429596,183.30632923155,False
00000000010_,00000100000_,5,AC1_water_3_col_0_std,11.70198493849619,907.8739198760136,183.25493284731013,False
00000000010_,00000100000_,6,AC1_water_0_col_1_mad,11.290163650730543,341.4666666666667,94.13333333333333,False
00000000010_,00000100000_,7,AC1_water_0_col_1_q05,11.180050581153097,-1000.3066666666667,-263.99,False
00000000010_,00000100000_,8,AC1_water_3_col_0_q05,11.010773112074757,-1552.256666666667,-309.82666666666665,False
00000000010_,00000100000_,9,AC1_water_0_col_1_q95,10.963589805381615,936.0033333333331,240.98333333333332,False
00000000010_,00000100000_,10,AC1_water_3_col_0_mad,10.844605802807894,631.8666666666667,132.76666666666668,False
00000000010_,00000200000_,1,AC1_water_3_col_0_q95,9.720313082239176,1530.1066666666666,357.93333333333334,False
00000000010_,00000200000_,2,AC1_water_0_col_1_q05,9.641510695118077,-1000.3066666666667,-268.6133333333333,False
00000000010_,00000200000_,3,AC1_water_0_col_1_std,9.415516612703128,559.4910136629642,158.09862639721507,False
00000000010_,00000200000_,4,AC1_water_0_col_1_rms,9.408590717395237,559.6912397692083,158.24086240895056,False
00000000010_,00000200000_,5,GYR_water_0_col_1_q95,9.028205249582099,10188.496666666666,10054.866666666667,False
00000000010_,00000200000_,6,AC1_water_3_col_0_q05,9.02675342606446,-1552.256666666667,-348.59999999999997,False
00000000010_,00000200000_,7,AC1_water_2_col_1_q05,9.02371507275485,-1091.25,-267.17333333333335,False
00000000010_,00000200000_,8,GYR_water_0_col_1_rms,9.014259441924027,112.51043615427336,33.53558840166795,False
00000000010_,00000200000_,9,GYR_water_0_col_1_std,9.01350232158169,112.50401239306773,33.53097295688234,False
00000000010_,00000200000_,10,GYR_water_0_col_1_q05,8.985518599509508,9803.94,9942.800000000001,False
00000000010_,00001000000_,1,CTR_water_3_col_0_spectral_entropy,9.933655543264626,2.102700539452169,2.267966338932444,False
00000000010_,00001000000_,2,AC1_water_1_col_0_mad,7.243767287272072,806.0333333333333,312.23333333333335,False
00000000010_,00001000000_,3,AC1_water_1_col_0_rms,7.2337272902794805,1105.074490303593,446.50228419649403,False
00000000010_,00001000000_,4,AC1_water_1_col_0_std,7.23313317535621,1105.0206407660792,446.4273879753926,False
00000000010_,00001000000_,5,AC1_water_3_col_0_q95,7.069726391331954,1530.1066666666666,721.8299999999999,False
00000000010_,00001000000_,6,AC1_water_1_col_0_q95,7.062714136351603,1825.3433333333326,746.5499999999998,False
00000000010_,00001000000_,7,AC1_water_1_col_0_q05,7.0069651350438,-1862.4833333333333,-764.4133333333333,False
00000000010_,00001000000_,8,GYR_water_0_col_1_q05,6.768358598887873,9803.94,9930.236666666666,False
00000000010_,00001000000_,9,GYR_water_0_col_1_rms,6.764592470577453,112.51043615427336,40.44443712067407,False
00000000010_,00001000000_,10,GYR_water_0_col_1_std,6.763683453308903,112.50401239306773,40.4406936558728,False
00000000010_,00002000000_,1,AC1_water_2_col_0_contrast_freq,6.924890446051991,3.4591105552375185,1.5346332272854302,False
00000000010_,00002000000_,2,PRS_water_3_col_0_q05,6.04743156814763,152.66666666666666,142.0,False
00000000010_,00002000000_,3,AC1_water_1_col_0_rms,5.9561113715605405,1105.074490303593,539.5417250601587,False
00000000010_,00002000000_,4,AC1_water_1_col_0_std,5.956052921859878,1105.0206407660792,539.4559350082352,False
00000000010_,00002000000_,5,AC1_water_1_col_0_contrast_freq,5.924343869268876,3.453481151750566,1.6208112626376225,False
00000000010_,00002000000_,6,AC1_water_1_col_0_q95,5.923150938392513,1825.3433333333326,906.8999999999997,False
00000000010_,00002000000_,7,AC1_water_1_col_0_q05,5.778867755217319,-1862.4833333333333,-917.8866666666667,False
00000000010_,00002000000_,8,AC1_water_3_col_0_contrast_freq,5.726809856045807,3.145576587260868,1.6050145076173539,False
00000000010_,00002000000_,9,AC1_water_3_col_0_q95,5.696276396193437,1530.1066666666666,799.1733333333332,False
00000000010_,00002000000_,10,AC1_water_1_col_0_mad,5.629674939983772,806.0333333333333,374.26666666666665,False
00000000010_,00010000000_,1,AC1_water_1_col_0_std,9.815389988776086,1105.0206407660792,262.9496314688879,False
00000000010_,00010000000_,2,AC1_water_1_col_0_rms,9.812246958762943,1105.074490303593,263.2225776523787,False
00000000010_,00010000000_,3,AC1_water_1_col_0_q95,9.781558042405946,1825.3433333333326,445.21666666666664,False
00000000010_,00010000000_,4,AC1_water_1_col_0_q05,9.711945716194133,-1862.4833333333333,-434.205,False
00000000010_,00010000000_,5,AC1_water_1_col_0_mad,9.192384063799077,806.0333333333333,190.11666666666667,False
00000000010_,00010000000_,6,GYR_water_3_col_1_mad,9.134081547943659,59.199999999999996,17.8,False
00000000010_,00010000000_,7,GYR_water_3_col_1_std,9.116488083968617,96.64398891869182,25.034632821962333,False
00000000010_,00010000000_,8,GYR_water_3_col_1_rms,9.115237592575808,96.65577562852361,25.048407962217613,False
00000000010_,00010000000_,9,GYR_water_3_col_1_q05,9.060754768398047,9829.733333333332,9957.332499999999,False
00000000010_,00010000000_,10,AC1_water_3_col_0_q95,8.923970198666279,1530.1066666666666,370.58999999999975,False
00000000010_,00100000000_,1,AC1_water_3_col_0_wavelet_max_energy_ratio,5.913265591267551,3.531069745695446e-05,1.1801332588888575e-05,False
00000000010_,00100000000_,2,GYR_water_0_col_1_mad,5.886469177422737,73.60000000000001,34.333333333333336,False
00000000010_,00100000000_,3,GYR_water_0_col_1_std,5.312184948393035,112.50401239306773,51.353190080533714,False
00000000010_,00100000000_,4,GYR_water_0_col_1_rms,5.311890444317728,112.51043615427336,51.360117624120456,False
00000000010_,00100000000_,5,GYR_water_0_col_1_q95,5.2046970200862654,10188.496666666666,10085.266666666666,False
00000000010_,00100000000_,6,GYR_water_0_col_1_q05,5.094817513249881,9803.94,9910.276666666667,False
00000000010_,00100000000_,7,AC1_water_2_col_0_contrast_freq,4.64862272364148,3.4591105552375185,1.7093553121269427,False
00000000010_,00100000000_,8,AC1_water_1_col_0_wavelet_entropy,4.51347089308131,18.590280787717205,20.148304161343695,False
00000000010_,00100000000_,9,AC1_water_2_col_0_wavelet_entropy,4.32842761159943,18.553302501254002,20.175340555186146,False
00000000010_,00100000000_,10,AC1_water_1_col_0_contrast_freq,4.212296731460929,3.453481151750566,1.7535001600398126,False
00000000010_,01000000000_,1,GYR_water_0_col_1_rms,11.80090587256823,112.51043615427336,21.762794795712896,False
00000000010_,01000000000_,2,GYR_water_0_col_1_std,11.799147214605707,112.50401239306773,21.758188607727217,False
00000000010_,01000000000_,3,GYR_water_0_col_1_q95,11.696284979820739,10188.496666666666,10035.666666666666,False
00000000010_,01000000000_,4,GYR_water_0_col_1_mad,11.638292622949804,73.60000000000001,15.933333333333332,False
00000000010_,01000000000_,5,GYR_water_0_col_1_q05,11.48523837470084,9803.94,9962.933333333332,False
00000000010_,01000000000_,6,AC1_water_3_col_0_q95,10.64311043633076,1530.1066666666666,387.29333333333324,False
00000000010_,01000000000_,7,GYR_water_3_col_1_rms,10.08848548152333,96.65577562852361,21.625466756553436,False
00000000010_,01000000000_,8,GYR_water_3_col_1_std,10.086064058140954,96.64398891869182,21.620021895371405,False
00000000010_,01000000000_,9,GYR_water_3_col_1_mad,9.888290654204228,59.199999999999996,15.866666666666667,False
00000000010_,01000000000_,10,AC1_water_3_col_0_rms,9.868072350932465,907.9046753429596,235.51007307948817,False
00000000010_,10000000000_,1,GYR_water_0_col_1_mad,5.371098403885514,73.60000000000001,30.066666666666666,False
00000000010_,10000000000_,2,AC1_water_3_col_0_q95,5.198857669407541,1530.1066666666666,655.3854166666663,False
00000000010_,10000000000_,3,GYR_water_0_col_1_std,5.085037756846284,112.50401239306773,45.48862366044926,False
00000000010_,10000000000_,4,GYR_water_0_col_1_q95,5.084530678628064,10188.496666666666,10075.135,False
00000000010_,10000000000_,5,GYR_water_0_col_1_rms,5.084340748410135,112.51043615427336,45.49760252228955,False
00000000010_,10000000000_,6,AC1_water_3_col_0_rms,5.038538627199289,907.9046753429596,389.49793784956864,False
00000000010_,10000000000_,7,AC1_water_3_col_0_std,5.037834235787385,907.8739198760136,389.44839381850625,False
00000000010_,10000000000_,8,AC1_water_3_col_0_wavelet_entropy,5.022325357610497,18.755457107006787,20.44864817722258,False
00000000010_,10000000000_,9,AC1_water_3_col_0_q05,4.964562014732796,-1552.256666666667,-657.3299999999999,False
00000000010_,10000000000_,10,GYR_water_0_col_1_q05,4.905592060313272,9803.94,9920.066666666668,False
00000000010_,20000000000_,1,AC1_water_3_col_0_wavelet_max_energy_ratio,4.631162162923647,3.531069745695446e-05,1.473341146328428e-05,False
00000000010_,20000000000_,2,CTR_water_3_col_0_q05,4.415926324841123,6524.666666666667,6479.641666666666,False
00000000010_,20000000000_,3,AC1_water_1_col_0_contrast_freq,4.283821686600618,3.453481151750566,1.868579326467419,False
00000000010_,20000000000_,4,CV1_water_0_col_0_mad,4.167193435242889,511.2666666666667,545.75,True
00000000010_,20000000000_,5,CTR_water_0_col_0_q95,4.165548420078467,7333.400000000001,7376.366666666666,False
00000000010_,20000000000_,6,AC1_water_1_col_0_wavelet_max_energy,4.139689513009608,87600626.52132136,16791069.536145944,False
00000000010_,20000000000_,7,CTR_water_0_col_0_std,4.104492658343565,358.7097533839039,389.2718073931987,True
00000000010_,20000000000_,8,CTR_water_0_col_0_q05,4.066940477137396,6313.2,6269.458333333333,False
00000000010_,20000000000_,9,CTR_water_3_col_0_std,4.055044445500181,209.78007219898882,240.77068985248434,False
00000000010_,20000000000_,10,AC1_water_3_col_0_q95,4.040101452953104,1530.1066666666666,728.2016666666665,False
00000000010_,30000000000_,1,GYR_water_1_col_2_rms,5.4331031707106945,317.9074859126215,100.39180594832631,False
00000000010_,30000000000_,2,GYR_water_1_col_2_std,5.433013527529322,317.8947980320061,100.38495369245186,False
00000000010_,30000000000_,3,GYR_water_1_col_2_q05,5.417776763652466,9443.6,9825.821666666667,False
00000000010_,30000000000_,4,GYR_water_1_col_2_mad,5.40142125593406,204.66666666666666,67.13333333333333,False
00000000010_,30000000000_,5,GYR_water_1_col_2_q95,5.401162460669689,10537.64,10167.33,False
00000000010_,30000000000_,6,GYR_water_0_col_2_std,5.011929335043532,264.4102055470875,84.01772414820755,False
00000000010_,30000000000_,7,GYR_water_0_col_2_rms,5.011904240321264,264.4200087542891,84.02271650359565,False
00000000010_,30000000000_,8,GYR_water_0_col_2_mad,5.008610014950526,172.03333333333333,59.26666666666667,False
00000000010_,30000000000_,9,GYR_water_3_col_2_q05,5.003519440674967,9549.456666666667,9854.464999999998,False
00000000010_,30000000000_,10,GYR_water_0_col_2_q95,4.961309344127367,10445.366666666667,10139.058333333332,False
00000000010_,40000000000_,1,AC1_water_2_col_0_contrast_freq,5.903082380917159,3.4591105552375185,1.4844420426366622,False
00000000010_,40000000000_,2,AC1_water_1_col_0_wavelet_entropy,5.6241317270196465,18.590280787717205,20.529988575144067,False
00000000010_,40000000000_,3,CTR_water_3_col_0_q05,5.386106918080726,6524.666666666667,6484.32,False
00000000010_,40000000000_,4,AC1_water_1_col_0_contrast_freq,5.361730277980597,3.453481151750566,1.4922586803227875,False
00000000010_,40000000000_,5,AC1_water_2_col_0_wavelet_entropy,5.3511295799031515,18.553302501254002,20.546833080066982,False
00000000010_,40000000000_,6,SMG_air_1_col_0_kurt,5.090311393403052,-1.5205919470321554,-1.4269413558549986,False
00000000010_,40000000000_,7,CTR_water_3_col_0_q95,4.945895092109955,7125.333333333333,7162.88,False
00000000010_,40000000000_,8,CTR_water_3_col_0_std,4.903727786561659,209.78007219898882,237.25390318233448,False
00000000010_,40000000000_,9,GYR_water_1_col_2_q05,4.828744143641138,9443.6,9866.738000000001,False
00000000010_,40000000000_,10,GYR_water_1_col_2_q95,4.827437327776853,10537.64,10127.996,False
00000000100_,00000000200_,1,SMG_water_1_col_0_peak_magn_raw,3.9480957436227673,12963850.547333332,10104422.78,False
00000000100_,00000000200_,2,SMG_water_1_col_0_std,3.8804025138182254,544.6789261393785,425.1877399153418,False
00000000100_,00000000200_,3,SMG_air_1_col_0_kurt,3.8306553435443704,-1.4147811062157534,-1.5233489248067615,False
00000000100_,00000000200_,4,CTB_water_3_col_0_std,3.5979080488194075,324.4381440249808,351.9984994870244,False
00000000100_,00000000200_,5,CTB_water_0_col_0_peak_magn_raw,3.596100448412595,11161879.035333334,11799598.356666667,True
00000000100_,00000000200_,6,CTB_water_3_col_0_q95,3.5171047193893057,17324.243333333332,17360.86666666667,False
00000000100_,00000000200_,7,SMG_water_1_col_0_mad,3.5151536357332405,532.0333333333333,423.5333333333333,False
00000000100_,00000000200_,8,AC1_water_1_col_resultant_fft_skew,3.4926930127880977,10.298937328833903,28.146434867467335,False
00000000100_,00000000200_,9,CV1_water_0_col_0_q05,3.4884260038914188,1131.3333333333333,1100.3999999999999,True
00000000100_,00000000200_,10,CTB_water_1_col_0_peak_magn_raw,3.485441562753581,9892514.551333332,10523790.344666667,False
00000000100_,00000001000_,1,CTR_air_1_col_0_q95,11.300212983580215,7086.0,6968.533333333333,True
00000000100_,00000001000_,2,CTR_air_1_col_0_std,10.623432368235862,185.7193823333815,101.50029256607881,True
00000000100_,00000001000_,3,CTR_air_1_col_0_peak_magn_raw,10.2731534216215,4328604.64,2362929.6599999997,True
00000000100_,00000001000_,4,CTR_air_1_col_0_q05,9.723729503429775,6567.266666666666,6683.733333333334,True
00000000100_,00000001000_,5,CTR_air_1_col_0_mad,9.277347996833853,184.9333333333333,101.60000000000001,True
00000000100_,00000001000_,6,CV1_air_0_col_0_peak_magn_raw,8.954100452894478,7812840.030666667,5760062.142,True
00000000100_,00000001000_,7,CV1_air_0_col_0_kurt,8.810035982136126,-1.4614133143724122,-1.6271531317054049,True
00000000100_,00000001000_,8,CV1_air_0_col_0_std,8.691406004515791,331.47482379313936,246.93969794516707,True
00000000100_,00000001000_,9,CV1_air_0_col_0_q95,8.53272518000518,2322.6,2174.5466666666666,True
00000000100_,00000001000_,10,CTR_air_0_col_0_peak_magn_raw,8.524040174228348,9898859.010666667,7705639.880666666,True
00000000100_,00000010000_,1,AC1_air_1_col_resultant_band_peak_mag_175_225,6.36658560863643,0.9082754314849706,0.13201487507941054,False
00000000100_,00000010000_,2,AC1_air_1_col_2_band_peak_mag_175_225,5.987050357518643,0.8987080688600319,0.12659317779403031,False
00000000100_,00000010000_,3,AC1_air_1_col_resultant_log_band_power_ratio,5.41388913131646,-0.9988943851294246,3.3825645827204185,False
00000000100_,00000010000_,4,GYR_water_3_col_0_rank_175_225,5.291502622129181,0.06666666666666667,1.0,False
00000000100_,00000010000_,5,GYR_water_3_col_0_rank_75_125,5.2915026221291805,0.9333333333333332,0.0,False
00000000100_,00000010000_,6,AC1_air_1_col_resultant_relative_band_power_175_225,5.072029228714003,0.3960225583351269,0.02265479037454639,False
00000000100_,00000010000_,7,GYR_air_1_col_0_log_band_power_ratio,4.72831080684361,-0.8753334574167145,3.836172336260208,False
00000000100_,00000010000_,8,AC1_air_1_col_2_log_band_power_ratio,4.28777821228533,-1.5285772278682934,3.6785500898958055,False
00000000100_,00000010000_,9,GYR_water_3_col_0_log_band_power_ratio,4.033745164065894,-0.3772752846965517,2.689681005082015,False
00000000100_,00000010000_,10,GYR_air_1_col_0_band_peak_mag_175_225,3.9863043770728703,0.8075543160917924,0.10575915737582049,False
00000000100_,00000100000_,1,AC1_water_2_col_2_q05,5.372298898496924,193.99333333333334,694.0200000000001,False
00000000100_,00000100000_,2,AC1_water_0_col_0_log_band_power_ratio,5.313602654088594,-1.588956527184953,1.0340266312097264,False
00000000100_,00000100000_,3,GYR_water_3_col_0_rank_175_225,5.291502622129181,0.06666666666666667,1.0,False
00000000100_,00000100000_,4,AC1_water_0_col_0_rank_175_225,5.291502622129181,0.06666666666666667,1.0,False
00000000100_,00000100000_,5,GYR_water_3_col_0_rank_75_125,5.2915026221291805,0.9333333333333332,0.0,False
00000000100_,00000100000_,6,AC1_water_0_col_0_rank_75_125,5.2915026221291805,0.9333333333333332,0.0,False
00000000100_,00000100000_,7,GYR_water_1_col_0_relative_band_power_75_125,5.280702303242162,0.12615496102696688,0.5269278401475053,False
00000000100_,00000100000_,8,AC1_water_3_col_1_log_band_power_ratio,4.68971995767224,0.27995307699261296,3.358437942391292,False
00000000100_,00000100000_,9,AC1_water_2_col_2_rms,4.5962567182716425,474.5768266248062,187.1187262439944,False
00000000100_,00000100000_,10,AC1_water_2_col_2_std,4.582418980320719,473.93930311044824,187.02831483619875,False
00000000100_,00000200000_,1,GYR_water_3_col_0_rank_175_225,5.291502622129181,0.06666666666666667,1.0,False
00000000100_,00000200000_,2,GYR_water_3_col_1_rank_175_225,5.291502622129181,0.06666666666666667,1.0,False
00000000100_,00000200000_,3,GYR_water_3_col_0_rank_75_125,5.2915026221291805,0.9333333333333332,0.0,False
00000000100_,00000200000_,4,GYR_water_3_col_1_rank_75_125,5.2915026221291805,0.9333333333333332,0.0,False
00000000100_,00000200000_,5,CTB_water_0_col_0_q05,5.19503205852677,16189.333333333334,16143.6,True
00000000100_,00000200000_,6,CTB_water_1_col_0_std,4.898341097987395,427.60180810310584,460.54057445073596,False
00000000100_,00000200000_,7,CTB_water_0_col_0_peak_magn_raw,4.783355645672182,11161879.035333334,11990814.148666667,True
00000000100_,00000200000_,8,AC1_air_1_col_resultant_band_peak_mag_175_225,4.751541792301308,0.9082754314849706,0.2443469879826441,False
00000000100_,00000200000_,9,GYR_water_3_col_0_log_band_power_ratio,4.685036421740949,-0.3772752846965517,3.053849303414362,False
00000000100_,00000200000_,10,CTB_water_1_col_0_peak_magn_raw,4.673078822344248,9892514.551333332,10669959.618666666,False
00000000100_,00001000000_,1,GYR_water_0_col_1_mad,3.9589899130860347,83.66666666666667,27.533333333333335,False
00000000100_,00001000000_,2,GYR_water_0_col_1_rms,3.882319061463608,121.23806185638814,40.44443712067407,False
00000000100_,00001000000_,3,GYR_water_0_col_1_std,3.882010953640153,121.2304975755156,40.4406936558728,False
00000000100_,00001000000_,4,GYR_water_0_col_1_q05,3.8700090639359024,9790.383333333333,9930.236666666666,False
00000000100_,00001000000_,5,GYR_water_0_col_1_q95,3.802514747707625,10201.713333333333,10067.133333333333,False
00000000100_,00001000000_,6,AC1_water_0_col_1_log_band_power_ratio,3.7213798657332573,0.6215110005284826,2.5498450256459524,False
00000000100_,00001000000_,7,VRY_water_3_col_1_kurt,3.320415257154303,-1.4559130221854686,-1.4691278170869368,True
00000000100_,00001000000_,8,GYR_air_0_col_2_band_peak_mag_75_125,3.210772753423453,0.32480722117092903,0.9075396223150586,False
00000000100_,00001000000_,9,GYR_air_0_col_2_contrast_freq,2.9536840262857442,0.7777080233514228,1.1397534487995526,False
00000000100_,00001000000_,10,GYR_water_3_col_1_q05,2.9462595490244152,9814.733333333334,9933.199999999999,False
00000000100_,00002000000_,1,GYR_water_3_col_0_rank_175_225,5.291502622129181,0.06666666666666667,1.0,False
00000000100_,00002000000_,2,GYR_water_3_col_0_rank_75_125,5.2915026221291805,0.9333333333333332,0.0,False
00000000100_,00002000000_,3,GYR_water_3_col_0_log_band_power_ratio,3.1831998569522684,-0.3772752846965517,1.8508510875976152,False
00000000100_,00002000000_,4,GYR_water_0_col_1_mad,2.8504000062354766,83.66666666666667,43.96666666666667,False
00000000100_,00002000000_,5,AC1_air_1_col_resultant_relative_band_power_175_225,2.784428281556541,0.3960225583351269,0.13163607162950075,False
00000000100_,00002000000_,6,SMG_water_0_col_0_kurt,2.731028043042672,-1.4738814636084066,-1.5367523235533842,False
00000000100_,00002000000_,7,AC1_water_3_col_2_log_band_power_ratio,2.599128878042751,0.16914468795588647,2.3005435629480906,False
00000000100_,00002000000_,8,GYR_water_0_col_1_std,2.4964961074297767,121.2304975755156,68.45256904033427,False
00000000100_,00002000000_,9,GYR_water_0_col_1_rms,2.4963127123567137,121.23806185638814,68.46496509451643,False
00000000100_,00002000000_,10,GYR_water_3_col_0_relative_band_power_175_225,2.485830760864765,0.10881400666954376,0.03157823565882977,False
00000000100_,00010000000_,1,AC1_water_0_col_2_fft_skew,6.729604832706151,11.342271269938712,34.967789403422465,False
00000000100_,00010000000_,2,AC1_water_0_col_resultant_fft_skew,6.591449933703256,10.89445007263779,31.316621558857182,False
00000000100_,00010000000_,3,AC1_water_0_col_0_log_band_power_ratio,6.109153785018378,-1.588956527184953,2.6475369274524057,False
00000000100_,00010000000_,4,AC1_air_1_col_1_band_peak_mag_75_125,6.090111840561145,0.977718865142382,0.3960033636854691,True
00000000100_,00010000000_,5,AC1_water_0_col_2_fft_kurtosis,5.434272687972067,248.68693128822682,1576.478550900433,False
00000000100_,00010000000_,6,GYR_air_0_col_1_fft_skew,5.428966961290911,9.763611550554844,63.63890020525778,True
00000000100_,00010000000_,7,AC1_water_0_col_resultant_fft_kurtosis,5.370539810053933,227.45029978714834,1342.5958412009502,False
00000000100_,00010000000_,8,AC1_water_1_col_resultant_fft_skew,5.362600705523839,10.298937328833903,28.38324379197256,False
00000000100_,00010000000_,9,GYR_water_3_col_0_rank_175_225,5.291502622129181,0.06666666666666667,1.0,False
00000000100_,00010000000_,10,AC1_water_0_col_0_rank_175_225,5.291502622129181,0.06666666666666667,1.0,False
00000000100_,00100000000_,1,AC1_air_1_col_resultant_relative_band_power_175_225,3.965675990879727,0.3960225583351269,0.0765997682423986,False
00000000100_,00100000000_,2,AC1_air_1_col_resultant_band_peak_mag_175_225,3.5383749502843704,0.9082754314849706,0.2963318107734669,False
00000000100_,00100000000_,3,GYR_water_0_col_1_mad,3.496952032121979,83.66666666666667,34.333333333333336,False
00000000100_,00100000000_,4,GYR_water_1_col_0_wavelet_std_energy,3.4675372904510793,0.11278684962922621,0.20034093267390607,False
00000000100_,00100000000_,5,AC1_water_1_col_2_fft_mean,3.435664056407365,0.008600803348659427,0.002072028700174113,False
00000000100_,00100000000_,6,AC1_water_3_col_2_fft_skew,3.3914622159979966,11.141675683131076,39.433491764976175,False
00000000100_,00100000000_,7,AC1_water_1_col_2_fft_skew,3.3667173748407118,10.840645708758629,46.07740144379515,False
00000000100_,00100000000_,8,GYR_water_0_col_1_rms,3.2863682782387924,121.23806185638814,51.360117624120456,False
00000000100_,00100000000_,9,GYR_water_0_col_1_std,3.286363023569587,121.2304975755156,51.353190080533714,False
00000000100_,00100000000_,10,GYR_water_0_col_1_q95,3.2221484744252935,10201.713333333333,10085.266666666666,False
00000000100_,01000000000_,1,AC1_air_1_col_resultant_band_peak_mag_175_225,6.212784257791675,0.9082754314849706,0.1547160330947647,False
00000000100_,01000000000_,2,AC1_water_0_col_1_contrast_freq,6.08893517732081,0.6990724053663383,1.186843980442548,False
00000000100_,01000000000_,3,AC1_air_1_col_2_band_peak_mag_175_225,6.022278843755421,0.8987080688600319,0.13502040384468808,False
00000000100_,01000000000_,4,GYR_water_3_col_1_rank_175_225,5.291502622129181,0.06666666666666667,1.0,False
00000000100_,01000000000_,5,GYR_water_3_col_1_rank_75_125,5.2915026221291805,0.9333333333333332,0.0,False
00000000100_,01000000000_,6,GYR_water_0_col_1_rms,5.111571167652429,121.23806185638814,21.762794795712896,False
00000000100_,01000000000_,7,GYR_water_0_col_1_std,5.111277616005885,121.2304975755156,21.758188607727217,False
00000000100_,01000000000_,8,GYR_water_0_col_1_q05,5.0895917323434485,9790.383333333333,9962.933333333332,False
00000000100_,01000000000_,9,GYR_water_0_col_1_mad,5.061558903804462,83.66666666666667,15.933333333333332,False
00000000100_,01000000000_,10,GYR_water_0_col_1_q95,5.044689867071941,10201.713333333333,10035.666666666666,False
00000000100_,10000000000_,1,GYR_water_3_col_0_rank_175_225,5.291502622129181,0.06666666666666667,1.0,False
00000000100_,10000000000_,2,GYR_water_3_col_0_rank_75_125,5.2915026221291805,0.9333333333333332,0.0,False
00000000100_,10000000000_,3,CV1_water_0_col_0_peak_magn_raw,4.183183313429314,11833426.915333332,12778799.276,False
00000000100_,10000000000_,4,CV1_water_0_col_0_q05,3.8460483152498757,1131.3333333333333,1081.1583333333333,True
00000000100_,10000000000_,5,GYR_water_3_col_0_log_band_power_ratio,3.7766149979340873,-0.3772752846965517,1.9059681961002235,False
00000000100_,10000000000_,6,CV1_water_0_col_0_std,3.731741244375696,507.70750320713233,543.0672269776942,True
00000000100_,10000000000_,7,GYR_water_0_col_1_mad,3.6119285410562116,83.66666666666667,30.066666666666666,False
00000000100_,10000000000_,8,AC1_water_0_col_1_log_band_power_ratio,3.549737718605276,0.6215110005284826,2.859134106910204,False
00000000100_,10000000000_,9,GYR_water_0_col_1_std,3.4102794502876854,121.2304975755156,45.48862366044926,False
00000000100_,10000000000_,10,GYR_water_0_col_1_rms,3.4101166965307823,121.23806185638814,45.49760252228955,False
00000000100_,20000000000_,1,GYR_water_3_col_0_rank_175_225,5.291502622129181,0.06666666666666667,1.0,False
00000000100_,20000000000_,2,GYR_water_3_col_0_rank_75_125,5.2915026221291805,0.9333333333333332,0.0,False
00000000100_,20000000000_,3,CTB_water_1_col_0_q05,4.274267125917406,16273.533333333333,16216.383333333333,False
00000000100_,20000000000_,4,CTB_water_0_col_0_q05,4.127037673023792,16189.333333333334,16130.966666666667,True
00000000100_,20000000000_,5,CTB_water_0_col_0_std,4.125135262222278,483.27750910642834,524.2853815471335,True
00000000100_,20000000000_,6,CTR_water_1_col_0_mad,4.110170757826559,322.06666666666666,348.1041666666667,True
00000000100_,20000000000_,7,CTB_water_1_col_0_std,4.023160363471783,427.60180810310584,468.86501064854656,False
00000000100_,20000000000_,8,CTB_water_1_col_0_q95,3.8945432029296168,17458.333333333332,17517.708333333332,False
00000000100_,20000000000_,9,CTB_water_0_col_0_q95,3.8835220982278242,17546.2,17605.575,True
00000000100_,20000000000_,10,CTR_water_0_col_0_std,3.8350548909190394,359.55426976381796,389.2718073931987,True
00000000100_,30000000000_,1,CTB_water_0_col_0_peak_magn_raw,4.536160422769225,11161879.035333334,12162280.981999999,True
00000000100_,30000000000_,2,CTB_water_1_col_0_peak_magn_raw,4.159434017265034,9892514.551333332,10728484.312666668,False
00000000100_,30000000000_,3,CTB_water_0_col_0_std,3.6857391304092206,483.27750910642834,519.1331891936354,True
00000000100_,30000000000_,4,CTB_water_0_col_0_q05,3.5188150735702672,16189.333333333334,16140.566666666666,True
00000000100_,30000000000_,5,CTB_water_2_col_0_peak_magn_raw,3.5034708045593805,8103580.157333333,8692272.959333332,False
00000000100_,30000000000_,6,GYR_water_3_col_0_rank_175_225,3.4743961448615166,0.06666666666666667,0.9333333333333332,False
00000000100_,30000000000_,7,GYR_water_3_col_0_rank_75_125,3.4743961448615166,0.9333333333333332,0.06666666666666667,False
00000000100_,30000000000_,8,GYR_air_1_col_1_rank_175_225,3.4743961448615166,0.06666666666666667,0.9333333333333332,False
00000000100_,30000000000_,9,GYR_air_1_col_1_rank_75_125,3.4743961448615166,0.9333333333333332,0.06666666666666667,False
00000000100_,30000000000_,10,CTB_water_0_col_0_mad,3.382458289177417,485.0,516.9666666666667,True
00000000100_,40000000000_,1,CTB_water_0_col_0_peak_magn_raw,4.784130176811034,11161879.035333334,12139001.3272,True
00000000100_,40000000000_,2,CTB_water_0_col_0_std,4.523146882909916,483.27750910642834,522.6078614303176,True
00000000100_,40000000000_,3,CTB_water_1_col_0_peak_magn_raw,4.324113662634896,9892514.551333332,10640285.6208,False
00000000100_,40000000000_,4,CTB_water_0_col_0_q05,4.308345675715626,16189.333333333334,16134.24,True
00000000100_,40000000000_,5,CTB_water_1_col_0_std,4.272921991147149,427.60180810310584,458.235924849669,False
00000000100_,40000000000_,6,CTB_water_0_col_0_q95,4.169229534453841,17546.2,17602.760000000002,True
00000000100_,40000000000_,7,CTB_water_0_col_0_mad,4.050903740822235,485.0,522.08,True
00000000100_,40000000000_,8,CTB_water_1_col_0_q05,3.974736056302483,16273.533333333333,16230.2,False
00000000100_,40000000000_,9,CTB_water_1_col_0_q95,3.9654366384646664,17458.333333333332,17502.72,False
00000000100_,40000000000_,10,CTB_water_1_col_0_mad,3.785870600319621,434.1333333333334,462.73999999999995,True
00000000200_,00000001000_,1,CTR_water_2_col_0_q05,12.636742911808717,6369.266666666666,6478.066666666667,True
00000000200_,00000001000_,2,CTR_water_2_col_0_q95,11.99444393001727,7278.400000000001,7171.133333333334,True
00000000200_,00000001000_,3,CTR_water_2_col_0_std,11.453363257535946,322.39284489411506,245.53709990402652,True
00000000200_,00000001000_,4,CV1_air_0_col_0_kurt,10.646260628624473,-1.4985109957770497,-1.6271531317054049,True
00000000200_,00000001000_,5,CTR_air_0_col_0_peak_magn_raw,10.529959225265733,9552844.794,7705639.880666666,True
00000000200_,00000001000_,6,CTR_air_1_col_0_q95,10.470811886960412,7075.333333333333,6968.533333333333,True
00000000200_,00000001000_,7,CTR_water_2_col_0_mad,10.462750368157769,321.6666666666667,242.0,True
00000000200_,00000001000_,8,CTR_water_2_col_0_peak_magn_raw,10.047185793711321,7464320.417333334,5685623.099333334,True
00000000200_,00000001000_,9,CTR_air_0_col_0_std,9.933854979639252,411.9201746411304,331.16818541216907,True
00000000200_,00000001000_,10,CV1_air_0_col_0_mad,9.76470753029286,309.4666666666667,255.46666666666667,True
00000000200_,00000010000_,1,CTR_air_0_col_0_mad,4.821964542686856,400.0666666666666,427.4666666666667,True
00000000200_,00000010000_,2,CV1_water_0_col_0_q05,4.801538253922421,1100.3999999999999,1139.3999999999999,True
00000000200_,00000010000_,3,CTB_air_0_col_0_q95,4.643590046587712,17320.399999999998,17356.64,True
00000000200_,00000010000_,4,CTB_air_0_col_0_q05,4.317151771816741,16416.333333333332,16376.666666666666,True
00000000200_,00000010000_,5,SMG_water_0_col_0_std,4.240617756567392,328.17311903709646,434.5472074446643,False
00000000200_,00000010000_,6,SMG_water_0_col_0_peak_magn_raw,4.234277244305961,7789847.336,10243620.471333332,False
00000000200_,00000010000_,7,SMG_water_0_col_0_mad,4.188938653970486,323.5333333333333,441.43333333333334,False
00000000200_,00000010000_,8,CV1_air_0_col_0_q05,3.9048356598889167,1383.8,1350.9333333333334,True
00000000200_,00000010000_,9,CTR_air_0_col_0_peak_magn_raw,3.8328501052528807,9552844.794,10134267.266666668,True
00000000200_,00000010000_,10,VRY_air_0_col_1_mad,3.5922416424827692,641.4666666666667,613.2333333333333,False
00000000200_,00000100000_,1,GYR_water_0_col_1_band_peak_mag_75_125,3.596514629861177,0.1355348684561649,0.6783762016691034,False
00000000200_,00000100000_,2,SMG_water_2_col_0_mad,3.0869548690497344,560.7333333333333,577.0666666666667,False
00000000200_,00000100000_,3,VRY_air_0_col_1_mad,2.9421977980195524,641.4666666666667,613.3666666666667,False
00000000200_,00000100000_,4,VRY_air_1_col_1_mad,2.802325466552392,529.9333333333334,505.86666666666673,True
00000000200_,00000100000_,5,AC1_water_3_col_1_band_peak_mag_175_225,2.7854074014833485,0.286809948476982,0.07016657171640826,False
00000000200_,00000100000_,6,AC1_water_1_col_2_relative_band_power_75_125,2.760455207505926,0.13073535602012562,0.4753790661141237,False
00000000200_,00000100000_,7,GYR_water_1_col_0_mad,2.726262561249392,36.800000000000004,20.266666666666666,False
00000000200_,00000100000_,8,GYR_water_1_col_0_relative_band_power_75_125,2.66121046154666,0.18549368078174877,0.5269278401475053,False
00000000200_,00000100000_,9,GYR_water_0_col_1_log_band_power_ratio,2.602923283026797,-0.277914930753524,2.061253080420665,False
00000000200_,00000100000_,10,AC1_water_0_col_1_band_peak_to_median_175_225,2.5528929815580255,11.872341003068259,5.19556989964774,False
00000000200_,00000200000_,1,CTR_water_2_col_0_std,3.3451556413421333,322.39284489411506,338.1725974644043,True
00000000200_,00000200000_,2,GYR_water_0_col_1_wavelet_mean_energy,3.3040041971669756,0.031176559751578903,0.12768958384157705,False
00000000200_,00000200000_,3,SMG_water_2_col_0_std,3.0354406775480376,585.4493065541026,608.9361752504101,False
00000000200_,00000200000_,4,AC1_water_1_col_resultant_band_peak_freq_75_125,3.0230629844411507,92.42908563635626,99.9616592279852,False
00000000200_,00000200000_,5,CTR_water_2_col_0_mad,2.9460615896936444,321.6666666666667,335.03333333333336,True
00000000200_,00000200000_,6,GYR_water_2_col_1_relative_band_power_75_125,2.944745515118302,0.016344481715791368,0.10544634157863651,False
00000000200_,00000200000_,7,CTB_air_0_col_0_mad,2.942762512631036,301.7,321.06666666666666,True
00000000200_,00000200000_,8,CTB_air_0_col_0_peak_magn_raw,2.833378706968386,7333795.664000001,7720317.016,True
00000000200_,00000200000_,9,GYR_water_0_col_1_log_band_power_ratio,2.824211987339698,-0.277914930753524,2.04124546119418,False
00000000200_,00000200000_,10,GYR_water_0_col_1_wavelet_std_energy,2.824199541220927,0.06772457503099498,0.14447456395937391,False
00000000200_,00001000000_,1,CTR_water_3_col_0_spectral_entropy,11.729485394682932,2.06454773983555,2.267966338932444,False
00000000200_,00001000000_,2,CTR_water_0_col_0_spectral_entropy,11.210154586599417,2.019897030226533,2.184784125916529,False
00000000200_,00001000000_,3,CTB_water_0_col_0_spectral_bandwidth,8.681759461716947,1.2485065031826974,2.2475793275559095,False
00000000200_,00001000000_,4,CTR_water_0_col_0_spectral_bandwidth,8.580767048568102,1.3097161143119436,2.576241017735129,False
00000000200_,00001000000_,5,CTR_water_1_col_0_spectral_entropy,7.838094199647198,2.023053781264568,2.1849021172385092,False
00000000200_,00001000000_,6,CTR_water_3_col_0_spectral_bandwidth,7.341251291475766,1.5861410873872457,2.6465617255371856,False
00000000200_,00001000000_,7,CTB_water_1_col_0_spectral_bandwidth,7.294464344116119,1.2103664883593706,2.022602452727485,False
00000000200_,00001000000_,8,CTR_water_1_col_0_spectral_bandwidth,7.0028148863641535,1.2932217001823334,2.259883266597542,False
00000000200_,00001000000_,9,CTB_water_0_col_0_spectral_entropy,7.002233204777214,2.0076699928997463,2.134726817293608,False
00000000200_,00001000000_,10,CV1_water_3_col_0_spectral_bandwidth,6.861533492776265,1.762142238217656,2.4301111448380226,False
00000000200_,00002000000_,1,CTB_water_1_col_0_spectral_bandwidth,6.7189683420642,1.2103664883593706,1.9196981581584225,False
00000000200_,00002000000_,2,CTR_water_1_col_0_spectral_bandwidth,5.983009282061196,1.2932217001823334,2.0410055036906036,False
00000000200_,00002000000_,3,CV1_water_1_col_0_spectral_bandwidth,5.927844114566951,1.5018939722047129,2.1761669848636385,False
00000000200_,00002000000_,4,GYR_air_0_col_0_fft_kurtosis,4.059284016395317,5588.329172090369,2010.9896253952447,False
00000000200_,00002000000_,5,CTB_water_3_col_0_mad,3.957827613872141,355.40000000000003,333.46666666666664,False
00000000200_,00002000000_,6,CTB_water_3_col_0_q95,3.8870662434003447,17360.86666666667,17327.600000000002,False
00000000200_,00002000000_,7,GYR_air_0_col_0_fft_skew,3.8530346968405484,69.08782404451715,36.772251962951366,False
00000000200_,00002000000_,8,VRY_air_0_col_1_mad,3.7780189695395867,641.4666666666667,614.1999999999999,False
00000000200_,00002000000_,9,CTB_water_0_col_0_peak_magn_raw,3.721108402866096,11799598.356666667,11193841.577333333,True
00000000200_,00002000000_,10,CTB_water_3_col_0_std,3.63070482695709,351.9984994870244,330.55533668981707,False
00000000200_,00010000000_,1,CV1_water_0_col_0_q05,6.2809178340925005,1100.3999999999999,1155.5833333333333,True
00000000200_,00010000000_,2,AC1_air_0_col_1_relative_band_power_75_125,5.68059388674285,0.7868386105980237,0.2986044751174357,False
00000000200_,00010000000_,3,AC1_air_1_col_1_band_peak_mag_75_125,5.650250436107716,0.9718696027769912,0.3960033636854691,True
00000000200_,00010000000_,4,CTR_water_0_col_0_q95,5.6096543456610135,7359.466666666667,7315.516666666666,False
00000000200_,00010000000_,5,CTR_water_0_col_0_q05,5.570963517586515,6284.866666666666,6329.666666666667,False
00000000200_,00010000000_,6,VRY_water_0_col_1_q05,5.473673565705439,1061.8,1014.9833333333332,False
00000000200_,00010000000_,7,AC1_air_1_col_1_band_power_75_125,5.429087021199242,1.5402379349462223,0.27804913724328106,False
00000000200_,00010000000_,8,CV1_water_0_col_0_std,5.322617405441424,528.4086360598407,490.1374593690669,True
00000000200_,00010000000_,9,CTR_water_0_col_0_std,5.26642930115116,377.5803082616142,347.940084401329,True
00000000200_,00010000000_,10,AC1_water_2_col_0_wavelet_max_energy_ratio,5.208980924820254,2.582170378405082e-05,8.708728458859635e-06,False
00000000200_,00100000000_,1,AC1_air_0_col_1_contrast_freq,7.419371141508043,1.3604823395833143,1.1311825676542748,True
00000000200_,00100000000_,2,GYR_air_0_col_0_fft_kurtosis,5.435379297096172,5588.329172090369,1408.3850672015276,False
00000000200_,00100000000_,3,GYR_air_0_col_0_fft_skew,5.129758413710339,69.08782404451715,30.238362139014217,False
00000000200_,00100000000_,4,AC1_air_0_col_1_relative_band_power_75_125,5.1140262297879575,0.7868386105980237,0.325783088457241,False
00000000200_,00100000000_,5,GYR_air_0_col_0_q95,5.085468548078716,10049.933333333334,10094.706666666667,False
00000000200_,00100000000_,6,GYR_air_0_col_0_rms,4.941598671853366,31.546915270314628,57.59463775267136,False
00000000200_,00100000000_,7,GYR_air_0_col_0_std,4.941388931657009,31.532113785107914,57.581200609636596,False
00000000200_,00100000000_,8,GYR_air_0_col_0_q05,4.819652050870718,9946.6,9901.1,False
00000000200_,00100000000_,9,SMG_water_2_col_0_mad,4.7597604087743965,560.7333333333333,576.8666666666667,False
00000000200_,00100000000_,10,AC1_air_1_col_1_contrast_freq,4.623746510289074,1.2833062915118703,0.7996722927774383,False
00000000200_,01000000000_,1,CV1_air_1_col_0_std,5.342285369775137,157.99041931107084,180.59360504375738,True
00000000200_,01000000000_,2,CV1_air_1_col_0_q95,5.329184771568395,2061.6666666666665,2094.5333333333333,True
00000000200_,01000000000_,3,CV1_air_1_col_0_q05,5.259793485422639,1632.5333333333335,1600.0,False
00000000200_,01000000000_,4,CV1_air_1_col_0_peak_magn_raw,4.789994830248232,3687618.9606666663,4230576.525333334,True
00000000200_,01000000000_,5,CV1_air_1_col_0_mad,4.603847569082523,165.93333333333334,186.6,True
00000000200_,01000000000_,6,CTB_air_1_col_0_q05,4.467704231048822,16659.133333333335,16628.466666666664,False
00000000200_,01000000000_,7,CTB_air_1_col_0_q95,4.282109946701141,17086.600000000002,17115.0,False
00000000200_,01000000000_,8,CTB_air_1_col_0_peak_magn_raw,4.156405358703017,3652860.998,4099430.4213333335,False
00000000200_,01000000000_,9,CTB_air_1_col_0_std,4.074726549367952,157.27413816249802,177.40201188079797,False
00000000200_,01000000000_,10,CV1_air_0_col_0_mad,3.814487272544081,309.4666666666667,327.06666666666666,True
00000000200_,10000000000_,1,GYR_water_0_col_0_band_peak_freq_75_125,5.3188515459798875,99.85861507622218,99.2868912235384,False
00000000200_,10000000000_,2,VRY_water_0_col_0_q95,3.461880089542661,8115.2,8145.900000000001,False
00000000200_,10000000000_,3,VRY_water_1_col_0_q95,3.380079201772684,8120.733333333334,8151.166666666667,False
00000000200_,10000000000_,4,VRY_water_2_col_0_q95,3.34357066804626,8129.866666666666,8162.596666666667,False
00000000200_,10000000000_,5,VRY_water_0_col_0_q05,3.2028175502800047,5607.666666666667,5584.633333333334,False
00000000200_,10000000000_,6,VRY_water_0_col_0_std,3.198555740806629,875.4126522049614,895.4733524546831,False
00000000200_,10000000000_,7,VRY_water_2_col_0_q05,3.1035050409472706,5593.666666666667,5576.349999999999,False
00000000200_,10000000000_,8,VRY_water_2_col_0_fft_skew,3.0424784015641206,6.40076098087799,6.416032530405974,False
00000000200_,10000000000_,9,VRY_water_2_col_1_fft_skew,3.0364754369804388,6.400822951824618,6.416274811248635,False
00000000200_,10000000000_,10,VRY_water_0_col_0_fft_skew,3.031845620924186,6.40147916836689,6.416005825187113,False
00000000200_,20000000000_,1,CTR_water_2_col_0_std,4.18641570972195,322.39284489411506,349.3901081434278,True
00000000200_,20000000000_,2,CTR_water_2_col_0_q95,3.8663747390718384,7278.400000000001,7313.541666666667,True
00000000200_,20000000000_,3,CTR_water_2_col_0_q05,3.814364129109902,6369.266666666666,6332.808333333333,True
00000000200_,20000000000_,4,CTR_water_2_col_0_peak_magn_raw,3.76022216353008,7464320.417333334,8106624.737000001,True
00000000200_,20000000000_,5,CTR_water_2_col_0_mad,3.7220787716608124,321.6666666666667,346.6166666666666,True
00000000200_,20000000000_,6,CTR_water_1_col_0_mad,3.4211569619341846,330.06666666666666,348.1041666666667,True
00000000200_,20000000000_,7,VRY_water_0_col_0_q95,3.3804675193666824,8115.2,8141.091666666667,False
00000000200_,20000000000_,8,CTB_air_0_col_0_mad,3.370804727549855,301.7,328.16249999999997,True
00000000200_,20000000000_,9,CTB_air_0_col_0_q05,3.2527885117022897,16416.333333333332,16380.866666666667,True
00000000200_,20000000000_,10,CTB_air_0_col_0_q95,3.221240013200624,17320.399999999998,17353.358333333334,True
00000000200_,30000000000_,1,VRY_water_2_col_1_q95,4.796406110484401,2737.6,2770.366666666667,False
00000000200_,30000000000_,2,CV1_air_0_col_0_q95,4.099150978432727,2301.0666666666666,2339.4666666666667,True
00000000200_,30000000000_,3,CV1_air_0_col_0_std,3.9376755221025075,319.6963985844644,343.4829842115443,True
00000000200_,30000000000_,4,VRY_water_1_col_0_q95,3.8237147052889586,8120.733333333334,8150.833333333333,False
00000000200_,30000000000_,5,CV1_air_0_col_0_q05,3.8154846970216867,1383.8,1345.4666666666667,True
00000000200_,30000000000_,6,CTB_air_0_col_0_q95,3.7056127211717707,17320.399999999998,17357.0,True
00000000200_,30000000000_,7,CTB_air_0_col_0_peak_magn_raw,3.6707440530545687,7333795.664000001,7943642.732,True
00000000200_,30000000000_,8,CV1_air_0_col_0_peak_magn_raw,3.6191394258909018,7460195.333999999,8083623.597333333,True
00000000200_,30000000000_,9,CTR_water_2_col_0_peak_magn_raw,3.5901851909635054,7464320.417333334,8025228.889333334,True
00000000200_,30000000000_,10,CTB_air_0_col_0_q05,3.5709798578609053,16416.333333333332,16377.733333333332,True
00000000200_,40000000000_,1,SMG_water_2_col_0_mad,6.204404538130623,560.7333333333333,588.4,False
00000000200_,40000000000_,2,SMG_water_2_col_0_std,5.350241345398067,585.4493065541026,631.4639823261139,False
00000000200_,40000000000_,3,SMG_water_2_col_0_peak_magn_raw,4.8308067639380665,13967521.611333333,15007565.661199998,False
00000000200_,40000000000_,4,SMG_air_1_col_0_kurt,4.488332299253729,-1.5233489248067615,-1.4269413558549986,False
00000000200_,40000000000_,5,SMG_air_0_col_0_std,4.465007398031617,617.272970169351,643.1454432123901,False
00000000200_,40000000000_,6,SMG_water_0_col_0_mad,4.269556900693409,323.5333333333333,449.91999999999996,False
00000000200_,40000000000_,7,SMG_water_1_col_0_std,4.166824419188752,425.1877399153418,554.8624650145053,False
00000000200_,40000000000_,8,SMG_water_1_col_0_peak_magn_raw,4.113710497288551,10104422.78,13165842.3384,False
00000000200_,40000000000_,9,SMG_water_0_col_0_std,4.0566274915357035,328.17311903709646,456.91291983669214,False
00000000200_,40000000000_,10,SMG_air_0_col_0_mad,4.009241382186544,561.6666666666666,585.54,False
00000001000_,00000010000_,1,CTR_air_1_col_0_q95,16.46280489513087,6968.533333333333,7096.2,True
00000001000_,00000010000_,2,CTR_air_1_col_0_std,13.857846425159662,101.50029256607881,193.3173409112268,True
00000001000_,00000010000_,3,CTR_water_2_col_0_q05,13.346983897397658,6478.066666666667,6344.733333333334,True
00000001000_,00000010000_,4,CTR_air_1_col_0_peak_magn_raw,12.766782927012818,2362929.6599999997,4494333.257333334,True
00000001000_,00000010000_,5,CTR_water_2_col_0_q95,12.742522714203936,7171.133333333334,7300.400000000001,True
00000001000_,00000010000_,6,CTR_air_1_col_0_mad,12.570578942121461,101.60000000000001,195.0666666666667,True
00000001000_,00000010000_,7,CTR_air_0_col_0_peak_magn_raw,12.402541013639027,7705639.880666666,10134267.266666668,True
00000001000_,00000010000_,8,CTR_water_2_col_0_std,12.228668358015197,245.53709990402652,338.59793728417816,True
00000001000_,00000010000_,9,CTR_air_0_col_0_mad,12.212504703062372,324.93333333333334,427.4666666666667,True
00000001000_,00000010000_,10,CTR_water_2_col_0_peak_magn_raw,12.12450286964808,5685623.099333334,7905419.7206666665,True
00000001000_,00000100000_,1,CTR_air_1_col_0_mad,15.445103913288357,101.60000000000001,179.4,True
00000001000_,00000100000_,2,CTR_air_1_col_0_std,15.397876029091588,101.50029256607881,179.55328019670503,True
00000001000_,00000100000_,3,AC1_water_3_col_0_mad,14.698683138765247,560.9,132.76666666666668,False
00000001000_,00000100000_,4,CTR_air_1_col_0_q05,14.377480944850697,6683.733333333334,6578.333333333333,True
00000001000_,00000100000_,5,CTR_air_1_col_0_q95,14.371203192561131,6968.533333333333,7078.8,True
00000001000_,00000100000_,6,CTR_air_1_col_0_peak_magn_raw,13.346981457081073,2362929.6599999997,4178434.6980000003,True
00000001000_,00000100000_,7,CTR_water_2_col_0_q05,13.191147974087862,6478.066666666667,6353.066666666667,True
00000001000_,00000100000_,8,CTR_water_2_col_0_q95,13.105015634157267,7171.133333333334,7293.400000000001,True
00000001000_,00000100000_,9,CTR_water_2_col_0_std,11.532503847204698,245.53709990402652,332.446075612414,True
00000001000_,00000100000_,10,CTR_water_2_col_0_peak_magn_raw,11.340898873976041,5685623.099333334,7752494.161333334,True
00000001000_,00000200000_,1,CTR_water_2_col_0_std,13.374988657665428,245.53709990402652,338.1725974644043,True
00000001000_,00000200000_,2,CTR_water_2_col_0_mad,13.343989710671087,242.0,335.03333333333336,True
00000001000_,00000200000_,3,CTR_water_2_col_0_q05,13.32892123362983,6478.066666666667,6349.0,True
00000001000_,00000200000_,4,CTR_water_2_col_0_q95,12.72808097646332,7171.133333333334,7298.400000000001,True
00000001000_,00000200000_,5,CV1_air_0_col_0_kurt,11.97057351046497,-1.6271531317054049,-1.4874277851363304,True
00000001000_,00000200000_,6,CTR_water_2_col_0_peak_magn_raw,11.444166032840316,5685623.099333334,7821114.193333334,True
00000001000_,00000200000_,7,CTR_air_1_col_0_std,11.37270794862023,101.50029256607881,174.64416500230075,True
00000001000_,00000200000_,8,CTR_air_1_col_0_mad,11.209936019572723,101.60000000000001,175.0666666666667,True
00000001000_,00000200000_,9,CTR_air_1_col_0_q95,11.016468254537816,6968.533333333333,7071.733333333334,True
00000001000_,00000200000_,10,CTR_air_1_col_0_q05,10.83406513597016,6683.733333333334,6586.2,True
00000001000_,00001000000_,1,CTR_water_2_col_0_q05,14.232263104120634,6478.066666666667,6345.666666666667,True
00000001000_,00001000000_,2,CTR_air_0_col_0_peak_magn_raw,13.799586128147734,7705639.880666666,10217475.073333332,True
00000001000_,00001000000_,3,CTR_water_2_col_0_q95,12.994402794306291,7171.133333333334,7300.666666666667,True
00000001000_,00001000000_,4,CTR_water_2_col_0_std,12.927651018369904,245.53709990402652,341.05538095197033,True
00000001000_,00001000000_,5,CTR_air_0_col_0_std,12.894443132956642,331.16818541216907,437.10390666862736,True
00000001000_,00001000000_,6,CTR_air_0_col_0_q95,12.847351064088842,7301.133333333334,7446.133333333334,True
00000001000_,00001000000_,7,CTR_air_1_col_0_mad,12.761110974616882,101.60000000000001,189.76666666666665,True
00000001000_,00001000000_,8,CTR_water_2_col_0_peak_magn_raw,12.671933828435588,5685623.099333334,7993688.629333333,True
00000001000_,00001000000_,9,CTR_air_0_col_0_q05,12.512061646654766,6345.266666666666,6195.599999999999,True
00000001000_,00001000000_,10,CV1_air_0_col_0_mad,12.3964435223666,255.46666666666667,332.46666666666664,True
00000001000_,00002000000_,1,CTR_air_1_col_0_mad,16.28349624146795,101.60000000000001,177.33333333333334,True
00000001000_,00002000000_,2,CTR_air_1_col_0_std,15.537930958807106,101.50029256607881,176.04081235054218,True
00000001000_,00002000000_,3,CTR_water_2_col_0_q05,15.273778348216238,6478.066666666667,6350.866666666666,True
00000001000_,00002000000_,4,CTR_air_1_col_0_q95,15.106306481193867,6968.533333333333,7073.666666666667,True
00000001000_,00002000000_,5,CTR_air_1_col_0_q05,14.958170783758112,6683.733333333334,6582.066666666667,True
00000001000_,00002000000_,6,CTR_water_2_col_0_q95,13.931766400190554,7171.133333333334,7295.666666666667,True
00000001000_,00002000000_,7,CTR_air_1_col_0_peak_magn_raw,13.835469634841132,2362929.6599999997,4091266.0739999996,True
00000001000_,00002000000_,8,CTR_water_2_col_0_std,12.95961108569091,245.53709990402652,334.94177470137925,True
00000001000_,00002000000_,9,CTR_water_2_col_0_peak_magn_raw,11.735364764073168,5685623.099333334,7757399.572000001,True
00000001000_,00002000000_,10,CTR_water_2_col_0_mad,11.089205803482477,242.0,328.59999999999997,True
00000001000_,00010000000_,1,CTR_water_2_col_0_q05,13.98188744815719,6478.066666666667,6365.966666666667,True
00000001000_,00010000000_,2,CTR_water_2_col_0_q95,12.669100832185547,7171.133333333334,7280.283333333333,True
00000001000_,00010000000_,3,CTR_water_2_col_0_std,12.385684540760884,245.53709990402652,325.5708428343668,True
00000001000_,00010000000_,4,CTR_air_1_col_0_std,12.181775760657764,101.50029256607881,172.033222951807,True
00000001000_,00010000000_,5,CTR_air_1_col_0_mad,12.130694275823682,101.60000000000001,169.98333333333332,True
00000001000_,00010000000_,6,CTR_air_1_col_0_peak_magn_raw,11.884942843692864,2362929.6599999997,3992062.9148333333,True
00000001000_,00010000000_,7,CTR_water_2_col_0_mad,11.794481310253964,242.0,325.0833333333333,True
00000001000_,00010000000_,8,CTR_air_1_col_0_q05,11.769369969546688,6683.733333333334,6587.599999999999,True
00000001000_,00010000000_,9,CTR_air_1_col_0_q95,11.274100629706927,6968.533333333333,7068.933333333333,True
00000001000_,00010000000_,10,CV1_air_0_col_0_mad,11.073203251357471,255.46666666666667,319.06666666666666,True
00000001000_,00100000000_,1,CTR_air_1_col_0_q95,14.381666593839032,6968.533333333333,7087.923333333333,True
00000001000_,00100000000_,2,CTR_air_1_col_0_std,13.064058618521416,101.50029256607881,186.24565205056123,True
00000001000_,00100000000_,3,CTR_air_1_col_0_mad,12.759628278441498,101.60000000000001,184.46666666666667,True
00000001000_,00100000000_,4,CTR_air_1_col_0_peak_magn_raw,12.627894982591874,2362929.6599999997,4348708.499333333,True
00000001000_,00100000000_,5,CTR_water_2_col_0_q05,11.870144082324895,6478.066666666667,6344.0,True
00000001000_,00100000000_,6,CTR_air_0_col_0_peak_magn_raw,11.33226118263436,7705639.880666666,10085957.456,True
00000001000_,00100000000_,7,CTR_water_2_col_0_q95,11.224586687647166,7171.133333333334,7303.066666666667,True
00000001000_,00100000000_,8,CTR_water_2_col_0_std,11.04353691178458,245.53709990402652,340.5077107864488,True
00000001000_,00100000000_,9,CTR_water_2_col_0_mad,10.856185069073039,242.0,337.1333333333334,True
00000001000_,00100000000_,10,CTR_water_2_col_0_peak_magn_raw,10.832323949042893,5685623.099333334,7993630.936,True
00000001000_,01000000000_,1,CTR_air_1_col_0_q95,15.587195369059135,6968.533333333333,7095.466666666667,True
00000001000_,01000000000_,2,CTR_air_1_col_0_peak_magn_raw,13.974961429183844,2362929.6599999997,4487074.373333334,True
00000001000_,01000000000_,3,CTR_air_1_col_0_std,13.394877679867689,101.50029256607881,192.45023450751094,True
00000001000_,01000000000_,4,CV1_air_0_col_0_mad,12.732592184018348,255.46666666666667,327.06666666666666,True
00000001000_,01000000000_,5,AC1_air_0_col_2_relative_band_power_75_125,12.633601898225576,0.10034803672953523,0.8055710614713245,False
00000001000_,01000000000_,6,CTR_air_1_col_0_mad,11.784094445045994,101.60000000000001,190.13333333333333,True
00000001000_,01000000000_,7,AC1_air_0_col_resultant_relative_band_power_75_125,11.751163075466085,0.12263195906856382,0.7964947380892865,False
00000001000_,01000000000_,8,CTR_water_2_col_0_q05,11.553110597135584,6478.066666666667,6343.933333333333,True
00000001000_,01000000000_,9,CV1_air_0_col_0_std,11.019314054313412,246.93969794516707,331.00081310541276,True
00000001000_,01000000000_,10,CTR_air_1_col_0_q05,11.002907745226446,6683.733333333334,6556.133333333334,True
00000001000_,10000000000_,1,CTR_air_1_col_0_q95,16.008137205902443,6968.533333333333,7093.041666666667,True
00000001000_,10000000000_,2,CTR_air_1_col_0_std,14.76517315396298,101.50029256607881,188.4879683444884,True
00000001000_,10000000000_,3,CTR_air_1_col_0_mad,14.593187303278915,101.60000000000001,185.45000000000002,True
00000001000_,10000000000_,4,CTR_air_1_col_0_peak_magn_raw,14.275109444366567,2362929.6599999997,4372139.4105,True
00000001000_,10000000000_,5,CTR_air_1_col_0_q05,11.844308960359498,6683.733333333334,6561.616666666666,True
00000001000_,10000000000_,6,CTR_water_2_col_0_q05,11.288255967807466,6478.066666666667,6348.858333333334,True
00000001000_,10000000000_,7,CTR_water_2_col_0_q95,11.055259789448563,7171.133333333334,7299.191666666667,True
00000001000_,10000000000_,8,CTR_water_2_col_0_std,10.38430489897619,245.53709990402652,339.1510091857219,True
00000001000_,10000000000_,9,CTR_water_2_col_0_peak_magn_raw,9.950507609691792,5685623.099333334,7878838.983083333,True
00000001000_,10000000000_,10,CTR_water_2_col_0_mad,9.67539549889055,242.0,337.325,True
00000001000_,20000000000_,1,CTR_air_1_col_0_q95,14.061253918855568,6968.533333333333,7106.383333333334,True
00000001000_,20000000000_,2,CTR_air_1_col_0_std,13.994151662248727,101.50029256607881,197.82020390682996,True
00000001000_,20000000000_,3,CTR_air_1_col_0_peak_magn_raw,13.880613331992908,2362929.6599999997,4630164.7113333335,True
00000001000_,20000000000_,4,CTR_air_1_col_0_mad,13.686760791286165,101.60000000000001,193.375,True
00000001000_,20000000000_,5,CTR_water_2_col_0_q05,13.117501309914772,6478.066666666667,6332.808333333333,True
00000001000_,20000000000_,6,CTR_water_2_col_0_q95,12.763867363496868,7171.133333333334,7313.541666666667,True
00000001000_,20000000000_,7,CTR_water_2_col_0_std,12.658920324760649,245.53709990402652,349.3901081434278,True
00000001000_,20000000000_,8,CTR_water_2_col_0_mad,12.248172110130122,242.0,346.6166666666666,True
00000001000_,20000000000_,9,CTR_air_1_col_0_q05,11.618467650685679,6683.733333333334,6541.875,True
00000001000_,20000000000_,10,CTR_water_2_col_0_peak_magn_raw,11.423641534358389,5685623.099333334,8106624.737000001,True
00000001000_,30000000000_,1,CTR_air_1_col_0_q95,16.738891230453504,6968.533333333333,7099.933333333333,True
00000001000_,30000000000_,2,CTR_air_1_col_0_peak_magn_raw,16.081540024235775,2362929.6599999997,4557671.261333333,True
00000001000_,30000000000_,3,CTR_air_1_col_0_std,15.869830583025001,101.50029256607881,194.18917101651638,True
00000001000_,30000000000_,4,CTR_air_1_col_0_mad,15.347540378734418,101.60000000000001,191.5,True
00000001000_,30000000000_,5,CTR_water_2_col_0_q05,12.35950973671133,6478.066666666667,6342.366666666666,True
00000001000_,30000000000_,6,CTR_water_2_col_0_q95,11.698260410033825,7171.133333333334,7304.7,True
00000001000_,30000000000_,7,CTR_water_2_col_0_peak_magn_raw,11.676883519816737,5685623.099333334,8025228.889333334,True
00000001000_,30000000000_,8,CTR_air_1_col_0_q05,11.432199370009002,6683.733333333334,6548.133333333334,True
00000001000_,30000000000_,9,CTR_water_2_col_0_std,11.211009093729396,245.53709990402652,342.0940271672948,True
00000001000_,30000000000_,10,CV1_air_0_col_0_std,11.07726398343167,246.93969794516707,343.4829842115443,True
00000001000_,40000000000_,1,CTR_air_1_col_0_q95,14.092414184965644,6968.533333333333,7086.360000000001,True
00000001000_,40000000000_,2,CTR_water_2_col_0_q05,11.75817492613872,6478.066666666667,6358.5599999999995,True
00000001000_,40000000000_,3,CTR_air_1_col_0_std,11.242841501544147,101.50029256607881,186.17546397213127,True
00000001000_,40000000000_,4,CTR_water_2_col_0_std,11.212740108900034,245.53709990402652,330.88244193511025,True
00000001000_,40000000000_,5,CTR_air_1_col_0_peak_magn_raw,11.01249415212214,2362929.6599999997,4350329.225199999,True
00000001000_,40000000000_,6,CTR_water_2_col_0_mad,10.921263465431583,242.0,331.68,True
00000001000_,40000000000_,7,CTR_water_2_col_0_q95,10.75391503659122,7171.133333333334,7286.44,True
00000001000_,40000000000_,8,CTR_air_0_col_0_std,10.612916462272436,331.16818541216907,418.74265794063865,True
00000001000_,40000000000_,9,CTR_air_1_col_0_mad,10.452530567995252,101.60000000000001,184.82,True
00000001000_,40000000000_,10,CTR_air_0_col_0_mad,10.448400546966703,324.93333333333334,412.82,True
00000010000_,00000100000_,1,GYR_water_3_col_0_q95,6.905646383003861,10117.466666666667,10037.533333333333,False
00000010000_,00000100000_,2,GYR_water_3_col_0_std,6.304900193030101,71.16215883269379,22.776671097994363,False
00000010000_,00000100000_,3,GYR_water_3_col_0_rms,6.294191948993103,71.19272148932838,22.78068292518795,False
00000010000_,00000100000_,4,GYR_water_1_col_0_mad,6.1716715249407645,58.199999999999996,20.266666666666666,False
00000010000_,00000100000_,5,GYR_water_3_col_0_q05,6.088511211581548,9874.133333333333,9961.6,False
00000010000_,00000100000_,6,GYR_water_1_col_0_q95,5.95644759757991,10142.533333333333,10046.066666666668,False
00000010000_,00000100000_,7,GYR_water_2_col_0_q95,5.6426015794428634,10138.566666666666,10046.199999999999,False
00000010000_,00000100000_,8,GYR_water_1_col_0_std,5.601700310121056,85.89010881769542,28.02584593605867,False
00000010000_,00000100000_,9,GYR_water_1_col_0_rms,5.596083125446904,85.92299438660602,28.031475749479768,False
00000010000_,00000100000_,10,GYR_water_3_col_0_mad,5.532624546048808,46.93333333333334,16.733333333333334,False
00000010000_,00000200000_,1,GYR_water_3_col_0_q95,5.869223714979254,10117.466666666667,10040.466666666667,False
00000010000_,00000200000_,2,GYR_water_3_col_0_std,5.306046526779808,71.16215883269379,25.3405792731272,False
00000010000_,00000200000_,3,GYR_water_3_col_0_rms,5.299439030138003,71.19272148932838,25.35128522832275,False
00000010000_,00000200000_,4,GYR_water_3_col_0_q05,5.1285504322594795,9874.133333333333,9956.4,False
00000010000_,00000200000_,5,AC1_water_2_col_resultant_relative_band_power_175_225,4.892656094571818,0.03983498502167062,0.005713960961991153,False
00000010000_,00000200000_,6,GYR_water_2_col_0_q95,4.762487452253332,10138.566666666666,10055.866666666667,False
00000010000_,00000200000_,7,GYR_water_2_col_0_rms,4.620458788176117,84.57061867502136,35.00321104465735,False
00000010000_,00000200000_,8,GYR_water_2_col_0_std,4.617614287499121,84.54423336502565,34.994724679008435,False
00000010000_,00000200000_,9,GYR_water_2_col_0_q05,4.567004163367119,9854.75,9940.4,False
00000010000_,00000200000_,10,GYR_water_3_col_0_mad,4.508414660642207,46.93333333333334,18.866666666666667,False
00000010000_,00001000000_,1,CTB_water_0_col_0_spectral_bandwidth,5.782811105863341,1.3227460207221349,2.2475793275559095,False
00000010000_,00001000000_,2,CTR_water_0_col_0_spectral_bandwidth,5.716310897465724,1.4434299648515758,2.576241017735129,False
00000010000_,00001000000_,3,CV1_water_0_col_0_spectral_bandwidth,5.398571642411397,1.661069299136848,2.443418763137913,False
00000010000_,00001000000_,4,CTR_water_0_col_0_spectral_entropy,5.229128175296389,2.0337888124221215,2.184784125916529,False
00000010000_,00001000000_,5,VRY_water_0_col_1_spectral_bandwidth,5.150726317339685,1.2598312829695344,1.8466814701005447,False
00000010000_,00001000000_,6,CTB_water_0_col_0_spectral_entropy,4.744938713923021,2.0268503671795997,2.134726817293608,False
00000010000_,00001000000_,7,CTB_water_1_col_0_spectral_bandwidth,4.669536113020545,1.3351196783864323,2.022602452727485,False
00000010000_,00001000000_,8,CTR_water_3_col_0_spectral_entropy,4.665178355656942,2.107611175984589,2.267966338932444,False
00000010000_,00001000000_,9,CTR_water_1_col_0_spectral_bandwidth,4.640686562958565,1.459095150251697,2.259883266597542,False
00000010000_,00001000000_,10,CV1_water_3_col_0_spectral_bandwidth,4.577304459610568,1.8832715094166013,2.4301111448380226,False
00000010000_,00002000000_,1,CV1_water_1_col_0_spectral_bandwidth,4.441829436941109,1.6513217942184282,2.1761669848636385,False
00000010000_,00002000000_,2,AC1_air_1_col_2_log_band_power_ratio,4.34723784937772,3.6785500898958055,-0.2237308361129826,False
00000010000_,00002000000_,3,GYR_air_1_col_0_log_band_power_ratio,4.291952306555457,3.836172336260208,0.39620541467084375,False
00000010000_,00002000000_,4,CTB_water_1_col_0_spectral_bandwidth,4.09061735325887,1.3351196783864323,1.9196981581584225,False
00000010000_,00002000000_,5,AC1_air_1_col_resultant_log_band_power_ratio,3.9636870984926937,3.3825645827204185,0.3086563306361036,False
00000010000_,00002000000_,6,CTB_water_0_col_0_mad,3.699400089608913,511.76666666666665,484.93333333333334,True
00000010000_,00002000000_,7,CTR_water_1_col_0_spectral_bandwidth,3.5853051403051617,1.459095150251697,2.0410055036906036,False
00000010000_,00002000000_,8,CTB_water_0_col_0_std,3.2949632832711746,505.5662988776788,484.9862869818657,True
00000010000_,00002000000_,9,CTB_water_2_col_0_std,3.139946197278387,362.3722975782038,352.31933795568875,False
00000010000_,00002000000_,10,GYR_air_1_col_0_relative_band_power_75_125,3.106800788462556,0.6212004476190821,0.1981854270371719,False
00000010000_,00010000000_,1,GYR_water_3_col_0_q95,7.094939948906727,10117.466666666667,10042.75,False
00000010000_,00010000000_,2,GYR_water_3_col_0_std,6.24215897497719,71.16215883269379,26.50121630257991,False
00000010000_,00010000000_,3,GYR_water_3_col_0_rms,6.228316326982587,71.19272148932838,26.516294047102747,False
00000010000_,00010000000_,4,AC1_air_1_col_1_band_peak_mag_75_125,6.079710480873252,0.9776280487410883,0.3960033636854691,True
00000010000_,00010000000_,5,GYR_water_3_col_0_q05,5.731467880731158,9874.133333333333,9954.254166666668,False
00000010000_,00010000000_,6,GYR_water_3_col_0_mad,5.674831522197766,46.93333333333334,19.45,False
00000010000_,00010000000_,7,GYR_water_2_col_0_q95,5.05151245246389,10138.566666666666,10056.539999999999,False
00000010000_,00010000000_,8,GYR_water_1_col_0_q95,4.991229743620065,10142.533333333333,10056.633333333333,False
00000010000_,00010000000_,9,GYR_air_1_col_1_fft_skew,4.976079333702784,12.492488235722211,63.5969763941298,True
00000010000_,00010000000_,10,GYR_water_2_col_0_rms,4.976030318797078,84.57061867502136,34.45689588469342,False
00000010000_,00100000000_,1,AC1_air_0_col_1_contrast_freq,5.0983542994594,1.3498087516835604,1.1311825676542748,True
00000010000_,00100000000_,2,AC1_air_1_col_1_contrast_freq,4.053938872939599,1.2829777118876615,0.7996722927774383,False
00000010000_,00100000000_,3,AC1_air_1_col_1_fft_mean,3.7558103284520508,0.0035021175785018796,0.01007523464723438,False
00000010000_,00100000000_,4,AC1_air_1_col_1_kurt,3.725499171795801,-0.6265456326191093,0.14481973448617483,False
00000010000_,00100000000_,5,GYR_air_0_col_0_relative_band_power_75_125,3.4650318550648063,0.8118950278628926,0.48197551945750444,False
00000010000_,00100000000_,6,AC1_air_0_col_1_relative_band_power_75_125,3.2503132976805382,0.7749172741861957,0.325783088457241,False
00000010000_,00100000000_,7,SMG_water_1_col_0_kurt,3.231990939140186,-1.5078530712293947,-1.4506084979633316,False
00000010000_,00100000000_,8,GYR_air_1_col_0_log_band_power_ratio,3.169917948074852,3.836172336260208,1.2115681682334387,False
00000010000_,00100000000_,9,GYR_air_0_col_2_mad,3.1599520899670632,49.4,95.33333333333333,False
00000010000_,00100000000_,10,AC1_air_1_col_2_log_band_power_ratio,3.140176199101949,3.6785500898958055,0.8203212128652076,False
00000010000_,01000000000_,1,GYR_water_3_col_0_q95,6.605797311910283,10117.466666666667,10044.333333333334,False
00000010000_,01000000000_,2,GYR_water_3_col_0_std,5.760928961734833,71.16215883269379,27.45263638611287,False
00000010000_,01000000000_,3,GYR_water_3_col_0_rms,5.750636829363136,71.19272148932838,27.464111007067675,False
00000010000_,01000000000_,4,GYR_water_3_col_0_q05,5.645824300729512,9874.133333333333,9954.133333333333,False
00000010000_,01000000000_,5,CV1_air_1_col_0_std,4.77542176619804,157.3836236486713,180.59360504375738,True
00000010000_,01000000000_,6,AC1_water_2_col_1_kurt,4.532054629048032,0.18000937432220177,-0.4827734897105234,False
00000010000_,01000000000_,7,AC1_water_3_col_resultant_contrast_freq,4.466492618920596,0.6477979860669234,1.2958669680414185,False
00000010000_,01000000000_,8,GYR_water_3_col_0_mad,4.367934695389197,46.93333333333334,21.133333333333336,False
00000010000_,01000000000_,9,GYR_water_3_col_1_kurt,4.352918106749242,0.03616248974719025,-0.6712128795867557,False
00000010000_,01000000000_,10,CV1_air_1_col_0_peak_magn_raw,4.3361625401134365,3681452.3186666667,4230576.525333334,True
00000010000_,10000000000_,1,VRY_water_2_col_0_q05,5.169032022377313,5606.466666666667,5576.349999999999,False
00000010000_,10000000000_,2,VRY_water_1_col_0_q05,5.131323771966179,5612.666666666667,5581.3,False
00000010000_,10000000000_,3,CV1_water_0_col_0_q05,4.640267489598068,1139.3999999999999,1081.1583333333333,True
00000010000_,10000000000_,4,CV1_water_0_col_0_peak_magn_raw,4.626207104954122,11756550.106,12778799.276,False
00000010000_,10000000000_,5,VRY_water_2_col_0_q95,4.521710994611243,8121.333333333333,8162.596666666667,False
00000010000_,10000000000_,6,VRY_water_0_col_0_q05,4.260808822028684,5614.733333333334,5584.633333333334,False
00000010000_,10000000000_,7,VRY_water_1_col_0_q95,4.217247835362591,8113.333333333333,8151.166666666667,False
00000010000_,10000000000_,8,VRY_air_0_col_1_mad,4.038307247534889,613.2333333333333,645.5791666666667,False
00000010000_,10000000000_,9,VRY_water_0_col_0_q95,3.8786956847524463,8111.0,8145.900000000001,False
00000010000_,10000000000_,10,CV1_water_0_col_0_q95,3.65703844468359,2545.933333333333,2605.8333333333335,True
00000010000_,20000000000_,1,CV1_water_2_col_0_q95,5.343491607862055,2323.7999999999997,2369.1583333333333,False
00000010000_,20000000000_,2,CV1_water_2_col_0_q05,4.588995495302822,1358.6000000000001,1318.9833333333333,False
00000010000_,20000000000_,3,CV1_water_0_col_0_q05,4.423262338784621,1139.3999999999999,1083.4666666666667,True
00000010000_,20000000000_,4,CTR_water_0_col_0_std,4.096774937900552,362.5808480474918,389.2718073931987,True
00000010000_,20000000000_,5,CTR_water_0_col_0_q95,4.0511537780522024,7339.533333333333,7376.366666666666,False
00000010000_,20000000000_,6,VRY_water_2_col_1_mad,4.027509462331427,590.2333333333333,614.0,False
00000010000_,20000000000_,7,VRY_water_2_col_0_q05,4.023830888683697,5606.466666666667,5578.141666666666,False
00000010000_,20000000000_,8,CTR_water_1_col_0_std,4.012729669101498,332.12928072097856,352.8240958773533,True
00000010000_,20000000000_,9,VRY_water_1_col_0_q95,3.999690145531199,8113.333333333333,8147.099999999999,False
00000010000_,20000000000_,10,VRY_water_1_col_0_q05,3.998590607250348,5612.666666666667,5585.516666666666,False
00000010000_,30000000000_,1,VRY_water_1_col_0_q95,4.786475720323096,8113.333333333333,8150.833333333333,False
00000010000_,30000000000_,2,VRY_water_1_col_0_q05,4.751350601642188,5612.666666666667,5581.533333333333,False
00000010000_,30000000000_,3,VRY_water_2_col_0_q05,4.393072534618085,5606.466666666667,5577.400000000001,False
00000010000_,30000000000_,4,VRY_water_2_col_0_q95,3.924660888343737,8121.333333333333,8157.566666666667,False
00000010000_,30000000000_,5,CV1_water_2_col_0_q95,3.8105906848794846,2323.7999999999997,2360.8116666666665,False
00000010000_,30000000000_,6,VRY_water_0_col_0_q05,3.6848189444152597,5614.733333333334,5587.266666666666,False
00000010000_,30000000000_,7,AC1_air_1_col_resultant_log_band_power_ratio,3.64773258565794,3.3825645827204185,0.5201170434999965,False
00000010000_,30000000000_,8,GYR_water_3_col_0_q05,3.63350181175034,9874.133333333333,9931.118333333334,False
00000010000_,30000000000_,9,CV1_water_0_col_0_q05,3.6090496900636464,1139.3999999999999,1089.7333333333333,True
00000010000_,30000000000_,10,GYR_water_3_col_0_q95,3.601161795032843,10117.466666666667,10067.771666666667,False
00000010000_,40000000000_,1,SMG_air_0_col_0_mad,4.24505199335571,564.6,585.54,False
00000010000_,40000000000_,2,SMG_air_0_col_0_std,4.213926099800571,620.5551764146529,643.1454432123901,False
00000010000_,40000000000_,3,SMG_water_2_col_0_mad,4.092522697905859,567.3333333333334,588.4,False
00000010000_,40000000000_,4,GYR_water_3_col_0_q95,4.06071844467293,10117.466666666667,10052.36,False
00000010000_,40000000000_,5,AC1_water_3_col_1_band_peak_mag_75_125,3.853610883708239,0.41239394447163064,0.9261280443772506,False
00000010000_,40000000000_,6,GYR_water_3_col_0_std,3.8195404251693676,71.16215883269379,32.12790045572207,False
00000010000_,40000000000_,7,GYR_water_3_col_0_rms,3.815489893873743,71.19272148932838,32.13646016338271,False
00000010000_,40000000000_,8,GYR_water_3_col_0_q05,3.6896435212656886,9874.133333333333,9944.924,False
00000010000_,40000000000_,9,VRY_air_0_col_1_mad,3.5636999142882666,613.2333333333333,636.14,False
00000010000_,40000000000_,10,GYR_water_3_col_0_mad,3.5080781286130374,46.93333333333334,23.240000000000002,False
00000100000_,00000200000_,1,GYR_air_1_col_0_q05,3.188766023555019,9952.533333333333,9969.4,False
00000100000_,00000200000_,2,GYR_air_1_col_0_std,3.1291679649947803,27.51948584435723,17.839282084656986,False
00000100000_,00000200000_,3,GYR_air_1_col_0_rms,3.126004946537611,27.52869315273351,17.850820055848068,False
00000100000_,00000200000_,4,GYR_air_1_col_0_q95,3.1111164456773746,10044.866666666667,10028.866666666667,False
00000100000_,00000200000_,5,GYR_air_1_col_0_mad,3.051935582371692,19.933333333333334,13.066666666666668,False
00000100000_,00000200000_,6,GYR_water_2_col_1_relative_band_power_175_225,2.497869204809067,0.0057755283206593335,0.010860379153664534,False
00000100000_,00000200000_,7,SMG_water_3_col_0_spectral_entropy,2.3691210135368554,2.1381202001000705,2.1028459588324218,False
00000100000_,00000200000_,8,AC1_air_1_col_1_band_peak_to_median_75_125,2.277680293202042,41.07195895794131,22.571221334868767,False
00000100000_,00000200000_,9,GYR_water_3_col_0_skew,2.1812317773614742,0.03192555584583193,-0.05728091954727044,False
00000100000_,00000200000_,10,AC1_water_2_col_0_skew,2.097540995704845,-0.09653792063742893,0.03114335479389564,False
00000100000_,00001000000_,1,CTR_water_0_col_0_spectral_entropy,7.948430213118362,2.020675367595349,2.184784125916529,False
00000100000_,00001000000_,2,AC1_water_2_col_1_mad,7.87731897093783,114.46666666666665,272.26666666666665,False
00000100000_,00001000000_,3,CTR_water_0_col_0_spectral_bandwidth,7.744257877031063,1.3229086768952019,2.576241017735129,False
00000100000_,00001000000_,4,CTR_water_3_col_0_spectral_entropy,7.265735011156943,2.0813578187084016,2.267966338932444,False
00000100000_,00001000000_,5,CTR_water_1_col_0_spectral_entropy,7.093051443443226,2.0272640529896075,2.1849021172385092,False
00000100000_,00001000000_,6,VRY_water_0_col_1_spectral_bandwidth,6.725957171669381,1.1598473702671168,1.8466814701005447,False
00000100000_,00001000000_,7,SMG_water_3_col_0_spectral_bandwidth,6.5694438963209345,2.1231691159003714,2.894039681427721,False
00000100000_,00001000000_,8,CV1_water_3_col_0_spectral_bandwidth,6.512999056194939,1.7448480791800423,2.4301111448380226,False
00000100000_,00001000000_,9,SMG_water_3_col_0_spectral_entropy,6.456626345995847,2.1381202001000705,2.285183803782932,False
00000100000_,00001000000_,10,AC1_water_3_col_1_mad,6.35936606123392,86.33333333333333,231.4,False
00000100000_,00002000000_,1,AC1_water_3_col_1_rms,10.362730204567209,129.73962519234684,445.6965256699278,False
00000100000_,00002000000_,2,AC1_water_3_col_1_std,10.36076518646646,129.6983772261576,445.62419361511587,False
00000100000_,00002000000_,3,AC1_water_3_col_1_q05,10.298594938663785,-228.88333333333333,-769.2433333333333,False
00000100000_,00002000000_,4,AC1_water_3_col_1_q95,9.98803103285671,212.23333333333323,769.9866666666663,False
00000100000_,00002000000_,5,AC1_water_1_col_1_mad,8.94462724947627,107.13333333333333,322.90000000000003,False
00000100000_,00002000000_,6,AC1_water_1_col_1_std,8.12863419690513,176.45117505530914,531.713632342973,False
00000100000_,00002000000_,7,AC1_water_1_col_1_rms,8.12642997500443,176.4855810487121,531.7277185610886,False
00000100000_,00002000000_,8,AC1_water_3_col_1_mad,7.787911827324392,86.33333333333333,273.3333333333333,False
00000100000_,00002000000_,9,AC1_water_1_col_1_q95,7.612609287976447,295.11666666666656,919.273333333333,False
00000100000_,00002000000_,10,AC1_water_1_col_1_q05,7.485892370807282,-311.7633333333333,-930.5066666666667,False
00000100000_,00010000000_,1,AC1_air_1_col_1_band_peak_mag_75_125,7.172918711650934,0.9789540584258448,0.3960033636854691,True
00000100000_,00010000000_,2,AC1_air_1_col_1_band_power_75_125,6.054649665950895,1.1719075155411116,0.27804913724328106,False
00000100000_,00010000000_,3,GYR_air_1_col_0_wavelet_std_energy,5.692423297802418,0.23272650685178223,0.11340001031658174,False
00000100000_,00010000000_,4,CTR_water_0_col_0_q05,5.579637706902659,6287.466666666667,6329.666666666667,False
00000100000_,00010000000_,5,VRY_water_0_col_1_q05,5.516561499103431,1067.3333333333333,1014.9833333333332,False
00000100000_,00010000000_,6,CTR_water_0_col_0_q95,5.368380244861005,7357.246666666666,7315.516666666666,False
00000100000_,00010000000_,7,CTR_water_0_col_0_std,5.214772433286093,375.2795371519778,347.940084401329,True
00000100000_,00010000000_,8,CTR_water_0_col_0_mad,5.104778596225787,368.3666666666666,342.1166666666666,True
00000100000_,00010000000_,9,GYR_air_1_col_0_relative_band_power_75_125,4.967858858838817,0.5046555731413784,0.11924279837496658,False
00000100000_,00010000000_,10,SMG_water_0_col_0_mad,4.833485222363579,338.0,492.23333333333335,False
00000100000_,00100000000_,1,AC1_air_0_col_1_contrast_freq,5.529724552306622,1.3500129944821506,1.1311825676542748,True
00000100000_,00100000000_,2,AC1_air_0_col_2_wavelet_std_energy,5.256964377510475,0.27353751098717655,0.18243345488092186,False
00000100000_,00100000000_,3,AC1_air_0_col_2_q05,5.247087859753125,693.6,375.1166666666666,False
00000100000_,00100000000_,4,AC1_air_0_col_2_q95,5.050119566576052,1306.3333333333333,1603.3499999999997,False
00000100000_,00100000000_,5,AC1_air_0_col_2_rms,4.98022739164091,188.38205200062643,368.6690248420787,False
00000100000_,00100000000_,6,AC1_air_0_col_2_std,4.9796970947136865,188.276103243067,368.54352285560253,False
00000100000_,00100000000_,7,GYR_air_0_col_0_q95,4.809488732070025,10057.866666666667,10094.706666666667,False
00000100000_,00100000000_,8,AC1_air_1_col_2_mad,4.648095581259142,87.53333333333335,199.1,False
00000100000_,00100000000_,9,AC1_air_0_col_2_contrast_time,4.624095800134377,0.1364991190511863,0.39248238157747567,False
00000100000_,00100000000_,10,AC1_air_0_col_0_mad,4.5957214749600706,118.93333333333334,345.1666666666667,False
00000100000_,01000000000_,1,VRY_water_3_col_0_q05,3.8884114532578384,5939.466666666667,5898.0,False
00000100000_,01000000000_,2,VRY_water_3_col_0_q95,3.7803111852847575,7747.066666666667,7789.333333333333,False
00000100000_,01000000000_,3,VRY_air_1_col_0_q05,3.769002688090285,5931.2,5889.333333333333,False
00000100000_,01000000000_,4,VRY_air_1_col_0_q95,3.4752482803472695,7755.933333333333,7796.333333333333,False
00000100000_,01000000000_,5,CV1_air_1_col_0_q05,3.45933170012723,1629.1333333333332,1600.0,False
00000100000_,01000000000_,6,CV1_air_1_col_0_std,3.3468866503067742,160.49896301370455,180.59360504375738,True
00000100000_,01000000000_,7,VRY_water_3_col_0_mad,3.3232402535612566,624.9333333333333,651.9666666666667,False
00000100000_,01000000000_,8,CV1_air_1_col_0_peak_magn_raw,3.264086408871662,3769848.0686666667,4230576.525333334,True
00000100000_,01000000000_,9,VRY_air_1_col_0_std,3.169596688634846,646.0863954444862,670.8915556593894,False
00000100000_,01000000000_,10,CV1_air_1_col_0_q95,3.1654931440748135,2065.4666666666667,2094.5333333333333,True
00000100000_,10000000000_,1,GYR_water_0_col_0_band_peak_freq_75_125,5.261031717731844,99.85552941760807,99.2868912235384,False
00000100000_,10000000000_,2,VRY_water_1_col_0_q05,4.483413686378573,5610.933333333333,5581.3,False
00000100000_,10000000000_,3,VRY_water_0_col_0_q05,4.263011451229827,5616.400000000001,5584.633333333334,False
00000100000_,10000000000_,4,VRY_air_1_col_1_mad,4.257164341969533,505.86666666666673,536.9499999999999,True
00000100000_,10000000000_,5,VRY_water_2_col_0_q05,4.061665066070541,5603.733333333334,5576.349999999999,False
00000100000_,10000000000_,6,VRY_water_2_col_0_q95,4.0404249925211895,8124.133333333334,8162.596666666667,False
00000100000_,10000000000_,7,VRY_air_1_col_0_q95,3.9861631651928087,7755.933333333333,7799.233333333334,False
00000100000_,10000000000_,8,VRY_water_1_col_0_q95,3.7511994215532747,8115.719999999998,8151.166666666667,False
00000100000_,10000000000_,9,VRY_water_0_col_0_q95,3.6426866399948894,8110.466666666667,8145.900000000001,False
00000100000_,10000000000_,10,VRY_air_1_col_0_q05,3.5188658826608052,5931.2,5891.608333333334,False
00000100000_,20000000000_,1,VRY_water_3_col_0_q95,4.889123548134298,7747.066666666667,7794.8,False
00000100000_,20000000000_,2,VRY_water_3_col_0_q05,4.412446896378546,5939.466666666667,5896.491666666666,False
00000100000_,20000000000_,3,VRY_water_0_col_0_q05,3.956510475536064,5616.400000000001,5590.525000000001,False
00000100000_,20000000000_,4,VRY_water_3_col_0_mad,3.820141263889109,624.9333333333333,654.1,False
00000100000_,20000000000_,5,VRY_water_3_col_0_std,3.6278263182840003,641.0247371789851,667.6943701635779,False
00000100000_,20000000000_,6,VRY_water_0_col_0_q95,3.544762564301086,8110.466666666667,8141.091666666667,False
00000100000_,20000000000_,7,VRY_water_1_col_0_q05,3.510420594791503,5610.933333333333,5585.516666666666,False
00000100000_,20000000000_,8,VRY_water_1_col_0_q95,3.5065545794329847,8115.719999999998,8147.099999999999,False
00000100000_,20000000000_,9,VRY_water_2_col_0_q95,3.4366054232400622,8124.133333333334,8155.283333333333,False
00000100000_,20000000000_,10,AC1_water_0_col_1_mad,3.424068125118099,94.13333333333333,266.05833333333334,False
00000100000_,30000000000_,1,CTB_air_1_col_0_kurt,4.580611795057586,-1.5118614402013681,-1.5668970949445393,True
00000100000_,30000000000_,2,AC1_water_3_col_1_mad,4.53938920593345,86.33333333333333,242.25,False
00000100000_,30000000000_,3,AC1_water_2_col_1_mad,4.489357708749926,114.46666666666665,282.5,False
00000100000_,30000000000_,4,VRY_water_3_col_0_q95,4.468947098077161,7747.066666666667,7796.533333333333,False
00000100000_,30000000000_,5,VRY_water_1_col_0_q95,4.191114800877775,8115.719999999998,8150.833333333333,False
00000100000_,30000000000_,6,VRY_water_1_col_0_q05,4.189090274644794,5610.933333333333,5581.533333333333,False
00000100000_,30000000000_,7,VRY_water_3_col_0_q05,4.143069782314663,5939.466666666667,5894.099999999999,False
00000100000_,30000000000_,8,CV1_water_2_col_0_kurt,4.050668479488673,-1.5526246570412254,-1.577980723188767,False
00000100000_,30000000000_,9,VRY_air_1_col_1_q05,3.790595698803805,1062.0666666666666,1015.8000000000001,False
00000100000_,30000000000_,10,VRY_air_1_col_1_std,3.7546458763754487,534.0728281208652,563.5820284540736,False
00000100000_,40000000000_,1,SMG_water_0_col_0_mad,3.932928925270576,338.0,449.91999999999996,False
00000100000_,40000000000_,2,SMG_water_0_col_0_std,3.7046283626352268,338.44536968054916,456.91291983669214,False
00000100000_,40000000000_,3,SMG_water_0_col_0_peak_magn_raw,3.5743590661503193,8019640.558666666,10809510.41,False
00000100000_,40000000000_,4,SMG_water_2_col_0_peak_magn_raw,3.5019196471522447,14397370.764,15007565.661199998,False
00000100000_,40000000000_,5,SMG_water_2_col_0_std,3.34541890963417,606.832861755358,631.4639823261139,False
00000100000_,40000000000_,6,SMG_water_1_col_0_peak_magn_raw,3.173833651033724,11036419.013333334,13165842.3384,False
00000100000_,40000000000_,7,SMG_water_1_col_0_mad,3.1495689180315756,464.06666666666666,543.1,False
00000100000_,40000000000_,8,VRY_air_1_col_1_mad,3.1226484823999496,505.86666666666673,525.1800000000001,True
00000100000_,40000000000_,9,SMG_water_1_col_0_std,3.1145632341932363,465.52162418843636,554.8624650145053,False
00000100000_,40000000000_,10,SMG_water_2_col_0_kurt,2.9878498721557336,-1.4031789982957923,-1.3624551108971277,False
00000200000_,00001000000_,1,CTR_water_0_col_0_spectral_entropy,12.239606369630827,2.0260520824155646,2.184784125916529,False
00000200000_,00001000000_,2,CTR_water_3_col_0_spectral_entropy,10.726588882459597,2.0727341037218023,2.267966338932444,False
00000200000_,00001000000_,3,CTR_water_0_col_0_spectral_bandwidth,9.435325067992354,1.3325817749189734,2.576241017735129,False
00000200000_,00001000000_,4,CTB_water_0_col_0_spectral_bandwidth,9.09770144101801,1.2516527602261933,2.2475793275559095,False
00000200000_,00001000000_,5,SMG_water_3_col_0_spectral_entropy,8.044813470886403,2.1028459588324218,2.285183803782932,False
00000200000_,00001000000_,6,SMG_water_3_col_0_spectral_bandwidth,7.7552378665623065,2.037934034154595,2.894039681427721,False
00000200000_,00001000000_,7,VRY_water_0_col_1_spectral_bandwidth,7.626324481045487,1.168626405304894,1.8466814701005447,False
00000200000_,00001000000_,8,CTB_water_0_col_0_spectral_entropy,7.286118306103976,2.0140254284010197,2.134726817293608,False
00000200000_,00001000000_,9,CV1_water_0_col_0_spectral_bandwidth,7.245137296708629,1.5799456653967032,2.443418763137913,False
00000200000_,00001000000_,10,CTR_water_1_col_0_spectral_entropy,6.902306672199476,2.034121984730579,2.1849021172385092,False
00000200000_,00002000000_,1,AC1_water_3_col_1_q05,9.79304327726067,-186.6,-769.2433333333333,False
00000200000_,00002000000_,2,AC1_water_3_col_1_std,9.127703667803493,112.77659242779862,445.62419361511587,False
00000200000_,00002000000_,3,AC1_water_3_col_1_rms,9.121602307950303,112.84414408635394,445.6965256699278,False
00000200000_,00002000000_,4,AC1_water_3_col_1_q95,8.568135743249652,192.30999999999997,769.9866666666663,False
00000200000_,00002000000_,5,AC1_water_1_col_1_q05,7.310368061757134,-255.78333333333333,-930.5066666666667,False
00000200000_,00002000000_,6,AC1_water_1_col_1_std,6.9667627950374476,154.45559825561998,531.713632342973,False
00000200000_,00002000000_,7,AC1_water_3_col_1_mad,6.959565766448388,79.60000000000001,273.3333333333333,False
00000200000_,00002000000_,8,AC1_water_1_col_1_rms,6.951372466343232,154.61214753247512,531.7277185610886,False
00000200000_,00002000000_,9,AC1_water_1_col_1_mad,6.625920634264206,105.63333333333333,322.90000000000003,False
00000200000_,00002000000_,10,AC1_water_1_col_1_q95,6.201778364851564,266.17333333333323,919.273333333333,False
00000200000_,00010000000_,1,CTB_water_0_col_0_q05,6.815909206972312,16143.6,16194.9,True
00000200000_,00010000000_,2,CTR_water_0_col_0_q05,6.747461155250152,6283.2,6329.666666666667,False
00000200000_,00010000000_,3,CTR_water_0_col_0_q95,6.554513686438167,7362.133333333334,7315.516666666666,False
00000200000_,00010000000_,4,CTR_water_0_col_0_std,6.4394771907036175,377.80691388755946,347.940084401329,True
00000200000_,00010000000_,5,CTR_water_0_col_0_mad,5.28567016148935,369.0,342.1166666666666,True
00000200000_,00010000000_,6,CTR_water_0_col_0_peak_magn_raw,4.810676695105418,8775519.244666666,8076681.609,True
00000200000_,00010000000_,7,CTR_water_1_col_0_q05,4.753303294447514,6334.399999999999,6359.775000000001,True
00000200000_,00010000000_,8,GYR_air_0_col_2_band_power_75_125,4.738839006531233,1.178175519925162,0.3013395168140142,False
00000200000_,00010000000_,9,CTB_water_0_col_0_std,4.678525313594155,516.6095770301573,481.13885900322595,True
00000200000_,00010000000_,10,CTB_water_0_col_0_peak_magn_raw,4.610286778422301,11990814.148666667,11192899.765333334,True
00000200000_,00100000000_,1,AC1_air_1_col_1_fft_skew,6.83864743235945,34.96951829573124,9.053415479757504,False
00000200000_,00100000000_,2,GYR_air_0_col_0_q95,6.329584698592802,10043.266666666666,10094.706666666667,False
00000200000_,00100000000_,3,GYR_air_0_col_0_q05,6.060517538676384,9954.933333333334,9901.1,False
00000200000_,00100000000_,4,GYR_air_0_col_0_std,5.786791079883321,27.07149773358131,57.581200609636596,False
00000200000_,00100000000_,5,GYR_air_0_col_0_rms,5.7759262212634015,27.09019583504028,57.59463775267136,False
00000200000_,00100000000_,6,AC1_air_0_col_1_contrast_freq,5.404004048157706,1.3457917468537686,1.1311825676542748,True
00000200000_,00100000000_,7,GYR_air_1_col_0_mad,4.941051409185413,13.066666666666668,36.6,False
00000200000_,00100000000_,8,AC1_air_1_col_1_fft_mean,4.939520685245,0.002646379460995827,0.01007523464723438,False
00000200000_,00100000000_,9,GYR_air_0_col_0_mad,4.491970858966275,20.866666666666664,41.06666666666667,False
00000200000_,00100000000_,10,AC1_air_1_col_1_fft_kurtosis,4.490524696425274,1759.6080120779777,151.77823035867917,False
00000200000_,01000000000_,1,VRY_water_3_col_0_q05,4.064178871157773,5938.0,5898.0,False
00000200000_,01000000000_,2,CV1_air_1_col_0_q05,3.8463343757328268,1622.4833333333333,1600.0,False
00000200000_,01000000000_,3,CV1_air_1_col_0_q95,3.723917611875727,2071.866666666667,2094.5333333333333,True
00000200000_,01000000000_,4,CV1_air_1_col_0_std,3.692476824045972,164.10181228785595,180.59360504375738,True
00000200000_,01000000000_,5,VRY_water_3_col_0_q95,3.639006755330755,7749.133333333334,7789.333333333333,False
00000200000_,01000000000_,6,VRY_water_3_col_0_mad,3.6138250409473867,626.1666666666666,651.9666666666667,False
00000200000_,01000000000_,7,VRY_water_3_col_0_std,3.5409192864184478,640.6660307831371,665.6436023744892,False
00000200000_,01000000000_,8,CV1_air_1_col_0_mad,3.5200364038970964,170.86666666666667,186.6,True
00000200000_,01000000000_,9,CV1_air_1_col_0_peak_magn_raw,3.301909226326074,3847187.351333333,4230576.525333334,True
00000200000_,01000000000_,10,VRY_air_1_col_0_q05,3.2004613607418375,5932.466666666667,5889.333333333333,False
00000200000_,10000000000_,1,GYR_water_0_col_0_band_peak_freq_75_125,4.509718257438541,99.82934573213798,99.2868912235384,False
00000200000_,10000000000_,2,GYR_water_2_col_0_band_peak_freq_75_125,4.509718257438541,99.82934573213798,99.2868912235384,False
00000200000_,10000000000_,3,GYR_water_1_col_0_band_peak_freq_75_125,4.509718257438541,99.82934573213798,99.2868912235384,False
00000200000_,10000000000_,4,GYR_water_0_col_1_wavelet_mean_energy,3.4964349129021004,0.12768958384157705,0.025437451355635746,False
00000200000_,10000000000_,5,VRY_air_1_col_1_mad,3.283055690847725,510.73333333333335,536.9499999999999,True
00000200000_,10000000000_,6,VRY_air_1_col_0_q95,3.2645231707763593,7754.533333333333,7799.233333333334,False
00000200000_,10000000000_,7,GYR_water_0_col_1_wavelet_std_energy,3.095071647586863,0.14447456395937391,0.05976480339512475,False
00000200000_,10000000000_,8,VRY_air_1_col_0_q05,3.0053029366436075,5932.466666666667,5891.608333333334,False
00000200000_,10000000000_,9,VRY_water_2_col_0_q95,2.9585387445077305,8129.509999999999,8162.596666666667,False
00000200000_,10000000000_,10,GYR_water_2_col_1_log_band_power_ratio,2.829726692271453,2.2017590526659423,1.0264199859146446,False
00000200000_,20000000000_,1,VRY_water_3_col_0_q95,4.752148537414486,7749.133333333334,7794.8,False
00000200000_,20000000000_,2,VRY_water_3_col_0_q05,4.699894301990104,5938.0,5896.491666666666,False
00000200000_,20000000000_,3,VRY_water_3_col_0_mad,4.255369892495632,626.1666666666666,654.1,False
00000200000_,20000000000_,4,VRY_water_3_col_0_std,4.189961370373567,640.6660307831371,667.6943701635779,False
00000200000_,20000000000_,5,GYR_water_2_col_0_band_peak_freq_75_125,3.782101011119854,99.82934573213798,99.35453053468002,False
00000200000_,20000000000_,6,CTB_air_1_col_0_kurt,3.3246084757065573,-1.5098683575832952,-1.5596536011135926,True
00000200000_,20000000000_,7,CTR_air_1_col_0_q05,3.258900284384184,6586.2,6541.875,True
00000200000_,20000000000_,8,VRY_water_3_col_0_peak_magn_raw,3.187388872340657,15022582.380666666,15714976.509083332,False
00000200000_,20000000000_,9,CV1_water_2_col_0_kurt,3.0496609227970986,-1.5437778004802911,-1.576548935995987,False
00000200000_,20000000000_,10,AC1_water_0_col_1_mad,3.0384778064339186,104.66666666666667,266.05833333333334,False
00000200000_,30000000000_,1,CTB_air_1_col_0_kurt,5.2286893097729825,-1.5098683575832952,-1.5668970949445393,True
00000200000_,30000000000_,2,CV1_air_1_col_0_kurt,4.929809248848674,-1.5177267337472289,-1.5719663754597206,True
00000200000_,30000000000_,3,AC1_water_3_col_1_mad,4.381419304182606,79.60000000000001,242.25,False
00000200000_,30000000000_,4,VRY_water_3_col_0_q95,4.335164380221587,7749.133333333334,7796.533333333333,False
00000200000_,30000000000_,5,VRY_water_3_col_0_q05,4.324650929002564,5938.0,5894.099999999999,False
00000200000_,30000000000_,6,AC1_water_2_col_1_mad,4.209017373881422,112.46666666666665,282.5,False
00000200000_,30000000000_,7,VRY_water_3_col_0_std,3.893524047598667,640.6660307831371,669.5113267272085,False
00000200000_,30000000000_,8,CV1_water_2_col_0_kurt,3.8886184631324103,-1.5437778004802911,-1.577980723188767,False
00000200000_,30000000000_,9,AC1_water_3_col_1_std,3.768644856080819,112.77659242779862,405.62548517364894,False
00000200000_,30000000000_,10,AC1_water_3_col_1_rms,3.7681165550295854,112.84414408635394,405.7180354512205,False
00000200000_,40000000000_,1,SMG_water_2_col_0_std,3.553108768448411,608.9361752504101,631.4639823261139,False
00000200000_,40000000000_,2,SMG_water_2_col_0_peak_magn_raw,3.4238677145196963,14503908.214666666,15007565.661199998,False
00000200000_,40000000000_,3,AC1_air_1_col_2_wavelet_entropy,2.8235005058985627,21.110924336589513,20.781126750409776,False
00000200000_,40000000000_,4,AC1_air_1_col_resultant_wavelet_entropy,2.676379172500804,21.11505899700339,20.81372901058814,False
00000200000_,40000000000_,5,GYR_water_2_col_1_relative_band_power_175_225,2.4798320615771687,0.010860379153664534,0.00478917781542454,False
00000200000_,40000000000_,6,AC1_water_2_col_2_175_225_std_spike_interval,2.422297623759787,965.6433199263423,504.26071828634156,False
00000200000_,40000000000_,7,SMG_water_2_col_0_mad,2.397710854344296,573.5333333333333,588.4,False
00000200000_,40000000000_,8,AC1_air_1_col_2_contrast_freq,2.256354952091494,1.0027276874409676,1.2992629173452999,False
00000200000_,40000000000_,9,AC1_water_2_col_0_band_peak_to_median_175_225,2.1942692374908472,3.405267247710354,9.429525247439301,False
00000200000_,40000000000_,10,VRY_air_1_col_1_mad,2.069945846784256,510.73333333333335,525.1800000000001,True
00001000000_,00002000000_,1,CTR_water_3_col_0_spectral_entropy,7.797315296173961,2.267966338932444,2.094178403126568,False
00001000000_,00002000000_,2,CTR_water_0_col_0_spectral_entropy,5.860654648870747,2.184784125916529,2.049438711466461,False
00001000000_,00002000000_,3,CTR_water_0_col_0_spectral_bandwidth,5.367851397232937,2.576241017735129,1.544833944044612,False
00001000000_,00002000000_,4,CTB_water_0_col_0_spectral_bandwidth,4.986399599253801,2.2475793275559095,1.4512418133974627,False
00001000000_,00002000000_,5,CTB_water_3_col_0_spectral_entropy,4.976592599424163,2.172134234910058,2.062110859334259,False
00001000000_,00002000000_,6,VRY_water_0_col_1_spectral_bandwidth,4.416651172088112,1.8466814701005447,1.2676285415249893,False
00001000000_,00002000000_,7,CTR_water_3_col_0_spectral_bandwidth,4.380158881380504,2.6465617255371856,1.8201361727015015,False
00001000000_,00002000000_,8,CTB_water_0_col_0_spectral_entropy,4.376062277379654,2.134726817293608,2.0406827878743345,False
00001000000_,00002000000_,9,CV1_water_0_col_0_spectral_bandwidth,4.369668307571366,2.443418763137913,1.7764841059176064,False
00001000000_,00002000000_,10,CTB_water_3_col_0_spectral_bandwidth,4.034739749414934,2.2032934346148347,1.6154395827745518,False
00001000000_,00010000000_,1,CTR_water_3_col_0_spectral_entropy,14.583524363743575,2.267966338932444,2.053003608051737,False
00001000000_,00010000000_,2,CTR_water_0_col_0_spectral_entropy,11.668804396139462,2.184784125916529,2.0228234611080995,False
00001000000_,00010000000_,3,CTR_water_0_col_0_spectral_bandwidth,10.95050718394047,2.576241017735129,1.2773575957267893,False
00001000000_,00010000000_,4,CTB_water_0_col_0_spectral_bandwidth,9.418299413970802,2.2475793275559095,1.1761817240606767,False
00001000000_,00010000000_,5,VRY_water_0_col_1_spectral_bandwidth,9.37716613069775,1.8466814701005447,1.0745290869542978,False
00001000000_,00010000000_,6,GYR_air_0_col_1_fft_mean,9.166026247239406,0.009346716550775134,0.001310399654892665,False
00001000000_,00010000000_,7,CV1_water_0_col_0_spectral_bandwidth,8.44370582980938,2.443418763137913,1.5383696892755305,False
00001000000_,00010000000_,8,CTB_water_3_col_0_spectral_entropy,8.426466463682027,2.172134234910058,2.0205389194223575,False
00001000000_,00010000000_,9,CTR_water_3_col_0_spectral_bandwidth,7.908206775655903,2.6465617255371856,1.5161177111860784,False
00001000000_,00010000000_,10,CV1_water_3_col_0_spectral_bandwidth,7.804823538324471,2.4301111448380226,1.6732542225488203,False
00001000000_,00100000000_,1,CTR_water_0_col_0_spectral_bandwidth,9.772898129978019,2.576241017735129,1.3751580339422984,False
00001000000_,00100000000_,2,CTR_water_0_col_0_spectral_entropy,9.13191855919357,2.184784125916529,2.0165483648780156,False
00001000000_,00100000000_,3,CTR_water_3_col_0_spectral_entropy,9.086318116822268,2.267966338932444,2.068518243625896,False
00001000000_,00100000000_,4,CTB_water_0_col_0_spectral_bandwidth,8.90652990655497,2.2475793275559095,1.271923547348497,False
00001000000_,00100000000_,5,CV1_water_0_col_0_spectral_bandwidth,8.67777089514696,2.443418763137913,1.5473759716474718,False
00001000000_,00100000000_,6,VRY_water_0_col_1_spectral_bandwidth,8.151803730934615,1.8466814701005447,1.1604820673786749,False
00001000000_,00100000000_,7,CTB_water_0_col_0_spectral_entropy,6.636853076995917,2.134726817293608,2.007970230099368,False
00001000000_,00100000000_,8,CTB_water_1_col_0_spectral_bandwidth,6.364611151215848,2.022602452727485,1.2586589259528222,False
00001000000_,00100000000_,9,CTR_water_3_col_0_spectral_bandwidth,6.089833077038793,2.6465617255371856,1.6974991656779743,False
00001000000_,00100000000_,10,CTR_water_1_col_0_spectral_entropy,5.934973736667697,2.1849021172385092,2.018080008475993,False
00001000000_,01000000000_,1,CTR_water_0_col_0_spectral_bandwidth,9.504758770789943,2.576241017735129,1.311551410316839,False
00001000000_,01000000000_,2,CTB_water_0_col_0_spectral_bandwidth,9.256256475977482,2.2475793275559095,1.2298831108374373,False
00001000000_,01000000000_,3,CTR_water_0_col_0_spectral_entropy,7.924617576218943,2.184784125916529,2.008814379432067,False
00001000000_,01000000000_,4,CTR_water_1_col_0_spectral_entropy,7.403456700835281,2.1849021172385092,2.0109834087618945,False
00001000000_,01000000000_,5,VRY_water_0_col_1_spectral_bandwidth,7.274115747239322,1.8466814701005447,1.103079523281995,False
00001000000_,01000000000_,6,CTB_water_0_col_0_spectral_entropy,6.848641798608933,2.134726817293608,2.002772396540585,False
00001000000_,01000000000_,7,CTR_water_1_col_0_spectral_bandwidth,6.826949729296237,2.259883266597542,1.3003456690839483,False
00001000000_,01000000000_,8,CV1_air_1_col_0_peak_magn_raw,6.668650294696674,3618439.5059999996,4230576.525333334,True
00001000000_,01000000000_,9,CV1_water_0_col_0_spectral_bandwidth,6.484372801850106,2.443418763137913,1.5525287881458814,False
00001000000_,01000000000_,10,CV1_air_1_col_0_std,6.169829976116303,155.2449142782308,180.59360504375738,True
00001000000_,10000000000_,1,CTR_water_0_col_0_spectral_entropy,11.02075350662776,2.184784125916529,2.02089433500792,False
00001000000_,10000000000_,2,CTR_water_3_col_0_spectral_entropy,10.739384859307687,2.267966338932444,2.0604988238220527,False
00001000000_,10000000000_,3,CTR_water_0_col_0_spectral_bandwidth,9.839202250333972,2.576241017735129,1.2841189648414424,False
00001000000_,10000000000_,4,CTR_water_1_col_0_spectral_entropy,8.12138090529964,2.1849021172385092,2.023054650276777,False
00001000000_,10000000000_,5,CV1_water_0_col_0_spectral_bandwidth,8.056052211714091,2.443418763137913,1.523978816463621,False
00001000000_,10000000000_,6,VRY_water_0_col_1_spectral_bandwidth,7.474389339878149,1.8466814701005447,1.154418771460251,False
00001000000_,10000000000_,7,CTB_water_1_col_0_spectral_bandwidth,7.108483329264253,2.022602452727485,1.2033130310375808,False
00001000000_,10000000000_,8,CTR_water_1_col_0_spectral_bandwidth,7.082298684693151,2.259883266597542,1.3118313015150502,False
00001000000_,10000000000_,9,CV1_water_3_col_0_spectral_bandwidth,7.018795252940904,2.4301111448380226,1.6903675077749416,False
00001000000_,10000000000_,10,CTB_water_3_col_0_spectral_entropy,6.956560251050838,2.172134234910058,2.0354683565423755,False
00001000000_,20000000000_,1,CTR_water_0_col_0_spectral_entropy,12.087446601526702,2.184784125916529,2.019410799601816,False
00001000000_,20000000000_,2,CTR_water_0_col_0_spectral_bandwidth,9.288511638445657,2.576241017735129,1.303048852970831,False
00001000000_,20000000000_,3,CTR_water_3_col_0_spectral_entropy,9.269342152778165,2.267966338932444,2.072205669244998,False
00001000000_,20000000000_,4,CV1_water_0_col_0_spectral_bandwidth,7.446314141369507,2.443418763137913,1.5558334249723895,False
00001000000_,20000000000_,5,VRY_water_0_col_1_spectral_bandwidth,6.972208843860005,1.8466814701005447,1.151699378011455,False
00001000000_,20000000000_,6,CTR_water_1_col_0_spectral_entropy,6.900483108961704,2.1849021172385092,2.029256557794101,False
00001000000_,20000000000_,7,CTB_water_0_col_0_spectral_bandwidth,6.566607553520064,2.2475793275559095,1.232399150767675,False
00001000000_,20000000000_,8,CV1_water_3_col_0_spectral_bandwidth,6.462916080468091,2.4301111448380226,1.719896106361481,False
00001000000_,20000000000_,9,CTB_water_3_col_0_spectral_entropy,6.399446405300826,2.172134234910058,2.037047156098018,False
00001000000_,20000000000_,10,CTB_water_0_col_0_spectral_entropy,6.242177579388805,2.134726817293608,2.0093283887059274,False
00001000000_,30000000000_,1,CTR_water_3_col_0_spectral_entropy,9.192426914091344,2.267966338932444,2.0697364470839266,False
00001000000_,30000000000_,2,CTR_water_0_col_0_spectral_bandwidth,8.35037170500069,2.576241017735129,1.3438379963487634,False
00001000000_,30000000000_,3,CTR_water_0_col_0_spectral_entropy,7.80959270312017,2.184784125916529,2.0107601970212325,False
00001000000_,30000000000_,4,CTB_water_0_col_0_spectral_bandwidth,7.52238755375436,2.2475793275559095,1.249610627560183,False
00001000000_,30000000000_,5,CV1_water_0_col_0_spectral_bandwidth,7.136793157118126,2.443418763137913,1.5830780380790024,False
00001000000_,30000000000_,6,CV1_water_3_col_0_spectral_bandwidth,6.753628846644615,2.4301111448380226,1.736917779077446,False
00001000000_,30000000000_,7,SMG_water_3_col_0_spectral_bandwidth,6.638838712394743,2.894039681427721,2.0877358894440907,False
00001000000_,30000000000_,8,CTR_water_3_col_0_spectral_bandwidth,6.27078217319543,2.6465617255371856,1.6821415251693308,False
00001000000_,30000000000_,9,CTB_water_3_col_0_spectral_bandwidth,6.174856993156184,2.2032934346148347,1.4420372700041366,False
00001000000_,30000000000_,10,CTB_water_3_col_0_spectral_entropy,6.154085702072906,2.172134234910058,2.0320963016516855,False
00001000000_,40000000000_,1,CTR_water_0_col_0_spectral_entropy,11.564393994487714,2.184784125916529,2.014703698523354,False
00001000000_,40000000000_,2,CTR_water_0_col_0_spectral_bandwidth,11.011535376886632,2.576241017735129,1.296744635959945,False
00001000000_,40000000000_,3,CTR_water_3_col_0_spectral_entropy,10.067525667366658,2.267966338932444,2.0643682022685708,False
00001000000_,40000000000_,4,CTB_water_0_col_0_spectral_bandwidth,9.418930049338602,2.2475793275559095,1.2304163081901858,False
00001000000_,40000000000_,5,VRY_water_0_col_1_spectral_bandwidth,8.033338803836168,1.8466814701005447,1.1692416946039017,False
00001000000_,40000000000_,6,CTB_water_0_col_0_spectral_entropy,7.067066241684693,2.134726817293608,2.0082890542884435,False
00001000000_,40000000000_,7,CTR_water_1_col_0_spectral_entropy,7.011293744351359,2.1849021172385092,2.026361698570736,False
00001000000_,40000000000_,8,CV1_water_3_col_0_spectral_bandwidth,6.593565008846076,2.4301111448380226,1.7160892211685508,False
00001000000_,40000000000_,9,CTR_water_3_col_0_spectral_bandwidth,6.5732547652858955,2.6465617255371856,1.5916186676333826,False
00001000000_,40000000000_,10,CTB_water_3_col_0_spectral_entropy,6.347104942096671,2.172134234910058,2.038409435452623,False
00002000000_,00010000000_,1,CV1_water_1_col_0_spectral_bandwidth,6.692351925019387,2.1761669848636385,1.4969858919090593,False
00002000000_,00010000000_,2,AC1_water_1_col_1_std,6.32819305991506,531.713632342973,253.19566864093335,False
00002000000_,00010000000_,3,AC1_water_1_col_1_rms,6.327814806227142,531.7277185610886,253.24964460279716,False
00002000000_,00010000000_,4,AC1_water_1_col_1_mad,6.196257345183561,322.90000000000003,161.75,False
00002000000_,00010000000_,5,CTB_water_1_col_0_spectral_bandwidth,6.073001070823035,1.9196981581584225,1.2098285013633716,False
00002000000_,00010000000_,6,AC1_water_1_col_1_q95,6.0042622695364685,919.273333333333,436.11666666666656,False
00002000000_,00010000000_,7,AC1_water_1_col_1_q05,6.004011577690432,-930.5066666666667,-433.03,False
00002000000_,00010000000_,8,AC1_water_3_col_1_q95,5.989762402211392,769.9866666666663,355.0366666666666,False
00002000000_,00010000000_,9,AC1_water_3_col_1_rms,5.873823743860373,445.6965256699278,206.93177447643765,False
00002000000_,00010000000_,10,AC1_water_3_col_1_std,5.871570887115415,445.62419361511587,206.90601100600472,False
00002000000_,00100000000_,1,CTB_water_1_col_0_spectral_bandwidth,5.763708670402637,1.9196981581584225,1.2586589259528222,False
00002000000_,00100000000_,2,CV1_water_1_col_0_spectral_bandwidth,5.226039639887377,2.1761669848636385,1.5746520637574708,False
00002000000_,00100000000_,3,CTR_water_1_col_0_spectral_bandwidth,4.767998214072024,2.0410055036906036,1.3672362031335645,False
00002000000_,00100000000_,4,SMG_water_2_col_0_mad,3.7398900610782695,554.3333333333334,576.8666666666667,False
00002000000_,00100000000_,5,SMG_air_0_col_0_std,3.38976749382278,612.2335905936721,635.0760706818251,False
00002000000_,00100000000_,6,CV1_water_1_col_0_spectral_centroid,3.3804652893324567,49.87109159556544,50.11439468987229,False
00002000000_,00100000000_,7,SMG_air_0_col_0_mad,3.2454474032426575,555.1333333333333,575.7333333333333,False
00002000000_,00100000000_,8,AC1_water_0_col_resultant_contrast_freq,3.09480054760934,0.7144114884334196,1.20354815039693,False
00002000000_,00100000000_,9,VRY_water_3_col_0_q05,2.9891756715627293,5947.8,5906.466666666667,False
00002000000_,00100000000_,10,VRY_air_0_col_1_mad,2.950038488120379,614.1999999999999,632.1333333333333,False
00002000000_,01000000000_,1,CV1_air_1_col_0_peak_magn_raw,8.369335766047934,3484477.6346666664,4230576.525333334,True
00002000000_,01000000000_,2,CTB_air_1_col_0_q95,7.867040723917809,17076.466666666667,17115.0,False
00002000000_,01000000000_,3,CV1_air_1_col_0_std,7.567771557615464,149.3652249531285,180.59360504375738,True
00002000000_,01000000000_,4,CTB_air_1_col_0_q05,7.493030213891801,16667.666666666668,16628.466666666664,False
00002000000_,01000000000_,5,CV1_air_1_col_0_q05,6.974217223628271,1642.0,1600.0,False
00002000000_,01000000000_,6,AC1_water_0_col_0_q95,6.899905211365159,824.3866666666663,279.4766666666665,False
00002000000_,01000000000_,7,CV1_air_1_col_0_q95,6.890074245458485,2048.143333333333,2094.5333333333333,True
00002000000_,01000000000_,8,AC1_water_0_col_1_contrast_freq,6.699458290229565,0.7400397870203027,1.186843980442548,False
00002000000_,01000000000_,9,AC1_water_0_col_0_std,6.618838024351268,487.94147581835153,168.47961457738782,False
00002000000_,01000000000_,10,AC1_water_0_col_0_rms,6.614271706503701,488.0247790156603,168.5431662020487,False
00002000000_,10000000000_,1,CTB_water_1_col_0_spectral_bandwidth,6.531415599638336,1.9196981581584225,1.2033130310375808,False
00002000000_,10000000000_,2,CV1_water_1_col_0_spectral_bandwidth,6.188841743813126,2.1761669848636385,1.5202556880215747,False
00002000000_,10000000000_,3,CTR_water_1_col_0_spectral_bandwidth,6.058500597404416,2.0410055036906036,1.3118313015150502,False
00002000000_,10000000000_,4,GYR_water_0_col_0_band_peak_freq_75_125,5.195702430795814,99.85455890594973,99.2868912235384,False
00002000000_,10000000000_,5,GYR_water_2_col_0_band_peak_freq_75_125,5.195702430795814,99.85455890594973,99.2868912235384,False
00002000000_,10000000000_,6,VRY_water_1_col_0_q05,5.153394289975356,5608.933333333333,5581.3,False
00002000000_,10000000000_,7,VRY_water_2_col_0_q05,4.802812911850302,5602.2,5576.349999999999,False
00002000000_,10000000000_,8,CV1_air_1_col_0_std,4.477502123785129,149.3652249531285,171.46040501664723,True
00002000000_,10000000000_,9,CV1_air_1_col_0_peak_magn_raw,4.471816881363846,3484477.6346666664,4011675.524333333,True
00002000000_,10000000000_,10,VRY_air_1_col_0_q95,4.348622583897679,7753.703333333334,7799.233333333334,False
00002000000_,20000000000_,1,VRY_water_3_col_0_q95,6.5333559746336425,7738.466666666667,7794.8,False
00002000000_,20000000000_,2,VRY_water_3_col_0_q05,6.082900810070653,5947.8,5896.491666666666,False
00002000000_,20000000000_,3,VRY_water_3_col_0_std,5.301865833873957,634.3668214226769,667.6943701635779,False
00002000000_,20000000000_,4,VRY_water_3_col_0_mad,5.254836485974808,618.0,654.1,False
00002000000_,20000000000_,5,CV1_water_1_col_0_spectral_bandwidth,5.106579770987952,2.1761669848636385,1.5818648131604547,False
00002000000_,20000000000_,6,CTB_water_1_col_0_spectral_bandwidth,5.09543585933028,1.9196981581584225,1.2437028873141185,False
00002000000_,20000000000_,7,CTB_air_1_col_0_q95,5.0924996782065355,17076.466666666667,17104.366666666665,False
00002000000_,20000000000_,8,CTB_air_1_col_0_q05,5.06286395857246,16667.666666666668,16640.591666666664,False
00002000000_,20000000000_,9,CV1_water_2_col_0_q95,4.951934350828325,2317.4666666666667,2369.1583333333333,False
00002000000_,20000000000_,10,CV1_air_1_col_0_peak_magn_raw,4.850137891279916,3484477.6346666664,4019001.8273333334,True
00002000000_,30000000000_,1,VRY_water_3_col_0_q95,5.76221300124221,7738.466666666667,7796.533333333333,False
00002000000_,30000000000_,2,VRY_water_3_col_0_q05,5.475270260312302,5947.8,5894.099999999999,False
00002000000_,30000000000_,3,CV1_water_1_col_0_spectral_bandwidth,5.338371392075686,2.1761669848636385,1.5859039201213136,False
00002000000_,30000000000_,4,VRY_water_1_col_0_q95,5.072090287389402,8117.8,8150.833333333333,False
00002000000_,30000000000_,5,CTR_water_1_col_0_spectral_bandwidth,4.881661347060252,2.0410055036906036,1.3640512319974283,False
00002000000_,30000000000_,6,VRY_water_3_col_0_std,4.837145066107652,634.3668214226769,669.5113267272085,False
00002000000_,30000000000_,7,VRY_water_1_col_0_q05,4.676951468688582,5608.933333333333,5581.533333333333,False
00002000000_,30000000000_,8,CTB_water_0_col_0_peak_magn_raw,4.633214631716839,11193841.577333333,12162280.981999999,True
00002000000_,30000000000_,9,CTB_water_1_col_0_spectral_bandwidth,4.5416259864316615,1.9196981581584225,1.2747738753670177,False
00002000000_,30000000000_,10,VRY_water_3_col_1_q95,4.286651333687517,2414.7999999999997,2466.133333333333,False
00002000000_,40000000000_,1,CTB_water_1_col_0_spectral_bandwidth,5.575677013882362,1.9196981581584225,1.2437637464269098,False
00002000000_,40000000000_,2,SMG_water_2_col_0_mad,5.095498464699849,554.3333333333334,588.4,False
00002000000_,40000000000_,3,CTR_water_1_col_0_spectral_bandwidth,5.034842431996189,2.0410055036906036,1.349840395721921,False
00002000000_,40000000000_,4,CTB_water_0_col_0_peak_magn_raw,4.929186195367424,11193841.577333333,12139001.3272,True
00002000000_,40000000000_,5,CTB_water_0_col_0_q05,4.865667167369139,16196.199999999999,16134.24,True
00002000000_,40000000000_,6,CTB_water_0_col_0_q95,4.607064076198914,17538.533333333336,17602.760000000002,True
00002000000_,40000000000_,7,SMG_air_0_col_0_mad,4.55625940016364,555.1333333333333,585.54,False
00002000000_,40000000000_,8,SMG_air_0_col_0_std,4.337076794786017,612.2335905936721,643.1454432123901,False
00002000000_,40000000000_,9,CV1_water_1_col_0_spectral_bandwidth,4.324439854888956,2.1761669848636385,1.5521971245527044,False
00002000000_,40000000000_,10,CTB_water_0_col_0_std,4.249780167598522,484.9862869818657,522.6078614303176,True
00010000000_,00100000000_,1,AC1_air_1_col_0_fft_mean,5.9789066775777,0.0030686849845991252,0.01426567306168094,False
00010000000_,00100000000_,2,AC1_air_1_col_0_fft_std,5.76415743364909,0.01864615524424072,0.056864578434754294,False
00010000000_,00100000000_,3,GYR_air_0_col_1_fft_skew,5.524468052637312,63.63890020525778,9.278741830009974,True
00010000000_,00100000000_,4,GYR_air_1_col_1_fft_skew,5.52153404894206,63.5969763941298,8.579402090681766,True
00010000000_,00100000000_,5,AC1_water_0_col_0_log_band_power_ratio,5.0990988110055495,2.6475369274524057,-1.649535999637423,False
00010000000_,00100000000_,6,GYR_air_0_col_1_fft_std,4.894777007670014,0.012763440688541296,0.04230714809916506,False
00010000000_,00100000000_,7,GYR_air_0_col_1_fft_mean,4.886920194073261,0.001310399654892665,0.010093960189583747,False
00010000000_,00100000000_,8,GYR_air_1_col_1_fft_mean,4.73131303622046,0.0013482034338893516,0.010546516287740053,False
00010000000_,00100000000_,9,AC1_air_0_col_0_fft_mean,4.653459921574087,0.0038636832247654633,0.014136333015022906,False
00010000000_,00100000000_,10,AC1_air_0_col_0_fft_std,4.6107919546136955,0.022012284371224614,0.055901939343445,False
00010000000_,01000000000_,1,AC1_air_1_col_1_band_peak_mag_75_125,8.036481764223796,0.3960033636854691,1.0,True
00010000000_,01000000000_,2,AC1_air_0_col_resultant_relative_band_power_75_125,7.641954750850769,0.3257662898902198,0.7964947380892865,False
00010000000_,01000000000_,3,AC1_air_1_col_1_band_power_75_125,6.299432327489106,0.27804913724328106,1.2435848106148337,False
00010000000_,01000000000_,4,GYR_air_1_col_0_relative_band_power_75_125,5.770713056260461,0.11924279837496658,0.5714150941235245,False
00010000000_,01000000000_,5,CTR_water_0_col_0_std,5.61322479661208,347.940084401329,386.73821380171375,True
00010000000_,01000000000_,6,GYR_air_1_col_0_wavelet_std_energy,5.481699702569878,0.11340001031658174,0.23830042189850445,False
00010000000_,01000000000_,7,AC1_air_0_col_resultant_contrast_freq,5.4477819927037165,0.9468537127692994,1.2879555842481236,False
00010000000_,01000000000_,8,CTR_water_0_col_0_q95,5.441783929423994,7315.516666666666,7371.266666666666,False
00010000000_,01000000000_,9,CTR_water_0_col_0_q05,5.268184112177608,6329.666666666667,6273.466666666667,False
00010000000_,01000000000_,10,AC1_air_0_col_resultant_fft_std,5.116402929405239,0.02130227668573649,0.013363125908114339,False
00010000000_,10000000000_,1,AC1_air_1_col_1_band_peak_mag_75_125,7.249166193183778,0.3960033636854691,0.984276458447176,True
00010000000_,10000000000_,2,CV1_water_0_col_0_q05,5.729157242537945,1155.5833333333333,1081.1583333333333,True
00010000000_,10000000000_,3,CTR_water_0_col_0_q05,5.726552079013256,6329.666666666667,6281.266666666666,False
00010000000_,10000000000_,4,CV1_water_0_col_0_std,5.6521854467902575,490.1374593690669,543.0672269776942,True
00010000000_,10000000000_,5,CTR_water_0_col_0_q95,5.574937972015885,7315.516666666666,7364.616666666666,False
00010000000_,10000000000_,6,CTR_water_0_col_0_std,5.496477519251152,347.940084401329,380.5783433164263,True
00010000000_,10000000000_,7,CV1_water_0_col_0_peak_magn_raw,5.436575989899655,11542735.340833334,12778799.276,False
00010000000_,10000000000_,8,CV1_water_0_col_0_mad,5.320145525232721,491.0833333333333,543.0083333333333,True
00010000000_,10000000000_,9,CTR_water_0_col_0_mad,4.852121395274149,342.1166666666666,371.5083333333334,True
00010000000_,10000000000_,10,CV1_water_0_col_0_q95,4.8265929622615875,2528.0666666666666,2605.8333333333335,True
00010000000_,20000000000_,1,AC1_air_1_col_1_band_peak_mag_75_125,7.286283723277228,0.3960033636854691,0.9915620744112736,True
00010000000_,20000000000_,2,CTR_water_0_col_0_q95,6.498977835145997,7315.516666666666,7376.366666666666,False
00010000000_,20000000000_,3,CTR_water_0_col_0_q05,6.457105095328936,6329.666666666667,6269.458333333333,False
00010000000_,20000000000_,4,CTR_water_0_col_0_std,6.408954573478728,347.940084401329,389.2718073931987,True
00010000000_,20000000000_,5,CV1_water_0_col_0_q05,5.512949640379252,1155.5833333333333,1083.4666666666667,True
00010000000_,20000000000_,6,CTR_water_0_col_0_mad,5.459008575687542,342.1166666666666,379.81666666666666,True
00010000000_,20000000000_,7,GYR_air_0_col_1_fft_skew,5.371855768977166,63.63890020525778,10.310952348120157,True
00010000000_,20000000000_,8,GYR_air_1_col_1_fft_skew,5.323721809628336,63.5969763941298,9.927766090764228,True
00010000000_,20000000000_,9,CV1_water_0_col_0_std,5.318397438958542,490.1374593690669,543.8282238797243,True
00010000000_,20000000000_,10,CV1_water_0_col_0_mad,5.299325571431436,491.0833333333333,545.75,True
00010000000_,30000000000_,1,AC1_air_1_col_1_band_peak_mag_75_125,7.768895676608885,0.3960033636854691,0.9942490638211284,True
00010000000_,30000000000_,2,CV1_water_0_col_0_mad,5.193106294076082,491.0833333333333,542.25,True
00010000000_,30000000000_,3,VRY_air_1_col_1_kurt,5.089834982837245,-1.444723981464555,-1.4151362466540303,False
00010000000_,30000000000_,4,GYR_air_0_col_1_fft_skew,5.063362337471767,63.63890020525778,12.73094709036311,True
00010000000_,30000000000_,5,CV1_water_0_col_0_std,4.856758307376452,490.1374593690669,540.2922016515278,True
00010000000_,30000000000_,6,CV1_water_0_col_0_q05,4.649298802089192,1155.5833333333333,1089.7333333333333,True
00010000000_,30000000000_,7,GYR_air_1_col_1_fft_skew,4.559625003699354,63.5969763941298,13.902451043482742,True
00010000000_,30000000000_,8,CV1_air_1_col_0_kurt,4.55716715939605,-1.5090226481938307,-1.5719663754597206,True
00010000000_,30000000000_,9,AC1_air_1_col_1_band_power_75_125,4.479586211639464,0.27804913724328106,1.3063185860960564,False
00010000000_,30000000000_,10,CTB_air_1_col_0_kurt,4.452564132511349,-1.5106264633161635,-1.5668970949445393,True
00010000000_,40000000000_,1,AC1_air_1_col_1_band_peak_mag_75_125,6.533684767711969,0.3960033636854691,0.969955591399885,True
00010000000_,40000000000_,2,CTR_water_0_col_0_q05,6.1464782330346175,6329.666666666667,6274.88,False
00010000000_,40000000000_,3,CTR_water_0_col_0_q95,6.067689226749968,7315.516666666666,7368.56,False
00010000000_,40000000000_,4,CTR_water_0_col_0_std,5.783870597265067,347.940084401329,383.51672104745575,True
00010000000_,40000000000_,5,AC1_air_1_col_1_band_power_75_125,5.552614740927316,0.27804913724328106,1.310447418316817,False
00010000000_,40000000000_,6,VRY_water_0_col_1_q05,5.360242112073367,1014.9833333333332,1068.04,False
00010000000_,40000000000_,7,CTR_water_0_col_0_mad,5.101844840733383,342.1166666666666,372.48,True
00010000000_,40000000000_,8,CTB_water_0_col_0_q05,5.0784562128861666,16194.9,16134.24,True
00010000000_,40000000000_,9,VRY_water_0_col_1_std,5.001330876495641,571.5297768400869,538.1420243276564,False
00010000000_,40000000000_,10,CTR_water_0_col_0_peak_magn_raw,4.977182434536288,8076681.609,8942676.8816,True
00100000000_,01000000000_,1,CV1_air_1_col_0_q95,7.178742228988102,2063.866666666667,2094.5333333333333,True
00100000000_,01000000000_,2,CV1_air_1_col_0_q05,6.469542658210532,1632.3333333333333,1600.0,False
00100000000_,01000000000_,3,CV1_air_1_col_0_std,5.591889260016396,159.2094114866712,180.59360504375738,True
00100000000_,01000000000_,4,CV1_air_1_col_0_peak_magn_raw,5.446900960564145,3725468.092,4230576.525333334,True
00100000000_,01000000000_,5,CTB_air_1_col_0_q95,5.42914987533804,17085.466666666667,17115.0,False
00100000000_,01000000000_,6,AC1_air_0_col_1_contrast_freq,5.261936818860536,1.1311825676542748,1.3408898834273797,True
00100000000_,01000000000_,7,AC1_air_0_col_2_wavelet_std_energy,5.073777472823792,0.18243345488092186,0.2787090537522226,False
00100000000_,01000000000_,8,AC1_air_0_col_2_relative_band_power_75_125,5.04818667937597,0.41489106375309376,0.8055710614713245,False
00100000000_,01000000000_,9,CTB_air_1_col_0_q05,5.0433364861562175,16659.466666666664,16628.466666666664,False
00100000000_,01000000000_,10,AC1_air_0_col_resultant_fft_skew,5.02596962303535,21.70942235617454,56.1999759177534,False
00100000000_,10000000000_,1,AC1_air_0_col_1_contrast_freq,5.389579930533737,1.1311825676542748,1.3314930098496538,True
00100000000_,10000000000_,2,GYR_air_0_col_0_std,3.9891823398720723,57.581200609636596,32.1731628474876,False
00100000000_,10000000000_,3,GYR_air_0_col_0_rms,3.9885119647094656,57.59463775267136,32.18713650257122,False
00100000000_,10000000000_,4,GYR_air_0_col_0_q95,3.9825094608678473,10094.706666666667,10052.225,False
00100000000_,10000000000_,5,GYR_air_0_col_0_mad,3.886778612820501,41.06666666666667,23.833333333333332,False
00100000000_,10000000000_,6,GYR_air_0_col_0_q05,3.8696963956574097,9901.1,9945.018333333333,False
00100000000_,10000000000_,7,AC1_air_0_col_2_contrast_time,3.661469501680612,0.39248238157747567,0.15286906554952454,False
00100000000_,10000000000_,8,AC1_air_0_col_2_wavelet_mean_energy,3.5483529704921755,0.14355584304006674,0.21333163015902856,False
00100000000_,10000000000_,9,AC1_air_1_col_1_contrast_freq,3.400908911931749,0.7996722927774383,1.198420565694555,False
00100000000_,10000000000_,10,CTR_water_2_col_0_spectral_centroid,3.375556135430593,50.115862621915504,49.85222479865925,False
00100000000_,20000000000_,1,AC1_air_0_col_1_contrast_freq,4.61303481758899,1.1311825676542748,1.312394230198274,True
00100000000_,20000000000_,2,CTR_water_1_col_0_std,3.558218605032691,331.919910329121,352.8240958773533,True
00100000000_,20000000000_,3,CTR_water_1_col_0_mad,3.479766246693366,329.06666666666666,348.1041666666667,True
00100000000_,20000000000_,4,CTR_water_1_col_0_q95,3.4533945027145148,7295.466666666667,7324.316666666667,True
00100000000_,20000000000_,5,CTR_water_0_col_0_q95,3.4108977948323798,7341.066666666667,7376.366666666666,False
00100000000_,20000000000_,6,VRY_water_3_col_1_kurt,3.3747982865036286,-1.4663311131204626,-1.4499819732272723,True
00100000000_,20000000000_,7,CTR_water_0_col_0_std,3.358434864447488,365.2425191495195,389.2718073931987,True
00100000000_,20000000000_,8,CTR_water_0_col_0_q05,3.326349622828947,6303.400000000001,6269.458333333333,False
00100000000_,20000000000_,9,CV1_air_1_col_0_q05,3.2499637714143392,1632.3333333333333,1616.625,False
00100000000_,20000000000_,10,CTR_water_1_col_0_q05,3.2369599485262732,6349.533333333333,6320.308333333333,True
00100000000_,30000000000_,1,AC1_air_0_col_1_contrast_freq,4.773935184492019,1.1311825676542748,1.3348809371429533,True
00100000000_,30000000000_,2,GYR_air_0_col_0_q95,4.439064576098201,10094.706666666667,10056.333333333334,False
00100000000_,30000000000_,3,GYR_air_0_col_0_q05,4.321686224660832,9901.1,9941.966666666667,False
00100000000_,30000000000_,4,GYR_air_0_col_0_std,4.27082640862159,57.581200609636596,34.76110165709638,False
00100000000_,30000000000_,5,GYR_air_0_col_0_rms,4.268053815774871,57.59463775267136,34.769237496817325,False
00100000000_,30000000000_,6,GYR_air_0_col_2_mad,3.9694950535128637,95.33333333333333,44.9,False
00100000000_,30000000000_,7,AC1_air_0_col_0_mad,3.6135354263616684,345.1666666666667,139.08333333333334,False
00100000000_,30000000000_,8,GYR_air_0_col_0_mad,3.5595300632937503,41.06666666666667,26.599999999999998,False
00100000000_,30000000000_,9,AC1_air_0_col_0_q05,3.488360839520496,-893.3933333333333,-341.3883333333333,False
00100000000_,30000000000_,10,AC1_air_0_col_2_contrast_time,3.4836881834663918,0.39248238157747567,0.15334965920183077,False
00100000000_,40000000000_,1,AC1_air_0_col_1_contrast_freq,6.09056491221097,1.1311825676542748,1.3546371090051073,True
00100000000_,40000000000_,2,GYR_air_0_col_0_q95,5.679987346825556,10094.706666666667,10050.36,False
00100000000_,40000000000_,3,GYR_air_0_col_0_std,5.453169486587614,57.581200609636596,31.98134848087803,False
00100000000_,40000000000_,4,GYR_air_0_col_0_rms,5.448216185691448,57.59463775267136,31.99755601589512,False
00100000000_,40000000000_,5,GYR_air_0_col_0_q05,5.233280840608163,9901.1,9946.039999999999,False
00100000000_,40000000000_,6,GYR_air_0_col_0_mad,4.77917522503697,41.06666666666667,24.919999999999998,False
00100000000_,40000000000_,7,GYR_air_0_col_2_mad,4.722927658587234,95.33333333333333,41.28,False
00100000000_,40000000000_,8,AC1_air_0_col_2_q05,4.590093286976141,375.1166666666666,619.966,False
00100000000_,40000000000_,9,AC1_air_0_col_2_q95,4.472059550697405,1603.3499999999997,1373.9019999999998,False
00100000000_,40000000000_,10,AC1_air_0_col_0_mad,4.330578100243324,345.1666666666667,99.92,False
01000000000_,10000000000_,1,GYR_water_0_col_0_band_peak_freq_75_125,4.5475147887605445,99.79247405959093,99.2868912235384,False
01000000000_,10000000000_,2,GYR_water_2_col_0_band_peak_freq_75_125,4.5475147887605445,99.79247405959093,99.2868912235384,False
01000000000_,10000000000_,3,GYR_water_1_col_0_band_peak_freq_75_125,4.5475147887605445,99.79247405959093,99.2868912235384,False
01000000000_,10000000000_,4,AC1_water_3_col_resultant_wavelet_entropy,3.248556366902885,20.69496529649453,21.075456469989152,False
01000000000_,10000000000_,5,AC1_water_3_col_resultant_contrast_freq,3.233884944174675,1.2958669680414185,0.8300895477414793,False
01000000000_,10000000000_,6,AC1_water_3_col_2_contrast_freq,3.178224921963727,1.332055428684722,0.9282699447939938,False
01000000000_,10000000000_,7,AC1_water_2_col_0_band_peak_freq_75_125,2.9378248817723005,100.07887075078163,95.56670279238641,False
01000000000_,10000000000_,8,AC1_water_1_col_0_band_peak_freq_75_125,2.8657524757283617,100.07888877769103,92.86573691734581,False
01000000000_,10000000000_,9,AC1_water_0_col_resultant_log_band_power_ratio,2.822901091174538,4.225171089639462,1.548953695482188,False
01000000000_,10000000000_,10,AC1_water_0_col_resultant_fft_mean,2.469785982006622,0.0019290420218839935,0.005606700675882838,False
01000000000_,20000000000_,1,GYR_water_2_col_0_band_peak_freq_75_125,3.7480609570555097,99.79247405959093,99.35453053468002,False
01000000000_,20000000000_,2,VRY_water_3_col_1_kurt,3.7084446915520988,-1.4643272209162468,-1.4499819732272723,True
01000000000_,20000000000_,3,AC1_water_3_col_resultant_contrast_freq,3.568239532223541,1.2958669680414185,0.8262306729389187,False
01000000000_,20000000000_,4,AC1_water_3_col_2_contrast_freq,3.2441310685848483,1.332055428684722,0.9871573386485587,False
01000000000_,20000000000_,5,CV1_air_1_col_0_q05,2.9771228675019077,1600.0,1616.625,False
01000000000_,20000000000_,6,SMG_water_3_col_0_kurt,2.940084424101692,-1.4854402951530474,-1.398017224345801,False
01000000000_,20000000000_,7,VRY_water_0_col_1_kurt,2.7707376890207627,-1.4580459808396988,-1.4370576622113378,False
01000000000_,20000000000_,8,CTB_air_0_col_0_q95,2.7355071285162724,17325.666666666668,17353.358333333334,True
01000000000_,20000000000_,9,AC1_water_3_col_resultant_wavelet_entropy,2.7233221670379275,20.69496529649453,21.036363256534372,False
01000000000_,20000000000_,10,CTB_air_0_col_0_q05,2.6750271957860585,16410.133333333335,16380.866666666667,True
01000000000_,30000000000_,1,VRY_air_0_col_1_kurt,5.017354425602334,-1.3622424362781846,-1.3386276636276255,False
01000000000_,30000000000_,2,VRY_air_1_col_1_kurt,4.364262012626196,-1.4359323923859504,-1.4151362466540303,False
01000000000_,30000000000_,3,GYR_water_3_col_2_mad,4.237574125926044,32.6,57.43333333333334,False
01000000000_,30000000000_,4,GYR_water_3_col_2_q05,4.073525074285462,9922.026666666667,9854.464999999998,False
01000000000_,30000000000_,5,GYR_water_3_col_2_std,4.024014536989746,45.39148057564983,84.45002213410015,False
01000000000_,30000000000_,6,GYR_water_3_col_2_rms,4.0237821592990555,45.39644441913131,84.45620087373682,False
01000000000_,30000000000_,7,GYR_water_3_col_2_q95,3.9798311112962335,10074.866666666667,10140.436666666666,False
01000000000_,30000000000_,8,CTB_air_1_col_0_kurt,3.4775954397319455,-1.5189659601720287,-1.5668970949445393,True
01000000000_,30000000000_,9,AC1_water_1_col_0_q05,3.477273190798306,-404.66333333333336,-1114.2016666666668,False
01000000000_,30000000000_,10,CV1_air_1_col_0_kurt,3.4661530848569377,-1.5238841639099245,-1.5719663754597206,True
01000000000_,40000000000_,1,SMG_air_1_col_0_kurt,5.910181070438485,-1.5246753947938958,-1.4269413558549986,False
01000000000_,40000000000_,2,SMG_water_0_col_0_mad,3.5967506080449048,341.40000000000003,449.91999999999996,False
01000000000_,40000000000_,3,SMG_water_0_col_0_std,3.2210494878568614,347.1847711968043,456.91291983669214,False
01000000000_,40000000000_,4,SMG_water_0_col_0_peak_magn_raw,3.081030184895093,8221939.408,10809510.41,False
01000000000_,40000000000_,5,CV1_air_1_col_0_q95,2.910061054623551,2094.5333333333333,2072.52,True
01000000000_,40000000000_,6,CV1_air_1_col_0_q05,2.8047319807427855,1600.0,1622.6799999999998,False
01000000000_,40000000000_,7,SMG_water_1_col_0_mad,2.5896701910437105,454.9666666666667,543.1,False
01000000000_,40000000000_,8,SMG_water_1_col_0_peak_magn_raw,2.5475522716503622,10823623.161333334,13165842.3384,False
01000000000_,40000000000_,9,SMG_water_1_col_0_std,2.545640340603632,459.6358460465556,554.8624650145053,False
01000000000_,40000000000_,10,CV1_air_1_col_0_std,2.486255367555625,180.59360504375738,166.76844154368277,True
10000000000_,20000000000_,1,AC1_air_0_col_0_log_band_power_ratio,1.681849217764055,2.6705159664228972,0.7019951939523142,False
10000000000_,20000000000_,2,AC1_air_1_col_0_log_band_power_ratio,1.6275896416744742,1.9841301566094423,0.6430972244140917,False
10000000000_,20000000000_,3,CTR_air_0_col_0_peak_magn_raw,1.529548205040947,9704527.353833333,10127264.270166667,True
10000000000_,20000000000_,4,SMG_water_0_col_0_spectral_bandwidth,1.5027896047444311,1.9145973491181063,2.137584753673129,False
10000000000_,20000000000_,5,CTR_water_1_col_0_q95,1.421933988398362,7312.491666666666,7324.316666666667,True
10000000000_,20000000000_,6,CTB_air_1_col_0_kurt,1.4174185755366344,-1.5351483943712978,-1.5596536011135926,True
10000000000_,20000000000_,7,CTR_air_1_col_0_peak_magn_raw,1.4129496409462297,4372139.4105,4630164.7113333335,True
10000000000_,20000000000_,8,CTR_water_1_col_0_q05,1.3823573737826278,6333.508333333334,6320.308333333333,True
10000000000_,20000000000_,9,CTR_air_1_col_0_kurt,1.3727306586499186,-1.4814634253855063,-1.4666812355468128,False
10000000000_,20000000000_,10,AC1_air_0_col_0_band_peak_mag_175_225,1.3697555665331378,0.13604389574151965,0.33827217106120794,False
10000000000_,30000000000_,1,VRY_air_0_col_1_kurt,2.414217666354787,-1.3562012277097353,-1.3386276636276255,False
10000000000_,30000000000_,2,CTB_air_1_col_0_kurt,2.2817019154466527,-1.5351483943712978,-1.5668970949445393,True
10000000000_,30000000000_,3,AC1_water_3_col_0_wavelet_entropy,2.1995337917873456,20.44864817722258,19.673568160350552,False
10000000000_,30000000000_,4,CV1_air_1_col_0_kurt,2.1877904820313407,-1.5385173462647492,-1.5719663754597206,True
10000000000_,30000000000_,5,CTR_air_0_col_0_peak_magn_raw,1.9603642468830664,9704527.353833333,10171356.822666667,True
10000000000_,30000000000_,6,VRY_air_1_col_1_kurt,1.9416813028342939,-1.4280093970554433,-1.4151362466540303,False
10000000000_,30000000000_,7,CV1_water_1_col_0_peak_width_end,1.9209086398464197,50.65534233248106,50.87007730866435,False
10000000000_,30000000000_,8,CV1_water_2_col_0_peak_width_start,1.8370557993328536,49.181579567924835,49.39022350181583,False
10000000000_,30000000000_,9,CV1_water_2_col_0_peak_width_end,1.8046298478858267,50.655352790005374,50.88378510055957,False
10000000000_,30000000000_,10,VRY_air_0_col_1_q05,1.7554984766695276,820.85,803.1999999999999,False
10000000000_,40000000000_,1,SMG_air_1_col_0_kurt,3.9274569827220227,-1.5084192236881666,-1.4269413558549986,False
10000000000_,40000000000_,2,VRY_water_0_col_0_q95,3.040011995092382,8145.900000000001,8115.56,False
10000000000_,40000000000_,3,VRY_water_0_col_0_q05,2.9418253588783063,5584.633333333334,5610.24,False
10000000000_,40000000000_,4,VRY_water_2_col_0_q95,2.8753908434179953,8162.596666666667,8129.839999999999,False
10000000000_,40000000000_,5,VRY_water_1_col_0_q05,2.826050328584692,5581.3,5605.16,False
10000000000_,40000000000_,6,VRY_water_2_col_0_q05,2.8058027129297254,5576.349999999999,5599.232,False
10000000000_,40000000000_,7,VRY_water_1_col_0_q95,2.7163159496488394,8151.166666666667,8123.24,False
10000000000_,40000000000_,8,VRY_water_2_col_0_std,2.576942294441263,902.7056246140907,885.2014636007823,False
10000000000_,40000000000_,9,VRY_water_0_col_0_std,2.536451035275955,895.4733524546831,877.1533791563361,False
10000000000_,40000000000_,10,VRY_water_1_col_0_std,2.3963852049637286,898.0441184696316,881.1655310354643,False
20000000000_,30000000000_,1,SMG_water_3_col_0_kurt,1.9889285991946895,-1.398017224345801,-1.4615502001540188,False
20000000000_,30000000000_,2,VRY_water_2_col_1_q05,1.941443590368826,894.4833333333332,878.4,False
20000000000_,30000000000_,3,VRY_water_2_col_1_q95,1.7956182906205096,2755.5437499999994,2770.366666666667,False
20000000000_,30000000000_,4,AC1_air_0_col_0_log_band_power_ratio,1.7782160538141498,0.7019951939523142,2.6048256894545556,False
20000000000_,30000000000_,5,VRY_air_0_col_1_q05,1.7496541482461074,822.855,803.1999999999999,False
20000000000_,30000000000_,6,CTR_water_1_col_0_mad,1.712050060839172,348.1041666666667,337.43333333333334,True
20000000000_,30000000000_,7,VRY_air_0_col_1_q95,1.6922132861484727,2826.6083333333336,2846.0333333333333,False
20000000000_,30000000000_,8,CV1_water_1_col_0_peak_width_end,1.6814197518000074,50.696244661128496,50.87007730866435,False
20000000000_,30000000000_,9,CV1_water_0_col_0_peak_width_end,1.5784548197814896,50.68086027385192,50.87692903273694,False
20000000000_,30000000000_,10,CTR_water_1_col_0_std,1.567799365721976,352.8240958773533,342.1341146507841,True
20000000000_,40000000000_,1,CTR_water_1_col_0_mad,2.9401165312421376,348.1041666666667,330.71999999999997,True
20000000000_,40000000000_,2,VRY_water_0_col_0_q95,2.861214097899626,8141.091666666667,8115.56,False
20000000000_,40000000000_,3,VRY_water_3_col_0_q05,2.7392857989387314,5896.491666666666,5927.280000000001,False
20000000000_,40000000000_,4,VRY_water_3_col_0_q95,2.6640005637523654,7794.8,7761.839999999999,False
20000000000_,40000000000_,5,VRY_water_3_col_0_std,2.5911282750617217,667.6943701635779,646.3757880736619,False
20000000000_,40000000000_,6,CTR_water_1_col_0_std,2.5090387853527223,352.8240958773533,337.8181963111729,True
20000000000_,40000000000_,7,CTR_water_2_col_0_std,2.5071632339272516,349.3901081434278,330.88244193511025,True
20000000000_,40000000000_,8,CTR_water_2_col_0_q95,2.4991430180401895,7313.541666666667,7286.44,True
20000000000_,40000000000_,9,VRY_water_2_col_1_std,2.4861202298238965,650.2582637430638,639.9751881845372,False
20000000000_,40000000000_,10,VRY_water_0_col_0_q05,2.483707625451353,5590.525000000001,5610.24,False
30000000000_,40000000000_,1,VRY_air_1_col_1_kurt,3.734097542763451,-1.4151362466540303,-1.4336425010209632,False
30000000000_,40000000000_,2,VRY_water_2_col_1_std,3.570732314353465,657.1117622583693,639.9751881845372,False
30000000000_,40000000000_,3,CTB_air_1_col_0_kurt,3.0541362448157168,-1.5668970949445393,-1.5280339183696956,True
30000000000_,40000000000_,4,VRY_water_1_col_0_q95,2.965129088892926,8150.833333333333,8123.24,False
30000000000_,40000000000_,5,VRY_water_2_col_1_kurt,2.9398698097945033,-1.3793912930059247,-1.396267858906563,False
30000000000_,40000000000_,6,CV1_air_1_col_0_kurt,2.9272816053253616,-1.5719663754597206,-1.5333323938286747,True
30000000000_,40000000000_,7,VRY_air_1_col_1_std,2.914599295536844,563.5820284540736,542.6447791716647,False
30000000000_,40000000000_,8,VRY_water_1_col_1_q95,2.912678795156282,2679.733333333333,2647.044,False
30000000000_,40000000000_,9,VRY_water_2_col_1_q95,2.9003078818363197,2770.366666666667,2742.954,False
30000000000_,40000000000_,10,VRY_water_3_col_1_q95,2.8727906286249003,2466.133333333333,2422.7599999999998,False
